16:05:08 backend.server.windows_power     INFO | Windows: preventing system idle sleep while bot runs
16:05:08 backend.server.session_logger     INFO | Session log: C:\Users\daroo\Desktop\Repos\tradingbot-1\data\session_20260413_200508.jsonl
2026-04-13 16:05:10 - coinbase.RESTClient - ERROR - HTTP Error: 403 Client Error: Forbidden {"error":"PERMISSION_DENIED","error_details":"User does not have the correct permissions","message":"User does not have the correct permissions"}
16:05:10 coinbase.RESTClient     ERROR | HTTP Error: 403 Client Error: Forbidden {"error":"PERMISSION_DENIED","error_details":"User does not have the correct permissions","message":"User does not have the correct permissions"}
16:05:10 backend.server.coinbase_order_manager     INFO | CoinbaseOrderManager: initialized (fill polling started)
16:05:10 mitch                    INFO | Coinbase Advanced Trade: scalp execution manager initialized
16:05:10 backend.server.coinbase_order_manager     INFO | CoinbaseOrderManager: scalp registered pair_keys=['BTC_USD', 'SOL_USD', 'XRP_USD'] products=['BIP-20DEC30-CDE', 'SLP-20DEC30-CDE', 'XPP-20DEC30-CDE']
2026-04-13 16:05:10 - coinbase.RESTClient - ERROR - HTTP Error: 403 Client Error: Forbidden {"error":"PERMISSION_DENIED","error_details":"User does not have the correct permissions","message":"User does not have the correct permissions"}
16:05:10 coinbase.RESTClient     ERROR | HTTP Error: 403 Client Error: Forbidden {"error":"PERMISSION_DENIED","error_details":"User does not have the correct permissions","message":"User does not have the correct permissions"}
16:05:10 backend.server.scalp_bot.scalp_runtime     INFO | ScalpRuntime: started for pairs ['BTC_USD', 'SOL_USD', 'XRP_USD']
16:05:10 backend.server.scalp_bot.scalp_runtime     INFO | ScalpRuntime: seeding candle feed from REST...
16:05:10 backend.server.scalp_bot.bar_store     INFO | bar_store: Coinbase REST using API credentials from environment
16:05:10 backend.server.ws_server     INFO | Dashboard static UI: frontend-new/dist (scalp UI)
16:05:10 backend.server.ws_server     INFO | Dashboard running at http://127.0.0.1:8080
16:05:10 mitch                    INFO | Dashboard up on port 8080 — Coinbase scalp mode.
2026-04-13 16:05:11 - coinbase.RESTClient - ERROR - HTTP Error: 403 Client Error: Forbidden {"error":"PERMISSION_DENIED","error_details":"User does not have the correct permissions","message":"User does not have the correct permissions"}
16:05:11 coinbase.RESTClient     ERROR | HTTP Error: 403 Client Error: Forbidden {"error":"PERMISSION_DENIED","error_details":"User does not have the correct permissions","message":"User does not have the correct permissions"}
16:05:13 backend.server.ws_server     INFO | Dashboard client connected from 127.0.0.1 (1 total)
16:05:13 backend.server.scalp_bot.coinbase_candle_feed     INFO | CoinbaseCandleFeed: seeded 0 candles for BIP-20DEC30-CDE
16:05:13 backend.server.ws_server     INFO | Dashboard client connected from 127.0.0.1 (2 total)
16:05:13 backend.server.coinbase_order_manager     INFO | CoinbaseOrderManager: first fill poll result — 100 fills, keys=['fills', 'cursor', 'proof_token_required'], sample=[{'entry_id': '4ef0332d4507fccf36172d220db0da0f2bac2067dc28b08b6770066b57c428d3', 'trade_id': '36184986-e7c8-49bd-ae73-163ab59ba252', 'order_id': '955451f5-7ce9-476a-81a0-8ecb1ee31a20', 'trade_time': '2026-04-13T20:01:38.306312Z', 'trade_type': 'FILL', 'price': '1.3554', 'size': '1', 'commission': '0.62439', 'product_id': 'XPP-20DEC30-CDE', 'sequence_timestamp': '2026-04-13T20:01:38.318384Z', 'liquidity_indicator': 'TAKER', 'size_in_quote': False, 'user_id': '232a88f7-6fa9-53d4-a46e-e8007c1ca2d5', 'side': 'BUY', 'retail_portfolio_id': '232a88f7-6fa9-53d4-a46e-e8007c1ca2d5', 'fillSource': 'FILL_SOURCE_CLOB', 'commission_detail_total': {'total_commission': '0.62', 'gst_commission': '', 'withholding_commission': '', 'client_commission': '0.47439', 'venue_commission': '0.1', 'regulatory_commission': '0.02', 'clearing_commission': '0.03'}}, {'entry_id': '7a417d08bb2905844535d6fa837c55aeec56cafd20458d832b5246f74ba508cb', 'trade_id': 'd6c7bfbe-9985-475d-a872-c9eeb45a0cb5', 'order_id': '3e0abbe0-cb69-4b8f-91e3-77a4a5491cad', 'trade_time': '2026-04-13T20:00:57.322072Z', 'trade_type': 'FILL', 'price': '73395', 'size': '1', 'commission': '0.663765', 'product_id': 'BIP-20DEC30-CDE', 'sequence_timestamp': '2026-04-13T20:00:57.332702Z', 'liquidity_indicator': 'TAKER', 'size_in_quote': False, 'user_id': '232a88f7-6fa9-53d4-a46e-e8007c1ca2d5', 'side': 'BUY', 'retail_portfolio_id': '232a88f7-6fa9-53d4-a46e-e8007c1ca2d5', 'fillSource': 'FILL_SOURCE_CLOB', 'commission_detail_total': {'total_commission': '0.66', 'gst_commission': '', 'withholding_commission': '', 'client_commission': '0.513765', 'venue_commission': '0.1', 'regulatory_commission': '0.02', 'clearing_commission': '0.03'}}, {'entry_id': '6e039b725b4c4eb97304f2677d693078fdb2a588134117d578c9d43c8fe050a2', 'trade_id': '705da43f-0369-4529-9216-243df30e63f1', 'order_id': '177ae182-fa5f-4b44-b5d0-ecbf3902ec78', 'trade_time': '2026-04-12T16:07:25.008505Z', 'trade_type': 'FILL', 'price': '1.3259', 'size': '1', 'commission': '0.614065', 'product_id': 'XPP-20DEC30-CDE', 'sequence_timestamp': '2026-04-12T16:07:25.020121Z', 'liquidity_indicator': 'TAKER', 'size_in_quote': False, 'user_id': '232a88f7-6fa9-53d4-a46e-e8007c1ca2d5', 'side': 'BUY', 'retail_portfolio_id': '232a88f7-6fa9-53d4-a46e-e8007c1ca2d5', 'fillSource': 'FILL_SOURCE_CLOB', 'commission_detail_total': {'total_commission': '0.61', 'gst_commission': '', 'withholding_commission': '', 'client_commission': '0.464065', 'venue_commission': '0.1', 'regulatory_commission': '0.02', 'clearing_commission': '0.03'}}]
16:05:13 backend.server.scalp_bot.bar_store     INFO | bar_store: Coinbase REST using API credentials from environment
2026-04-13 16:05:14 - coinbase.RESTClient - ERROR - HTTP Error: 403 Client Error: Forbidden {"error":"PERMISSION_DENIED","error_details":"User does not have the correct permissions","message":"User does not have the correct permissions"}
16:05:14 coinbase.RESTClient     ERROR | HTTP Error: 403 Client Error: Forbidden {"error":"PERMISSION_DENIED","error_details":"User does not have the correct permissions","message":"User does not have the correct permissions"}
16:05:14 backend.server.scalp_bot.coinbase_candle_feed     INFO | CoinbaseCandleFeed: seeded 0 candles for SLP-20DEC30-CDE
16:05:14 backend.server.scalp_bot.bar_store     INFO | bar_store: Coinbase REST using API credentials from environment
16:05:15 backend.server.scalp_bot.coinbase_candle_feed     INFO | CoinbaseCandleFeed: seeded 0 candles for XPP-20DEC30-CDE
16:05:15 backend.server.ws_server     INFO | Dashboard client connected from 127.0.0.1 (3 total)
16:05:15 backend.server.scalp_bot.scalp_runtime     INFO | ScalpRuntime: replaying 0 REST candles into BTC_USD indicators
16:05:15 backend.server.scalp_bot.scalp_runtime     INFO | ScalpRuntime: replaying 0 REST candles into SOL_USD indicators
16:05:15 backend.server.scalp_bot.scalp_runtime     INFO | ScalpRuntime: replaying 0 REST candles into XRP_USD indicators
16:05:15 backend.server.scalp_bot.scalp_runtime     INFO | ScalpRuntime: prior champion found on disk — will re-validate via startup WFO before trading
16:05:15 backend.server.scalp_bot.scalp_runtime     INFO | ScalpRuntime: WARMUP started — collecting bars (need 100 per pair), current: {'BTC_USD': 14254, 'SOL_USD': 14030, 'XRP_USD': 13937}
16:05:15 backend.server.scalp_bot.scalp_runtime     INFO | ScalpRuntime: candle feed live — backfilling historical bars for WFO...
16:05:15 backend.server.scalp_bot.bar_store     INFO | bar_store: Coinbase REST using API credentials from environment
16:05:15 backend.server.scalp_bot.coinbase_candle_feed     INFO | CoinbaseCandleFeed: subscribed candles BIP-20DEC30-CDE FIFTEEN_MINUTE
16:05:16 backend.server.scalp_bot.coinbase_candle_feed     INFO | CoinbaseCandleFeed: subscribed candles SLP-20DEC30-CDE FIFTEEN_MINUTE
16:05:16 backend.server.scalp_bot.bar_store     INFO | bar_store Coinbase backfill: BIP-20DEC30-CDE/15m page=1 rows=300 new=1 oldest=2026-04-10 16:15
16:05:16 backend.server.scalp_bot.coinbase_candle_feed     INFO | CoinbaseCandleFeed: subscribed candles XPP-20DEC30-CDE FIFTEEN_MINUTE
2026-04-13 16:05:16 - coinbase.RESTClient - ERROR - HTTP Error: 403 Client Error: Forbidden {"error":"PERMISSION_DENIED","error_details":"User does not have the correct permissions","message":"User does not have the correct permissions"}
16:05:16 coinbase.RESTClient     ERROR | HTTP Error: 403 Client Error: Forbidden {"error":"PERMISSION_DENIED","error_details":"User does not have the correct permissions","message":"User does not have the correct permissions"}
16:05:16 backend.server.scalp_bot.coinbase_candle_feed     INFO | CoinbaseCandleFeed: subscribed ticker ['SLP-20DEC30-CDE', 'BIP-20DEC30-CDE', 'XPP-20DEC30-CDE']
16:05:16 backend.server.scalp_bot.bar_store     INFO | bar_store Coinbase backfill: BIP-20DEC30-CDE/15m page=2 rows=300 new=0 oldest=2026-04-07 13:15
16:05:16 backend.server.scalp_bot.coinbase_candle_feed     INFO | CoinbaseCandleFeed: subscribed level2 ['SLP-20DEC30-CDE', 'BIP-20DEC30-CDE', 'XPP-20DEC30-CDE']
16:05:16 backend.server.scalp_bot.coinbase_candle_feed     INFO | CoinbaseCandleFeed BTC_USD: CLOSED @ 70755.000000 vol=696.0000 (n=1)
16:05:16 backend.server.scalp_bot.scalp_runtime     INFO | ScalpRuntime BTC_USD: candle close=70755.000000 ema_f=0.000000 ema_s=0.000000 rsi=50.0 atr=0.000000 vwap=70756.666667 vol_ok=False ready=False
16:05:16 backend.server.scalp_bot.coinbase_candle_feed     INFO | CoinbaseCandleFeed BTC_USD: CLOSED @ 70835.000000 vol=162.0000 (n=2)
16:05:16 backend.server.scalp_bot.scalp_runtime     INFO | ScalpRuntime BTC_USD: candle close=70835.000000 ema_f=0.000000 ema_s=0.000000 rsi=50.0 atr=0.000000 vwap=70764.219114 vol_ok=False ready=False
16:05:16 backend.server.scalp_bot.coinbase_candle_feed     INFO | CoinbaseCandleFeed BTC_USD: CLOSED @ 70815.000000 vol=39.0000 (n=3)
16:05:16 backend.server.scalp_bot.scalp_runtime     INFO | ScalpRuntime BTC_USD: candle close=70815.000000 ema_f=0.000000 ema_s=0.000000 rsi=50.0 atr=0.000000 vwap=70766.716834 vol_ok=False ready=False
16:05:16 backend.server.scalp_bot.coinbase_candle_feed     INFO | CoinbaseCandleFeed BTC_USD: CLOSED @ 70825.000000 vol=449.0000 (n=4)
16:05:16 backend.server.scalp_bot.scalp_runtime     INFO | ScalpRuntime BTC_USD: candle close=70825.000000 ema_f=0.000000 ema_s=0.000000 rsi=50.0 atr=0.000000 vwap=70788.938831 vol_ok=False ready=False
16:05:16 backend.server.scalp_bot.coinbase_candle_feed     INFO | CoinbaseCandleFeed BTC_USD: CLOSED @ 70845.000000 vol=127.0000 (n=5)
16:05:16 backend.server.scalp_bot.scalp_runtime     INFO | ScalpRuntime BTC_USD: candle close=70845.000000 ema_f=0.000000 ema_s=0.000000 rsi=50.0 atr=0.000000 vwap=70794.490835 vol_ok=False ready=False
16:05:16 backend.server.scalp_bot.coinbase_candle_feed     INFO | CoinbaseCandleFeed BTC_USD: CLOSED @ 70890.000000 vol=38.0000 (n=6)
16:05:16 backend.server.scalp_bot.scalp_runtime     INFO | ScalpRuntime BTC_USD: candle close=70890.000000 ema_f=0.000000 ema_s=0.000000 rsi=50.0 atr=0.000000 vwap=70796.389808 vol_ok=False ready=False
16:05:16 backend.server.scalp_bot.coinbase_candle_feed     INFO | CoinbaseCandleFeed BTC_USD: CLOSED @ 70795.000000 vol=190.0000 (n=7)
16:05:16 backend.server.scalp_bot.scalp_runtime     INFO | ScalpRuntime BTC_USD: candle close=70795.000000 ema_f=0.000000 ema_s=0.000000 rsi=50.0 atr=0.000000 vwap=70799.771703 vol_ok=False ready=False
16:05:16 backend.server.scalp_bot.coinbase_candle_feed     INFO | CoinbaseCandleFeed BTC_USD: CLOSED @ 70770.000000 vol=200.0000 (n=8)
16:05:16 backend.server.scalp_bot.scalp_runtime     INFO | ScalpRuntime BTC_USD: candle close=70770.000000 ema_f=70816.250000 ema_s=0.000000 rsi=50.0 atr=0.000000 vwap=70798.042258 vol_ok=False ready=False
16:05:16 backend.server.scalp_bot.coinbase_candle_feed     INFO | CoinbaseCandleFeed BTC_USD: CLOSED @ 70810.000000 vol=53.0000 (n=9)
16:05:16 backend.server.scalp_bot.scalp_runtime     INFO | ScalpRuntime BTC_USD: candle close=70810.000000 ema_f=70814.861100 ema_s=0.000000 rsi=50.0 atr=0.000000 vwap=70797.688502 vol_ok=False ready=False
16:05:16 backend.server.scalp_bot.coinbase_candle_feed     INFO | CoinbaseCandleFeed BTC_USD: CLOSED @ 70805.000000 vol=310.0000 (n=10)
16:05:16 backend.server.scalp_bot.scalp_runtime     INFO | ScalpRuntime BTC_USD: candle close=70805.000000 ema_f=70812.669700 ema_s=0.000000 rsi=50.0 atr=0.000000 vwap=70801.884570 vol_ok=False ready=False
16:05:16 backend.server.scalp_bot.coinbase_candle_feed     INFO | CoinbaseCandleFeed BTC_USD: CLOSED @ 70775.000000 vol=293.0000 (n=11)
16:05:16 backend.server.scalp_bot.scalp_runtime     INFO | ScalpRuntime BTC_USD: candle close=70775.000000 ema_f=70804.298700 ema_s=0.000000 rsi=50.0 atr=0.000000 vwap=70799.758832 vol_ok=False ready=False
16:05:16 backend.server.scalp_bot.scalp_runtime     INFO | ScalpRuntime BTC_USD: regime risk-on LIVE reasons=['live_volume_spike', 'live_velocity_bps'] until_ts=1776110837
16:05:16 backend.server.scalp_bot.coinbase_candle_feed     INFO | CoinbaseCandleFeed BTC_USD: CLOSED @ 70645.000000 vol=1387.0000 (n=12)
16:05:16 backend.server.scalp_bot.scalp_runtime     INFO | ScalpRuntime BTC_USD: candle close=70645.000000 ema_f=70768.899000 ema_s=0.000000 rsi=50.0 atr=0.000000 vwap=70755.298343 vol_ok=True ready=False
16:05:16 backend.server.scalp_bot.coinbase_candle_feed     INFO | CoinbaseCandleFeed BTC_USD: CLOSED @ 70655.000000 vol=1590.0000 (n=13)
16:05:16 backend.server.scalp_bot.scalp_runtime     INFO | ScalpRuntime BTC_USD: candle close=70655.000000 ema_f=70743.588100 ema_s=0.000000 rsi=50.0 atr=0.000000 vwap=70723.607999 vol_ok=True ready=False
16:05:16 backend.server.scalp_bot.coinbase_candle_feed     INFO | CoinbaseCandleFeed BTC_USD: CLOSED @ 70690.000000 vol=484.0000 (n=14)
16:05:16 backend.server.scalp_bot.scalp_runtime     INFO | ScalpRuntime BTC_USD: candle close=70690.000000 ema_f=70731.679600 ema_s=0.000000 rsi=50.0 atr=0.000000 vwap=70719.162512 vol_ok=False ready=False
16:05:16 backend.server.scalp_bot.coinbase_candle_feed     INFO | CoinbaseCandleFeed BTC_USD: CLOSED @ 70765.000000 vol=187.0000 (n=15)
16:05:16 backend.server.scalp_bot.scalp_runtime     INFO | ScalpRuntime BTC_USD: candle close=70765.000000 ema_f=70739.084100 ema_s=0.000000 rsi=50.8 atr=75.714300 vwap=70720.543916 vol_ok=False ready=False
16:05:16 backend.server.scalp_bot.coinbase_candle_feed     INFO | CoinbaseCandleFeed BTC_USD: CLOSED @ 70790.000000 vol=615.0000 (n=16)
16:05:16 backend.server.scalp_bot.scalp_runtime     INFO | ScalpRuntime BTC_USD: candle close=70790.000000 ema_f=70750.398700 ema_s=0.000000 rsi=52.9 atr=73.877600 vwap=70725.604839 vol_ok=False ready=False
16:05:16 backend.server.scalp_bot.coinbase_candle_feed     INFO | CoinbaseCandleFeed BTC_USD: CLOSED @ 70830.000000 vol=650.0000 (n=17)
16:05:16 backend.server.scalp_bot.scalp_runtime     INFO | ScalpRuntime BTC_USD: candle close=70830.000000 ema_f=70768.087900 ema_s=0.000000 rsi=56.0 atr=74.672100 vwap=70734.833780 vol_ok=False ready=False
16:05:16 backend.server.scalp_bot.coinbase_candle_feed     INFO | CoinbaseCandleFeed BTC_USD: CLOSED @ 70815.000000 vol=1164.0000 (n=18)
16:05:16 backend.server.scalp_bot.scalp_runtime     INFO | ScalpRuntime BTC_USD: candle close=70815.000000 ema_f=70778.512800 ema_s=0.000000 rsi=54.5 atr=72.909800 vwap=70744.068605 vol_ok=True ready=False
16:05:16 backend.server.scalp_bot.coinbase_candle_feed     INFO | CoinbaseCandleFeed BTC_USD: CLOSED @ 70825.000000 vol=175.0000 (n=19)
16:05:16 backend.server.scalp_bot.scalp_runtime     INFO | ScalpRuntime BTC_USD: candle close=70825.000000 ema_f=70788.843300 ema_s=0.000000 rsi=55.4 atr=69.487700 vwap=70745.775722 vol_ok=False ready=False
16:05:16 backend.server.scalp_bot.coinbase_candle_feed     INFO | CoinbaseCandleFeed BTC_USD: CLOSED @ 70820.000000 vol=294.0000 (n=20)
16:05:16 backend.server.scalp_bot.scalp_runtime     INFO | ScalpRuntime BTC_USD: candle close=70820.000000 ema_f=70795.767000 ema_s=0.000000 rsi=54.8 atr=69.167200 vwap=70748.226775 vol_ok=False ready=False
16:05:16 backend.server.scalp_bot.coinbase_candle_feed     INFO | CoinbaseCandleFeed BTC_USD: CLOSED @ 70870.000000 vol=60.0000 (n=21)
16:05:16 backend.server.scalp_bot.scalp_runtime     INFO | ScalpRuntime BTC_USD: candle close=70870.000000 ema_f=70812.263200 ema_s=70791.666700 rsi=59.2 atr=68.869500 vwap=70749.002328 vol_ok=False ready=False
16:05:16 backend.server.scalp_bot.coinbase_candle_feed     INFO | CoinbaseCandleFeed BTC_USD: CLOSED @ 70855.000000 vol=73.0000 (n=22)
16:05:16 backend.server.scalp_bot.scalp_runtime     INFO | ScalpRuntime BTC_USD: candle close=70855.000000 ema_f=70821.760300 ema_s=70797.424300 rsi=57.4 atr=66.093100 vwap=70749.826945 vol_ok=False ready=False
16:05:16 backend.server.scalp_bot.coinbase_candle_feed     INFO | CoinbaseCandleFeed BTC_USD: CLOSED @ 70795.000000 vol=255.0000 (n=23)
16:05:16 backend.server.scalp_bot.scalp_runtime     INFO | ScalpRuntime BTC_USD: candle close=70795.000000 ema_f=70815.813600 ema_s=70797.203900 rsi=50.8 atr=69.229300 vwap=70750.592842 vol_ok=False ready=False
16:05:16 backend.server.scalp_bot.coinbase_candle_feed     INFO | CoinbaseCandleFeed BTC_USD: CLOSED @ 70865.000000 vol=205.0000 (n=24)
16:05:16 backend.server.scalp_bot.scalp_runtime     INFO | ScalpRuntime BTC_USD: candle close=70865.000000 ema_f=70826.743900 ema_s=70803.367200 rsi=57.0 atr=73.212900 vwap=70752.130776 vol_ok=False ready=False
16:05:16 backend.server.scalp_bot.coinbase_candle_feed     INFO | CoinbaseCandleFeed BTC_USD: CLOSED @ 70815.000000 vol=16.0000 (n=25)
16:05:16 backend.server.scalp_bot.scalp_runtime     INFO | ScalpRuntime BTC_USD: candle close=70815.000000 ema_f=70824.134100 ema_s=70804.424700 rsi=52.0 atr=71.912000 vwap=70752.231604 vol_ok=False ready=False
16:05:16 backend.server.scalp_bot.coinbase_candle_feed     INFO | CoinbaseCandleFeed BTC_USD: CLOSED @ 70745.000000 vol=573.0000 (n=26)
16:05:17 backend.server.scalp_bot.scalp_runtime     INFO | ScalpRuntime BTC_USD: candle close=70745.000000 ema_f=70806.548700 ema_s=70799.022500 rsi=45.8 atr=74.275400 vwap=70753.778642 vol_ok=False ready=False
16:05:17 backend.server.scalp_bot.coinbase_candle_feed     INFO | CoinbaseCandleFeed BTC_USD: CLOSED @ 70770.000000 vol=316.0000 (n=27)
16:05:17 backend.server.scalp_bot.scalp_runtime     INFO | ScalpRuntime BTC_USD: candle close=70770.000000 ema_f=70798.426800 ema_s=70796.384100 rsi=48.2 atr=73.970000 vwap=70754.560262 vol_ok=False ready=False
16:05:17 backend.server.scalp_bot.coinbase_candle_feed     INFO | CoinbaseCandleFeed BTC_USD: CLOSED @ 70880.000000 vol=2400.0000 (n=28)
16:05:17 backend.server.scalp_bot.scalp_runtime     INFO | ScalpRuntime BTC_USD: candle close=70880.000000 ema_f=70816.554200 ema_s=70803.985500 rsi=57.0 atr=76.900700 vwap=70771.255544 vol_ok=True ready=False
16:05:17 backend.server.scalp_bot.coinbase_candle_feed     INFO | CoinbaseCandleFeed BTC_USD: CLOSED @ 70900.000000 vol=231.0000 (n=29)
16:05:17 backend.server.scalp_bot.scalp_runtime     INFO | ScalpRuntime BTC_USD: candle close=70900.000000 ema_f=70835.097700 ema_s=70812.714100 rsi=58.4 atr=74.264900 vwap=70773.590412 vol_ok=False ready=False
16:05:17 backend.server.scalp_bot.coinbase_candle_feed     INFO | CoinbaseCandleFeed BTC_USD: CLOSED @ 70900.000000 vol=47.0000 (n=30)
16:05:17 backend.server.scalp_bot.scalp_runtime     INFO | ScalpRuntime BTC_USD: candle close=70900.000000 ema_f=70849.520400 ema_s=70820.649200 rsi=58.4 atr=71.817400 vwap=70774.073223 vol_ok=False ready=True
16:05:17 backend.server.scalp_bot.coinbase_candle_feed     INFO | CoinbaseCandleFeed BTC_USD: CLOSED @ 70895.000000 vol=438.0000 (n=31)
16:05:17 backend.server.scalp_bot.scalp_runtime     INFO | ScalpRuntime BTC_USD: candle close=70895.000000 ema_f=70859.627000 ema_s=70827.408400 rsi=57.9 atr=71.330400 vwap=70778.626400 vol_ok=False ready=True
16:05:17 backend.server.scalp_bot.coinbase_candle_feed     INFO | CoinbaseCandleFeed BTC_USD: CLOSED @ 70870.000000 vol=385.0000 (n=32)
16:05:17 backend.server.scalp_bot.scalp_runtime     INFO | ScalpRuntime BTC_USD: candle close=70870.000000 ema_f=70861.932100 ema_s=70831.280400 rsi=55.1 atr=70.878200 vwap=70781.712523 vol_ok=False ready=True
16:05:17 backend.server.scalp_bot.coinbase_candle_feed     INFO | CoinbaseCandleFeed BTC_USD: CLOSED @ 70955.000000 vol=726.0000 (n=33)
16:05:17 backend.server.scalp_bot.scalp_runtime     INFO | ScalpRuntime BTC_USD: candle close=70955.000000 ema_f=70882.613900 ema_s=70842.527600 rsi=61.8 atr=75.458300 vwap=70790.768141 vol_ok=True ready=True
16:05:17 backend.server.scalp_bot.coinbase_candle_feed     INFO | CoinbaseCandleFeed BTC_USD: CLOSED @ 70960.000000 vol=1389.0000 (n=34)
16:05:17 backend.server.scalp_bot.scalp_runtime     INFO | ScalpRuntime BTC_USD: candle close=70960.000000 ema_f=70899.810800 ema_s=70853.206900 rsi=62.1 atr=72.925600 vwap=70806.262256 vol_ok=True ready=True
16:05:17 backend.server.scalp_bot.coinbase_candle_feed     INFO | CoinbaseCandleFeed BTC_USD: CLOSED @ 70890.000000 vol=1406.0000 (n=35)
16:05:17 backend.server.scalp_bot.scalp_runtime     INFO | ScalpRuntime BTC_USD: candle close=70890.000000 ema_f=70897.630600 ema_s=70856.551700 rsi=54.5 atr=74.859500 vwap=70813.208969 vol_ok=True ready=True
16:05:17 backend.server.scalp_bot.coinbase_candle_feed     INFO | CoinbaseCandleFeed BTC_USD: CLOSED @ 71040.000000 vol=2807.0000 (n=36)
16:05:17 backend.server.scalp_bot.scalp_runtime     INFO | ScalpRuntime BTC_USD: candle close=71040.000000 ema_f=70929.268200 ema_s=70873.228800 rsi=64.5 atr=84.512400 vwap=70841.621227 vol_ok=True ready=True
16:05:17 backend.server.scalp_bot.coinbase_candle_feed     INFO | CoinbaseCandleFeed BTC_USD: CLOSED @ 70990.000000 vol=473.0000 (n=37)
16:05:17 backend.server.scalp_bot.scalp_runtime     INFO | ScalpRuntime BTC_USD: candle close=70990.000000 ema_f=70942.764200 ema_s=70883.844400 rsi=59.8 atr=85.261500 vwap=70845.695355 vol_ok=False ready=True
16:05:17 backend.server.scalp_bot.coinbase_candle_feed     INFO | CoinbaseCandleFeed BTC_USD: CLOSED @ 70960.000000 vol=941.0000 (n=38)
16:05:17 backend.server.scalp_bot.scalp_runtime     INFO | ScalpRuntime BTC_USD: candle close=70960.000000 ema_f=70946.594400 ema_s=70890.767600 rsi=57.1 atr=83.100000 vwap=70850.834783 vol_ok=False ready=True
16:05:17 backend.server.scalp_bot.coinbase_candle_feed     INFO | CoinbaseCandleFeed BTC_USD: CLOSED @ 70910.000000 vol=1396.0000 (n=39)
16:05:17 backend.server.scalp_bot.scalp_runtime     INFO | ScalpRuntime BTC_USD: candle close=70910.000000 ema_f=70938.462300 ema_s=70892.516000 rsi=52.8 atr=88.592900 vwap=70852.486589 vol_ok=True ready=True
16:05:17 backend.server.scalp_bot.coinbase_candle_feed     INFO | CoinbaseCandleFeed BTC_USD: CLOSED @ 70820.000000 vol=653.0000 (n=40)
16:05:17 backend.server.scalp_bot.scalp_runtime     INFO | ScalpRuntime BTC_USD: candle close=70820.000000 ema_f=70912.137300 ema_s=70885.923600 rsi=46.1 atr=90.479100 vwap=70851.735376 vol_ok=False ready=True
16:05:17 backend.server.scalp_bot.coinbase_candle_feed     INFO | CoinbaseCandleFeed BTC_USD: CLOSED @ 70860.000000 vol=1373.0000 (n=41)
16:05:17 backend.server.scalp_bot.scalp_runtime     INFO | ScalpRuntime BTC_USD: candle close=70860.000000 ema_f=70900.551200 ema_s=70883.566900 rsi=49.2 atr=89.373500 vwap=70850.825945 vol_ok=True ready=True
16:05:17 backend.server.scalp_bot.coinbase_candle_feed     INFO | CoinbaseCandleFeed BTC_USD: CLOSED @ 71110.000000 vol=1385.0000 (n=42)
16:05:17 backend.server.scalp_bot.scalp_runtime     INFO | ScalpRuntime BTC_USD: candle close=71110.000000 ema_f=70947.095400 ema_s=70904.151700 rsi=63.3 atr=111.204000 vwap=70866.806499 vol_ok=True ready=True
16:05:17 backend.server.scalp_bot.coinbase_candle_feed     INFO | CoinbaseCandleFeed BTC_USD: CLOSED @ 71125.000000 vol=523.0000 (n=43)
16:05:17 backend.server.scalp_bot.scalp_runtime     INFO | ScalpRuntime BTC_USD: candle close=71125.000000 ema_f=70986.629800 ema_s=70924.228800 rsi=64.0 atr=109.332300 vwap=70872.128628 vol_ok=False ready=True
16:05:17 backend.server.scalp_bot.coinbase_candle_feed     INFO | CoinbaseCandleFeed BTC_USD: CLOSED @ 71250.000000 vol=905.0000 (n=44)
16:05:17 backend.server.scalp_bot.scalp_runtime     INFO | ScalpRuntime BTC_USD: candle close=71250.000000 ema_f=71045.156500 ema_s=70953.844400 rsi=68.9 atr=110.451400 vwap=70883.233259 vol_ok=False ready=True
16:05:17 backend.server.scalp_bot.coinbase_candle_feed     INFO | CoinbaseCandleFeed BTC_USD: CLOSED @ 71210.000000 vol=734.0000 (n=45)
16:05:17 backend.server.scalp_bot.scalp_runtime     INFO | ScalpRuntime BTC_USD: candle close=71210.000000 ema_f=71081.788400 ema_s=70977.131300 rsi=65.8 atr=109.347700 vwap=70891.302768 vol_ok=False ready=True
16:05:17 backend.server.scalp_bot.coinbase_candle_feed     INFO | CoinbaseCandleFeed BTC_USD: CLOSED @ 71120.000000 vol=2003.0000 (n=46)
16:05:17 backend.server.scalp_bot.scalp_runtime     INFO | ScalpRuntime BTC_USD: candle close=71120.000000 ema_f=71090.279900 ema_s=70990.119400 rsi=59.3 atr=114.751400 vwap=70907.359434 vol_ok=True ready=True
16:05:17 backend.server.scalp_bot.coinbase_candle_feed     INFO | CoinbaseCandleFeed BTC_USD: CLOSED @ 70880.000000 vol=4108.0000 (n=47)
16:05:17 backend.server.scalp_bot.scalp_runtime     INFO | ScalpRuntime BTC_USD: candle close=70880.000000 ema_f=71043.551000 ema_s=70980.108500 rsi=46.2 atr=125.840600 vwap=70912.375110 vol_ok=True ready=True
16:05:17 backend.server.scalp_bot.coinbase_candle_feed     INFO | CoinbaseCandleFeed BTC_USD: CLOSED @ 71060.000000 vol=4084.0000 (n=48)
16:05:17 backend.server.scalp_bot.scalp_runtime     INFO | ScalpRuntime BTC_USD: candle close=71060.000000 ema_f=71047.206300 ema_s=70987.371400 rsi=54.4 atr=136.137700 vwap=70921.898115 vol_ok=True ready=True
16:05:17 backend.server.scalp_bot.coinbase_candle_feed     INFO | CoinbaseCandleFeed BTC_USD: CLOSED @ 71630.000000 vol=6818.0000 (n=49)
16:05:17 backend.server.scalp_bot.scalp_runtime     INFO | ScalpRuntime BTC_USD: candle close=71630.000000 ema_f=71176.716000 ema_s=71045.792200 rsi=69.9 atr=174.627900 vwap=70993.774095 vol_ok=True ready=True
16:05:17 backend.server.scalp_bot.coinbase_candle_feed     INFO | CoinbaseCandleFeed BTC_USD: CLOSED @ 71480.000000 vol=10857.0000 (n=50)
16:05:17 backend.server.scalp_bot.scalp_runtime     INFO | ScalpRuntime BTC_USD: candle close=71480.000000 ema_f=71244.112400 ema_s=71085.265600 rsi=63.7 atr=191.083100 vwap=71092.332210 vol_ok=True ready=True
16:05:17 backend.server.scalp_bot.coinbase_candle_feed     INFO | CoinbaseCandleFeed BTC_USD: CLOSED @ 71550.000000 vol=12589.0000 (n=51)
16:05:17 backend.server.scalp_bot.scalp_runtime     INFO | ScalpRuntime BTC_USD: candle close=71550.000000 ema_f=71312.087400 ema_s=71127.514200 rsi=65.3 atr=200.291400 vwap=71187.015244 vol_ok=True ready=True
16:05:17 backend.server.scalp_bot.coinbase_candle_feed     INFO | CoinbaseCandleFeed BTC_USD: CLOSED @ 71520.000000 vol=4727.0000 (n=52)
16:05:17 backend.server.scalp_bot.scalp_runtime     INFO | ScalpRuntime BTC_USD: candle close=71520.000000 ema_f=71358.290200 ema_s=71163.194700 rsi=64.0 atr=197.413400 vwap=71210.202435 vol_ok=True ready=True
16:05:17 backend.server.scalp_bot.coinbase_candle_feed     INFO | CoinbaseCandleFeed BTC_USD: CLOSED @ 71530.000000 vol=4630.0000 (n=53)
16:05:17 backend.server.scalp_bot.scalp_runtime     INFO | ScalpRuntime BTC_USD: candle close=71530.000000 ema_f=71396.447900 ema_s=71196.540600 rsi=64.3 atr=204.383900 vwap=71232.272062 vol_ok=False ready=True
16:05:17 backend.server.scalp_bot.coinbase_candle_feed     INFO | CoinbaseCandleFeed BTC_USD: CLOSED @ 71665.000000 vol=2455.0000 (n=54)
16:05:17 backend.server.scalp_bot.scalp_runtime     INFO | ScalpRuntime BTC_USD: candle close=71665.000000 ema_f=71456.126100 ema_s=71239.127800 rsi=67.5 atr=208.356500 vwap=71242.951692 vol_ok=False ready=True
16:05:17 backend.server.scalp_bot.coinbase_candle_feed     INFO | CoinbaseCandleFeed BTC_USD: CLOSED @ 71675.000000 vol=3644.0000 (n=55)
16:05:17 backend.server.scalp_bot.scalp_runtime     INFO | ScalpRuntime BTC_USD: candle close=71675.000000 ema_f=71504.764700 ema_s=71278.752500 rsi=67.7 atr=203.831000 vwap=71261.604999 vol_ok=False ready=True
16:05:17 backend.server.scalp_bot.coinbase_candle_feed     INFO | CoinbaseCandleFeed BTC_USD: CLOSED @ 72000.000000 vol=9487.0000 (n=56)
16:05:17 backend.server.scalp_bot.scalp_runtime     INFO | ScalpRuntime BTC_USD: candle close=72000.000000 ema_f=71614.817000 ema_s=71344.320500 rsi=74.2 atr=229.628800 vwap=71343.342161 vol_ok=True ready=True
16:05:17 backend.server.scalp_bot.coinbase_candle_feed     INFO | CoinbaseCandleFeed BTC_USD: CLOSED @ 72425.000000 vol=15780.0000 (n=57)
16:05:17 backend.server.scalp_bot.scalp_runtime     INFO | ScalpRuntime BTC_USD: candle close=72425.000000 ema_f=71794.857700 ema_s=71442.564100 rsi=79.9 atr=245.369600 vwap=71481.302620 vol_ok=True ready=True
16:05:17 backend.server.scalp_bot.coinbase_candle_feed     INFO | CoinbaseCandleFeed BTC_USD: CLOSED @ 72070.000000 vol=18592.0000 (n=58)
16:05:17 backend.server.scalp_bot.scalp_runtime     INFO | ScalpRuntime BTC_USD: candle close=72070.000000 ema_f=71856.000400 ema_s=71499.603700 rsi=66.7 atr=257.128900 vwap=71586.180783 vol_ok=True ready=True
16:05:17 backend.server.scalp_bot.coinbase_candle_feed     INFO | CoinbaseCandleFeed BTC_USD: CLOSED @ 72015.000000 vol=5581.0000 (n=59)
16:05:17 backend.server.scalp_bot.scalp_runtime     INFO | ScalpRuntime BTC_USD: candle close=72015.000000 ema_f=71891.333600 ema_s=71546.457900 rsi=64.9 atr=256.262500 vwap=71605.474318 vol_ok=False ready=True
16:05:17 backend.server.scalp_bot.coinbase_candle_feed     INFO | CoinbaseCandleFeed BTC_USD: CLOSED @ 71990.000000 vol=7500.0000 (n=60)
16:05:17 backend.server.scalp_bot.scalp_runtime     INFO | ScalpRuntime BTC_USD: candle close=71990.000000 ema_f=71913.259500 ema_s=71586.779900 rsi=64.1 atr=250.458000 vwap=71624.860790 vol_ok=False ready=True
16:05:17 backend.server.scalp_bot.coinbase_candle_feed     INFO | CoinbaseCandleFeed BTC_USD: CLOSED @ 71790.000000 vol=8675.0000 (n=61)
16:05:17 backend.server.scalp_bot.scalp_runtime     INFO | ScalpRuntime BTC_USD: candle close=71790.000000 ema_f=71885.868500 ema_s=71605.254500 rsi=57.6 atr=250.425300 vwap=71637.274621 vol_ok=False ready=True
16:05:17 backend.server.scalp_bot.coinbase_candle_feed     INFO | CoinbaseCandleFeed BTC_USD: CLOSED @ 71755.000000 vol=7266.0000 (n=62)
16:05:17 backend.server.scalp_bot.scalp_runtime     INFO | ScalpRuntime BTC_USD: candle close=71755.000000 ema_f=71856.786600 ema_s=71618.867700 rsi=56.5 atr=243.609200 vwap=71642.625093 vol_ok=False ready=True
16:05:17 backend.server.scalp_bot.coinbase_candle_feed     INFO | CoinbaseCandleFeed BTC_USD: CLOSED @ 71825.000000 vol=5954.0000 (n=63)
16:05:17 backend.server.scalp_bot.scalp_runtime     INFO | ScalpRuntime BTC_USD: candle close=71825.000000 ema_f=71849.722900 ema_s=71637.607000 rsi=58.2 atr=235.137100 vwap=71649.263882 vol_ok=False ready=True
16:05:17 backend.server.scalp_bot.coinbase_candle_feed     INFO | CoinbaseCandleFeed BTC_USD: CLOSED @ 71915.000000 vol=2723.0000 (n=64)
16:05:17 backend.server.scalp_bot.scalp_runtime     INFO | ScalpRuntime BTC_USD: candle close=71915.000000 ema_f=71864.228900 ema_s=71662.824500 rsi=60.3 atr=227.270200 vwap=71652.933109 vol_ok=False ready=True
16:05:17 backend.server.scalp_bot.coinbase_candle_feed     INFO | CoinbaseCandleFeed BTC_USD: CLOSED @ 72060.000000 vol=4306.0000 (n=65)
16:05:17 backend.server.scalp_bot.scalp_runtime     INFO | ScalpRuntime BTC_USD: candle close=72060.000000 ema_f=71907.733600 ema_s=71698.931400 rsi=63.5 atr=222.465200 vwap=71662.619124 vol_ok=False ready=True
16:05:17 backend.server.scalp_bot.coinbase_candle_feed     INFO | CoinbaseCandleFeed BTC_USD: CLOSED @ 72145.000000 vol=1589.0000 (n=66)
16:05:17 backend.server.scalp_bot.scalp_runtime     INFO | ScalpRuntime BTC_USD: candle close=72145.000000 ema_f=71960.459500 ema_s=71739.483100 rsi=65.3 atr=221.217700 vwap=71666.563277 vol_ok=False ready=True
16:05:17 backend.server.scalp_bot.coinbase_candle_feed     INFO | CoinbaseCandleFeed BTC_USD: CLOSED @ 72240.000000 vol=7270.0000 (n=67)
16:05:17 backend.server.scalp_bot.scalp_runtime     INFO | ScalpRuntime BTC_USD: candle close=72240.000000 ema_f=72022.579600 ema_s=71784.984600 rsi=67.2 atr=217.202200 vwap=71687.566420 vol_ok=False ready=True
16:05:17 backend.server.scalp_bot.coinbase_candle_feed     INFO | CoinbaseCandleFeed BTC_USD: CLOSED @ 72305.000000 vol=5765.0000 (n=68)
16:05:17 backend.server.scalp_bot.scalp_runtime     INFO | ScalpRuntime BTC_USD: candle close=72305.000000 ema_f=72085.339700 ema_s=71832.258700 rsi=68.5 atr=212.402000 vwap=71706.058278 vol_ok=False ready=True
16:05:17 backend.server.scalp_bot.coinbase_candle_feed     INFO | CoinbaseCandleFeed BTC_USD: CLOSED @ 72330.000000 vol=5200.0000 (n=69)
16:05:17 backend.server.scalp_bot.scalp_runtime     INFO | ScalpRuntime BTC_USD: candle close=72330.000000 ema_f=72139.708700 ema_s=71877.507900 rsi=69.0 atr=209.373300 vwap=71722.824185 vol_ok=False ready=True
16:05:17 backend.server.scalp_bot.coinbase_candle_feed     INFO | CoinbaseCandleFeed BTC_USD: CLOSED @ 72115.000000 vol=3769.0000 (n=70)
16:05:17 backend.server.scalp_bot.scalp_runtime     INFO | ScalpRuntime BTC_USD: candle close=72115.000000 ema_f=72134.217900 ema_s=71899.098100 rsi=60.1 atr=219.418100 vwap=71732.376986 vol_ok=False ready=True
16:05:17 backend.server.scalp_bot.coinbase_candle_feed     INFO | CoinbaseCandleFeed BTC_USD: CLOSED @ 72335.000000 vol=3240.0000 (n=71)
16:05:17 backend.server.scalp_bot.scalp_runtime     INFO | ScalpRuntime BTC_USD: candle close=72335.000000 ema_f=72178.836100 ema_s=71938.725500 rsi=65.1 atr=228.388200 vwap=71742.813853 vol_ok=False ready=True
16:05:17 backend.server.scalp_bot.coinbase_candle_feed     INFO | CoinbaseCandleFeed BTC_USD: CLOSED @ 72405.000000 vol=1680.0000 (n=72)
16:05:17 backend.server.scalp_bot.scalp_runtime     INFO | ScalpRuntime BTC_USD: candle close=72405.000000 ema_f=72229.094700 ema_s=71981.114100 rsi=66.5 atr=219.574800 vwap=71748.134025 vol_ok=False ready=True
16:05:17 backend.server.scalp_bot.coinbase_candle_feed     INFO | CoinbaseCandleFeed BTC_USD: CLOSED @ 72455.000000 vol=6062.0000 (n=73)
16:05:17 backend.server.scalp_bot.scalp_runtime     INFO | ScalpRuntime BTC_USD: candle close=72455.000000 ema_f=72279.295900 ema_s=72024.194600 rsi=67.5 atr=213.890900 vwap=71767.640711 vol_ok=False ready=True
16:05:17 backend.server.scalp_bot.coinbase_candle_feed     INFO | CoinbaseCandleFeed BTC_USD: CLOSED @ 72485.000000 vol=11782.0000 (n=74)
16:05:17 backend.server.scalp_bot.scalp_runtime     INFO | ScalpRuntime BTC_USD: candle close=72485.000000 ema_f=72325.007900 ema_s=72066.086000 rsi=68.1 atr=210.041500 vwap=71808.861660 vol_ok=True ready=True
16:05:17 backend.server.scalp_bot.coinbase_candle_feed     INFO | CoinbaseCandleFeed BTC_USD: CLOSED @ 72435.000000 vol=817.0000 (n=75)
16:05:17 backend.server.scalp_bot.scalp_runtime     INFO | ScalpRuntime BTC_USD: candle close=72435.000000 ema_f=72349.450600 ema_s=72099.623600 rsi=65.9 atr=200.395700 vwap=71811.254535 vol_ok=False ready=True
16:05:17 backend.server.scalp_bot.coinbase_candle_feed     INFO | CoinbaseCandleFeed BTC_USD: CLOSED @ 72415.000000 vol=2159.0000 (n=76)
16:05:17 backend.server.scalp_bot.scalp_runtime     INFO | ScalpRuntime BTC_USD: candle close=72415.000000 ema_f=72364.017100 ema_s=72128.294200 rsi=64.9 atr=193.581700 vwap=71817.525088 vol_ok=False ready=True
16:05:17 backend.server.scalp_bot.coinbase_candle_feed     INFO | CoinbaseCandleFeed BTC_USD: CLOSED @ 72210.000000 vol=11582.0000 (n=77)
16:05:17 backend.server.scalp_bot.scalp_runtime     INFO | ScalpRuntime BTC_USD: candle close=72210.000000 ema_f=72329.791100 ema_s=72135.722000 rsi=56.1 atr=197.968700 vwap=71839.911687 vol_ok=True ready=True
16:05:17 backend.server.scalp_bot.coinbase_candle_feed     INFO | CoinbaseCandleFeed BTC_USD: CLOSED @ 72180.000000 vol=4584.0000 (n=78)
16:05:17 backend.server.scalp_bot.scalp_runtime     INFO | ScalpRuntime BTC_USD: candle close=72180.000000 ema_f=72296.504200 ema_s=72139.747300 rsi=55.0 atr=191.685200 vwap=71846.126599 vol_ok=False ready=True
16:05:17 backend.server.scalp_bot.coinbase_candle_feed     INFO | CoinbaseCandleFeed BTC_USD: CLOSED @ 72185.000000 vol=4567.0000 (n=79)
16:05:17 backend.server.scalp_bot.scalp_runtime     INFO | ScalpRuntime BTC_USD: candle close=72185.000000 ema_f=72271.725500 ema_s=72143.861200 rsi=55.1 atr=182.636300 vwap=71852.146275 vol_ok=False ready=True
16:05:17 backend.server.scalp_bot.coinbase_candle_feed     INFO | CoinbaseCandleFeed BTC_USD: CLOSED @ 72240.000000 vol=7195.0000 (n=80)
16:05:17 backend.server.scalp_bot.scalp_runtime     INFO | ScalpRuntime BTC_USD: candle close=72240.000000 ema_f=72264.675400 ema_s=72152.601100 rsi=57.0 atr=178.876600 vwap=71862.728048 vol_ok=False ready=True
16:05:17 backend.server.scalp_bot.coinbase_candle_feed     INFO | CoinbaseCandleFeed BTC_USD: CLOSED @ 72225.000000 vol=1483.0000 (n=81)
16:05:17 backend.server.scalp_bot.scalp_runtime     INFO | ScalpRuntime BTC_USD: candle close=72225.000000 ema_f=72255.858600 ema_s=72159.182800 rsi=56.3 atr=170.385400 vwap=71864.823291 vol_ok=False ready=True
16:05:17 backend.server.scalp_bot.coinbase_candle_feed     INFO | CoinbaseCandleFeed BTC_USD: CLOSED @ 72215.000000 vol=1505.0000 (n=82)
16:05:17 backend.server.scalp_bot.scalp_runtime     INFO | ScalpRuntime BTC_USD: candle close=72215.000000 ema_f=72246.778900 ema_s=72164.257100 rsi=55.8 atr=167.143600 vwap=71866.694294 vol_ok=False ready=True
16:05:17 backend.server.scalp_bot.coinbase_candle_feed     INFO | CoinbaseCandleFeed BTC_USD: CLOSED @ 72390.000000 vol=992.0000 (n=83)
16:05:17 backend.server.scalp_bot.scalp_runtime     INFO | ScalpRuntime BTC_USD: candle close=72390.000000 ema_f=72278.605800 ema_s=72184.779200 rsi=62.1 atr=168.061900 vwap=71868.545571 vol_ok=False ready=True
16:05:17 backend.server.scalp_bot.coinbase_candle_feed     INFO | CoinbaseCandleFeed BTC_USD: CLOSED @ 72345.000000 vol=737.0000 (n=84)
16:05:17 backend.server.scalp_bot.scalp_runtime     INFO | ScalpRuntime BTC_USD: candle close=72345.000000 ema_f=72293.360100 ema_s=72199.344700 rsi=59.8 atr=161.414600 vwap=71870.008816 vol_ok=False ready=True
16:05:17 backend.server.scalp_bot.coinbase_candle_feed     INFO | CoinbaseCandleFeed BTC_USD: CLOSED @ 72415.000000 vol=498.0000 (n=85)
16:05:17 backend.server.scalp_bot.scalp_runtime     INFO | ScalpRuntime BTC_USD: candle close=72415.000000 ema_f=72320.391200 ema_s=72218.949700 rsi=62.1 atr=155.956400 vwap=71871.032081 vol_ok=False ready=True
16:05:17 backend.server.scalp_bot.coinbase_candle_feed     INFO | CoinbaseCandleFeed BTC_USD: CLOSED @ 72455.000000 vol=4881.0000 (n=86)
16:05:17 backend.server.scalp_bot.scalp_runtime     INFO | ScalpRuntime BTC_USD: candle close=72455.000000 ema_f=72350.304300 ema_s=72240.408800 rsi=63.5 atr=151.245200 vwap=71882.145198 vol_ok=False ready=True
16:05:17 backend.server.scalp_bot.coinbase_candle_feed     INFO | CoinbaseCandleFeed BTC_USD: CLOSED @ 72385.000000 vol=1373.0000 (n=87)
16:05:17 backend.server.scalp_bot.scalp_runtime     INFO | ScalpRuntime BTC_USD: candle close=72385.000000 ema_f=72358.014500 ema_s=72253.553500 rsi=59.5 atr=146.870500 vwap=71884.966438 vol_ok=False ready=True
16:05:17 backend.server.scalp_bot.coinbase_candle_feed     INFO | CoinbaseCandleFeed BTC_USD: CLOSED @ 72340.000000 vol=1314.0000 (n=88)
16:05:17 backend.server.scalp_bot.scalp_runtime     INFO | ScalpRuntime BTC_USD: candle close=72340.000000 ema_f=72354.011300 ema_s=72261.412300 rsi=57.1 atr=141.379800 vwap=71887.378131 vol_ok=False ready=True
16:05:17 backend.server.scalp_bot.coinbase_candle_feed     INFO | CoinbaseCandleFeed BTC_USD: CLOSED @ 72350.000000 vol=2082.0000 (n=89)
16:05:17 backend.server.scalp_bot.scalp_runtime     INFO | ScalpRuntime BTC_USD: candle close=72350.000000 ema_f=72353.119900 ema_s=72269.465700 rsi=57.5 atr=136.638400 vwap=71891.110379 vol_ok=False ready=True
16:05:17 backend.server.scalp_bot.coinbase_candle_feed     INFO | CoinbaseCandleFeed BTC_USD: CLOSED @ 72560.000000 vol=8086.0000 (n=90)
16:05:17 backend.server.scalp_bot.scalp_runtime     INFO | ScalpRuntime BTC_USD: candle close=72560.000000 ema_f=72399.093300 ema_s=72295.877900 rsi=65.2 atr=145.807100 vwap=71909.888542 vol_ok=True ready=True
16:05:17 backend.server.scalp_bot.coinbase_candle_feed     INFO | CoinbaseCandleFeed BTC_USD: CLOSED @ 72760.000000 vol=19014.0000 (n=91)
16:05:17 backend.server.scalp_bot.scalp_runtime     INFO | ScalpRuntime BTC_USD: candle close=72760.000000 ema_f=72479.294800 ema_s=72338.070800 rsi=70.7 atr=155.035200 vwap=71962.053174 vol_ok=True ready=True
16:05:17 backend.server.scalp_bot.coinbase_candle_feed     INFO | CoinbaseCandleFeed BTC_USD: CLOSED @ 72845.000000 vol=12302.0000 (n=92)
16:05:18 backend.server.scalp_bot.scalp_runtime     INFO | ScalpRuntime BTC_USD: candle close=72845.000000 ema_f=72560.562600 ema_s=72384.155300 rsi=72.6 atr=158.604100 vwap=71996.716382 vol_ok=True ready=True
16:05:18 backend.server.scalp_bot.coinbase_candle_feed     INFO | CoinbaseCandleFeed BTC_USD: CLOSED @ 73075.000000 vol=21342.0000 (n=93)
16:05:18 backend.server.scalp_bot.scalp_runtime     INFO | ScalpRuntime BTC_USD: candle close=73075.000000 ema_f=72674.882000 ema_s=72446.959400 rsi=77.1 atr=169.775200 vwap=72063.132898 vol_ok=True ready=True
16:05:18 backend.server.scalp_bot.coinbase_candle_feed     INFO | CoinbaseCandleFeed BTC_USD: CLOSED @ 73130.000000 vol=21525.0000 (n=94)
16:05:18 backend.server.scalp_bot.scalp_runtime     INFO | ScalpRuntime BTC_USD: candle close=73130.000000 ema_f=72776.019300 ema_s=72509.054000 rsi=78.0 atr=173.005500 vwap=72127.514858 vol_ok=True ready=True
16:05:18 backend.server.scalp_bot.coinbase_candle_feed     INFO | CoinbaseCandleFeed BTC_USD: CLOSED @ 73030.000000 vol=4488.0000 (n=95)
16:05:18 backend.server.scalp_bot.scalp_runtime     INFO | ScalpRuntime BTC_USD: candle close=73030.000000 ema_f=72832.459500 ema_s=72556.412700 rsi=72.3 atr=172.433700 vwap=72139.382927 vol_ok=False ready=True
16:05:18 backend.server.scalp_bot.coinbase_candle_feed     INFO | CoinbaseCandleFeed BTC_USD: CLOSED @ 73250.000000 vol=9519.0000 (n=96)
16:05:18 backend.server.scalp_bot.scalp_runtime     INFO | ScalpRuntime BTC_USD: candle close=73250.000000 ema_f=72925.246300 ema_s=72619.466100 rsi=76.4 atr=179.402700 vwap=72167.505998 vol_ok=False ready=True
16:05:18 backend.server.scalp_bot.coinbase_candle_feed     INFO | CoinbaseCandleFeed BTC_USD: CLOSED @ 73460.000000 vol=12390.0000 (n=97)
16:05:18 backend.server.scalp_bot.scalp_runtime     INFO | ScalpRuntime BTC_USD: candle close=73460.000000 ema_f=73044.080500 ema_s=72695.878300 rsi=79.5 atr=183.373900 vwap=72208.735294 vol_ok=True ready=True
16:05:18 backend.server.scalp_bot.coinbase_candle_feed     INFO | CoinbaseCandleFeed BTC_USD: CLOSED @ 73345.000000 vol=14062.0000 (n=98)
16:05:18 backend.server.scalp_bot.scalp_runtime     INFO | ScalpRuntime BTC_USD: candle close=73345.000000 ema_f=73110.951500 ema_s=72754.889400 rsi=73.8 atr=181.704300 vwap=72251.891484 vol_ok=True ready=True
16:05:18 backend.server.scalp_bot.coinbase_candle_feed     INFO | CoinbaseCandleFeed BTC_USD: CLOSED @ 73340.000000 vol=17055.0000 (n=99)
16:05:18 backend.server.scalp_bot.scalp_runtime     INFO | ScalpRuntime BTC_USD: candle close=73340.000000 ema_f=73161.851200 ema_s=72808.081300 rsi=73.5 atr=176.939700 vwap=72299.197990 vol_ok=True ready=True
16:05:18 backend.server.scalp_bot.coinbase_candle_feed     INFO | CoinbaseCandleFeed SOL_USD: CLOSED @ 82.090000 vol=112.0000 (n=1)
16:05:18 backend.server.scalp_bot.scalp_runtime     INFO | ScalpRuntime SOL_USD: candle close=82.090000 ema_f=0.000000 ema_s=0.000000 rsi=50.0 atr=0.000000 vwap=82.070000 vol_ok=False ready=False
16:05:18 backend.server.scalp_bot.scalp_runtime     INFO | ScalpRuntime SOL_USD: regime risk-on LIVE reasons=['live_volume_spike'] until_ts=1776110838
16:05:18 backend.server.scalp_bot.coinbase_candle_feed     INFO | CoinbaseCandleFeed SOL_USD: CLOSED @ 82.370000 vol=2093.0000 (n=2)
16:05:18 backend.server.scalp_bot.scalp_runtime     INFO | ScalpRuntime SOL_USD: candle close=82.370000 ema_f=0.000000 ema_s=0.000000 rsi=50.0 atr=0.000000 vwap=82.285153 vol_ok=True ready=False
16:05:18 backend.server.scalp_bot.coinbase_candle_feed     INFO | CoinbaseCandleFeed SOL_USD: CLOSED @ 82.400000 vol=790.0000 (n=3)
16:05:18 backend.server.scalp_bot.scalp_runtime     INFO | ScalpRuntime SOL_USD: candle close=82.400000 ema_f=0.000000 ema_s=0.000000 rsi=50.0 atr=0.000000 vwap=82.307534 vol_ok=False ready=False
16:05:18 backend.server.scalp_bot.coinbase_candle_feed     INFO | CoinbaseCandleFeed SOL_USD: CLOSED @ 82.390000 vol=905.0000 (n=4)
16:05:18 backend.server.scalp_bot.scalp_runtime     INFO | ScalpRuntime SOL_USD: candle close=82.390000 ema_f=0.000000 ema_s=0.000000 rsi=50.0 atr=0.000000 vwap=82.313521 vol_ok=False ready=False
16:05:18 backend.server.scalp_bot.coinbase_candle_feed     INFO | CoinbaseCandleFeed SOL_USD: CLOSED @ 82.390000 vol=425.0000 (n=5)
16:05:18 backend.server.scalp_bot.scalp_runtime     INFO | ScalpRuntime SOL_USD: candle close=82.390000 ema_f=0.000000 ema_s=0.000000 rsi=50.0 atr=0.000000 vwap=82.319398 vol_ok=False ready=False
16:05:18 backend.server.scalp_bot.coinbase_candle_feed     INFO | CoinbaseCandleFeed SOL_USD: CLOSED @ 82.390000 vol=32.0000 (n=6)
16:05:18 backend.server.scalp_bot.scalp_runtime     INFO | ScalpRuntime SOL_USD: candle close=82.390000 ema_f=0.000000 ema_s=0.000000 rsi=50.0 atr=0.000000 vwap=82.320137 vol_ok=False ready=False
16:05:18 backend.server.scalp_bot.coinbase_candle_feed     INFO | CoinbaseCandleFeed SOL_USD: CLOSED @ 82.380000 vol=246.0000 (n=7)
16:05:18 backend.server.scalp_bot.scalp_runtime     INFO | ScalpRuntime SOL_USD: candle close=82.380000 ema_f=0.000000 ema_s=0.000000 rsi=50.0 atr=0.000000 vwap=82.323693 vol_ok=False ready=False
16:05:18 backend.server.scalp_bot.coinbase_candle_feed     INFO | CoinbaseCandleFeed SOL_USD: CLOSED @ 82.230000 vol=16.0000 (n=8)
16:05:18 backend.server.scalp_bot.scalp_runtime     INFO | ScalpRuntime SOL_USD: candle close=82.230000 ema_f=82.330000 ema_s=0.000000 rsi=50.0 atr=0.000000 vwap=82.323472 vol_ok=False ready=False
16:05:18 backend.server.scalp_bot.coinbase_candle_feed     INFO | CoinbaseCandleFeed SOL_USD: CLOSED @ 82.220000 vol=136.0000 (n=9)
16:05:18 backend.server.scalp_bot.scalp_runtime     INFO | ScalpRuntime SOL_USD: candle close=82.220000 ema_f=82.305600 ema_s=0.000000 rsi=50.0 atr=0.000000 vwap=82.321084 vol_ok=False ready=False
16:05:18 backend.server.scalp_bot.coinbase_candle_feed     INFO | CoinbaseCandleFeed SOL_USD: CLOSED @ 82.030000 vol=41.0000 (n=10)
16:05:18 backend.server.scalp_bot.scalp_runtime     INFO | ScalpRuntime SOL_USD: candle close=82.030000 ema_f=82.244400 ema_s=0.000000 rsi=50.0 atr=0.000000 vwap=82.318397 vol_ok=False ready=False
16:05:18 backend.server.scalp_bot.coinbase_candle_feed     INFO | CoinbaseCandleFeed SOL_USD: CLOSED @ 82.100000 vol=151.0000 (n=11)
16:05:18 backend.server.scalp_bot.scalp_runtime     INFO | ScalpRuntime SOL_USD: candle close=82.100000 ema_f=82.212300 ema_s=0.000000 rsi=50.0 atr=0.000000 vwap=82.310509 vol_ok=False ready=False
16:05:18 backend.server.scalp_bot.coinbase_candle_feed     INFO | CoinbaseCandleFeed SOL_USD: CLOSED @ 82.100000 vol=165.0000 (n=12)
16:05:18 backend.server.scalp_bot.scalp_runtime     INFO | ScalpRuntime SOL_USD: candle close=82.100000 ema_f=82.187300 ema_s=0.000000 rsi=50.0 atr=0.000000 vwap=82.303392 vol_ok=False ready=False
16:05:18 backend.server.scalp_bot.coinbase_candle_feed     INFO | CoinbaseCandleFeed SOL_USD: CLOSED @ 82.190000 vol=53.0000 (n=13)
16:05:18 backend.server.scalp_bot.scalp_runtime     INFO | ScalpRuntime SOL_USD: candle close=82.190000 ema_f=82.187900 ema_s=0.000000 rsi=50.0 atr=0.000000 vwap=82.302228 vol_ok=False ready=False
16:05:18 backend.server.scalp_bot.coinbase_candle_feed     INFO | CoinbaseCandleFeed SOL_USD: CLOSED @ 82.210000 vol=47.0000 (n=14)
16:05:18 backend.server.scalp_bot.scalp_runtime     INFO | ScalpRuntime SOL_USD: candle close=82.210000 ema_f=82.192800 ema_s=0.000000 rsi=50.0 atr=0.000000 vwap=82.301277 vol_ok=False ready=False
16:05:18 backend.server.scalp_bot.coinbase_candle_feed     INFO | CoinbaseCandleFeed SOL_USD: CLOSED @ 82.090000 vol=1478.0000 (n=15)
16:05:18 backend.server.scalp_bot.scalp_runtime     INFO | ScalpRuntime SOL_USD: candle close=82.090000 ema_f=82.170000 ema_s=0.000000 rsi=50.0 atr=0.150000 vwap=82.263437 vol_ok=True ready=False
16:05:18 backend.server.scalp_bot.coinbase_candle_feed     INFO | CoinbaseCandleFeed SOL_USD: CLOSED @ 81.930000 vol=56.0000 (n=16)
16:05:18 backend.server.scalp_bot.scalp_runtime     INFO | ScalpRuntime SOL_USD: candle close=81.930000 ema_f=82.116700 ema_s=0.000000 rsi=42.5 atr=0.150700 vwap=82.260890 vol_ok=False ready=False
16:05:18 backend.server.scalp_bot.coinbase_candle_feed     INFO | CoinbaseCandleFeed SOL_USD: CLOSED @ 81.940000 vol=93.0000 (n=17)
16:05:18 backend.server.scalp_bot.scalp_runtime     INFO | ScalpRuntime SOL_USD: candle close=81.940000 ema_f=82.077400 ema_s=0.000000 rsi=43.1 atr=0.141400 vwap=82.256527 vol_ok=False ready=False
16:05:18 backend.server.scalp_bot.coinbase_candle_feed     INFO | CoinbaseCandleFeed SOL_USD: CLOSED @ 81.950000 vol=98.0000 (n=18)
16:05:18 backend.server.scalp_bot.scalp_runtime     INFO | ScalpRuntime SOL_USD: candle close=81.950000 ema_f=82.049100 ema_s=0.000000 rsi=43.7 atr=0.138400 vwap=82.252196 vol_ok=False ready=False
16:05:18 backend.server.scalp_bot.coinbase_candle_feed     INFO | CoinbaseCandleFeed SOL_USD: CLOSED @ 81.920000 vol=50.0000 (n=19)
16:05:18 backend.server.scalp_bot.scalp_runtime     INFO | ScalpRuntime SOL_USD: candle close=81.920000 ema_f=82.020400 ema_s=0.000000 rsi=42.3 atr=0.132100 vwap=82.249938 vol_ok=False ready=False
16:05:18 backend.server.scalp_bot.coinbase_candle_feed     INFO | CoinbaseCandleFeed SOL_USD: CLOSED @ 81.850000 vol=153.0000 (n=20)
16:05:18 backend.server.scalp_bot.scalp_runtime     INFO | ScalpRuntime SOL_USD: candle close=81.850000 ema_f=81.982500 ema_s=0.000000 rsi=39.0 atr=0.130500 vwap=82.241154 vol_ok=False ready=False
16:05:18 backend.server.scalp_bot.coinbase_candle_feed     INFO | CoinbaseCandleFeed SOL_USD: CLOSED @ 81.890000 vol=82.0000 (n=21)
16:05:18 backend.server.scalp_bot.scalp_runtime     INFO | ScalpRuntime SOL_USD: candle close=81.890000 ema_f=81.961900 ema_s=82.145700 rsi=41.8 atr=0.126200 vwap=82.237205 vol_ok=False ready=False
16:05:18 backend.server.scalp_bot.coinbase_candle_feed     INFO | CoinbaseCandleFeed SOL_USD: CLOSED @ 81.980000 vol=190.0000 (n=22)
16:05:18 backend.server.scalp_bot.scalp_runtime     INFO | ScalpRuntime SOL_USD: candle close=81.980000 ema_f=81.965900 ema_s=82.130600 rsi=47.5 atr=0.133600 vwap=82.231808 vol_ok=False ready=False
16:05:18 backend.server.scalp_bot.coinbase_candle_feed     INFO | CoinbaseCandleFeed SOL_USD: CLOSED @ 82.020000 vol=959.0000 (n=23)
16:05:18 backend.server.scalp_bot.scalp_runtime     INFO | ScalpRuntime SOL_USD: candle close=82.020000 ema_f=81.977900 ema_s=82.120500 rsi=49.9 atr=0.139800 vwap=82.203724 vol_ok=True ready=False
16:05:18 backend.server.scalp_bot.coinbase_candle_feed     INFO | CoinbaseCandleFeed SOL_USD: CLOSED @ 82.030000 vol=74.0000 (n=24)
16:05:18 backend.server.scalp_bot.scalp_runtime     INFO | ScalpRuntime SOL_USD: candle close=82.030000 ema_f=81.989500 ema_s=82.112300 rsi=50.5 atr=0.133400 vwap=82.202172 vol_ok=False ready=False
16:05:18 backend.server.scalp_bot.coinbase_candle_feed     INFO | CoinbaseCandleFeed SOL_USD: CLOSED @ 82.020000 vol=90.0000 (n=25)
16:05:18 backend.server.scalp_bot.scalp_runtime     INFO | ScalpRuntime SOL_USD: candle close=82.020000 ema_f=81.996300 ema_s=82.103900 rsi=49.8 atr=0.126700 vwap=82.200252 vol_ok=False ready=False
16:05:18 backend.server.scalp_bot.coinbase_candle_feed     INFO | CoinbaseCandleFeed SOL_USD: CLOSED @ 81.900000 vol=9.0000 (n=26)
16:05:18 backend.server.scalp_bot.scalp_runtime     INFO | ScalpRuntime SOL_USD: candle close=81.900000 ema_f=81.974900 ema_s=82.085400 rsi=42.8 atr=0.126900 vwap=82.199935 vol_ok=False ready=False
16:05:18 backend.server.scalp_bot.coinbase_candle_feed     INFO | CoinbaseCandleFeed SOL_USD: CLOSED @ 81.900000 vol=15.0000 (n=27)
16:05:18 backend.server.scalp_bot.scalp_runtime     INFO | ScalpRuntime SOL_USD: candle close=81.900000 ema_f=81.958300 ema_s=82.068500 rsi=42.8 atr=0.118500 vwap=82.199415 vol_ok=False ready=False
16:05:18 backend.server.scalp_bot.coinbase_candle_feed     INFO | CoinbaseCandleFeed SOL_USD: CLOSED @ 81.880000 vol=100.0000 (n=28)
16:05:18 backend.server.scalp_bot.scalp_runtime     INFO | ScalpRuntime SOL_USD: candle close=81.880000 ema_f=81.940900 ema_s=82.051400 rsi=41.6 atr=0.111500 vwap=82.195765 vol_ok=False ready=False
16:05:18 backend.server.scalp_bot.coinbase_candle_feed     INFO | CoinbaseCandleFeed SOL_USD: CLOSED @ 81.770000 vol=47.0000 (n=29)
16:05:18 backend.server.scalp_bot.scalp_runtime     INFO | ScalpRuntime SOL_USD: candle close=81.770000 ema_f=81.902900 ema_s=82.025800 rsi=36.0 atr=0.111400 vwap=82.193539 vol_ok=False ready=False
16:05:18 backend.server.scalp_bot.coinbase_candle_feed     INFO | CoinbaseCandleFeed SOL_USD: CLOSED @ 81.810000 vol=113.0000 (n=30)
16:05:18 backend.server.scalp_bot.scalp_runtime     INFO | ScalpRuntime SOL_USD: candle close=81.810000 ema_f=81.882300 ema_s=82.006200 rsi=39.2 atr=0.109900 vwap=82.188838 vol_ok=False ready=True
16:05:18 backend.server.scalp_bot.coinbase_candle_feed     INFO | CoinbaseCandleFeed SOL_USD: CLOSED @ 81.820000 vol=3.0000 (n=31)
16:05:18 backend.server.scalp_bot.scalp_runtime     INFO | ScalpRuntime SOL_USD: candle close=81.820000 ema_f=81.868500 ema_s=81.989300 rsi=40.0 atr=0.102800 vwap=82.188712 vol_ok=False ready=True
16:05:18 backend.server.scalp_bot.coinbase_candle_feed     INFO | CoinbaseCandleFeed SOL_USD: CLOSED @ 81.850000 vol=798.0000 (n=32)
16:05:18 backend.server.scalp_bot.scalp_runtime     INFO | ScalpRuntime SOL_USD: candle close=81.850000 ema_f=81.864400 ema_s=81.976600 rsi=42.5 atr=0.108300 vwap=82.157850 vol_ok=True ready=True
16:05:18 backend.server.scalp_bot.coinbase_candle_feed     INFO | CoinbaseCandleFeed SOL_USD: CLOSED @ 81.890000 vol=205.0000 (n=33)
16:05:18 backend.server.scalp_bot.scalp_runtime     INFO | ScalpRuntime SOL_USD: candle close=81.890000 ema_f=81.870100 ema_s=81.968700 rsi=45.8 atr=0.106300 vwap=82.152540 vol_ok=False ready=True
16:05:18 backend.server.scalp_bot.coinbase_candle_feed     INFO | CoinbaseCandleFeed SOL_USD: CLOSED @ 81.930000 vol=3.0000 (n=34)
16:05:18 backend.server.scalp_bot.scalp_runtime     INFO | ScalpRuntime SOL_USD: candle close=81.930000 ema_f=81.883400 ema_s=81.965200 rsi=48.9 atr=0.101600 vwap=82.152470 vol_ok=False ready=True
16:05:18 backend.server.scalp_bot.coinbase_candle_feed     INFO | CoinbaseCandleFeed SOL_USD: CLOSED @ 81.920000 vol=5.0000 (n=35)
16:05:18 backend.server.scalp_bot.scalp_runtime     INFO | ScalpRuntime SOL_USD: candle close=81.920000 ema_f=81.891500 ema_s=81.961100 rsi=48.1 atr=0.095100 vwap=82.152352 vol_ok=False ready=True
16:05:18 backend.server.scalp_bot.coinbase_candle_feed     INFO | CoinbaseCandleFeed SOL_USD: CLOSED @ 81.840000 vol=10.0000 (n=36)
16:05:18 backend.server.scalp_bot.scalp_runtime     INFO | ScalpRuntime SOL_USD: candle close=81.840000 ema_f=81.880100 ema_s=81.950100 rsi=42.6 atr=0.094000 vwap=82.152038 vol_ok=False ready=True
16:05:18 backend.server.scalp_bot.coinbase_candle_feed     INFO | CoinbaseCandleFeed SOL_USD: CLOSED @ 82.000000 vol=6.0000 (n=37)
16:05:18 backend.server.scalp_bot.scalp_runtime     INFO | ScalpRuntime SOL_USD: candle close=82.000000 ema_f=81.906700 ema_s=81.954600 rsi=54.0 atr=0.098700 vwap=82.151937 vol_ok=False ready=True
16:05:18 backend.server.scalp_bot.coinbase_candle_feed     INFO | CoinbaseCandleFeed SOL_USD: CLOSED @ 81.840000 vol=758.0000 (n=38)
16:05:18 backend.server.scalp_bot.scalp_runtime     INFO | ScalpRuntime SOL_USD: candle close=81.840000 ema_f=81.891900 ema_s=81.944200 rsi=44.5 atr=0.109500 vwap=82.133695 vol_ok=True ready=True
16:05:18 backend.server.scalp_bot.coinbase_candle_feed     INFO | CoinbaseCandleFeed SOL_USD: CLOSED @ 81.880000 vol=121.0000 (n=39)
16:05:18 backend.server.scalp_bot.scalp_runtime     INFO | ScalpRuntime SOL_USD: candle close=81.880000 ema_f=81.889300 ema_s=81.938400 rsi=47.0 atr=0.108100 vwap=82.130495 vol_ok=False ready=True
16:05:18 backend.server.scalp_bot.coinbase_candle_feed     INFO | CoinbaseCandleFeed SOL_USD: CLOSED @ 81.910000 vol=1.0000 (n=40)
16:05:18 backend.server.scalp_bot.scalp_runtime     INFO | ScalpRuntime SOL_USD: candle close=81.910000 ema_f=81.893900 ema_s=81.935800 rsi=48.9 atr=0.102500 vwap=82.130474 vol_ok=False ready=True
16:05:18 backend.server.scalp_bot.coinbase_candle_feed     INFO | CoinbaseCandleFeed SOL_USD: CLOSED @ 81.860000 vol=91.0000 (n=41)
16:05:18 backend.server.scalp_bot.scalp_runtime     INFO | ScalpRuntime SOL_USD: candle close=81.860000 ema_f=81.886400 ema_s=81.928900 rsi=45.9 atr=0.101600 vwap=82.128228 vol_ok=False ready=True
16:05:18 backend.server.scalp_bot.coinbase_candle_feed     INFO | CoinbaseCandleFeed SOL_USD: CLOSED @ 82.170000 vol=188.0000 (n=42)
16:05:18 backend.server.scalp_bot.scalp_runtime     INFO | ScalpRuntime SOL_USD: candle close=82.170000 ema_f=81.949400 ema_s=81.950800 rsi=61.4 atr=0.116500 vwap=82.127803 vol_ok=False ready=True
16:05:18 backend.server.scalp_bot.coinbase_candle_feed     INFO | CoinbaseCandleFeed SOL_USD: CLOSED @ 82.110000 vol=89.0000 (n=43)
16:05:18 backend.server.scalp_bot.scalp_runtime     INFO | ScalpRuntime SOL_USD: candle close=82.110000 ema_f=81.985100 ema_s=81.965300 rsi=57.9 atr=0.112500 vwap=82.127793 vol_ok=False ready=True
16:05:18 backend.server.scalp_bot.coinbase_candle_feed     INFO | CoinbaseCandleFeed SOL_USD: CLOSED @ 82.170000 vol=29.0000 (n=44)
16:05:18 backend.server.scalp_bot.scalp_runtime     INFO | ScalpRuntime SOL_USD: candle close=82.170000 ema_f=82.026200 ema_s=81.983900 rsi=60.3 atr=0.110900 vwap=82.127825 vol_ok=False ready=True
16:05:18 backend.server.scalp_bot.coinbase_candle_feed     INFO | CoinbaseCandleFeed SOL_USD: CLOSED @ 82.060000 vol=8.0000 (n=45)
16:05:18 backend.server.scalp_bot.scalp_runtime     INFO | ScalpRuntime SOL_USD: candle close=82.060000 ema_f=82.033700 ema_s=81.990800 rsi=54.2 atr=0.113700 vwap=82.127767 vol_ok=False ready=True
16:05:18 backend.server.scalp_bot.coinbase_candle_feed     INFO | CoinbaseCandleFeed SOL_USD: CLOSED @ 82.110000 vol=207.0000 (n=46)
16:05:18 backend.server.scalp_bot.scalp_runtime     INFO | ScalpRuntime SOL_USD: candle close=82.110000 ema_f=82.050700 ema_s=82.001600 rsi=56.4 atr=0.110600 vwap=82.127138 vol_ok=False ready=True
16:05:18 backend.server.scalp_bot.coinbase_candle_feed     INFO | CoinbaseCandleFeed SOL_USD: CLOSED @ 82.320000 vol=148.0000 (n=47)
16:05:18 backend.server.scalp_bot.scalp_runtime     INFO | ScalpRuntime SOL_USD: candle close=82.320000 ema_f=82.110500 ema_s=82.030500 rsi=64.0 atr=0.117700 vwap=82.128979 vol_ok=False ready=True
16:05:18 backend.server.scalp_bot.coinbase_candle_feed     INFO | CoinbaseCandleFeed SOL_USD: CLOSED @ 82.630000 vol=197.0000 (n=48)
16:05:18 backend.server.scalp_bot.scalp_runtime     INFO | ScalpRuntime SOL_USD: candle close=82.630000 ema_f=82.225900 ema_s=82.085000 rsi=71.9 atr=0.135700 vwap=82.137369 vol_ok=False ready=True
16:05:18 backend.server.scalp_bot.coinbase_candle_feed     INFO | CoinbaseCandleFeed SOL_USD: CLOSED @ 82.510000 vol=60.0000 (n=49)
16:05:18 backend.server.scalp_bot.scalp_runtime     INFO | ScalpRuntime SOL_USD: candle close=82.510000 ema_f=82.289000 ema_s=82.123600 rsi=65.9 atr=0.144600 vwap=82.139340 vol_ok=False ready=True
16:05:18 backend.server.scalp_bot.coinbase_candle_feed     INFO | CoinbaseCandleFeed SOL_USD: CLOSED @ 82.620000 vol=1402.0000 (n=50)
16:05:18 backend.server.scalp_bot.scalp_runtime     INFO | ScalpRuntime SOL_USD: candle close=82.620000 ema_f=82.362600 ema_s=82.168700 rsi=68.5 atr=0.145000 vwap=82.190594 vol_ok=True ready=True
16:05:18 backend.server.scalp_bot.coinbase_candle_feed     INFO | CoinbaseCandleFeed SOL_USD: CLOSED @ 82.530000 vol=23.0000 (n=51)
16:05:18 backend.server.scalp_bot.scalp_runtime     INFO | ScalpRuntime SOL_USD: candle close=82.530000 ema_f=82.399800 ema_s=82.201500 rsi=64.2 atr=0.144600 vwap=82.191158 vol_ok=False ready=True
16:05:18 backend.server.scalp_bot.coinbase_candle_feed     INFO | CoinbaseCandleFeed SOL_USD: CLOSED @ 82.590000 vol=818.0000 (n=52)
16:05:18 backend.server.scalp_bot.scalp_runtime     INFO | ScalpRuntime SOL_USD: candle close=82.590000 ema_f=82.442100 ema_s=82.236800 rsi=65.7 atr=0.148600 vwap=82.215259 vol_ok=True ready=True
16:05:18 backend.server.scalp_bot.coinbase_candle_feed     INFO | CoinbaseCandleFeed SOL_USD: CLOSED @ 83.480000 vol=2753.0000 (n=53)
16:05:18 backend.server.scalp_bot.scalp_runtime     INFO | ScalpRuntime SOL_USD: candle close=83.480000 ema_f=82.672700 ema_s=82.349800 rsi=79.7 atr=0.213700 vwap=82.369513 vol_ok=True ready=True
16:05:18 backend.server.scalp_bot.coinbase_candle_feed     INFO | CoinbaseCandleFeed SOL_USD: CLOSED @ 83.300000 vol=1219.0000 (n=54)
16:05:18 backend.server.scalp_bot.scalp_runtime     INFO | ScalpRuntime SOL_USD: candle close=83.300000 ema_f=82.812100 ema_s=82.436200 rsi=73.2 atr=0.234200 vwap=82.432212 vol_ok=True ready=True
16:05:18 backend.server.scalp_bot.coinbase_candle_feed     INFO | CoinbaseCandleFeed SOL_USD: CLOSED @ 82.950000 vol=504.0000 (n=55)
16:05:18 backend.server.scalp_bot.scalp_runtime     INFO | ScalpRuntime SOL_USD: candle close=82.950000 ema_f=82.842700 ema_s=82.482900 rsi=62.5 atr=0.246800 vwap=82.448893 vol_ok=False ready=True
16:05:18 backend.server.scalp_bot.coinbase_candle_feed     INFO | CoinbaseCandleFeed SOL_USD: CLOSED @ 83.350000 vol=306.0000 (n=56)
16:05:18 backend.server.scalp_bot.scalp_runtime     INFO | ScalpRuntime SOL_USD: candle close=83.350000 ema_f=82.955400 ema_s=82.561700 rsi=68.2 atr=0.257700 vwap=82.462550 vol_ok=False ready=True
16:05:18 backend.server.scalp_bot.coinbase_candle_feed     INFO | CoinbaseCandleFeed SOL_USD: CLOSED @ 83.500000 vol=687.0000 (n=57)
16:05:18 backend.server.scalp_bot.scalp_runtime     INFO | ScalpRuntime SOL_USD: candle close=83.500000 ema_f=83.076400 ema_s=82.647000 rsi=70.1 atr=0.260000 vwap=82.496472 vol_ok=False ready=True
16:05:18 backend.server.scalp_bot.coinbase_candle_feed     INFO | CoinbaseCandleFeed SOL_USD: CLOSED @ 83.300000 vol=291.0000 (n=58)
16:05:18 backend.server.scalp_bot.scalp_runtime     INFO | ScalpRuntime SOL_USD: candle close=83.300000 ema_f=83.126100 ema_s=82.706400 rsi=64.7 atr=0.267100 vwap=82.510080 vol_ok=False ready=True
16:05:18 backend.server.scalp_bot.coinbase_candle_feed     INFO | CoinbaseCandleFeed SOL_USD: CLOSED @ 83.410000 vol=1397.0000 (n=59)
16:05:18 backend.server.scalp_bot.scalp_runtime     INFO | ScalpRuntime SOL_USD: candle close=83.410000 ema_f=83.189200 ema_s=82.770400 rsi=66.2 atr=0.285900 vwap=82.578782 vol_ok=True ready=True
16:05:18 backend.server.scalp_bot.coinbase_candle_feed     INFO | CoinbaseCandleFeed SOL_USD: CLOSED @ 83.140000 vol=967.0000 (n=60)
16:05:18 backend.server.scalp_bot.scalp_runtime     INFO | ScalpRuntime SOL_USD: candle close=83.140000 ema_f=83.178300 ema_s=82.804000 rsi=59.4 atr=0.284800 vwap=82.605948 vol_ok=True ready=True
16:05:18 backend.server.scalp_bot.coinbase_candle_feed     INFO | CoinbaseCandleFeed SOL_USD: CLOSED @ 82.450000 vol=716.0000 (n=61)
16:05:18 backend.server.scalp_bot.scalp_runtime     INFO | ScalpRuntime SOL_USD: candle close=82.450000 ema_f=83.016500 ema_s=82.771800 rsi=46.3 atr=0.318700 vwap=82.601998 vol_ok=False ready=True
16:05:18 backend.server.scalp_bot.coinbase_candle_feed     INFO | CoinbaseCandleFeed SOL_USD: CLOSED @ 82.560000 vol=253.0000 (n=62)
16:05:18 backend.server.scalp_bot.scalp_runtime     INFO | ScalpRuntime SOL_USD: candle close=82.560000 ema_f=82.915100 ema_s=82.752500 rsi=48.2 atr=0.305200 vwap=82.601062 vol_ok=False ready=True
16:05:18 backend.server.scalp_bot.coinbase_candle_feed     INFO | CoinbaseCandleFeed SOL_USD: CLOSED @ 82.710000 vol=232.0000 (n=63)
16:05:18 backend.server.scalp_bot.scalp_runtime     INFO | ScalpRuntime SOL_USD: candle close=82.710000 ema_f=82.869500 ema_s=82.748600 rsi=50.9 atr=0.294100 vwap=82.601914 vol_ok=False ready=True
16:05:18 backend.server.scalp_bot.coinbase_candle_feed     INFO | CoinbaseCandleFeed SOL_USD: CLOSED @ 82.650000 vol=376.0000 (n=64)
16:05:18 backend.server.scalp_bot.scalp_runtime     INFO | ScalpRuntime SOL_USD: candle close=82.650000 ema_f=82.820700 ema_s=82.739600 rsi=49.8 atr=0.286700 vwap=82.603154 vol_ok=False ready=True
16:05:18 backend.server.scalp_bot.coinbase_candle_feed     INFO | CoinbaseCandleFeed SOL_USD: CLOSED @ 82.830000 vol=986.0000 (n=65)
16:05:18 backend.server.scalp_bot.scalp_runtime     INFO | ScalpRuntime SOL_USD: candle close=82.830000 ema_f=82.822800 ema_s=82.747800 rsi=53.0 atr=0.292700 vwap=82.607290 vol_ok=False ready=True
16:05:18 backend.server.scalp_bot.coinbase_candle_feed     INFO | CoinbaseCandleFeed SOL_USD: CLOSED @ 82.910000 vol=174.0000 (n=66)
16:05:18 backend.server.scalp_bot.scalp_runtime     INFO | ScalpRuntime SOL_USD: candle close=82.910000 ema_f=82.842200 ema_s=82.762500 rsi=54.4 atr=0.280400 vwap=82.609433 vol_ok=False ready=True
16:05:18 backend.server.scalp_bot.coinbase_candle_feed     INFO | CoinbaseCandleFeed SOL_USD: CLOSED @ 83.050000 vol=140.0000 (n=67)
16:05:18 backend.server.scalp_bot.scalp_runtime     INFO | ScalpRuntime SOL_USD: candle close=83.050000 ema_f=82.888400 ema_s=82.788600 rsi=56.9 atr=0.280400 vwap=82.611602 vol_ok=False ready=True
16:05:18 backend.server.scalp_bot.coinbase_candle_feed     INFO | CoinbaseCandleFeed SOL_USD: CLOSED @ 83.410000 vol=1168.0000 (n=68)
16:05:18 backend.server.scalp_bot.scalp_runtime     INFO | ScalpRuntime SOL_USD: candle close=83.410000 ema_f=83.004300 ema_s=82.845100 rsi=62.5 atr=0.293900 vwap=82.647698 vol_ok=True ready=True
16:05:18 backend.server.scalp_bot.coinbase_candle_feed     INFO | CoinbaseCandleFeed SOL_USD: CLOSED @ 83.290000 vol=168.0000 (n=69)
16:05:18 backend.server.scalp_bot.scalp_runtime     INFO | ScalpRuntime SOL_USD: candle close=83.290000 ema_f=83.067800 ema_s=82.885500 rsi=59.7 atr=0.288600 vwap=82.652265 vol_ok=False ready=True
16:05:18 backend.server.scalp_bot.coinbase_candle_feed     INFO | CoinbaseCandleFeed SOL_USD: CLOSED @ 83.530000 vol=155.0000 (n=70)
16:05:18 backend.server.scalp_bot.scalp_runtime     INFO | ScalpRuntime SOL_USD: candle close=83.530000 ema_f=83.170500 ema_s=82.944100 rsi=63.2 atr=0.289400 vwap=82.656974 vol_ok=False ready=True
16:05:18 backend.server.scalp_bot.coinbase_candle_feed     INFO | CoinbaseCandleFeed SOL_USD: CLOSED @ 83.430000 vol=447.0000 (n=71)
16:05:18 backend.server.scalp_bot.scalp_runtime     INFO | ScalpRuntime SOL_USD: candle close=83.430000 ema_f=83.228200 ema_s=82.988300 rsi=60.8 atr=0.285900 vwap=82.671134 vol_ok=False ready=True
16:05:18 backend.server.scalp_bot.coinbase_candle_feed     INFO | CoinbaseCandleFeed SOL_USD: CLOSED @ 83.230000 vol=776.0000 (n=72)
16:05:18 backend.server.scalp_bot.scalp_runtime     INFO | ScalpRuntime SOL_USD: candle close=83.230000 ema_f=83.228600 ema_s=83.010300 rsi=56.3 atr=0.286900 vwap=82.688282 vol_ok=False ready=True
16:05:18 backend.server.scalp_bot.coinbase_candle_feed     INFO | CoinbaseCandleFeed SOL_USD: CLOSED @ 83.340000 vol=359.0000 (n=73)
16:05:18 backend.server.scalp_bot.scalp_runtime     INFO | ScalpRuntime SOL_USD: candle close=83.340000 ema_f=83.253400 ema_s=83.040300 rsi=58.1 atr=0.275700 vwap=82.696064 vol_ok=False ready=True
16:05:18 backend.server.scalp_bot.coinbase_candle_feed     INFO | CoinbaseCandleFeed SOL_USD: CLOSED @ 83.470000 vol=45.0000 (n=74)
16:05:18 backend.server.scalp_bot.scalp_runtime     INFO | ScalpRuntime SOL_USD: candle close=83.470000 ema_f=83.301500 ema_s=83.079400 rsi=60.3 atr=0.270300 vwap=82.697197 vol_ok=False ready=True
16:05:18 backend.server.scalp_bot.coinbase_candle_feed     INFO | CoinbaseCandleFeed SOL_USD: CLOSED @ 83.390000 vol=41.0000 (n=75)
16:05:19 backend.server.scalp_bot.scalp_runtime     INFO | ScalpRuntime SOL_USD: candle close=83.390000 ema_f=83.321200 ema_s=83.107600 rsi=58.3 atr=0.257400 vwap=82.698230 vol_ok=False ready=True
16:05:19 backend.server.scalp_bot.coinbase_candle_feed     INFO | CoinbaseCandleFeed SOL_USD: CLOSED @ 83.620000 vol=389.0000 (n=76)
16:05:19 backend.server.scalp_bot.scalp_runtime     INFO | ScalpRuntime SOL_USD: candle close=83.620000 ema_f=83.387600 ema_s=83.154200 rsi=62.2 atr=0.261900 vwap=82.709795 vol_ok=False ready=True
16:05:19 backend.server.scalp_bot.coinbase_candle_feed     INFO | CoinbaseCandleFeed SOL_USD: CLOSED @ 83.680000 vol=554.0000 (n=77)
16:05:19 backend.server.scalp_bot.scalp_runtime     INFO | ScalpRuntime SOL_USD: candle close=83.680000 ema_f=83.452600 ema_s=83.202000 rsi=63.1 atr=0.260300 vwap=82.729223 vol_ok=False ready=True
16:05:19 backend.server.scalp_bot.coinbase_candle_feed     INFO | CoinbaseCandleFeed SOL_USD: CLOSED @ 83.540000 vol=265.0000 (n=78)
16:05:19 backend.server.scalp_bot.scalp_runtime     INFO | ScalpRuntime SOL_USD: candle close=83.540000 ema_f=83.472000 ema_s=83.232700 rsi=59.3 atr=0.251700 vwap=82.736873 vol_ok=False ready=True
16:05:19 backend.server.scalp_bot.coinbase_candle_feed     INFO | CoinbaseCandleFeed SOL_USD: CLOSED @ 83.340000 vol=171.0000 (n=79)
16:05:19 backend.server.scalp_bot.scalp_runtime     INFO | ScalpRuntime SOL_USD: candle close=83.340000 ema_f=83.442700 ema_s=83.242500 rsi=54.3 atr=0.248700 vwap=82.740771 vol_ok=False ready=True
16:05:19 backend.server.scalp_bot.coinbase_candle_feed     INFO | CoinbaseCandleFeed SOL_USD: CLOSED @ 83.080000 vol=1035.0000 (n=80)
16:05:19 backend.server.scalp_bot.scalp_runtime     INFO | ScalpRuntime SOL_USD: candle close=83.080000 ema_f=83.362100 ema_s=83.227700 rsi=48.6 atr=0.251700 vwap=82.752597 vol_ok=True ready=True
16:05:19 backend.server.scalp_bot.coinbase_candle_feed     INFO | CoinbaseCandleFeed SOL_USD: CLOSED @ 83.040000 vol=257.0000 (n=81)
16:05:19 backend.server.scalp_bot.scalp_runtime     INFO | ScalpRuntime SOL_USD: candle close=83.040000 ema_f=83.290500 ema_s=83.210600 rsi=47.8 atr=0.240900 vwap=82.755049 vol_ok=False ready=True
16:05:19 backend.server.scalp_bot.coinbase_candle_feed     INFO | CoinbaseCandleFeed SOL_USD: CLOSED @ 83.130000 vol=184.0000 (n=82)
16:05:19 backend.server.scalp_bot.scalp_runtime     INFO | ScalpRuntime SOL_USD: candle close=83.130000 ema_f=83.254800 ema_s=83.203300 rsi=49.8 atr=0.230100 vwap=82.757136 vol_ok=False ready=True
16:05:19 backend.server.scalp_bot.coinbase_candle_feed     INFO | CoinbaseCandleFeed SOL_USD: CLOSED @ 82.790000 vol=1031.0000 (n=83)
16:05:19 backend.server.scalp_bot.scalp_runtime     INFO | ScalpRuntime SOL_USD: candle close=82.790000 ema_f=83.151500 ema_s=83.165700 rsi=42.9 atr=0.247900 vwap=82.757228 vol_ok=True ready=True
16:05:19 backend.server.scalp_bot.coinbase_candle_feed     INFO | CoinbaseCandleFeed SOL_USD: CLOSED @ 82.990000 vol=280.0000 (n=84)
16:05:19 backend.server.scalp_bot.scalp_runtime     INFO | ScalpRuntime SOL_USD: candle close=82.990000 ema_f=83.115600 ema_s=83.149700 rsi=47.5 atr=0.245900 vwap=82.758725 vol_ok=False ready=True
16:05:19 backend.server.scalp_bot.coinbase_candle_feed     INFO | CoinbaseCandleFeed SOL_USD: CLOSED @ 83.010000 vol=618.0000 (n=85)
16:05:19 backend.server.scalp_bot.scalp_runtime     INFO | ScalpRuntime SOL_USD: candle close=83.010000 ema_f=83.092100 ema_s=83.137000 rsi=48.0 atr=0.234800 vwap=82.763816 vol_ok=False ready=True
16:05:19 backend.server.scalp_bot.coinbase_candle_feed     INFO | CoinbaseCandleFeed SOL_USD: CLOSED @ 83.170000 vol=87.0000 (n=86)
16:05:19 backend.server.scalp_bot.scalp_runtime     INFO | ScalpRuntime SOL_USD: candle close=83.170000 ema_f=83.109400 ema_s=83.140000 rsi=51.6 atr=0.233000 vwap=82.764886 vol_ok=False ready=True
16:05:19 backend.server.scalp_bot.coinbase_candle_feed     INFO | CoinbaseCandleFeed SOL_USD: CLOSED @ 83.190000 vol=240.0000 (n=87)
16:05:19 backend.server.scalp_bot.scalp_runtime     INFO | ScalpRuntime SOL_USD: candle close=83.190000 ema_f=83.127300 ema_s=83.144500 rsi=52.1 atr=0.222800 vwap=82.768026 vol_ok=False ready=True
16:05:19 backend.server.scalp_bot.coinbase_candle_feed     INFO | CoinbaseCandleFeed SOL_USD: CLOSED @ 83.210000 vol=13.0000 (n=88)
16:05:19 backend.server.scalp_bot.scalp_runtime     INFO | ScalpRuntime SOL_USD: candle close=83.210000 ema_f=83.145700 ema_s=83.150500 rsi=52.5 atr=0.210500 vwap=82.768192 vol_ok=False ready=True
16:05:19 backend.server.scalp_bot.coinbase_candle_feed     INFO | CoinbaseCandleFeed SOL_USD: CLOSED @ 83.270000 vol=8.0000 (n=89)
16:05:19 backend.server.scalp_bot.scalp_runtime     INFO | ScalpRuntime SOL_USD: candle close=83.270000 ema_f=83.173300 ema_s=83.161400 rsi=54.0 atr=0.202600 vwap=82.768314 vol_ok=False ready=True
16:05:19 backend.server.scalp_bot.coinbase_candle_feed     INFO | CoinbaseCandleFeed SOL_USD: CLOSED @ 83.160000 vol=8.0000 (n=90)
16:05:19 backend.server.scalp_bot.scalp_runtime     INFO | ScalpRuntime SOL_USD: candle close=83.160000 ema_f=83.170300 ema_s=83.161300 rsi=50.9 atr=0.196000 vwap=82.768413 vol_ok=False ready=True
16:05:19 backend.server.scalp_bot.coinbase_candle_feed     INFO | CoinbaseCandleFeed SOL_USD: CLOSED @ 83.160000 vol=432.0000 (n=91)
16:05:19 backend.server.scalp_bot.scalp_runtime     INFO | ScalpRuntime SOL_USD: candle close=83.160000 ema_f=83.168000 ema_s=83.161200 rsi=50.9 atr=0.186300 vwap=82.773515 vol_ok=False ready=True
16:05:19 backend.server.scalp_bot.coinbase_candle_feed     INFO | CoinbaseCandleFeed SOL_USD: CLOSED @ 83.460000 vol=921.0000 (n=92)
16:05:19 backend.server.scalp_bot.scalp_runtime     INFO | ScalpRuntime SOL_USD: candle close=83.460000 ema_f=83.232900 ema_s=83.188400 rsi=58.5 atr=0.201600 vwap=82.791323 vol_ok=True ready=True
16:05:19 backend.server.scalp_bot.coinbase_candle_feed     INFO | CoinbaseCandleFeed SOL_USD: CLOSED @ 83.540000 vol=793.0000 (n=93)
16:05:19 backend.server.scalp_bot.scalp_runtime     INFO | ScalpRuntime SOL_USD: candle close=83.540000 ema_f=83.301100 ema_s=83.220400 rsi=60.2 atr=0.197200 vwap=82.807481 vol_ok=True ready=True
16:05:19 backend.server.scalp_bot.coinbase_candle_feed     INFO | CoinbaseCandleFeed SOL_USD: CLOSED @ 83.840000 vol=3033.0000 (n=94)
16:05:19 backend.server.scalp_bot.scalp_runtime     INFO | ScalpRuntime SOL_USD: candle close=83.840000 ema_f=83.420900 ema_s=83.276700 rsi=66.1 atr=0.204500 vwap=82.881005 vol_ok=True ready=True
16:05:19 backend.server.scalp_bot.coinbase_candle_feed     INFO | CoinbaseCandleFeed SOL_USD: CLOSED @ 83.840000 vol=1413.0000 (n=95)
16:05:19 backend.server.scalp_bot.scalp_runtime     INFO | ScalpRuntime SOL_USD: candle close=83.840000 ema_f=83.514000 ema_s=83.327900 rsi=66.1 atr=0.207000 vwap=82.912148 vol_ok=True ready=True
16:05:19 backend.server.scalp_bot.coinbase_candle_feed     INFO | CoinbaseCandleFeed SOL_USD: CLOSED @ 83.750000 vol=1106.0000 (n=96)
16:05:19 backend.server.scalp_bot.scalp_runtime     INFO | ScalpRuntime SOL_USD: candle close=83.750000 ema_f=83.566400 ema_s=83.366300 rsi=62.9 atr=0.205100 vwap=82.934937 vol_ok=True ready=True
16:05:19 backend.server.scalp_bot.coinbase_candle_feed     INFO | CoinbaseCandleFeed SOL_USD: CLOSED @ 83.930000 vol=1542.0000 (n=97)
16:05:19 backend.server.scalp_bot.scalp_runtime     INFO | ScalpRuntime SOL_USD: candle close=83.930000 ema_f=83.647200 ema_s=83.417500 rsi=66.4 atr=0.209000 vwap=82.970170 vol_ok=True ready=True
16:05:19 backend.server.scalp_bot.coinbase_candle_feed     INFO | CoinbaseCandleFeed SOL_USD: CLOSED @ 84.220000 vol=1057.0000 (n=98)
16:05:19 backend.server.scalp_bot.scalp_runtime     INFO | ScalpRuntime SOL_USD: candle close=84.220000 ema_f=83.774500 ema_s=83.490500 rsi=71.1 atr=0.214800 vwap=82.998135 vol_ok=False ready=True
16:05:19 backend.server.scalp_bot.coinbase_candle_feed     INFO | CoinbaseCandleFeed SOL_USD: CLOSED @ 84.150000 vol=1790.0000 (n=99)
16:05:19 backend.server.scalp_bot.scalp_runtime     INFO | ScalpRuntime SOL_USD: candle close=84.150000 ema_f=83.857900 ema_s=83.550500 rsi=68.6 atr=0.214500 vwap=83.044757 vol_ok=True ready=True
16:05:19 backend.server.scalp_bot.coinbase_candle_feed     INFO | CoinbaseCandleFeed XRP_USD: CLOSED @ 1.336000 vol=604.0000 (n=1)
16:05:19 backend.server.scalp_bot.scalp_runtime     INFO | ScalpRuntime XRP_USD: candle close=1.336000 ema_f=0.000000 ema_s=0.000000 rsi=50.0 atr=0.000000 vwap=1.335633 vol_ok=False ready=False
16:05:19 backend.server.scalp_bot.coinbase_candle_feed     INFO | CoinbaseCandleFeed XRP_USD: CLOSED @ 1.337400 vol=400.0000 (n=2)
16:05:19 backend.server.scalp_bot.scalp_runtime     INFO | ScalpRuntime XRP_USD: candle close=1.337400 ema_f=0.000000 ema_s=0.000000 rsi=50.0 atr=0.000000 vwap=1.336271 vol_ok=False ready=False
16:05:19 backend.server.scalp_bot.scalp_runtime     INFO | ScalpRuntime XRP_USD: regime risk-on LIVE reasons=['live_volume_spike'] until_ts=1776110839
16:05:19 backend.server.scalp_bot.coinbase_candle_feed     INFO | CoinbaseCandleFeed XRP_USD: CLOSED @ 1.335300 vol=1831.0000 (n=3)
16:05:19 backend.server.scalp_bot.scalp_runtime     INFO | ScalpRuntime XRP_USD: candle close=1.335300 ema_f=0.000000 ema_s=0.000000 rsi=50.0 atr=0.000000 vwap=1.335881 vol_ok=True ready=False
16:05:19 backend.server.scalp_bot.coinbase_candle_feed     INFO | CoinbaseCandleFeed XRP_USD: CLOSED @ 1.335700 vol=2311.0000 (n=4)
16:05:19 backend.server.scalp_bot.scalp_runtime     INFO | ScalpRuntime XRP_USD: candle close=1.335700 ema_f=0.000000 ema_s=0.000000 rsi=50.0 atr=0.000000 vwap=1.335620 vol_ok=True ready=False
16:05:19 backend.server.scalp_bot.coinbase_candle_feed     INFO | CoinbaseCandleFeed XRP_USD: CLOSED @ 1.335700 vol=692.0000 (n=5)
16:05:19 backend.server.scalp_bot.scalp_runtime     INFO | ScalpRuntime XRP_USD: candle close=1.335700 ema_f=0.000000 ema_s=0.000000 rsi=50.0 atr=0.000000 vwap=1.335527 vol_ok=False ready=False
16:05:19 backend.server.scalp_bot.coinbase_candle_feed     INFO | CoinbaseCandleFeed XRP_USD: CLOSED @ 1.334900 vol=385.0000 (n=6)
16:05:19 backend.server.scalp_bot.scalp_runtime     INFO | ScalpRuntime XRP_USD: candle close=1.334900 ema_f=0.000000 ema_s=0.000000 rsi=50.0 atr=0.000000 vwap=1.335506 vol_ok=False ready=False
16:05:19 backend.server.scalp_bot.coinbase_candle_feed     INFO | CoinbaseCandleFeed XRP_USD: CLOSED @ 1.333500 vol=43.0000 (n=7)
16:05:19 backend.server.scalp_bot.scalp_runtime     INFO | ScalpRuntime XRP_USD: candle close=1.333500 ema_f=0.000000 ema_s=0.000000 rsi=50.0 atr=0.000000 vwap=1.335492 vol_ok=False ready=False
16:05:19 backend.server.scalp_bot.coinbase_candle_feed     INFO | CoinbaseCandleFeed XRP_USD: CLOSED @ 1.330100 vol=122.0000 (n=8)
16:05:19 backend.server.scalp_bot.scalp_runtime     INFO | ScalpRuntime XRP_USD: candle close=1.330100 ema_f=1.334800 ema_s=0.000000 rsi=50.0 atr=0.000000 vwap=1.335386 vol_ok=False ready=False
16:05:19 backend.server.scalp_bot.coinbase_candle_feed     INFO | CoinbaseCandleFeed XRP_USD: CLOSED @ 1.329000 vol=176.0000 (n=9)
16:05:19 backend.server.scalp_bot.scalp_runtime     INFO | ScalpRuntime XRP_USD: candle close=1.329000 ema_f=1.333500 ema_s=0.000000 rsi=50.0 atr=0.000000 vwap=1.335219 vol_ok=False ready=False
16:05:19 backend.server.scalp_bot.coinbase_candle_feed     INFO | CoinbaseCandleFeed XRP_USD: CLOSED @ 1.328100 vol=511.0000 (n=10)
16:05:19 backend.server.scalp_bot.scalp_runtime     INFO | ScalpRuntime XRP_USD: candle close=1.328100 ema_f=1.332300 ema_s=0.000000 rsi=50.0 atr=0.000000 vwap=1.334722 vol_ok=False ready=False
16:05:19 backend.server.scalp_bot.coinbase_candle_feed     INFO | CoinbaseCandleFeed XRP_USD: CLOSED @ 1.328700 vol=370.0000 (n=11)
16:05:19 backend.server.scalp_bot.scalp_runtime     INFO | ScalpRuntime XRP_USD: candle close=1.328700 ema_f=1.331500 ema_s=0.000000 rsi=50.0 atr=0.000000 vwap=1.334416 vol_ok=False ready=False
16:05:19 backend.server.scalp_bot.coinbase_candle_feed     INFO | CoinbaseCandleFeed XRP_USD: CLOSED @ 1.326200 vol=125.0000 (n=12)
16:05:19 backend.server.scalp_bot.scalp_runtime     INFO | ScalpRuntime XRP_USD: candle close=1.326200 ema_f=1.330300 ema_s=0.000000 rsi=50.0 atr=0.000000 vwap=1.334287 vol_ok=False ready=False
16:05:19 backend.server.scalp_bot.coinbase_candle_feed     INFO | CoinbaseCandleFeed XRP_USD: CLOSED @ 1.328600 vol=1194.0000 (n=13)
16:05:19 backend.server.scalp_bot.scalp_runtime     INFO | ScalpRuntime XRP_USD: candle close=1.328600 ema_f=1.329900 ema_s=0.000000 rsi=50.0 atr=0.000000 vwap=1.333308 vol_ok=True ready=False
16:05:19 backend.server.scalp_bot.coinbase_candle_feed     INFO | CoinbaseCandleFeed XRP_USD: CLOSED @ 1.327100 vol=693.0000 (n=14)
16:05:19 backend.server.scalp_bot.scalp_runtime     INFO | ScalpRuntime XRP_USD: candle close=1.327100 ema_f=1.329300 ema_s=0.000000 rsi=50.0 atr=0.000000 vwap=1.332887 vol_ok=False ready=False
16:05:19 backend.server.scalp_bot.coinbase_candle_feed     INFO | CoinbaseCandleFeed XRP_USD: CLOSED @ 1.327300 vol=376.0000 (n=15)
16:05:19 backend.server.scalp_bot.scalp_runtime     INFO | ScalpRuntime XRP_USD: candle close=1.327300 ema_f=1.328900 ema_s=0.000000 rsi=26.7 atr=0.002400 vwap=1.332693 vol_ok=False ready=False
16:05:19 backend.server.scalp_bot.coinbase_candle_feed     INFO | CoinbaseCandleFeed XRP_USD: CLOSED @ 1.326100 vol=673.0000 (n=16)
16:05:19 backend.server.scalp_bot.scalp_runtime     INFO | ScalpRuntime XRP_USD: candle close=1.326100 ema_f=1.328300 ema_s=0.000000 rsi=25.0 atr=0.002300 vwap=1.332294 vol_ok=False ready=False
16:05:19 backend.server.scalp_bot.coinbase_candle_feed     INFO | CoinbaseCandleFeed XRP_USD: CLOSED @ 1.326900 vol=265.0000 (n=17)
16:05:19 backend.server.scalp_bot.scalp_runtime     INFO | ScalpRuntime XRP_USD: candle close=1.326900 ema_f=1.328000 ema_s=0.000000 rsi=28.3 atr=0.002300 vwap=1.332165 vol_ok=False ready=False
16:05:19 backend.server.scalp_bot.coinbase_candle_feed     INFO | CoinbaseCandleFeed XRP_USD: CLOSED @ 1.325600 vol=732.0000 (n=18)
16:05:19 backend.server.scalp_bot.scalp_runtime     INFO | ScalpRuntime XRP_USD: candle close=1.325600 ema_f=1.327500 ema_s=0.000000 rsi=26.3 atr=0.002300 vwap=1.331716 vol_ok=False ready=False
16:05:19 backend.server.scalp_bot.coinbase_candle_feed     INFO | CoinbaseCandleFeed XRP_USD: CLOSED @ 1.326500 vol=119.0000 (n=19)
16:05:19 backend.server.scalp_bot.scalp_runtime     INFO | ScalpRuntime XRP_USD: candle close=1.326500 ema_f=1.327300 ema_s=0.000000 rsi=30.1 atr=0.002200 vwap=1.331660 vol_ok=False ready=False
16:05:19 backend.server.scalp_bot.coinbase_candle_feed     INFO | CoinbaseCandleFeed XRP_USD: CLOSED @ 1.331500 vol=1393.0000 (n=20)
16:05:19 backend.server.scalp_bot.scalp_runtime     INFO | ScalpRuntime XRP_USD: candle close=1.331500 ema_f=1.328200 ema_s=0.000000 rsi=46.4 atr=0.002400 vwap=1.331475 vol_ok=True ready=False
16:05:19 backend.server.scalp_bot.coinbase_candle_feed     INFO | CoinbaseCandleFeed XRP_USD: CLOSED @ 1.328400 vol=92.0000 (n=21)
16:05:19 backend.server.scalp_bot.scalp_runtime     INFO | ScalpRuntime XRP_USD: candle close=1.328400 ema_f=1.328200 ema_s=1.330400 rsi=40.1 atr=0.002400 vwap=1.331459 vol_ok=False ready=False
16:05:19 backend.server.scalp_bot.coinbase_candle_feed     INFO | CoinbaseCandleFeed XRP_USD: CLOSED @ 1.328200 vol=896.0000 (n=22)
16:05:19 backend.server.scalp_bot.scalp_runtime     INFO | ScalpRuntime XRP_USD: candle close=1.328200 ema_f=1.328200 ema_s=1.330200 rsi=39.8 atr=0.002300 vwap=1.331269 vol_ok=False ready=False
16:05:19 backend.server.scalp_bot.coinbase_candle_feed     INFO | CoinbaseCandleFeed XRP_USD: CLOSED @ 1.326800 vol=92.0000 (n=23)
16:05:19 backend.server.scalp_bot.scalp_runtime     INFO | ScalpRuntime XRP_USD: candle close=1.326800 ema_f=1.327900 ema_s=1.329900 rsi=37.2 atr=0.002300 vwap=1.331245 vol_ok=False ready=False
16:05:19 backend.server.scalp_bot.coinbase_candle_feed     INFO | CoinbaseCandleFeed XRP_USD: CLOSED @ 1.327900 vol=188.0000 (n=24)
16:05:19 backend.server.scalp_bot.scalp_runtime     INFO | ScalpRuntime XRP_USD: candle close=1.327900 ema_f=1.327900 ema_s=1.329700 rsi=40.5 atr=0.002300 vwap=1.331199 vol_ok=False ready=False
16:05:19 backend.server.scalp_bot.coinbase_candle_feed     INFO | CoinbaseCandleFeed XRP_USD: CLOSED @ 1.328900 vol=144.0000 (n=25)
16:05:19 backend.server.scalp_bot.scalp_runtime     INFO | ScalpRuntime XRP_USD: candle close=1.328900 ema_f=1.328100 ema_s=1.329600 rsi=43.4 atr=0.002200 vwap=1.331175 vol_ok=False ready=False
16:05:19 backend.server.scalp_bot.coinbase_candle_feed     INFO | CoinbaseCandleFeed XRP_USD: CLOSED @ 1.327700 vol=28.0000 (n=26)
16:05:19 backend.server.scalp_bot.scalp_runtime     INFO | ScalpRuntime XRP_USD: candle close=1.327700 ema_f=1.328000 ema_s=1.329400 rsi=40.8 atr=0.002100 vwap=1.331169 vol_ok=False ready=False
16:05:19 backend.server.scalp_bot.coinbase_candle_feed     INFO | CoinbaseCandleFeed XRP_USD: CLOSED @ 1.327100 vol=25.0000 (n=27)
16:05:19 backend.server.scalp_bot.scalp_runtime     INFO | ScalpRuntime XRP_USD: candle close=1.327100 ema_f=1.327800 ema_s=1.329200 rsi=39.5 atr=0.002000 vwap=1.331162 vol_ok=False ready=False
16:05:19 backend.server.scalp_bot.coinbase_candle_feed     INFO | CoinbaseCandleFeed XRP_USD: CLOSED @ 1.325900 vol=195.0000 (n=28)
16:05:19 backend.server.scalp_bot.scalp_runtime     INFO | ScalpRuntime XRP_USD: candle close=1.325900 ema_f=1.327400 ema_s=1.328900 rsi=37.1 atr=0.001900 vwap=1.331094 vol_ok=False ready=False
16:05:19 backend.server.scalp_bot.coinbase_candle_feed     INFO | CoinbaseCandleFeed XRP_USD: CLOSED @ 1.325400 vol=25.0000 (n=29)
16:05:19 backend.server.scalp_bot.scalp_runtime     INFO | ScalpRuntime XRP_USD: candle close=1.325400 ema_f=1.327000 ema_s=1.328600 rsi=36.0 atr=0.001800 vwap=1.331085 vol_ok=False ready=False
16:05:19 backend.server.scalp_bot.coinbase_candle_feed     INFO | CoinbaseCandleFeed XRP_USD: CLOSED @ 1.325200 vol=48.0000 (n=30)
16:05:19 backend.server.scalp_bot.scalp_runtime     INFO | ScalpRuntime XRP_USD: candle close=1.325200 ema_f=1.326600 ema_s=1.328300 rsi=35.6 atr=0.001800 vwap=1.331067 vol_ok=False ready=True
16:05:19 backend.server.scalp_bot.coinbase_candle_feed     INFO | CoinbaseCandleFeed XRP_USD: CLOSED @ 1.326200 vol=146.0000 (n=31)
16:05:19 backend.server.scalp_bot.scalp_runtime     INFO | ScalpRuntime XRP_USD: candle close=1.326200 ema_f=1.326500 ema_s=1.328100 rsi=39.4 atr=0.001800 vwap=1.331016 vol_ok=False ready=True
16:05:19 backend.server.scalp_bot.coinbase_candle_feed     INFO | CoinbaseCandleFeed XRP_USD: CLOSED @ 1.326900 vol=40.0000 (n=32)
16:05:19 backend.server.scalp_bot.scalp_runtime     INFO | ScalpRuntime XRP_USD: candle close=1.326900 ema_f=1.326600 ema_s=1.328000 rsi=42.0 atr=0.001700 vwap=1.331004 vol_ok=False ready=True
16:05:19 backend.server.scalp_bot.coinbase_candle_feed     INFO | CoinbaseCandleFeed XRP_USD: CLOSED @ 1.326100 vol=48.0000 (n=33)
16:05:19 backend.server.scalp_bot.scalp_runtime     INFO | ScalpRuntime XRP_USD: candle close=1.326100 ema_f=1.326500 ema_s=1.327800 rsi=39.9 atr=0.001700 vwap=1.330987 vol_ok=False ready=True
16:05:19 backend.server.scalp_bot.coinbase_candle_feed     INFO | CoinbaseCandleFeed XRP_USD: CLOSED @ 1.327100 vol=407.0000 (n=34)
16:05:19 backend.server.scalp_bot.scalp_runtime     INFO | ScalpRuntime XRP_USD: candle close=1.327100 ema_f=1.326600 ema_s=1.327700 rsi=43.7 atr=0.001700 vwap=1.330881 vol_ok=False ready=True
16:05:19 backend.server.scalp_bot.coinbase_candle_feed     INFO | CoinbaseCandleFeed XRP_USD: CLOSED @ 1.327400 vol=82.0000 (n=35)
16:05:19 backend.server.scalp_bot.scalp_runtime     INFO | ScalpRuntime XRP_USD: candle close=1.327400 ema_f=1.326800 ema_s=1.327700 rsi=44.8 atr=0.001600 vwap=1.330862 vol_ok=False ready=True
16:05:19 backend.server.scalp_bot.coinbase_candle_feed     INFO | CoinbaseCandleFeed XRP_USD: CLOSED @ 1.326700 vol=9.0000 (n=36)
16:05:19 backend.server.scalp_bot.scalp_runtime     INFO | ScalpRuntime XRP_USD: candle close=1.326700 ema_f=1.326800 ema_s=1.327600 rsi=42.7 atr=0.001500 vwap=1.330860 vol_ok=False ready=True
16:05:19 backend.server.scalp_bot.coinbase_candle_feed     INFO | CoinbaseCandleFeed XRP_USD: CLOSED @ 1.327600 vol=26.0000 (n=37)
16:05:19 backend.server.scalp_bot.scalp_runtime     INFO | ScalpRuntime XRP_USD: candle close=1.327600 ema_f=1.327000 ema_s=1.327600 rsi=46.2 atr=0.001500 vwap=1.330855 vol_ok=False ready=True
16:05:19 backend.server.scalp_bot.coinbase_candle_feed     INFO | CoinbaseCandleFeed XRP_USD: CLOSED @ 1.326900 vol=33.0000 (n=38)
16:05:19 backend.server.scalp_bot.scalp_runtime     INFO | ScalpRuntime XRP_USD: candle close=1.326900 ema_f=1.327000 ema_s=1.327500 rsi=43.9 atr=0.001500 vwap=1.330846 vol_ok=False ready=True
16:05:19 backend.server.scalp_bot.coinbase_candle_feed     INFO | CoinbaseCandleFeed XRP_USD: CLOSED @ 1.328300 vol=280.0000 (n=39)
16:05:19 backend.server.scalp_bot.scalp_runtime     INFO | ScalpRuntime XRP_USD: candle close=1.328300 ema_f=1.327300 ema_s=1.327600 rsi=49.3 atr=0.001500 vwap=1.330802 vol_ok=False ready=True
16:05:19 backend.server.scalp_bot.coinbase_candle_feed     INFO | CoinbaseCandleFeed XRP_USD: CLOSED @ 1.328200 vol=210.0000 (n=40)
16:05:19 backend.server.scalp_bot.scalp_runtime     INFO | ScalpRuntime XRP_USD: candle close=1.328200 ema_f=1.327500 ema_s=1.327700 rsi=48.9 atr=0.001500 vwap=1.330764 vol_ok=False ready=True
16:05:19 backend.server.scalp_bot.coinbase_candle_feed     INFO | CoinbaseCandleFeed XRP_USD: CLOSED @ 1.326500 vol=50.0000 (n=41)
16:05:19 backend.server.scalp_bot.scalp_runtime     INFO | ScalpRuntime XRP_USD: candle close=1.326500 ema_f=1.327300 ema_s=1.327600 rsi=43.2 atr=0.001500 vwap=1.330751 vol_ok=False ready=True
16:05:19 backend.server.scalp_bot.coinbase_candle_feed     INFO | CoinbaseCandleFeed XRP_USD: CLOSED @ 1.324800 vol=422.0000 (n=42)
16:05:19 backend.server.scalp_bot.scalp_runtime     INFO | ScalpRuntime XRP_USD: candle close=1.324800 ema_f=1.326700 ema_s=1.327300 rsi=38.3 atr=0.001500 vwap=1.330603 vol_ok=True ready=True
16:05:19 backend.server.scalp_bot.coinbase_candle_feed     INFO | CoinbaseCandleFeed XRP_USD: CLOSED @ 1.326900 vol=198.0000 (n=43)
16:05:19 backend.server.scalp_bot.scalp_runtime     INFO | ScalpRuntime XRP_USD: candle close=1.326900 ema_f=1.326700 ema_s=1.327300 rsi=46.3 atr=0.001600 vwap=1.330550 vol_ok=True ready=True
16:05:19 backend.server.scalp_bot.coinbase_candle_feed     INFO | CoinbaseCandleFeed XRP_USD: CLOSED @ 1.326200 vol=249.0000 (n=44)
16:05:19 backend.server.scalp_bot.scalp_runtime     INFO | ScalpRuntime XRP_USD: candle close=1.326200 ema_f=1.326600 ema_s=1.327200 rsi=44.3 atr=0.001600 vwap=1.330487 vol_ok=True ready=True
16:05:19 backend.server.scalp_bot.coinbase_candle_feed     INFO | CoinbaseCandleFeed XRP_USD: CLOSED @ 1.334400 vol=397.0000 (n=45)
16:05:19 backend.server.scalp_bot.scalp_runtime     INFO | ScalpRuntime XRP_USD: candle close=1.334400 ema_f=1.328300 ema_s=1.327900 rsi=64.4 atr=0.002100 vwap=1.330543 vol_ok=True ready=True
16:05:19 backend.server.scalp_bot.coinbase_candle_feed     INFO | CoinbaseCandleFeed XRP_USD: CLOSED @ 1.333500 vol=742.0000 (n=46)
16:05:19 backend.server.scalp_bot.scalp_runtime     INFO | ScalpRuntime XRP_USD: candle close=1.333500 ema_f=1.329500 ema_s=1.328400 rsi=61.7 atr=0.002100 vwap=1.330654 vol_ok=True ready=True
16:05:19 backend.server.scalp_bot.coinbase_candle_feed     INFO | CoinbaseCandleFeed XRP_USD: CLOSED @ 1.332000 vol=50.0000 (n=47)
16:05:20 backend.server.scalp_bot.scalp_runtime     INFO | ScalpRuntime XRP_USD: candle close=1.332000 ema_f=1.330100 ema_s=1.328700 rsi=57.5 atr=0.002100 vwap=1.330658 vol_ok=False ready=True
16:05:20 backend.server.scalp_bot.coinbase_candle_feed     INFO | CoinbaseCandleFeed XRP_USD: CLOSED @ 1.334100 vol=136.0000 (n=48)
16:05:20 backend.server.scalp_bot.scalp_runtime     INFO | ScalpRuntime XRP_USD: candle close=1.334100 ema_f=1.331000 ema_s=1.329200 rsi=61.5 atr=0.002100 vwap=1.330684 vol_ok=False ready=True
16:05:20 backend.server.scalp_bot.coinbase_candle_feed     INFO | CoinbaseCandleFeed XRP_USD: CLOSED @ 1.333700 vol=920.0000 (n=49)
16:05:20 backend.server.scalp_bot.scalp_runtime     INFO | ScalpRuntime XRP_USD: candle close=1.333700 ema_f=1.331600 ema_s=1.329600 rsi=60.3 atr=0.002200 vwap=1.330821 vol_ok=True ready=True
16:05:20 backend.server.scalp_bot.coinbase_candle_feed     INFO | CoinbaseCandleFeed XRP_USD: CLOSED @ 1.340800 vol=1551.0000 (n=50)
16:05:20 backend.server.scalp_bot.scalp_runtime     INFO | ScalpRuntime XRP_USD: candle close=1.340800 ema_f=1.333600 ema_s=1.330600 rsi=70.8 atr=0.002900 vwap=1.331263 vol_ok=True ready=True
16:05:20 backend.server.scalp_bot.coinbase_candle_feed     INFO | CoinbaseCandleFeed XRP_USD: CLOSED @ 1.340900 vol=468.0000 (n=51)
16:05:20 backend.server.scalp_bot.scalp_runtime     INFO | ScalpRuntime XRP_USD: candle close=1.340900 ema_f=1.335200 ema_s=1.331500 rsi=70.9 atr=0.002900 vwap=1.331455 vol_ok=False ready=True
16:05:20 backend.server.scalp_bot.coinbase_candle_feed     INFO | CoinbaseCandleFeed XRP_USD: CLOSED @ 1.336900 vol=228.0000 (n=52)
16:05:20 backend.server.scalp_bot.scalp_runtime     INFO | ScalpRuntime XRP_USD: candle close=1.336900 ema_f=1.335600 ema_s=1.332000 rsi=60.5 atr=0.003000 vwap=1.331518 vol_ok=False ready=True
16:05:20 backend.server.scalp_bot.coinbase_candle_feed     INFO | CoinbaseCandleFeed XRP_USD: CLOSED @ 1.338600 vol=439.0000 (n=53)
16:05:20 backend.server.scalp_bot.scalp_runtime     INFO | ScalpRuntime XRP_USD: candle close=1.338600 ema_f=1.336300 ema_s=1.332600 rsi=63.0 atr=0.003000 vwap=1.331652 vol_ok=False ready=True
16:05:20 backend.server.scalp_bot.coinbase_candle_feed     INFO | CoinbaseCandleFeed XRP_USD: CLOSED @ 1.337000 vol=140.0000 (n=54)
16:05:20 backend.server.scalp_bot.scalp_runtime     INFO | ScalpRuntime XRP_USD: candle close=1.337000 ema_f=1.336500 ema_s=1.333000 rsi=59.2 atr=0.003000 vwap=1.331690 vol_ok=False ready=True
16:05:20 backend.server.scalp_bot.coinbase_candle_feed     INFO | CoinbaseCandleFeed XRP_USD: CLOSED @ 1.337100 vol=535.0000 (n=55)
16:05:20 backend.server.scalp_bot.scalp_runtime     INFO | ScalpRuntime XRP_USD: candle close=1.337100 ema_f=1.336600 ema_s=1.333400 rsi=59.4 atr=0.003100 vwap=1.331795 vol_ok=True ready=True
16:05:20 backend.server.scalp_bot.coinbase_candle_feed     INFO | CoinbaseCandleFeed XRP_USD: CLOSED @ 1.336700 vol=111.0000 (n=56)
16:05:20 backend.server.scalp_bot.scalp_runtime     INFO | ScalpRuntime XRP_USD: candle close=1.336700 ema_f=1.336600 ema_s=1.333700 rsi=58.4 atr=0.003000 vwap=1.331818 vol_ok=False ready=True
16:05:20 backend.server.scalp_bot.coinbase_candle_feed     INFO | CoinbaseCandleFeed XRP_USD: CLOSED @ 1.342000 vol=470.0000 (n=57)
16:05:20 backend.server.scalp_bot.scalp_runtime     INFO | ScalpRuntime XRP_USD: candle close=1.342000 ema_f=1.337800 ema_s=1.334500 rsi=66.5 atr=0.003200 vwap=1.331989 vol_ok=False ready=True
16:05:20 backend.server.scalp_bot.coinbase_candle_feed     INFO | CoinbaseCandleFeed XRP_USD: CLOSED @ 1.343700 vol=791.0000 (n=58)
16:05:20 backend.server.scalp_bot.scalp_runtime     INFO | ScalpRuntime XRP_USD: candle close=1.343700 ema_f=1.339100 ema_s=1.335300 rsi=68.6 atr=0.003300 vwap=1.332328 vol_ok=True ready=True
16:05:20 backend.server.scalp_bot.coinbase_candle_feed     INFO | CoinbaseCandleFeed XRP_USD: CLOSED @ 1.342700 vol=1003.0000 (n=59)
16:05:20 backend.server.scalp_bot.scalp_runtime     INFO | ScalpRuntime XRP_USD: candle close=1.342700 ema_f=1.339900 ema_s=1.336000 rsi=66.0 atr=0.003300 vwap=1.332721 vol_ok=True ready=True
16:05:20 backend.server.scalp_bot.coinbase_candle_feed     INFO | CoinbaseCandleFeed XRP_USD: CLOSED @ 1.347000 vol=1040.0000 (n=60)
16:05:20 backend.server.scalp_bot.scalp_runtime     INFO | ScalpRuntime XRP_USD: candle close=1.347000 ema_f=1.341500 ema_s=1.337000 rsi=71.1 atr=0.003500 vwap=1.333230 vol_ok=True ready=True
16:05:20 backend.server.scalp_bot.coinbase_candle_feed     INFO | CoinbaseCandleFeed XRP_USD: CLOSED @ 1.339900 vol=243.0000 (n=61)
16:05:20 backend.server.scalp_bot.scalp_runtime     INFO | ScalpRuntime XRP_USD: candle close=1.339900 ema_f=1.341100 ema_s=1.337300 rsi=56.1 atr=0.003800 vwap=1.333298 vol_ok=False ready=True
16:05:20 backend.server.scalp_bot.coinbase_candle_feed     INFO | CoinbaseCandleFeed XRP_USD: CLOSED @ 1.340100 vol=136.0000 (n=62)
16:05:20 backend.server.scalp_bot.scalp_runtime     INFO | ScalpRuntime XRP_USD: candle close=1.340100 ema_f=1.340900 ema_s=1.337600 rsi=56.3 atr=0.003600 vwap=1.333335 vol_ok=False ready=True
16:05:20 backend.server.scalp_bot.coinbase_candle_feed     INFO | CoinbaseCandleFeed XRP_USD: CLOSED @ 1.337900 vol=490.0000 (n=63)
16:05:20 backend.server.scalp_bot.scalp_runtime     INFO | ScalpRuntime XRP_USD: candle close=1.337900 ema_f=1.340200 ema_s=1.337600 rsi=52.4 atr=0.003600 vwap=1.333419 vol_ok=False ready=True
16:05:20 backend.server.scalp_bot.coinbase_candle_feed     INFO | CoinbaseCandleFeed XRP_USD: CLOSED @ 1.333600 vol=223.0000 (n=64)
16:05:20 backend.server.scalp_bot.scalp_runtime     INFO | ScalpRuntime XRP_USD: candle close=1.333600 ema_f=1.338700 ema_s=1.337200 rsi=45.6 atr=0.003700 vwap=1.333421 vol_ok=False ready=True
16:05:20 backend.server.scalp_bot.coinbase_candle_feed     INFO | CoinbaseCandleFeed XRP_USD: CLOSED @ 1.333700 vol=187.0000 (n=65)
16:05:20 backend.server.scalp_bot.scalp_runtime     INFO | ScalpRuntime XRP_USD: candle close=1.333700 ema_f=1.337600 ema_s=1.336900 rsi=45.8 atr=0.003500 vwap=1.333422 vol_ok=False ready=True
16:05:20 backend.server.scalp_bot.coinbase_candle_feed     INFO | CoinbaseCandleFeed XRP_USD: CLOSED @ 1.335300 vol=1005.0000 (n=66)
16:05:20 backend.server.scalp_bot.scalp_runtime     INFO | ScalpRuntime XRP_USD: candle close=1.335300 ema_f=1.337100 ema_s=1.336800 rsi=48.6 atr=0.003600 vwap=1.333434 vol_ok=True ready=True
16:05:20 backend.server.scalp_bot.coinbase_candle_feed     INFO | CoinbaseCandleFeed XRP_USD: CLOSED @ 1.336600 vol=93.0000 (n=67)
16:05:20 backend.server.scalp_bot.scalp_runtime     INFO | ScalpRuntime XRP_USD: candle close=1.336600 ema_f=1.337000 ema_s=1.336800 rsi=50.9 atr=0.003400 vwap=1.333443 vol_ok=False ready=True
16:05:20 backend.server.scalp_bot.coinbase_candle_feed     INFO | CoinbaseCandleFeed XRP_USD: CLOSED @ 1.338600 vol=741.0000 (n=68)
16:05:20 backend.server.scalp_bot.scalp_runtime     INFO | ScalpRuntime XRP_USD: candle close=1.338600 ema_f=1.337400 ema_s=1.337000 rsi=54.2 atr=0.003400 vwap=1.333573 vol_ok=False ready=True
16:05:20 backend.server.scalp_bot.coinbase_candle_feed     INFO | CoinbaseCandleFeed XRP_USD: CLOSED @ 1.341200 vol=204.0000 (n=69)
16:05:20 backend.server.scalp_bot.scalp_runtime     INFO | ScalpRuntime XRP_USD: candle close=1.341200 ema_f=1.338200 ema_s=1.337400 rsi=58.2 atr=0.003400 vwap=1.333619 vol_ok=False ready=True
16:05:20 backend.server.scalp_bot.coinbase_candle_feed     INFO | CoinbaseCandleFeed XRP_USD: CLOSED @ 1.342100 vol=855.0000 (n=70)
16:05:20 backend.server.scalp_bot.scalp_runtime     INFO | ScalpRuntime XRP_USD: candle close=1.342100 ema_f=1.339100 ema_s=1.337800 rsi=59.5 atr=0.003400 vwap=1.333850 vol_ok=True ready=True
16:05:20 backend.server.scalp_bot.coinbase_candle_feed     INFO | CoinbaseCandleFeed XRP_USD: CLOSED @ 1.340900 vol=21.0000 (n=71)
16:05:20 backend.server.scalp_bot.scalp_runtime     INFO | ScalpRuntime XRP_USD: candle close=1.340900 ema_f=1.339500 ema_s=1.338100 rsi=57.0 atr=0.003400 vwap=1.333855 vol_ok=False ready=True
16:05:20 backend.server.scalp_bot.coinbase_candle_feed     INFO | CoinbaseCandleFeed XRP_USD: CLOSED @ 1.340600 vol=97.0000 (n=72)
16:05:20 backend.server.scalp_bot.scalp_runtime     INFO | ScalpRuntime XRP_USD: candle close=1.340600 ema_f=1.339700 ema_s=1.338300 rsi=56.3 atr=0.003300 vwap=1.333875 vol_ok=False ready=True
16:05:20 backend.server.scalp_bot.coinbase_candle_feed     INFO | CoinbaseCandleFeed XRP_USD: CLOSED @ 1.339900 vol=139.0000 (n=73)
16:05:20 backend.server.scalp_bot.scalp_runtime     INFO | ScalpRuntime XRP_USD: candle close=1.339900 ema_f=1.339700 ema_s=1.338400 rsi=54.7 atr=0.003200 vwap=1.333900 vol_ok=False ready=True
16:05:20 backend.server.scalp_bot.coinbase_candle_feed     INFO | CoinbaseCandleFeed XRP_USD: CLOSED @ 1.339800 vol=756.0000 (n=74)
16:05:20 backend.server.scalp_bot.scalp_runtime     INFO | ScalpRuntime XRP_USD: candle close=1.339800 ema_f=1.339700 ema_s=1.338500 rsi=54.5 atr=0.003200 vwap=1.334067 vol_ok=True ready=True
16:05:20 backend.server.scalp_bot.coinbase_candle_feed     INFO | CoinbaseCandleFeed XRP_USD: CLOSED @ 1.341700 vol=199.0000 (n=75)
16:05:20 backend.server.scalp_bot.scalp_runtime     INFO | ScalpRuntime XRP_USD: candle close=1.341700 ema_f=1.340100 ema_s=1.338800 rsi=58.2 atr=0.003100 vwap=1.334113 vol_ok=False ready=True
16:05:20 backend.server.scalp_bot.coinbase_candle_feed     INFO | CoinbaseCandleFeed XRP_USD: CLOSED @ 1.344000 vol=709.0000 (n=76)
16:05:20 backend.server.scalp_bot.scalp_runtime     INFO | ScalpRuntime XRP_USD: candle close=1.344000 ema_f=1.341000 ema_s=1.339300 rsi=62.1 atr=0.003200 vwap=1.334343 vol_ok=True ready=True
16:05:20 backend.server.scalp_bot.coinbase_candle_feed     INFO | CoinbaseCandleFeed XRP_USD: CLOSED @ 1.343500 vol=58.0000 (n=77)
16:05:20 backend.server.scalp_bot.scalp_runtime     INFO | ScalpRuntime XRP_USD: candle close=1.343500 ema_f=1.341600 ema_s=1.339700 rsi=60.8 atr=0.003000 vwap=1.334359 vol_ok=False ready=True
16:05:20 backend.server.scalp_bot.coinbase_candle_feed     INFO | CoinbaseCandleFeed XRP_USD: CLOSED @ 1.342300 vol=284.0000 (n=78)
16:05:20 backend.server.scalp_bot.scalp_runtime     INFO | ScalpRuntime XRP_USD: candle close=1.342300 ema_f=1.341800 ema_s=1.339900 rsi=57.5 atr=0.003000 vwap=1.334438 vol_ok=False ready=True
16:05:20 backend.server.scalp_bot.coinbase_candle_feed     INFO | CoinbaseCandleFeed XRP_USD: CLOSED @ 1.340400 vol=979.0000 (n=79)
16:05:20 backend.server.scalp_bot.scalp_runtime     INFO | ScalpRuntime XRP_USD: candle close=1.340400 ema_f=1.341500 ema_s=1.339900 rsi=52.7 atr=0.003000 vwap=1.334622 vol_ok=True ready=True
16:05:20 backend.server.scalp_bot.coinbase_candle_feed     INFO | CoinbaseCandleFeed XRP_USD: CLOSED @ 1.339000 vol=142.0000 (n=80)
16:05:20 backend.server.scalp_bot.scalp_runtime     INFO | ScalpRuntime XRP_USD: candle close=1.339000 ema_f=1.340900 ema_s=1.339800 rsi=49.5 atr=0.002900 vwap=1.334640 vol_ok=False ready=True
16:05:20 backend.server.scalp_bot.coinbase_candle_feed     INFO | CoinbaseCandleFeed XRP_USD: CLOSED @ 1.338900 vol=219.0000 (n=81)
16:05:20 backend.server.scalp_bot.scalp_runtime     INFO | ScalpRuntime XRP_USD: candle close=1.338900 ema_f=1.340500 ema_s=1.339700 rsi=49.2 atr=0.002800 vwap=1.334666 vol_ok=False ready=True
16:05:20 backend.server.scalp_bot.coinbase_candle_feed     INFO | CoinbaseCandleFeed XRP_USD: CLOSED @ 1.338600 vol=89.0000 (n=82)
16:05:20 backend.server.scalp_bot.scalp_runtime     INFO | ScalpRuntime XRP_USD: candle close=1.338600 ema_f=1.340100 ema_s=1.339600 rsi=48.5 atr=0.002700 vwap=1.334675 vol_ok=False ready=True
16:05:20 backend.server.scalp_bot.coinbase_candle_feed     INFO | CoinbaseCandleFeed XRP_USD: CLOSED @ 1.338500 vol=79.0000 (n=83)
16:05:20 backend.server.scalp_bot.scalp_runtime     INFO | ScalpRuntime XRP_USD: candle close=1.338500 ema_f=1.339700 ema_s=1.339500 rsi=48.2 atr=0.002600 vwap=1.334683 vol_ok=False ready=True
16:05:20 backend.server.scalp_bot.coinbase_candle_feed     INFO | CoinbaseCandleFeed XRP_USD: CLOSED @ 1.336300 vol=432.0000 (n=84)
16:05:20 backend.server.scalp_bot.scalp_runtime     INFO | ScalpRuntime XRP_USD: candle close=1.336300 ema_f=1.338900 ema_s=1.339200 rsi=42.8 atr=0.002700 vwap=1.334718 vol_ok=False ready=True
16:05:20 backend.server.scalp_bot.coinbase_candle_feed     INFO | CoinbaseCandleFeed XRP_USD: CLOSED @ 1.341000 vol=496.0000 (n=85)
16:05:20 backend.server.scalp_bot.scalp_runtime     INFO | ScalpRuntime XRP_USD: candle close=1.341000 ema_f=1.339400 ema_s=1.339400 rsi=54.6 atr=0.002900 vwap=1.334807 vol_ok=False ready=True
16:05:20 backend.server.scalp_bot.coinbase_candle_feed     INFO | CoinbaseCandleFeed XRP_USD: CLOSED @ 1.340200 vol=169.0000 (n=86)
16:05:20 backend.server.scalp_bot.scalp_runtime     INFO | ScalpRuntime XRP_USD: candle close=1.340200 ema_f=1.339600 ema_s=1.339500 rsi=52.6 atr=0.002800 vwap=1.334834 vol_ok=False ready=True
16:05:20 backend.server.scalp_bot.coinbase_candle_feed     INFO | CoinbaseCandleFeed XRP_USD: CLOSED @ 1.340200 vol=149.0000 (n=87)
16:05:20 backend.server.scalp_bot.scalp_runtime     INFO | ScalpRuntime XRP_USD: candle close=1.340200 ema_f=1.339700 ema_s=1.339600 rsi=52.6 atr=0.002700 vwap=1.334855 vol_ok=False ready=True
16:05:20 backend.server.scalp_bot.coinbase_candle_feed     INFO | CoinbaseCandleFeed XRP_USD: CLOSED @ 1.340800 vol=638.0000 (n=88)
16:05:20 backend.server.scalp_bot.scalp_runtime     INFO | ScalpRuntime XRP_USD: candle close=1.340800 ema_f=1.339900 ema_s=1.339700 rsi=54.1 atr=0.002600 vwap=1.334966 vol_ok=True ready=True
16:05:20 backend.server.scalp_bot.coinbase_candle_feed     INFO | CoinbaseCandleFeed XRP_USD: CLOSED @ 1.340700 vol=81.0000 (n=89)
16:05:20 backend.server.scalp_bot.scalp_runtime     INFO | ScalpRuntime XRP_USD: candle close=1.340700 ema_f=1.340100 ema_s=1.339800 rsi=53.8 atr=0.002400 vwap=1.334979 vol_ok=False ready=True
16:05:20 backend.server.scalp_bot.coinbase_candle_feed     INFO | CoinbaseCandleFeed XRP_USD: CLOSED @ 1.340100 vol=242.0000 (n=90)
16:05:20 backend.server.scalp_bot.scalp_runtime     INFO | ScalpRuntime XRP_USD: candle close=1.340100 ema_f=1.340100 ema_s=1.339800 rsi=51.9 atr=0.002300 vwap=1.335014 vol_ok=False ready=True
16:05:20 backend.server.scalp_bot.coinbase_candle_feed     INFO | CoinbaseCandleFeed XRP_USD: CLOSED @ 1.343300 vol=683.0000 (n=91)
16:05:20 backend.server.scalp_bot.scalp_runtime     INFO | ScalpRuntime XRP_USD: candle close=1.343300 ema_f=1.340800 ema_s=1.340100 rsi=59.8 atr=0.002500 vwap=1.335161 vol_ok=True ready=True
16:05:20 backend.server.scalp_bot.coinbase_candle_feed     INFO | CoinbaseCandleFeed XRP_USD: CLOSED @ 1.345700 vol=746.0000 (n=92)
16:05:20 backend.server.scalp_bot.scalp_runtime     INFO | ScalpRuntime XRP_USD: candle close=1.345700 ema_f=1.341900 ema_s=1.340600 rsi=64.6 atr=0.002600 vwap=1.335363 vol_ok=True ready=True
16:05:20 backend.server.scalp_bot.coinbase_candle_feed     INFO | CoinbaseCandleFeed XRP_USD: CLOSED @ 1.345700 vol=624.0000 (n=93)
16:05:20 backend.server.scalp_bot.scalp_runtime     INFO | ScalpRuntime XRP_USD: candle close=1.345700 ema_f=1.342700 ema_s=1.341100 rsi=64.6 atr=0.002600 vwap=1.335545 vol_ok=True ready=True
16:05:20 backend.server.scalp_bot.coinbase_candle_feed     INFO | CoinbaseCandleFeed XRP_USD: CLOSED @ 1.349600 vol=801.0000 (n=94)
16:05:20 backend.server.scalp_bot.scalp_runtime     INFO | ScalpRuntime XRP_USD: candle close=1.349600 ema_f=1.344200 ema_s=1.341900 rsi=71.0 atr=0.002700 vwap=1.335818 vol_ok=True ready=True
16:05:20 backend.server.scalp_bot.coinbase_candle_feed     INFO | CoinbaseCandleFeed XRP_USD: CLOSED @ 1.349900 vol=908.0000 (n=95)
16:05:20 backend.server.scalp_bot.scalp_runtime     INFO | ScalpRuntime XRP_USD: candle close=1.349900 ema_f=1.345500 ema_s=1.342600 rsi=71.4 atr=0.002700 vwap=1.336117 vol_ok=True ready=True
16:05:20 backend.server.scalp_bot.coinbase_candle_feed     INFO | CoinbaseCandleFeed XRP_USD: CLOSED @ 1.348900 vol=173.0000 (n=96)
16:05:20 backend.server.scalp_bot.scalp_runtime     INFO | ScalpRuntime XRP_USD: candle close=1.348900 ema_f=1.346300 ema_s=1.343200 rsi=67.8 atr=0.002600 vwap=1.336173 vol_ok=False ready=True
16:05:20 backend.server.scalp_bot.coinbase_candle_feed     INFO | CoinbaseCandleFeed XRP_USD: CLOSED @ 1.352500 vol=1012.0000 (n=97)
16:05:21 backend.server.scalp_bot.scalp_runtime     INFO | ScalpRuntime XRP_USD: candle close=1.352500 ema_f=1.347700 ema_s=1.344000 rsi=73.1 atr=0.002800 vwap=1.336559 vol_ok=True ready=True
16:05:21 backend.server.scalp_bot.coinbase_candle_feed     INFO | CoinbaseCandleFeed XRP_USD: CLOSED @ 1.354600 vol=683.0000 (n=98)
16:05:21 backend.server.scalp_bot.scalp_runtime     INFO | ScalpRuntime XRP_USD: candle close=1.354600 ema_f=1.349200 ema_s=1.345000 rsi=75.6 atr=0.002800 vwap=1.336849 vol_ok=False ready=True
16:05:21 backend.server.scalp_bot.coinbase_candle_feed     INFO | CoinbaseCandleFeed XRP_USD: CLOSED @ 1.354500 vol=1076.0000 (n=99)
16:05:21 backend.server.scalp_bot.scalp_runtime     INFO | ScalpRuntime XRP_USD: candle close=1.354500 ema_f=1.350400 ema_s=1.345900 rsi=75.2 atr=0.002800 vwap=1.337307 vol_ok=True ready=True
16:05:21 backend.server.scalp_bot.coinbase_candle_feed     INFO | CoinbaseCandleFeed SOL_USD: CLOSED @ 84.050000 vol=1253.0000 (n=100)
16:05:21 backend.server.scalp_bot.scalp_runtime     INFO | ScalpRuntime SOL_USD: candle close=84.050000 ema_f=83.900600 ema_s=83.595900 rsi=65.1 atr=0.214900 vwap=83.073740 vol_ok=True ready=True
16:05:21 backend.server.scalp_bot.bar_store     INFO | bar_store Coinbase backfill: BIP-20DEC30-CDE/15m page=3 rows=300 new=0 oldest=2026-04-04 10:15
2026-04-13 16:05:21 - coinbase.RESTClient - ERROR - HTTP Error: 403 Client Error: Forbidden {"error":"PERMISSION_DENIED","error_details":"User does not have the correct permissions","message":"User does not have the correct permissions"}
16:05:21 coinbase.RESTClient     ERROR | HTTP Error: 403 Client Error: Forbidden {"error":"PERMISSION_DENIED","error_details":"User does not have the correct permissions","message":"User does not have the correct permissions"}
16:05:22 backend.server.scalp_bot.bar_store     INFO | bar_store Coinbase backfill: BIP-20DEC30-CDE/15m page=4 rows=300 new=0 oldest=2026-04-01 06:15
16:05:22 backend.server.scalp_bot.bar_store     INFO | bar_store Coinbase backfill: BIP-20DEC30-CDE/15m page=5 rows=300 new=0 oldest=2026-03-29 03:15
16:05:23 backend.server.scalp_bot.bar_store     INFO | bar_store Coinbase backfill: BIP-20DEC30-CDE/15m page=6 rows=300 new=0 oldest=2026-03-25 23:15
16:05:23 backend.server.scalp_bot.bar_store     INFO | bar_store Coinbase backfill: BIP-20DEC30-CDE/15m page=7 rows=300 new=0 oldest=2026-03-22 20:15
16:05:23 backend.server.scalp_bot.bar_store     INFO | bar_store Coinbase backfill: BIP-20DEC30-CDE/15m page=8 rows=300 new=0 oldest=2026-03-19 16:15
16:05:24 backend.server.scalp_bot.bar_store     INFO | bar_store Coinbase backfill: BIP-20DEC30-CDE/15m page=9 rows=300 new=0 oldest=2026-03-16 13:15
2026-04-13 16:05:24 - coinbase.RESTClient - ERROR - HTTP Error: 403 Client Error: Forbidden {"error":"PERMISSION_DENIED","error_details":"User does not have the correct permissions","message":"User does not have the correct permissions"}
16:05:24 coinbase.RESTClient     ERROR | HTTP Error: 403 Client Error: Forbidden {"error":"PERMISSION_DENIED","error_details":"User does not have the correct permissions","message":"User does not have the correct permissions"}
16:05:24 backend.server.scalp_bot.bar_store     INFO | bar_store Coinbase backfill: BIP-20DEC30-CDE/15m page=10 rows=72 new=0 oldest=2026-03-15 19:15
16:05:24 backend.server.scalp_bot.bar_store     INFO | bar_store Coinbase backfill: BIP-20DEC30-CDE/15m — wrote 1 new candles
16:05:24 backend.server.scalp_bot.scalp_runtime     INFO | ScalpRuntime: backfill done for BTC_USD — new_rows=1 total_in_store=14255 (hours_needed=697.0)
16:05:24 backend.server.scalp_bot.bar_store     INFO | bar_store: Coinbase REST using API credentials from environment
16:05:25 backend.server.scalp_bot.bar_store     INFO | bar_store Coinbase backfill: SLP-20DEC30-CDE/15m page=1 rows=300 new=0 oldest=2026-04-10 15:15
16:05:25 backend.server.scalp_bot.bar_store     INFO | bar_store Coinbase backfill: SLP-20DEC30-CDE/15m page=2 rows=300 new=0 oldest=2026-04-07 12:15
16:05:26 backend.server.scalp_bot.bar_store     INFO | bar_store Coinbase backfill: SLP-20DEC30-CDE/15m page=3 rows=300 new=0 oldest=2026-04-04 06:45
16:05:26 backend.server.scalp_bot.coinbase_candle_feed     INFO | CoinbaseCandleFeed XRP_USD: CLOSED @ 1.354800 vol=1044.0000 (n=100)
2026-04-13 16:05:26 - coinbase.RESTClient - ERROR - HTTP Error: 403 Client Error: Forbidden {"error":"PERMISSION_DENIED","error_details":"User does not have the correct permissions","message":"User does not have the correct permissions"}
16:05:26 coinbase.RESTClient     ERROR | HTTP Error: 403 Client Error: Forbidden {"error":"PERMISSION_DENIED","error_details":"User does not have the correct permissions","message":"User does not have the correct permissions"}
16:05:26 backend.server.scalp_bot.scalp_runtime     INFO | ScalpRuntime XRP_USD: candle close=1.354800 ema_f=1.351400 ema_s=1.346700 rsi=75.6 atr=0.002800 vwap=1.337731 vol_ok=True ready=True
16:05:26 backend.server.scalp_bot.bar_store     INFO | bar_store Coinbase backfill: SLP-20DEC30-CDE/15m page=4 rows=300 new=0 oldest=2026-04-01 01:45
16:05:27 backend.server.scalp_bot.bar_store     INFO | bar_store Coinbase backfill: SLP-20DEC30-CDE/15m page=5 rows=300 new=0 oldest=2026-03-28 22:00
16:05:27 backend.server.scalp_bot.bar_store     INFO | bar_store Coinbase backfill: SLP-20DEC30-CDE/15m page=6 rows=300 new=0 oldest=2026-03-25 17:15
16:05:28 backend.server.scalp_bot.bar_store     INFO | bar_store Coinbase backfill: SLP-20DEC30-CDE/15m page=7 rows=300 new=0 oldest=2026-03-22 14:15
16:05:28 backend.server.scalp_bot.bar_store     INFO | bar_store Coinbase backfill: SLP-20DEC30-CDE/15m page=8 rows=300 new=0 oldest=2026-03-19 08:45
2026-04-13 16:05:29 - coinbase.RESTClient - ERROR - HTTP Error: 403 Client Error: Forbidden {"error":"PERMISSION_DENIED","error_details":"User does not have the correct permissions","message":"User does not have the correct permissions"}
16:05:29 coinbase.RESTClient     ERROR | HTTP Error: 403 Client Error: Forbidden {"error":"PERMISSION_DENIED","error_details":"User does not have the correct permissions","message":"User does not have the correct permissions"}
16:05:29 backend.server.scalp_bot.bar_store     INFO | bar_store Coinbase backfill: SLP-20DEC30-CDE/15m page=9 rows=300 new=0 oldest=2026-03-16 05:45
2026-04-13 16:05:29 - coinbase.RESTClient - ERROR - HTTP Error: 403 Client Error: Forbidden {"error":"PERMISSION_DENIED","error_details":"User does not have the correct permissions","message":"User does not have the correct permissions"}
16:05:29 coinbase.RESTClient     ERROR | HTTP Error: 403 Client Error: Forbidden {"error":"PERMISSION_DENIED","error_details":"User does not have the correct permissions","message":"User does not have the correct permissions"}
16:05:29 backend.server.scalp_bot.bar_store     INFO | bar_store Coinbase backfill: SLP-20DEC30-CDE/15m page=10 rows=42 new=0 oldest=2026-03-15 19:15
16:05:29 backend.server.scalp_bot.bar_store     INFO | bar_store Coinbase backfill: SLP-20DEC30-CDE/15m — wrote 0 new candles
16:05:29 backend.server.scalp_bot.scalp_runtime     INFO | ScalpRuntime: backfill done for SOL_USD — new_rows=0 total_in_store=14031 (hours_needed=697.0)
16:05:29 backend.server.scalp_bot.bar_store     INFO | bar_store: Coinbase REST using API credentials from environment
16:05:30 backend.server.scalp_bot.bar_store     INFO | bar_store Coinbase backfill: XPP-20DEC30-CDE/15m page=1 rows=300 new=0 oldest=2026-04-10 14:00
16:05:30 backend.server.scalp_bot.bar_store     INFO | bar_store Coinbase backfill: XPP-20DEC30-CDE/15m page=2 rows=300 new=0 oldest=2026-04-07 11:00
16:05:31 backend.server.scalp_bot.bar_store     INFO | bar_store Coinbase backfill: XPP-20DEC30-CDE/15m page=3 rows=300 new=0 oldest=2026-04-04 03:30
16:05:31 backend.server.scalp_bot.bar_store     INFO | bar_store Coinbase backfill: XPP-20DEC30-CDE/15m page=4 rows=300 new=0 oldest=2026-03-31 23:00
2026-04-13 16:05:31 - coinbase.RESTClient - ERROR - HTTP Error: 403 Client Error: Forbidden {"error":"PERMISSION_DENIED","error_details":"User does not have the correct permissions","message":"User does not have the correct permissions"}
16:05:31 coinbase.RESTClient     ERROR | HTTP Error: 403 Client Error: Forbidden {"error":"PERMISSION_DENIED","error_details":"User does not have the correct permissions","message":"User does not have the correct permissions"}
16:05:32 backend.server.scalp_bot.bar_store     INFO | bar_store Coinbase backfill: XPP-20DEC30-CDE/15m page=5 rows=300 new=0 oldest=2026-03-28 16:30
16:05:32 backend.server.scalp_bot.bar_store     INFO | bar_store Coinbase backfill: XPP-20DEC30-CDE/15m page=6 rows=300 new=0 oldest=2026-03-25 10:15
16:05:32 backend.server.scalp_bot.bar_store     INFO | bar_store Coinbase backfill: XPP-20DEC30-CDE/15m page=7 rows=300 new=0 oldest=2026-03-22 06:45
16:05:33 backend.server.scalp_bot.bar_store     INFO | bar_store Coinbase backfill: XPP-20DEC30-CDE/15m page=8 rows=300 new=0 oldest=2026-03-19 00:15
16:05:33 backend.server.scalp_bot.bar_store     INFO | bar_store Coinbase backfill: XPP-20DEC30-CDE/15m page=9 rows=300 new=0 oldest=2026-03-15 21:15
16:05:34 backend.server.scalp_bot.bar_store     INFO | bar_store Coinbase backfill: XPP-20DEC30-CDE/15m page=10 rows=8 new=0 oldest=2026-03-15 19:15
16:05:34 backend.server.scalp_bot.bar_store     INFO | bar_store Coinbase backfill: XPP-20DEC30-CDE/15m — wrote 0 new candles
16:05:34 backend.server.scalp_bot.scalp_runtime     INFO | ScalpRuntime: backfill done for XRP_USD — new_rows=0 total_in_store=13938 (hours_needed=697.0)
16:05:34 backend.server.scalp_bot.scalp_runtime     INFO | ScalpRuntime: STANDBY — candle feed live, waiting for operator to click Begin Warmup.
2026-04-13 16:05:34 - coinbase.RESTClient - ERROR - HTTP Error: 403 Client Error: Forbidden {"error":"PERMISSION_DENIED","error_details":"User does not have the correct permissions","message":"User does not have the correct permissions"}
16:05:34 coinbase.RESTClient     ERROR | HTTP Error: 403 Client Error: Forbidden {"error":"PERMISSION_DENIED","error_details":"User does not have the correct permissions","message":"User does not have the correct permissions"}
2026-04-13 16:05:36 - coinbase.RESTClient - ERROR - HTTP Error: 403 Client Error: Forbidden {"error":"PERMISSION_DENIED","error_details":"User does not have the correct permissions","message":"User does not have the correct permissions"}
16:05:36 coinbase.RESTClient     ERROR | HTTP Error: 403 Client Error: Forbidden {"error":"PERMISSION_DENIED","error_details":"User does not have the correct permissions","message":"User does not have the correct permissions"}
2026-04-13 16:05:39 - coinbase.RESTClient - ERROR - HTTP Error: 403 Client Error: Forbidden {"error":"PERMISSION_DENIED","error_details":"User does not have the correct permissions","message":"User does not have the correct permissions"}
16:05:39 coinbase.RESTClient     ERROR | HTTP Error: 403 Client Error: Forbidden {"error":"PERMISSION_DENIED","error_details":"User does not have the correct permissions","message":"User does not have the correct permissions"}
2026-04-13 16:05:41 - coinbase.RESTClient - ERROR - HTTP Error: 403 Client Error: Forbidden {"error":"PERMISSION_DENIED","error_details":"User does not have the correct permissions","message":"User does not have the correct permissions"}
16:05:41 coinbase.RESTClient     ERROR | HTTP Error: 403 Client Error: Forbidden {"error":"PERMISSION_DENIED","error_details":"User does not have the correct permissions","message":"User does not have the correct permissions"}
2026-04-13 16:05:44 - coinbase.RESTClient - ERROR - HTTP Error: 403 Client Error: Forbidden {"error":"PERMISSION_DENIED","error_details":"User does not have the correct permissions","message":"User does not have the correct permissions"}
16:05:44 coinbase.RESTClient     ERROR | HTTP Error: 403 Client Error: Forbidden {"error":"PERMISSION_DENIED","error_details":"User does not have the correct permissions","message":"User does not have the correct permissions"}
2026-04-13 16:05:44 - coinbase.RESTClient - ERROR - HTTP Error: 403 Client Error: Forbidden {"error":"PERMISSION_DENIED","error_details":"User does not have the correct permissions","message":"User does not have the correct permissions"}
16:05:44 coinbase.RESTClient     ERROR | HTTP Error: 403 Client Error: Forbidden {"error":"PERMISSION_DENIED","error_details":"User does not have the correct permissions","message":"User does not have the correct permissions"}
2026-04-13 16:05:44 - coinbase.RESTClient - ERROR - HTTP Error: 403 Client Error: Forbidden {"error":"PERMISSION_DENIED","error_details":"User does not have the correct permissions","message":"User does not have the correct permissions"}
16:05:44 coinbase.RESTClient     ERROR | HTTP Error: 403 Client Error: Forbidden {"error":"PERMISSION_DENIED","error_details":"User does not have the correct permissions","message":"User does not have the correct permissions"}
2026-04-13 16:05:46 - coinbase.RESTClient - ERROR - HTTP Error: 403 Client Error: Forbidden {"error":"PERMISSION_DENIED","error_details":"User does not have the correct permissions","message":"User does not have the correct permissions"}
16:05:46 coinbase.RESTClient     ERROR | HTTP Error: 403 Client Error: Forbidden {"error":"PERMISSION_DENIED","error_details":"User does not have the correct permissions","message":"User does not have the correct permissions"}
2026-04-13 16:05:49 - coinbase.RESTClient - ERROR - HTTP Error: 403 Client Error: Forbidden {"error":"PERMISSION_DENIED","error_details":"User does not have the correct permissions","message":"User does not have the correct permissions"}
16:05:49 coinbase.RESTClient     ERROR | HTTP Error: 403 Client Error: Forbidden {"error":"PERMISSION_DENIED","error_details":"User does not have the correct permissions","message":"User does not have the correct permissions"}
2026-04-13 16:05:51 - coinbase.RESTClient - ERROR - HTTP Error: 403 Client Error: Forbidden {"error":"PERMISSION_DENIED","error_details":"User does not have the correct permissions","message":"User does not have the correct permissions"}
16:05:51 coinbase.RESTClient     ERROR | HTTP Error: 403 Client Error: Forbidden {"error":"PERMISSION_DENIED","error_details":"User does not have the correct permissions","message":"User does not have the correct permissions"}
2026-04-13 16:05:54 - coinbase.RESTClient - ERROR - HTTP Error: 403 Client Error: Forbidden {"error":"PERMISSION_DENIED","error_details":"User does not have the correct permissions","message":"User does not have the correct permissions"}
16:05:54 coinbase.RESTClient     ERROR | HTTP Error: 403 Client Error: Forbidden {"error":"PERMISSION_DENIED","error_details":"User does not have the correct permissions","message":"User does not have the correct permissions"}
2026-04-13 16:05:56 - coinbase.RESTClient - ERROR - HTTP Error: 403 Client Error: Forbidden {"error":"PERMISSION_DENIED","error_details":"User does not have the correct permissions","message":"User does not have the correct permissions"}
16:05:56 coinbase.RESTClient     ERROR | HTTP Error: 403 Client Error: Forbidden {"error":"PERMISSION_DENIED","error_details":"User does not have the correct permissions","message":"User does not have the correct permissions"}
2026-04-13 16:05:59 - coinbase.RESTClient - ERROR - HTTP Error: 403 Client Error: Forbidden {"error":"PERMISSION_DENIED","error_details":"User does not have the correct permissions","message":"User does not have the correct permissions"}
16:05:59 coinbase.RESTClient     ERROR | HTTP Error: 403 Client Error: Forbidden {"error":"PERMISSION_DENIED","error_details":"User does not have the correct permissions","message":"User does not have the correct permissions"}
2026-04-13 16:05:59 - coinbase.RESTClient - ERROR - HTTP Error: 403 Client Error: Forbidden {"error":"PERMISSION_DENIED","error_details":"User does not have the correct permissions","message":"User does not have the correct permissions"}
16:05:59 coinbase.RESTClient     ERROR | HTTP Error: 403 Client Error: Forbidden {"error":"PERMISSION_DENIED","error_details":"User does not have the correct permissions","message":"User does not have the correct permissions"}
2026-04-13 16:06:01 - coinbase.RESTClient - ERROR - HTTP Error: 403 Client Error: Forbidden {"error":"PERMISSION_DENIED","error_details":"User does not have the correct permissions","message":"User does not have the correct permissions"}
16:06:01 coinbase.RESTClient     ERROR | HTTP Error: 403 Client Error: Forbidden {"error":"PERMISSION_DENIED","error_details":"User does not have the correct permissions","message":"User does not have the correct permissions"}
2026-04-13 16:06:04 - coinbase.RESTClient - ERROR - HTTP Error: 403 Client Error: Forbidden {"error":"PERMISSION_DENIED","error_details":"User does not have the correct permissions","message":"User does not have the correct permissions"}
16:06:04 coinbase.RESTClient     ERROR | HTTP Error: 403 Client Error: Forbidden {"error":"PERMISSION_DENIED","error_details":"User does not have the correct permissions","message":"User does not have the correct permissions"}
2026-04-13 16:06:06 - coinbase.RESTClient - ERROR - HTTP Error: 403 Client Error: Forbidden {"error":"PERMISSION_DENIED","error_details":"User does not have the correct permissions","message":"User does not have the correct permissions"}
16:06:06 coinbase.RESTClient     ERROR | HTTP Error: 403 Client Error: Forbidden {"error":"PERMISSION_DENIED","error_details":"User does not have the correct permissions","message":"User does not have the correct permissions"}
2026-04-13 16:06:09 - coinbase.RESTClient - ERROR - HTTP Error: 403 Client Error: Forbidden {"error":"PERMISSION_DENIED","error_details":"User does not have the correct permissions","message":"User does not have the correct permissions"}
16:06:09 coinbase.RESTClient     ERROR | HTTP Error: 403 Client Error: Forbidden {"error":"PERMISSION_DENIED","error_details":"User does not have the correct permissions","message":"User does not have the correct permissions"}
2026-04-13 16:06:11 - coinbase.RESTClient - ERROR - HTTP Error: 403 Client Error: Forbidden {"error":"PERMISSION_DENIED","error_details":"User does not have the correct permissions","message":"User does not have the correct permissions"}
16:06:11 coinbase.RESTClient     ERROR | HTTP Error: 403 Client Error: Forbidden {"error":"PERMISSION_DENIED","error_details":"User does not have the correct permissions","message":"User does not have the correct permissions"}
2026-04-13 16:06:14 - coinbase.RESTClient - ERROR - HTTP Error: 403 Client Error: Forbidden {"error":"PERMISSION_DENIED","error_details":"User does not have the correct permissions","message":"User does not have the correct permissions"}
16:06:14 coinbase.RESTClient     ERROR | HTTP Error: 403 Client Error: Forbidden {"error":"PERMISSION_DENIED","error_details":"User does not have the correct permissions","message":"User does not have the correct permissions"}
2026-04-13 16:06:14 - coinbase.RESTClient - ERROR - HTTP Error: 403 Client Error: Forbidden {"error":"PERMISSION_DENIED","error_details":"User does not have the correct permissions","message":"User does not have the correct permissions"}
16:06:14 coinbase.RESTClient     ERROR | HTTP Error: 403 Client Error: Forbidden {"error":"PERMISSION_DENIED","error_details":"User does not have the correct permissions","message":"User does not have the correct permissions"}
2026-04-13 16:06:15 - coinbase.RESTClient - ERROR - HTTP Error: 403 Client Error: Forbidden {"error":"PERMISSION_DENIED","error_details":"User does not have the correct permissions","message":"User does not have the correct permissions"}
16:06:15 coinbase.RESTClient     ERROR | HTTP Error: 403 Client Error: Forbidden {"error":"PERMISSION_DENIED","error_details":"User does not have the correct permissions","message":"User does not have the correct permissions"}
2026-04-13 16:06:17 - coinbase.RESTClient - ERROR - HTTP Error: 403 Client Error: Forbidden {"error":"PERMISSION_DENIED","error_details":"User does not have the correct permissions","message":"User does not have the correct permissions"}
16:06:17 coinbase.RESTClient     ERROR | HTTP Error: 403 Client Error: Forbidden {"error":"PERMISSION_DENIED","error_details":"User does not have the correct permissions","message":"User does not have the correct permissions"}
2026-04-13 16:06:19 - coinbase.RESTClient - ERROR - HTTP Error: 403 Client Error: Forbidden {"error":"PERMISSION_DENIED","error_details":"User does not have the correct permissions","message":"User does not have the correct permissions"}
16:06:19 coinbase.RESTClient     ERROR | HTTP Error: 403 Client Error: Forbidden {"error":"PERMISSION_DENIED","error_details":"User does not have the correct permissions","message":"User does not have the correct permissions"}
2026-04-13 16:06:21 - coinbase.RESTClient - ERROR - HTTP Error: 403 Client Error: Forbidden {"error":"PERMISSION_DENIED","error_details":"User does not have the correct permissions","message":"User does not have the correct permissions"}
16:06:21 coinbase.RESTClient     ERROR | HTTP Error: 403 Client Error: Forbidden {"error":"PERMISSION_DENIED","error_details":"User does not have the correct permissions","message":"User does not have the correct permissions"}
2026-04-13 16:06:24 - coinbase.RESTClient - ERROR - HTTP Error: 403 Client Error: Forbidden {"error":"PERMISSION_DENIED","error_details":"User does not have the correct permissions","message":"User does not have the correct permissions"}
16:06:24 coinbase.RESTClient     ERROR | HTTP Error: 403 Client Error: Forbidden {"error":"PERMISSION_DENIED","error_details":"User does not have the correct permissions","message":"User does not have the correct permissions"}
2026-04-13 16:06:26 - coinbase.RESTClient - ERROR - HTTP Error: 403 Client Error: Forbidden {"error":"PERMISSION_DENIED","error_details":"User does not have the correct permissions","message":"User does not have the correct permissions"}
16:06:26 coinbase.RESTClient     ERROR | HTTP Error: 403 Client Error: Forbidden {"error":"PERMISSION_DENIED","error_details":"User does not have the correct permissions","message":"User does not have the correct permissions"}
2026-04-13 16:06:29 - coinbase.RESTClient - ERROR - HTTP Error: 403 Client Error: Forbidden {"error":"PERMISSION_DENIED","error_details":"User does not have the correct permissions","message":"User does not have the correct permissions"}
16:06:29 coinbase.RESTClient     ERROR | HTTP Error: 403 Client Error: Forbidden {"error":"PERMISSION_DENIED","error_details":"User does not have the correct permissions","message":"User does not have the correct permissions"}
2026-04-13 16:06:29 - coinbase.RESTClient - ERROR - HTTP Error: 403 Client Error: Forbidden {"error":"PERMISSION_DENIED","error_details":"User does not have the correct permissions","message":"User does not have the correct permissions"}
16:06:29 coinbase.RESTClient     ERROR | HTTP Error: 403 Client Error: Forbidden {"error":"PERMISSION_DENIED","error_details":"User does not have the correct permissions","message":"User does not have the correct permissions"}
2026-04-13 16:06:31 - coinbase.RESTClient - ERROR - HTTP Error: 403 Client Error: Forbidden {"error":"PERMISSION_DENIED","error_details":"User does not have the correct permissions","message":"User does not have the correct permissions"}
16:06:31 coinbase.RESTClient     ERROR | HTTP Error: 403 Client Error: Forbidden {"error":"PERMISSION_DENIED","error_details":"User does not have the correct permissions","message":"User does not have the correct permissions"}
2026-04-13 16:06:34 - coinbase.RESTClient - ERROR - HTTP Error: 403 Client Error: Forbidden {"error":"PERMISSION_DENIED","error_details":"User does not have the correct permissions","message":"User does not have the correct permissions"}
16:06:34 coinbase.RESTClient     ERROR | HTTP Error: 403 Client Error: Forbidden {"error":"PERMISSION_DENIED","error_details":"User does not have the correct permissions","message":"User does not have the correct permissions"}
2026-04-13 16:06:36 - coinbase.RESTClient - ERROR - HTTP Error: 403 Client Error: Forbidden {"error":"PERMISSION_DENIED","error_details":"User does not have the correct permissions","message":"User does not have the correct permissions"}
16:06:36 coinbase.RESTClient     ERROR | HTTP Error: 403 Client Error: Forbidden {"error":"PERMISSION_DENIED","error_details":"User does not have the correct permissions","message":"User does not have the correct permissions"}
16:06:37 backend.server.scalp_bot.scalp_runtime     INFO | ScalpRuntime: regime risk-on RELAX after 30s calm (all pairs below triggers)
2026-04-13 16:06:38 - coinbase.RESTClient - ERROR - HTTP Error: 403 Client Error: Forbidden {"error":"PERMISSION_DENIED","error_details":"User does not have the correct permissions","message":"User does not have the correct permissions"}
16:06:38 coinbase.RESTClient     ERROR | HTTP Error: 403 Client Error: Forbidden {"error":"PERMISSION_DENIED","error_details":"User does not have the correct permissions","message":"User does not have the correct permissions"}
2026-04-13 16:06:41 - coinbase.RESTClient - ERROR - HTTP Error: 403 Client Error: Forbidden {"error":"PERMISSION_DENIED","error_details":"User does not have the correct permissions","message":"User does not have the correct permissions"}
16:06:41 coinbase.RESTClient     ERROR | HTTP Error: 403 Client Error: Forbidden {"error":"PERMISSION_DENIED","error_details":"User does not have the correct permissions","message":"User does not have the correct permissions"}
2026-04-13 16:06:43 - coinbase.RESTClient - ERROR - HTTP Error: 403 Client Error: Forbidden {"error":"PERMISSION_DENIED","error_details":"User does not have the correct permissions","message":"User does not have the correct permissions"}
16:06:43 coinbase.RESTClient     ERROR | HTTP Error: 403 Client Error: Forbidden {"error":"PERMISSION_DENIED","error_details":"User does not have the correct permissions","message":"User does not have the correct permissions"}
2026-04-13 16:06:44 - coinbase.RESTClient - ERROR - HTTP Error: 403 Client Error: Forbidden {"error":"PERMISSION_DENIED","error_details":"User does not have the correct permissions","message":"User does not have the correct permissions"}
16:06:44 coinbase.RESTClient     ERROR | HTTP Error: 403 Client Error: Forbidden {"error":"PERMISSION_DENIED","error_details":"User does not have the correct permissions","message":"User does not have the correct permissions"}
2026-04-13 16:06:45 - coinbase.RESTClient - ERROR - HTTP Error: 403 Client Error: Forbidden {"error":"PERMISSION_DENIED","error_details":"User does not have the correct permissions","message":"User does not have the correct permissions"}
16:06:45 coinbase.RESTClient     ERROR | HTTP Error: 403 Client Error: Forbidden {"error":"PERMISSION_DENIED","error_details":"User does not have the correct permissions","message":"User does not have the correct permissions"}
2026-04-13 16:06:46 - coinbase.RESTClient - ERROR - HTTP Error: 403 Client Error: Forbidden {"error":"PERMISSION_DENIED","error_details":"User does not have the correct permissions","message":"User does not have the correct permissions"}
16:06:46 coinbase.RESTClient     ERROR | HTTP Error: 403 Client Error: Forbidden {"error":"PERMISSION_DENIED","error_details":"User does not have the correct permissions","message":"User does not have the correct permissions"}
2026-04-13 16:06:48 - coinbase.RESTClient - ERROR - HTTP Error: 403 Client Error: Forbidden {"error":"PERMISSION_DENIED","error_details":"User does not have the correct permissions","message":"User does not have the correct permissions"}
16:06:48 coinbase.RESTClient     ERROR | HTTP Error: 403 Client Error: Forbidden {"error":"PERMISSION_DENIED","error_details":"User does not have the correct permissions","message":"User does not have the correct permissions"}
2026-04-13 16:06:51 - coinbase.RESTClient - ERROR - HTTP Error: 403 Client Error: Forbidden {"error":"PERMISSION_DENIED","error_details":"User does not have the correct permissions","message":"User does not have the correct permissions"}
16:06:51 coinbase.RESTClient     ERROR | HTTP Error: 403 Client Error: Forbidden {"error":"PERMISSION_DENIED","error_details":"User does not have the correct permissions","message":"User does not have the correct permissions"}
2026-04-13 16:06:53 - coinbase.RESTClient - ERROR - HTTP Error: 403 Client Error: Forbidden {"error":"PERMISSION_DENIED","error_details":"User does not have the correct permissions","message":"User does not have the correct permissions"}
16:06:53 coinbase.RESTClient     ERROR | HTTP Error: 403 Client Error: Forbidden {"error":"PERMISSION_DENIED","error_details":"User does not have the correct permissions","message":"User does not have the correct permissions"}
2026-04-13 16:06:56 - coinbase.RESTClient - ERROR - HTTP Error: 403 Client Error: Forbidden {"error":"PERMISSION_DENIED","error_details":"User does not have the correct permissions","message":"User does not have the correct permissions"}
16:06:56 coinbase.RESTClient     ERROR | HTTP Error: 403 Client Error: Forbidden {"error":"PERMISSION_DENIED","error_details":"User does not have the correct permissions","message":"User does not have the correct permissions"}
2026-04-13 16:06:58 - coinbase.RESTClient - ERROR - HTTP Error: 403 Client Error: Forbidden {"error":"PERMISSION_DENIED","error_details":"User does not have the correct permissions","message":"User does not have the correct permissions"}
16:06:58 coinbase.RESTClient     ERROR | HTTP Error: 403 Client Error: Forbidden {"error":"PERMISSION_DENIED","error_details":"User does not have the correct permissions","message":"User does not have the correct permissions"}
2026-04-13 16:06:58 - coinbase.RESTClient - ERROR - HTTP Error: 403 Client Error: Forbidden {"error":"PERMISSION_DENIED","error_details":"User does not have the correct permissions","message":"User does not have the correct permissions"}
16:06:58 coinbase.RESTClient     ERROR | HTTP Error: 403 Client Error: Forbidden {"error":"PERMISSION_DENIED","error_details":"User does not have the correct permissions","message":"User does not have the correct permissions"}
2026-04-13 16:07:01 - coinbase.RESTClient - ERROR - HTTP Error: 403 Client Error: Forbidden {"error":"PERMISSION_DENIED","error_details":"User does not have the correct permissions","message":"User does not have the correct permissions"}
16:07:01 coinbase.RESTClient     ERROR | HTTP Error: 403 Client Error: Forbidden {"error":"PERMISSION_DENIED","error_details":"User does not have the correct permissions","message":"User does not have the correct permissions"}
2026-04-13 16:07:04 - coinbase.RESTClient - ERROR - HTTP Error: 403 Client Error: Forbidden {"error":"PERMISSION_DENIED","error_details":"User does not have the correct permissions","message":"User does not have the correct permissions"}
16:07:04 coinbase.RESTClient     ERROR | HTTP Error: 403 Client Error: Forbidden {"error":"PERMISSION_DENIED","error_details":"User does not have the correct permissions","message":"User does not have the correct permissions"}
2026-04-13 16:07:06 - coinbase.RESTClient - ERROR - HTTP Error: 403 Client Error: Forbidden {"error":"PERMISSION_DENIED","error_details":"User does not have the correct permissions","message":"User does not have the correct permissions"}
16:07:06 coinbase.RESTClient     ERROR | HTTP Error: 403 Client Error: Forbidden {"error":"PERMISSION_DENIED","error_details":"User does not have the correct permissions","message":"User does not have the correct permissions"}
2026-04-13 16:07:09 - coinbase.RESTClient - ERROR - HTTP Error: 403 Client Error: Forbidden {"error":"PERMISSION_DENIED","error_details":"User does not have the correct permissions","message":"User does not have the correct permissions"}
16:07:09 coinbase.RESTClient     ERROR | HTTP Error: 403 Client Error: Forbidden {"error":"PERMISSION_DENIED","error_details":"User does not have the correct permissions","message":"User does not have the correct permissions"}
2026-04-13 16:07:11 - coinbase.RESTClient - ERROR - HTTP Error: 403 Client Error: Forbidden {"error":"PERMISSION_DENIED","error_details":"User does not have the correct permissions","message":"User does not have the correct permissions"}
16:07:11 coinbase.RESTClient     ERROR | HTTP Error: 403 Client Error: Forbidden {"error":"PERMISSION_DENIED","error_details":"User does not have the correct permissions","message":"User does not have the correct permissions"}
2026-04-13 16:07:14 - coinbase.RESTClient - ERROR - HTTP Error: 403 Client Error: Forbidden {"error":"PERMISSION_DENIED","error_details":"User does not have the correct permissions","message":"User does not have the correct permissions"}
16:07:14 coinbase.RESTClient     ERROR | HTTP Error: 403 Client Error: Forbidden {"error":"PERMISSION_DENIED","error_details":"User does not have the correct permissions","message":"User does not have the correct permissions"}
2026-04-13 16:07:14 - coinbase.RESTClient - ERROR - HTTP Error: 403 Client Error: Forbidden {"error":"PERMISSION_DENIED","error_details":"User does not have the correct permissions","message":"User does not have the correct permissions"}
16:07:14 coinbase.RESTClient     ERROR | HTTP Error: 403 Client Error: Forbidden {"error":"PERMISSION_DENIED","error_details":"User does not have the correct permissions","message":"User does not have the correct permissions"}
2026-04-13 16:07:16 - coinbase.RESTClient - ERROR - HTTP Error: 403 Client Error: Forbidden {"error":"PERMISSION_DENIED","error_details":"User does not have the correct permissions","message":"User does not have the correct permissions"}
16:07:16 coinbase.RESTClient     ERROR | HTTP Error: 403 Client Error: Forbidden {"error":"PERMISSION_DENIED","error_details":"User does not have the correct permissions","message":"User does not have the correct permissions"}
2026-04-13 16:07:17 - coinbase.RESTClient - ERROR - HTTP Error: 403 Client Error: Forbidden {"error":"PERMISSION_DENIED","error_details":"User does not have the correct permissions","message":"User does not have the correct permissions"}
16:07:17 coinbase.RESTClient     ERROR | HTTP Error: 403 Client Error: Forbidden {"error":"PERMISSION_DENIED","error_details":"User does not have the correct permissions","message":"User does not have the correct permissions"}
2026-04-13 16:07:19 - coinbase.RESTClient - ERROR - HTTP Error: 403 Client Error: Forbidden {"error":"PERMISSION_DENIED","error_details":"User does not have the correct permissions","message":"User does not have the correct permissions"}
16:07:19 coinbase.RESTClient     ERROR | HTTP Error: 403 Client Error: Forbidden {"error":"PERMISSION_DENIED","error_details":"User does not have the correct permissions","message":"User does not have the correct permissions"}
2026-04-13 16:07:22 - coinbase.RESTClient - ERROR - HTTP Error: 403 Client Error: Forbidden {"error":"PERMISSION_DENIED","error_details":"User does not have the correct permissions","message":"User does not have the correct permissions"}
16:07:22 coinbase.RESTClient     ERROR | HTTP Error: 403 Client Error: Forbidden {"error":"PERMISSION_DENIED","error_details":"User does not have the correct permissions","message":"User does not have the correct permissions"}
2026-04-13 16:07:24 - coinbase.RESTClient - ERROR - HTTP Error: 403 Client Error: Forbidden {"error":"PERMISSION_DENIED","error_details":"User does not have the correct permissions","message":"User does not have the correct permissions"}
16:07:24 coinbase.RESTClient     ERROR | HTTP Error: 403 Client Error: Forbidden {"error":"PERMISSION_DENIED","error_details":"User does not have the correct permissions","message":"User does not have the correct permissions"}
2026-04-13 16:07:27 - coinbase.RESTClient - ERROR - HTTP Error: 403 Client Error: Forbidden {"error":"PERMISSION_DENIED","error_details":"User does not have the correct permissions","message":"User does not have the correct permissions"}
16:07:27 coinbase.RESTClient     ERROR | HTTP Error: 403 Client Error: Forbidden {"error":"PERMISSION_DENIED","error_details":"User does not have the correct permissions","message":"User does not have the correct permissions"}
2026-04-13 16:07:29 - coinbase.RESTClient - ERROR - HTTP Error: 403 Client Error: Forbidden {"error":"PERMISSION_DENIED","error_details":"User does not have the correct permissions","message":"User does not have the correct permissions"}
16:07:29 coinbase.RESTClient     ERROR | HTTP Error: 403 Client Error: Forbidden {"error":"PERMISSION_DENIED","error_details":"User does not have the correct permissions","message":"User does not have the correct permissions"}
2026-04-13 16:07:29 - coinbase.RESTClient - ERROR - HTTP Error: 403 Client Error: Forbidden {"error":"PERMISSION_DENIED","error_details":"User does not have the correct permissions","message":"User does not have the correct permissions"}
16:07:29 coinbase.RESTClient     ERROR | HTTP Error: 403 Client Error: Forbidden {"error":"PERMISSION_DENIED","error_details":"User does not have the correct permissions","message":"User does not have the correct permissions"}
2026-04-13 16:07:32 - coinbase.RESTClient - ERROR - HTTP Error: 403 Client Error: Forbidden {"error":"PERMISSION_DENIED","error_details":"User does not have the correct permissions","message":"User does not have the correct permissions"}
16:07:32 coinbase.RESTClient     ERROR | HTTP Error: 403 Client Error: Forbidden {"error":"PERMISSION_DENIED","error_details":"User does not have the correct permissions","message":"User does not have the correct permissions"}
2026-04-13 16:07:34 - coinbase.RESTClient - ERROR - HTTP Error: 403 Client Error: Forbidden {"error":"PERMISSION_DENIED","error_details":"User does not have the correct permissions","message":"User does not have the correct permissions"}
16:07:34 coinbase.RESTClient     ERROR | HTTP Error: 403 Client Error: Forbidden {"error":"PERMISSION_DENIED","error_details":"User does not have the correct permissions","message":"User does not have the correct permissions"}
2026-04-13 16:07:37 - coinbase.RESTClient - ERROR - HTTP Error: 403 Client Error: Forbidden {"error":"PERMISSION_DENIED","error_details":"User does not have the correct permissions","message":"User does not have the correct permissions"}
16:07:37 coinbase.RESTClient     ERROR | HTTP Error: 403 Client Error: Forbidden {"error":"PERMISSION_DENIED","error_details":"User does not have the correct permissions","message":"User does not have the correct permissions"}
2026-04-13 16:07:39 - coinbase.RESTClient - ERROR - HTTP Error: 403 Client Error: Forbidden {"error":"PERMISSION_DENIED","error_details":"User does not have the correct permissions","message":"User does not have the correct permissions"}
16:07:39 coinbase.RESTClient     ERROR | HTTP Error: 403 Client Error: Forbidden {"error":"PERMISSION_DENIED","error_details":"User does not have the correct permissions","message":"User does not have the correct permissions"}
2026-04-13 16:07:41 - coinbase.RESTClient - ERROR - HTTP Error: 403 Client Error: Forbidden {"error":"PERMISSION_DENIED","error_details":"User does not have the correct permissions","message":"User does not have the correct permissions"}
16:07:41 coinbase.RESTClient     ERROR | HTTP Error: 403 Client Error: Forbidden {"error":"PERMISSION_DENIED","error_details":"User does not have the correct permissions","message":"User does not have the correct permissions"}
16:07:43 aiohttp.access           INFO | 127.0.0.1 [13/Apr/2026:16:07:43 -0400] "GET / HTTP/1.1" 200 288 "-" "Mozilla/5.0 (Windows NT 10.0; Win64; x64) AppleWebKit/537.36 (KHTML, like Gecko) Chrome/147.0.0.0 Safari/537.36"
16:07:43 backend.server.ws_server     INFO | Dashboard client disconnected (2 remaining)
16:07:43 aiohttp.access           INFO | 127.0.0.1 [13/Apr/2026:16:05:11 -0400] "GET /ws HTTP/1.1" 101 0 "-" "Mozilla/5.0 (Windows NT 10.0; Win64; x64) AppleWebKit/537.36 (KHTML, like Gecko) Chrome/147.0.0.0 Safari/537.36"
16:07:43 backend.server.ws_server     INFO | Dashboard client connected from 127.0.0.1 (3 total)
2026-04-13 16:07:44 - coinbase.RESTClient - ERROR - HTTP Error: 403 Client Error: Forbidden {"error":"PERMISSION_DENIED","error_details":"User does not have the correct permissions","message":"User does not have the correct permissions"}
16:07:44 coinbase.RESTClient     ERROR | HTTP Error: 403 Client Error: Forbidden {"error":"PERMISSION_DENIED","error_details":"User does not have the correct permissions","message":"User does not have the correct permissions"}
2026-04-13 16:07:44 - coinbase.RESTClient - ERROR - HTTP Error: 403 Client Error: Forbidden {"error":"PERMISSION_DENIED","error_details":"User does not have the correct permissions","message":"User does not have the correct permissions"}
16:07:44 coinbase.RESTClient     ERROR | HTTP Error: 403 Client Error: Forbidden {"error":"PERMISSION_DENIED","error_details":"User does not have the correct permissions","message":"User does not have the correct permissions"}
2026-04-13 16:07:46 - coinbase.RESTClient - ERROR - HTTP Error: 403 Client Error: Forbidden {"error":"PERMISSION_DENIED","error_details":"User does not have the correct permissions","message":"User does not have the correct permissions"}
16:07:46 coinbase.RESTClient     ERROR | HTTP Error: 403 Client Error: Forbidden {"error":"PERMISSION_DENIED","error_details":"User does not have the correct permissions","message":"User does not have the correct permissions"}
2026-04-13 16:07:47 - coinbase.RESTClient - ERROR - HTTP Error: 403 Client Error: Forbidden {"error":"PERMISSION_DENIED","error_details":"User does not have the correct permissions","message":"User does not have the correct permissions"}
16:07:47 coinbase.RESTClient     ERROR | HTTP Error: 403 Client Error: Forbidden {"error":"PERMISSION_DENIED","error_details":"User does not have the correct permissions","message":"User does not have the correct permissions"}
2026-04-13 16:07:49 - coinbase.RESTClient - ERROR - HTTP Error: 403 Client Error: Forbidden {"error":"PERMISSION_DENIED","error_details":"User does not have the correct permissions","message":"User does not have the correct permissions"}
16:07:49 coinbase.RESTClient     ERROR | HTTP Error: 403 Client Error: Forbidden {"error":"PERMISSION_DENIED","error_details":"User does not have the correct permissions","message":"User does not have the correct permissions"}
16:07:49 aiohttp.access           INFO | 127.0.0.1 [13/Apr/2026:16:07:49 -0400] "GET / HTTP/1.1" 200 288 "-" "Mozilla/5.0 (Windows NT 10.0; Win64; x64) AppleWebKit/537.36 (KHTML, like Gecko) Chrome/147.0.0.0 Safari/537.36"
16:07:49 backend.server.ws_server     INFO | Dashboard client disconnected (2 remaining)
16:07:49 aiohttp.access           INFO | 127.0.0.1 [13/Apr/2026:16:05:15 -0400] "GET /ws HTTP/1.1" 101 0 "-" "Mozilla/5.0 (Windows NT 10.0; Win64; x64) AppleWebKit/537.36 (KHTML, like Gecko) Chrome/147.0.0.0 Safari/537.36"
16:07:50 backend.server.ws_server     INFO | Dashboard client connected from 127.0.0.1 (3 total)
2026-04-13 16:07:51 - coinbase.RESTClient - ERROR - HTTP Error: 403 Client Error: Forbidden {"error":"PERMISSION_DENIED","error_details":"User does not have the correct permissions","message":"User does not have the correct permissions"}
16:07:51 coinbase.RESTClient     ERROR | HTTP Error: 403 Client Error: Forbidden {"error":"PERMISSION_DENIED","error_details":"User does not have the correct permissions","message":"User does not have the correct permissions"}
2026-04-13 16:07:54 - coinbase.RESTClient - ERROR - HTTP Error: 403 Client Error: Forbidden {"error":"PERMISSION_DENIED","error_details":"User does not have the correct permissions","message":"User does not have the correct permissions"}
16:07:54 coinbase.RESTClient     ERROR | HTTP Error: 403 Client Error: Forbidden {"error":"PERMISSION_DENIED","error_details":"User does not have the correct permissions","message":"User does not have the correct permissions"}
2026-04-13 16:07:56 - coinbase.RESTClient - ERROR - HTTP Error: 403 Client Error: Forbidden {"error":"PERMISSION_DENIED","error_details":"User does not have the correct permissions","message":"User does not have the correct permissions"}
16:07:56 coinbase.RESTClient     ERROR | HTTP Error: 403 Client Error: Forbidden {"error":"PERMISSION_DENIED","error_details":"User does not have the correct permissions","message":"User does not have the correct permissions"}
2026-04-13 16:07:59 - coinbase.RESTClient - ERROR - HTTP Error: 403 Client Error: Forbidden {"error":"PERMISSION_DENIED","error_details":"User does not have the correct permissions","message":"User does not have the correct permissions"}
16:07:59 coinbase.RESTClient     ERROR | HTTP Error: 403 Client Error: Forbidden {"error":"PERMISSION_DENIED","error_details":"User does not have the correct permissions","message":"User does not have the correct permissions"}
2026-04-13 16:07:59 - coinbase.RESTClient - ERROR - HTTP Error: 403 Client Error: Forbidden {"error":"PERMISSION_DENIED","error_details":"User does not have the correct permissions","message":"User does not have the correct permissions"}
16:07:59 coinbase.RESTClient     ERROR | HTTP Error: 403 Client Error: Forbidden {"error":"PERMISSION_DENIED","error_details":"User does not have the correct permissions","message":"User does not have the correct permissions"}
2026-04-13 16:08:01 - coinbase.RESTClient - ERROR - HTTP Error: 403 Client Error: Forbidden {"error":"PERMISSION_DENIED","error_details":"User does not have the correct permissions","message":"User does not have the correct permissions"}
16:08:01 coinbase.RESTClient     ERROR | HTTP Error: 403 Client Error: Forbidden {"error":"PERMISSION_DENIED","error_details":"User does not have the correct permissions","message":"User does not have the correct permissions"}
2026-04-13 16:08:04 - coinbase.RESTClient - ERROR - HTTP Error: 403 Client Error: Forbidden {"error":"PERMISSION_DENIED","error_details":"User does not have the correct permissions","message":"User does not have the correct permissions"}
16:08:04 coinbase.RESTClient     ERROR | HTTP Error: 403 Client Error: Forbidden {"error":"PERMISSION_DENIED","error_details":"User does not have the correct permissions","message":"User does not have the correct permissions"}
2026-04-13 16:08:06 - coinbase.RESTClient - ERROR - HTTP Error: 403 Client Error: Forbidden {"error":"PERMISSION_DENIED","error_details":"User does not have the correct permissions","message":"User does not have the correct permissions"}
16:08:06 coinbase.RESTClient     ERROR | HTTP Error: 403 Client Error: Forbidden {"error":"PERMISSION_DENIED","error_details":"User does not have the correct permissions","message":"User does not have the correct permissions"}
2026-04-13 16:08:09 - coinbase.RESTClient - ERROR - HTTP Error: 403 Client Error: Forbidden {"error":"PERMISSION_DENIED","error_details":"User does not have the correct permissions","message":"User does not have the correct permissions"}
16:08:09 coinbase.RESTClient     ERROR | HTTP Error: 403 Client Error: Forbidden {"error":"PERMISSION_DENIED","error_details":"User does not have the correct permissions","message":"User does not have the correct permissions"}
2026-04-13 16:08:11 - coinbase.RESTClient - ERROR - HTTP Error: 403 Client Error: Forbidden {"error":"PERMISSION_DENIED","error_details":"User does not have the correct permissions","message":"User does not have the correct permissions"}
16:08:11 coinbase.RESTClient     ERROR | HTTP Error: 403 Client Error: Forbidden {"error":"PERMISSION_DENIED","error_details":"User does not have the correct permissions","message":"User does not have the correct permissions"}
2026-04-13 16:08:14 - coinbase.RESTClient - ERROR - HTTP Error: 403 Client Error: Forbidden {"error":"PERMISSION_DENIED","error_details":"User does not have the correct permissions","message":"User does not have the correct permissions"}
16:08:14 coinbase.RESTClient     ERROR | HTTP Error: 403 Client Error: Forbidden {"error":"PERMISSION_DENIED","error_details":"User does not have the correct permissions","message":"User does not have the correct permissions"}
2026-04-13 16:08:14 - coinbase.RESTClient - ERROR - HTTP Error: 403 Client Error: Forbidden {"error":"PERMISSION_DENIED","error_details":"User does not have the correct permissions","message":"User does not have the correct permissions"}
16:08:14 coinbase.RESTClient     ERROR | HTTP Error: 403 Client Error: Forbidden {"error":"PERMISSION_DENIED","error_details":"User does not have the correct permissions","message":"User does not have the correct permissions"}
2026-04-13 16:08:16 - coinbase.RESTClient - ERROR - HTTP Error: 403 Client Error: Forbidden {"error":"PERMISSION_DENIED","error_details":"User does not have the correct permissions","message":"User does not have the correct permissions"}
16:08:16 coinbase.RESTClient     ERROR | HTTP Error: 403 Client Error: Forbidden {"error":"PERMISSION_DENIED","error_details":"User does not have the correct permissions","message":"User does not have the correct permissions"}
2026-04-13 16:08:17 - coinbase.RESTClient - ERROR - HTTP Error: 403 Client Error: Forbidden {"error":"PERMISSION_DENIED","error_details":"User does not have the correct permissions","message":"User does not have the correct permissions"}
16:08:17 coinbase.RESTClient     ERROR | HTTP Error: 403 Client Error: Forbidden {"error":"PERMISSION_DENIED","error_details":"User does not have the correct permissions","message":"User does not have the correct permissions"}
2026-04-13 16:08:19 - coinbase.RESTClient - ERROR - HTTP Error: 403 Client Error: Forbidden {"error":"PERMISSION_DENIED","error_details":"User does not have the correct permissions","message":"User does not have the correct permissions"}
16:08:19 coinbase.RESTClient     ERROR | HTTP Error: 403 Client Error: Forbidden {"error":"PERMISSION_DENIED","error_details":"User does not have the correct permissions","message":"User does not have the correct permissions"}
2026-04-13 16:08:21 - coinbase.RESTClient - ERROR - HTTP Error: 403 Client Error: Forbidden {"error":"PERMISSION_DENIED","error_details":"User does not have the correct permissions","message":"User does not have the correct permissions"}
16:08:21 coinbase.RESTClient     ERROR | HTTP Error: 403 Client Error: Forbidden {"error":"PERMISSION_DENIED","error_details":"User does not have the correct permissions","message":"User does not have the correct permissions"}
2026-04-13 16:08:24 - coinbase.RESTClient - ERROR - HTTP Error: 403 Client Error: Forbidden {"error":"PERMISSION_DENIED","error_details":"User does not have the correct permissions","message":"User does not have the correct permissions"}
16:08:24 coinbase.RESTClient     ERROR | HTTP Error: 403 Client Error: Forbidden {"error":"PERMISSION_DENIED","error_details":"User does not have the correct permissions","message":"User does not have the correct permissions"}
2026-04-13 16:08:26 - coinbase.RESTClient - ERROR - HTTP Error: 403 Client Error: Forbidden {"error":"PERMISSION_DENIED","error_details":"User does not have the correct permissions","message":"User does not have the correct permissions"}
16:08:26 coinbase.RESTClient     ERROR | HTTP Error: 403 Client Error: Forbidden {"error":"PERMISSION_DENIED","error_details":"User does not have the correct permissions","message":"User does not have the correct permissions"}
16:08:28 backend.server.ws_server     INFO | WS recv action=set_active_pair keys=['action', 'pair_key']
2026-04-13 16:08:28 - coinbase.RESTClient - ERROR - HTTP Error: 403 Client Error: Forbidden {"error":"PERMISSION_DENIED","error_details":"User does not have the correct permissions","message":"User does not have the correct permissions"}
16:08:28 coinbase.RESTClient     ERROR | HTTP Error: 403 Client Error: Forbidden {"error":"PERMISSION_DENIED","error_details":"User does not have the correct permissions","message":"User does not have the correct permissions"}
2026-04-13 16:08:29 - coinbase.RESTClient - ERROR - HTTP Error: 403 Client Error: Forbidden {"error":"PERMISSION_DENIED","error_details":"User does not have the correct permissions","message":"User does not have the correct permissions"}
16:08:29 coinbase.RESTClient     ERROR | HTTP Error: 403 Client Error: Forbidden {"error":"PERMISSION_DENIED","error_details":"User does not have the correct permissions","message":"User does not have the correct permissions"}
16:08:29 backend.server.ws_server     INFO | WS recv action=set_active_pair keys=['action', 'pair_key']
16:08:30 backend.server.ws_server     INFO | WS recv action=set_active_pair keys=['action', 'pair_key']
2026-04-13 16:08:31 - coinbase.RESTClient - ERROR - HTTP Error: 403 Client Error: Forbidden {"error":"PERMISSION_DENIED","error_details":"User does not have the correct permissions","message":"User does not have the correct permissions"}
16:08:31 coinbase.RESTClient     ERROR | HTTP Error: 403 Client Error: Forbidden {"error":"PERMISSION_DENIED","error_details":"User does not have the correct permissions","message":"User does not have the correct permissions"}
16:08:32 backend.server.ws_server     INFO | WS recv action=set_active_pair keys=['action', 'pair_key']
2026-04-13 16:08:34 - coinbase.RESTClient - ERROR - HTTP Error: 403 Client Error: Forbidden {"error":"PERMISSION_DENIED","error_details":"User does not have the correct permissions","message":"User does not have the correct permissions"}
16:08:34 coinbase.RESTClient     ERROR | HTTP Error: 403 Client Error: Forbidden {"error":"PERMISSION_DENIED","error_details":"User does not have the correct permissions","message":"User does not have the correct permissions"}
2026-04-13 16:08:36 - coinbase.RESTClient - ERROR - HTTP Error: 403 Client Error: Forbidden {"error":"PERMISSION_DENIED","error_details":"User does not have the correct permissions","message":"User does not have the correct permissions"}
16:08:36 coinbase.RESTClient     ERROR | HTTP Error: 403 Client Error: Forbidden {"error":"PERMISSION_DENIED","error_details":"User does not have the correct permissions","message":"User does not have the correct permissions"}
2026-04-13 16:08:38 - coinbase.RESTClient - ERROR - HTTP Error: 403 Client Error: Forbidden {"error":"PERMISSION_DENIED","error_details":"User does not have the correct permissions","message":"User does not have the correct permissions"}
16:08:38 coinbase.RESTClient     ERROR | HTTP Error: 403 Client Error: Forbidden {"error":"PERMISSION_DENIED","error_details":"User does not have the correct permissions","message":"User does not have the correct permissions"}
2026-04-13 16:08:41 - coinbase.RESTClient - ERROR - HTTP Error: 403 Client Error: Forbidden {"error":"PERMISSION_DENIED","error_details":"User does not have the correct permissions","message":"User does not have the correct permissions"}
16:08:41 coinbase.RESTClient     ERROR | HTTP Error: 403 Client Error: Forbidden {"error":"PERMISSION_DENIED","error_details":"User does not have the correct permissions","message":"User does not have the correct permissions"}
2026-04-13 16:08:43 - coinbase.RESTClient - ERROR - HTTP Error: 403 Client Error: Forbidden {"error":"PERMISSION_DENIED","error_details":"User does not have the correct permissions","message":"User does not have the correct permissions"}
16:08:43 coinbase.RESTClient     ERROR | HTTP Error: 403 Client Error: Forbidden {"error":"PERMISSION_DENIED","error_details":"User does not have the correct permissions","message":"User does not have the correct permissions"}
2026-04-13 16:08:43 - coinbase.RESTClient - ERROR - HTTP Error: 403 Client Error: Forbidden {"error":"PERMISSION_DENIED","error_details":"User does not have the correct permissions","message":"User does not have the correct permissions"}
16:08:43 coinbase.RESTClient     ERROR | HTTP Error: 403 Client Error: Forbidden {"error":"PERMISSION_DENIED","error_details":"User does not have the correct permissions","message":"User does not have the correct permissions"}
2026-04-13 16:08:46 - coinbase.RESTClient - ERROR - HTTP Error: 403 Client Error: Forbidden {"error":"PERMISSION_DENIED","error_details":"User does not have the correct permissions","message":"User does not have the correct permissions"}
16:08:46 coinbase.RESTClient     ERROR | HTTP Error: 403 Client Error: Forbidden {"error":"PERMISSION_DENIED","error_details":"User does not have the correct permissions","message":"User does not have the correct permissions"}
2026-04-13 16:08:48 - coinbase.RESTClient - ERROR - HTTP Error: 403 Client Error: Forbidden {"error":"PERMISSION_DENIED","error_details":"User does not have the correct permissions","message":"User does not have the correct permissions"}
16:08:48 coinbase.RESTClient     ERROR | HTTP Error: 403 Client Error: Forbidden {"error":"PERMISSION_DENIED","error_details":"User does not have the correct permissions","message":"User does not have the correct permissions"}
2026-04-13 16:08:48 - coinbase.RESTClient - ERROR - HTTP Error: 403 Client Error: Forbidden {"error":"PERMISSION_DENIED","error_details":"User does not have the correct permissions","message":"User does not have the correct permissions"}
16:08:48 coinbase.RESTClient     ERROR | HTTP Error: 403 Client Error: Forbidden {"error":"PERMISSION_DENIED","error_details":"User does not have the correct permissions","message":"User does not have the correct permissions"}
2026-04-13 16:08:51 - coinbase.RESTClient - ERROR - HTTP Error: 403 Client Error: Forbidden {"error":"PERMISSION_DENIED","error_details":"User does not have the correct permissions","message":"User does not have the correct permissions"}
16:08:51 coinbase.RESTClient     ERROR | HTTP Error: 403 Client Error: Forbidden {"error":"PERMISSION_DENIED","error_details":"User does not have the correct permissions","message":"User does not have the correct permissions"}
2026-04-13 16:08:53 - coinbase.RESTClient - ERROR - HTTP Error: 403 Client Error: Forbidden {"error":"PERMISSION_DENIED","error_details":"User does not have the correct permissions","message":"User does not have the correct permissions"}
16:08:53 coinbase.RESTClient     ERROR | HTTP Error: 403 Client Error: Forbidden {"error":"PERMISSION_DENIED","error_details":"User does not have the correct permissions","message":"User does not have the correct permissions"}
2026-04-13 16:08:56 - coinbase.RESTClient - ERROR - HTTP Error: 403 Client Error: Forbidden {"error":"PERMISSION_DENIED","error_details":"User does not have the correct permissions","message":"User does not have the correct permissions"}
16:08:56 coinbase.RESTClient     ERROR | HTTP Error: 403 Client Error: Forbidden {"error":"PERMISSION_DENIED","error_details":"User does not have the correct permissions","message":"User does not have the correct permissions"}
2026-04-13 16:08:58 - coinbase.RESTClient - ERROR - HTTP Error: 403 Client Error: Forbidden {"error":"PERMISSION_DENIED","error_details":"User does not have the correct permissions","message":"User does not have the correct permissions"}
16:08:58 coinbase.RESTClient     ERROR | HTTP Error: 403 Client Error: Forbidden {"error":"PERMISSION_DENIED","error_details":"User does not have the correct permissions","message":"User does not have the correct permissions"}
2026-04-13 16:08:58 - coinbase.RESTClient - ERROR - HTTP Error: 403 Client Error: Forbidden {"error":"PERMISSION_DENIED","error_details":"User does not have the correct permissions","message":"User does not have the correct permissions"}
16:08:58 coinbase.RESTClient     ERROR | HTTP Error: 403 Client Error: Forbidden {"error":"PERMISSION_DENIED","error_details":"User does not have the correct permissions","message":"User does not have the correct permissions"}
2026-04-13 16:09:01 - coinbase.RESTClient - ERROR - HTTP Error: 403 Client Error: Forbidden {"error":"PERMISSION_DENIED","error_details":"User does not have the correct permissions","message":"User does not have the correct permissions"}
16:09:01 coinbase.RESTClient     ERROR | HTTP Error: 403 Client Error: Forbidden {"error":"PERMISSION_DENIED","error_details":"User does not have the correct permissions","message":"User does not have the correct permissions"}
2026-04-13 16:09:03 - coinbase.RESTClient - ERROR - HTTP Error: 403 Client Error: Forbidden {"error":"PERMISSION_DENIED","error_details":"User does not have the correct permissions","message":"User does not have the correct permissions"}
16:09:03 coinbase.RESTClient     ERROR | HTTP Error: 403 Client Error: Forbidden {"error":"PERMISSION_DENIED","error_details":"User does not have the correct permissions","message":"User does not have the correct permissions"}
2026-04-13 16:09:06 - coinbase.RESTClient - ERROR - HTTP Error: 403 Client Error: Forbidden {"error":"PERMISSION_DENIED","error_details":"User does not have the correct permissions","message":"User does not have the correct permissions"}
16:09:06 coinbase.RESTClient     ERROR | HTTP Error: 403 Client Error: Forbidden {"error":"PERMISSION_DENIED","error_details":"User does not have the correct permissions","message":"User does not have the correct permissions"}
2026-04-13 16:09:08 - coinbase.RESTClient - ERROR - HTTP Error: 403 Client Error: Forbidden {"error":"PERMISSION_DENIED","error_details":"User does not have the correct permissions","message":"User does not have the correct permissions"}
16:09:08 coinbase.RESTClient     ERROR | HTTP Error: 403 Client Error: Forbidden {"error":"PERMISSION_DENIED","error_details":"User does not have the correct permissions","message":"User does not have the correct permissions"}
2026-04-13 16:09:11 - coinbase.RESTClient - ERROR - HTTP Error: 403 Client Error: Forbidden {"error":"PERMISSION_DENIED","error_details":"User does not have the correct permissions","message":"User does not have the correct permissions"}
16:09:11 coinbase.RESTClient     ERROR | HTTP Error: 403 Client Error: Forbidden {"error":"PERMISSION_DENIED","error_details":"User does not have the correct permissions","message":"User does not have the correct permissions"}
2026-04-13 16:09:13 - coinbase.RESTClient - ERROR - HTTP Error: 403 Client Error: Forbidden {"error":"PERMISSION_DENIED","error_details":"User does not have the correct permissions","message":"User does not have the correct permissions"}
16:09:13 coinbase.RESTClient     ERROR | HTTP Error: 403 Client Error: Forbidden {"error":"PERMISSION_DENIED","error_details":"User does not have the correct permissions","message":"User does not have the correct permissions"}
2026-04-13 16:09:14 - coinbase.RESTClient - ERROR - HTTP Error: 403 Client Error: Forbidden {"error":"PERMISSION_DENIED","error_details":"User does not have the correct permissions","message":"User does not have the correct permissions"}
16:09:14 coinbase.RESTClient     ERROR | HTTP Error: 403 Client Error: Forbidden {"error":"PERMISSION_DENIED","error_details":"User does not have the correct permissions","message":"User does not have the correct permissions"}
2026-04-13 16:09:16 - coinbase.RESTClient - ERROR - HTTP Error: 403 Client Error: Forbidden {"error":"PERMISSION_DENIED","error_details":"User does not have the correct permissions","message":"User does not have the correct permissions"}
16:09:16 coinbase.RESTClient     ERROR | HTTP Error: 403 Client Error: Forbidden {"error":"PERMISSION_DENIED","error_details":"User does not have the correct permissions","message":"User does not have the correct permissions"}
2026-04-13 16:09:18 - coinbase.RESTClient - ERROR - HTTP Error: 403 Client Error: Forbidden {"error":"PERMISSION_DENIED","error_details":"User does not have the correct permissions","message":"User does not have the correct permissions"}
16:09:18 coinbase.RESTClient     ERROR | HTTP Error: 403 Client Error: Forbidden {"error":"PERMISSION_DENIED","error_details":"User does not have the correct permissions","message":"User does not have the correct permissions"}
2026-04-13 16:09:18 - coinbase.RESTClient - ERROR - HTTP Error: 403 Client Error: Forbidden {"error":"PERMISSION_DENIED","error_details":"User does not have the correct permissions","message":"User does not have the correct permissions"}
16:09:18 coinbase.RESTClient     ERROR | HTTP Error: 403 Client Error: Forbidden {"error":"PERMISSION_DENIED","error_details":"User does not have the correct permissions","message":"User does not have the correct permissions"}
2026-04-13 16:09:21 - coinbase.RESTClient - ERROR - HTTP Error: 403 Client Error: Forbidden {"error":"PERMISSION_DENIED","error_details":"User does not have the correct permissions","message":"User does not have the correct permissions"}
16:09:21 coinbase.RESTClient     ERROR | HTTP Error: 403 Client Error: Forbidden {"error":"PERMISSION_DENIED","error_details":"User does not have the correct permissions","message":"User does not have the correct permissions"}
2026-04-13 16:09:23 - coinbase.RESTClient - ERROR - HTTP Error: 403 Client Error: Forbidden {"error":"PERMISSION_DENIED","error_details":"User does not have the correct permissions","message":"User does not have the correct permissions"}
16:09:23 coinbase.RESTClient     ERROR | HTTP Error: 403 Client Error: Forbidden {"error":"PERMISSION_DENIED","error_details":"User does not have the correct permissions","message":"User does not have the correct permissions"}
2026-04-13 16:09:26 - coinbase.RESTClient - ERROR - HTTP Error: 403 Client Error: Forbidden {"error":"PERMISSION_DENIED","error_details":"User does not have the correct permissions","message":"User does not have the correct permissions"}
16:09:26 coinbase.RESTClient     ERROR | HTTP Error: 403 Client Error: Forbidden {"error":"PERMISSION_DENIED","error_details":"User does not have the correct permissions","message":"User does not have the correct permissions"}
2026-04-13 16:09:28 - coinbase.RESTClient - ERROR - HTTP Error: 403 Client Error: Forbidden {"error":"PERMISSION_DENIED","error_details":"User does not have the correct permissions","message":"User does not have the correct permissions"}
16:09:28 coinbase.RESTClient     ERROR | HTTP Error: 403 Client Error: Forbidden {"error":"PERMISSION_DENIED","error_details":"User does not have the correct permissions","message":"User does not have the correct permissions"}
2026-04-13 16:09:28 - coinbase.RESTClient - ERROR - HTTP Error: 403 Client Error: Forbidden {"error":"PERMISSION_DENIED","error_details":"User does not have the correct permissions","message":"User does not have the correct permissions"}
16:09:28 coinbase.RESTClient     ERROR | HTTP Error: 403 Client Error: Forbidden {"error":"PERMISSION_DENIED","error_details":"User does not have the correct permissions","message":"User does not have the correct permissions"}
2026-04-13 16:09:31 - coinbase.RESTClient - ERROR - HTTP Error: 403 Client Error: Forbidden {"error":"PERMISSION_DENIED","error_details":"User does not have the correct permissions","message":"User does not have the correct permissions"}
16:09:31 coinbase.RESTClient     ERROR | HTTP Error: 403 Client Error: Forbidden {"error":"PERMISSION_DENIED","error_details":"User does not have the correct permissions","message":"User does not have the correct permissions"}
2026-04-13 16:09:33 - coinbase.RESTClient - ERROR - HTTP Error: 403 Client Error: Forbidden {"error":"PERMISSION_DENIED","error_details":"User does not have the correct permissions","message":"User does not have the correct permissions"}
16:09:33 coinbase.RESTClient     ERROR | HTTP Error: 403 Client Error: Forbidden {"error":"PERMISSION_DENIED","error_details":"User does not have the correct permissions","message":"User does not have the correct permissions"}
2026-04-13 16:09:36 - coinbase.RESTClient - ERROR - HTTP Error: 403 Client Error: Forbidden {"error":"PERMISSION_DENIED","error_details":"User does not have the correct permissions","message":"User does not have the correct permissions"}
16:09:36 coinbase.RESTClient     ERROR | HTTP Error: 403 Client Error: Forbidden {"error":"PERMISSION_DENIED","error_details":"User does not have the correct permissions","message":"User does not have the correct permissions"}
2026-04-13 16:09:38 - coinbase.RESTClient - ERROR - HTTP Error: 403 Client Error: Forbidden {"error":"PERMISSION_DENIED","error_details":"User does not have the correct permissions","message":"User does not have the correct permissions"}
16:09:38 coinbase.RESTClient     ERROR | HTTP Error: 403 Client Error: Forbidden {"error":"PERMISSION_DENIED","error_details":"User does not have the correct permissions","message":"User does not have the correct permissions"}
2026-04-13 16:09:40 - coinbase.RESTClient - ERROR - HTTP Error: 403 Client Error: Forbidden {"error":"PERMISSION_DENIED","error_details":"User does not have the correct permissions","message":"User does not have the correct permissions"}
16:09:40 coinbase.RESTClient     ERROR | HTTP Error: 403 Client Error: Forbidden {"error":"PERMISSION_DENIED","error_details":"User does not have the correct permissions","message":"User does not have the correct permissions"}
2026-04-13 16:09:43 - coinbase.RESTClient - ERROR - HTTP Error: 403 Client Error: Forbidden {"error":"PERMISSION_DENIED","error_details":"User does not have the correct permissions","message":"User does not have the correct permissions"}
16:09:43 coinbase.RESTClient     ERROR | HTTP Error: 403 Client Error: Forbidden {"error":"PERMISSION_DENIED","error_details":"User does not have the correct permissions","message":"User does not have the correct permissions"}
2026-04-13 16:09:43 - coinbase.RESTClient - ERROR - HTTP Error: 403 Client Error: Forbidden {"error":"PERMISSION_DENIED","error_details":"User does not have the correct permissions","message":"User does not have the correct permissions"}
16:09:43 coinbase.RESTClient     ERROR | HTTP Error: 403 Client Error: Forbidden {"error":"PERMISSION_DENIED","error_details":"User does not have the correct permissions","message":"User does not have the correct permissions"}
2026-04-13 16:09:46 - coinbase.RESTClient - ERROR - HTTP Error: 403 Client Error: Forbidden {"error":"PERMISSION_DENIED","error_details":"User does not have the correct permissions","message":"User does not have the correct permissions"}
16:09:46 coinbase.RESTClient     ERROR | HTTP Error: 403 Client Error: Forbidden {"error":"PERMISSION_DENIED","error_details":"User does not have the correct permissions","message":"User does not have the correct permissions"}
2026-04-13 16:09:48 - coinbase.RESTClient - ERROR - HTTP Error: 403 Client Error: Forbidden {"error":"PERMISSION_DENIED","error_details":"User does not have the correct permissions","message":"User does not have the correct permissions"}
16:09:48 coinbase.RESTClient     ERROR | HTTP Error: 403 Client Error: Forbidden {"error":"PERMISSION_DENIED","error_details":"User does not have the correct permissions","message":"User does not have the correct permissions"}
2026-04-13 16:09:49 - coinbase.RESTClient - ERROR - HTTP Error: 403 Client Error: Forbidden {"error":"PERMISSION_DENIED","error_details":"User does not have the correct permissions","message":"User does not have the correct permissions"}
16:09:49 coinbase.RESTClient     ERROR | HTTP Error: 403 Client Error: Forbidden {"error":"PERMISSION_DENIED","error_details":"User does not have the correct permissions","message":"User does not have the correct permissions"}
2026-04-13 16:09:51 - coinbase.RESTClient - ERROR - HTTP Error: 403 Client Error: Forbidden {"error":"PERMISSION_DENIED","error_details":"User does not have the correct permissions","message":"User does not have the correct permissions"}
16:09:51 coinbase.RESTClient     ERROR | HTTP Error: 403 Client Error: Forbidden {"error":"PERMISSION_DENIED","error_details":"User does not have the correct permissions","message":"User does not have the correct permissions"}
2026-04-13 16:09:53 - coinbase.RESTClient - ERROR - HTTP Error: 403 Client Error: Forbidden {"error":"PERMISSION_DENIED","error_details":"User does not have the correct permissions","message":"User does not have the correct permissions"}
16:09:53 coinbase.RESTClient     ERROR | HTTP Error: 403 Client Error: Forbidden {"error":"PERMISSION_DENIED","error_details":"User does not have the correct permissions","message":"User does not have the correct permissions"}
2026-04-13 16:09:56 - coinbase.RESTClient - ERROR - HTTP Error: 403 Client Error: Forbidden {"error":"PERMISSION_DENIED","error_details":"User does not have the correct permissions","message":"User does not have the correct permissions"}
16:09:56 coinbase.RESTClient     ERROR | HTTP Error: 403 Client Error: Forbidden {"error":"PERMISSION_DENIED","error_details":"User does not have the correct permissions","message":"User does not have the correct permissions"}
2026-04-13 16:09:58 - coinbase.RESTClient - ERROR - HTTP Error: 403 Client Error: Forbidden {"error":"PERMISSION_DENIED","error_details":"User does not have the correct permissions","message":"User does not have the correct permissions"}
16:09:58 coinbase.RESTClient     ERROR | HTTP Error: 403 Client Error: Forbidden {"error":"PERMISSION_DENIED","error_details":"User does not have the correct permissions","message":"User does not have the correct permissions"}
2026-04-13 16:09:58 - coinbase.RESTClient - ERROR - HTTP Error: 403 Client Error: Forbidden {"error":"PERMISSION_DENIED","error_details":"User does not have the correct permissions","message":"User does not have the correct permissions"}
16:09:58 coinbase.RESTClient     ERROR | HTTP Error: 403 Client Error: Forbidden {"error":"PERMISSION_DENIED","error_details":"User does not have the correct permissions","message":"User does not have the correct permissions"}
2026-04-13 16:10:01 - coinbase.RESTClient - ERROR - HTTP Error: 403 Client Error: Forbidden {"error":"PERMISSION_DENIED","error_details":"User does not have the correct permissions","message":"User does not have the correct permissions"}
16:10:01 coinbase.RESTClient     ERROR | HTTP Error: 403 Client Error: Forbidden {"error":"PERMISSION_DENIED","error_details":"User does not have the correct permissions","message":"User does not have the correct permissions"}
2026-04-13 16:10:04 - coinbase.RESTClient - ERROR - HTTP Error: 403 Client Error: Forbidden {"error":"PERMISSION_DENIED","error_details":"User does not have the correct permissions","message":"User does not have the correct permissions"}
16:10:04 coinbase.RESTClient     ERROR | HTTP Error: 403 Client Error: Forbidden {"error":"PERMISSION_DENIED","error_details":"User does not have the correct permissions","message":"User does not have the correct permissions"}
2026-04-13 16:10:06 - coinbase.RESTClient - ERROR - HTTP Error: 403 Client Error: Forbidden {"error":"PERMISSION_DENIED","error_details":"User does not have the correct permissions","message":"User does not have the correct permissions"}
16:10:06 coinbase.RESTClient     ERROR | HTTP Error: 403 Client Error: Forbidden {"error":"PERMISSION_DENIED","error_details":"User does not have the correct permissions","message":"User does not have the correct permissions"}
2026-04-13 16:10:08 - coinbase.RESTClient - ERROR - HTTP Error: 403 Client Error: Forbidden {"error":"PERMISSION_DENIED","error_details":"User does not have the correct permissions","message":"User does not have the correct permissions"}
16:10:08 coinbase.RESTClient     ERROR | HTTP Error: 403 Client Error: Forbidden {"error":"PERMISSION_DENIED","error_details":"User does not have the correct permissions","message":"User does not have the correct permissions"}
2026-04-13 16:10:11 - coinbase.RESTClient - ERROR - HTTP Error: 403 Client Error: Forbidden {"error":"PERMISSION_DENIED","error_details":"User does not have the correct permissions","message":"User does not have the correct permissions"}
16:10:11 coinbase.RESTClient     ERROR | HTTP Error: 403 Client Error: Forbidden {"error":"PERMISSION_DENIED","error_details":"User does not have the correct permissions","message":"User does not have the correct permissions"}
16:10:11 backend.server.scalp_bot.coinbase_candle_feed     INFO | CoinbaseCandleFeed BTC_USD: CLOSED @ 73330.000000 vol=8312.0000 (n=100)
16:10:11 backend.server.scalp_bot.scalp_runtime     INFO | ScalpRuntime BTC_USD: candle close=73330.000000 ema_f=73199.217600 ema_s=72855.528500 rsi=73.0 atr=176.086900 vwap=72320.290311 vol_ok=False ready=True
2026-04-13 16:10:13 - coinbase.RESTClient - ERROR - HTTP Error: 403 Client Error: Forbidden {"error":"PERMISSION_DENIED","error_details":"User does not have the correct permissions","message":"User does not have the correct permissions"}
16:10:13 coinbase.RESTClient     ERROR | HTTP Error: 403 Client Error: Forbidden {"error":"PERMISSION_DENIED","error_details":"User does not have the correct permissions","message":"User does not have the correct permissions"}
2026-04-13 16:10:14 - coinbase.RESTClient - ERROR - HTTP Error: 403 Client Error: Forbidden {"error":"PERMISSION_DENIED","error_details":"User does not have the correct permissions","message":"User does not have the correct permissions"}
16:10:14 coinbase.RESTClient     ERROR | HTTP Error: 403 Client Error: Forbidden {"error":"PERMISSION_DENIED","error_details":"User does not have the correct permissions","message":"User does not have the correct permissions"}
2026-04-13 16:10:16 - coinbase.RESTClient - ERROR - HTTP Error: 403 Client Error: Forbidden {"error":"PERMISSION_DENIED","error_details":"User does not have the correct permissions","message":"User does not have the correct permissions"}
16:10:16 coinbase.RESTClient     ERROR | HTTP Error: 403 Client Error: Forbidden {"error":"PERMISSION_DENIED","error_details":"User does not have the correct permissions","message":"User does not have the correct permissions"}
2026-04-13 16:10:19 - coinbase.RESTClient - ERROR - HTTP Error: 403 Client Error: Forbidden {"error":"PERMISSION_DENIED","error_details":"User does not have the correct permissions","message":"User does not have the correct permissions"}
16:10:19 coinbase.RESTClient     ERROR | HTTP Error: 403 Client Error: Forbidden {"error":"PERMISSION_DENIED","error_details":"User does not have the correct permissions","message":"User does not have the correct permissions"}
2026-04-13 16:10:20 - coinbase.RESTClient - ERROR - HTTP Error: 403 Client Error: Forbidden {"error":"PERMISSION_DENIED","error_details":"User does not have the correct permissions","message":"User does not have the correct permissions"}
16:10:20 coinbase.RESTClient     ERROR | HTTP Error: 403 Client Error: Forbidden {"error":"PERMISSION_DENIED","error_details":"User does not have the correct permissions","message":"User does not have the correct permissions"}
2026-04-13 16:10:21 - coinbase.RESTClient - ERROR - HTTP Error: 403 Client Error: Forbidden {"error":"PERMISSION_DENIED","error_details":"User does not have the correct permissions","message":"User does not have the correct permissions"}
16:10:21 coinbase.RESTClient     ERROR | HTTP Error: 403 Client Error: Forbidden {"error":"PERMISSION_DENIED","error_details":"User does not have the correct permissions","message":"User does not have the correct permissions"}
2026-04-13 16:10:24 - coinbase.RESTClient - ERROR - HTTP Error: 403 Client Error: Forbidden {"error":"PERMISSION_DENIED","error_details":"User does not have the correct permissions","message":"User does not have the correct permissions"}
16:10:24 coinbase.RESTClient     ERROR | HTTP Error: 403 Client Error: Forbidden {"error":"PERMISSION_DENIED","error_details":"User does not have the correct permissions","message":"User does not have the correct permissions"}
2026-04-13 16:10:26 - coinbase.RESTClient - ERROR - HTTP Error: 403 Client Error: Forbidden {"error":"PERMISSION_DENIED","error_details":"User does not have the correct permissions","message":"User does not have the correct permissions"}
16:10:26 coinbase.RESTClient     ERROR | HTTP Error: 403 Client Error: Forbidden {"error":"PERMISSION_DENIED","error_details":"User does not have the correct permissions","message":"User does not have the correct permissions"}
16:10:26 backend.server.scalp_bot.coinbase_candle_feed     INFO | CoinbaseCandleFeed XRP_USD: CLOSED @ 1.354000 vol=263.0000 (n=101)
16:10:26 backend.server.scalp_bot.scalp_runtime     INFO | ScalpRuntime XRP_USD: candle close=1.354000 ema_f=1.352000 ema_s=1.347400 rsi=72.4 atr=0.002800 vwap=1.337832 vol_ok=False ready=True
2026-04-13 16:10:28 - coinbase.RESTClient - ERROR - HTTP Error: 403 Client Error: Forbidden {"error":"PERMISSION_DENIED","error_details":"User does not have the correct permissions","message":"User does not have the correct permissions"}
16:10:28 coinbase.RESTClient     ERROR | HTTP Error: 403 Client Error: Forbidden {"error":"PERMISSION_DENIED","error_details":"User does not have the correct permissions","message":"User does not have the correct permissions"}
2026-04-13 16:10:29 - coinbase.RESTClient - ERROR - HTTP Error: 403 Client Error: Forbidden {"error":"PERMISSION_DENIED","error_details":"User does not have the correct permissions","message":"User does not have the correct permissions"}
16:10:29 coinbase.RESTClient     ERROR | HTTP Error: 403 Client Error: Forbidden {"error":"PERMISSION_DENIED","error_details":"User does not have the correct permissions","message":"User does not have the correct permissions"}
2026-04-13 16:10:31 - coinbase.RESTClient - ERROR - HTTP Error: 403 Client Error: Forbidden {"error":"PERMISSION_DENIED","error_details":"User does not have the correct permissions","message":"User does not have the correct permissions"}
16:10:31 coinbase.RESTClient     ERROR | HTTP Error: 403 Client Error: Forbidden {"error":"PERMISSION_DENIED","error_details":"User does not have the correct permissions","message":"User does not have the correct permissions"}
2026-04-13 16:10:34 - coinbase.RESTClient - ERROR - HTTP Error: 403 Client Error: Forbidden {"error":"PERMISSION_DENIED","error_details":"User does not have the correct permissions","message":"User does not have the correct permissions"}
16:10:34 coinbase.RESTClient     ERROR | HTTP Error: 403 Client Error: Forbidden {"error":"PERMISSION_DENIED","error_details":"User does not have the correct permissions","message":"User does not have the correct permissions"}
2026-04-13 16:10:36 - coinbase.RESTClient - ERROR - HTTP Error: 403 Client Error: Forbidden {"error":"PERMISSION_DENIED","error_details":"User does not have the correct permissions","message":"User does not have the correct permissions"}
16:10:36 coinbase.RESTClient     ERROR | HTTP Error: 403 Client Error: Forbidden {"error":"PERMISSION_DENIED","error_details":"User does not have the correct permissions","message":"User does not have the correct permissions"}
2026-04-13 16:10:38 - coinbase.RESTClient - ERROR - HTTP Error: 403 Client Error: Forbidden {"error":"PERMISSION_DENIED","error_details":"User does not have the correct permissions","message":"User does not have the correct permissions"}
16:10:38 coinbase.RESTClient     ERROR | HTTP Error: 403 Client Error: Forbidden {"error":"PERMISSION_DENIED","error_details":"User does not have the correct permissions","message":"User does not have the correct permissions"}
2026-04-13 16:10:41 - coinbase.RESTClient - ERROR - HTTP Error: 403 Client Error: Forbidden {"error":"PERMISSION_DENIED","error_details":"User does not have the correct permissions","message":"User does not have the correct permissions"}
16:10:41 coinbase.RESTClient     ERROR | HTTP Error: 403 Client Error: Forbidden {"error":"PERMISSION_DENIED","error_details":"User does not have the correct permissions","message":"User does not have the correct permissions"}
2026-04-13 16:10:43 - coinbase.RESTClient - ERROR - HTTP Error: 403 Client Error: Forbidden {"error":"PERMISSION_DENIED","error_details":"User does not have the correct permissions","message":"User does not have the correct permissions"}
16:10:43 coinbase.RESTClient     ERROR | HTTP Error: 403 Client Error: Forbidden {"error":"PERMISSION_DENIED","error_details":"User does not have the correct permissions","message":"User does not have the correct permissions"}
2026-04-13 16:10:43 - coinbase.RESTClient - ERROR - HTTP Error: 403 Client Error: Forbidden {"error":"PERMISSION_DENIED","error_details":"User does not have the correct permissions","message":"User does not have the correct permissions"}
16:10:43 coinbase.RESTClient     ERROR | HTTP Error: 403 Client Error: Forbidden {"error":"PERMISSION_DENIED","error_details":"User does not have the correct permissions","message":"User does not have the correct permissions"}
16:10:46 aiohttp.access           INFO | 127.0.0.1 [13/Apr/2026:16:10:46 -0400] "GET / HTTP/1.1" 200 288 "-" "Mozilla/5.0 (Windows NT 10.0; Win64; x64) AppleWebKit/537.36 (KHTML, like Gecko) Chrome/147.0.0.0 Safari/537.36"
16:10:46 backend.server.ws_server     INFO | Dashboard client disconnected (2 remaining)
16:10:46 aiohttp.access           INFO | 127.0.0.1 [13/Apr/2026:16:07:50 -0400] "GET /ws HTTP/1.1" 101 0 "-" "Mozilla/5.0 (Windows NT 10.0; Win64; x64) AppleWebKit/537.36 (KHTML, like Gecko) Chrome/147.0.0.0 Safari/537.36"
2026-04-13 16:10:46 - coinbase.RESTClient - ERROR - HTTP Error: 403 Client Error: Forbidden {"error":"PERMISSION_DENIED","error_details":"User does not have the correct permissions","message":"User does not have the correct permissions"}
16:10:46 coinbase.RESTClient     ERROR | HTTP Error: 403 Client Error: Forbidden {"error":"PERMISSION_DENIED","error_details":"User does not have the correct permissions","message":"User does not have the correct permissions"}
16:10:46 backend.server.ws_server     INFO | Dashboard client connected from 127.0.0.1 (3 total)
2026-04-13 16:10:48 - coinbase.RESTClient - ERROR - HTTP Error: 403 Client Error: Forbidden {"error":"PERMISSION_DENIED","error_details":"User does not have the correct permissions","message":"User does not have the correct permissions"}
16:10:48 coinbase.RESTClient     ERROR | HTTP Error: 403 Client Error: Forbidden {"error":"PERMISSION_DENIED","error_details":"User does not have the correct permissions","message":"User does not have the correct permissions"}
2026-04-13 16:10:50 - coinbase.RESTClient - ERROR - HTTP Error: 403 Client Error: Forbidden {"error":"PERMISSION_DENIED","error_details":"User does not have the correct permissions","message":"User does not have the correct permissions"}
16:10:50 coinbase.RESTClient     ERROR | HTTP Error: 403 Client Error: Forbidden {"error":"PERMISSION_DENIED","error_details":"User does not have the correct permissions","message":"User does not have the correct permissions"}
2026-04-13 16:10:51 - coinbase.RESTClient - ERROR - HTTP Error: 403 Client Error: Forbidden {"error":"PERMISSION_DENIED","error_details":"User does not have the correct permissions","message":"User does not have the correct permissions"}
16:10:51 coinbase.RESTClient     ERROR | HTTP Error: 403 Client Error: Forbidden {"error":"PERMISSION_DENIED","error_details":"User does not have the correct permissions","message":"User does not have the correct permissions"}
2026-04-13 16:10:53 - coinbase.RESTClient - ERROR - HTTP Error: 403 Client Error: Forbidden {"error":"PERMISSION_DENIED","error_details":"User does not have the correct permissions","message":"User does not have the correct permissions"}
16:10:53 coinbase.RESTClient     ERROR | HTTP Error: 403 Client Error: Forbidden {"error":"PERMISSION_DENIED","error_details":"User does not have the correct permissions","message":"User does not have the correct permissions"}
16:10:55 backend.server.ws_server     INFO | WS recv action=set_active_pair keys=['action', 'pair_key']
2026-04-13 16:10:56 - coinbase.RESTClient - ERROR - HTTP Error: 403 Client Error: Forbidden {"error":"PERMISSION_DENIED","error_details":"User does not have the correct permissions","message":"User does not have the correct permissions"}
16:10:56 coinbase.RESTClient     ERROR | HTTP Error: 403 Client Error: Forbidden {"error":"PERMISSION_DENIED","error_details":"User does not have the correct permissions","message":"User does not have the correct permissions"}
16:10:56 backend.server.scalp_bot.coinbase_candle_feed     INFO | CoinbaseCandleFeed SOL_USD: CLOSED @ 84.060000 vol=1366.0000 (n=101)
16:10:56 backend.server.scalp_bot.scalp_runtime     INFO | ScalpRuntime SOL_USD: candle close=84.060000 ema_f=83.936000 ema_s=83.638100 rsi=65.2 atr=0.211000 vwap=83.102190 vol_ok=True ready=True
2026-04-13 16:10:58 - coinbase.RESTClient - ERROR - HTTP Error: 403 Client Error: Forbidden {"error":"PERMISSION_DENIED","error_details":"User does not have the correct permissions","message":"User does not have the correct permissions"}
16:10:58 coinbase.RESTClient     ERROR | HTTP Error: 403 Client Error: Forbidden {"error":"PERMISSION_DENIED","error_details":"User does not have the correct permissions","message":"User does not have the correct permissions"}
2026-04-13 16:10:58 - coinbase.RESTClient - ERROR - HTTP Error: 403 Client Error: Forbidden {"error":"PERMISSION_DENIED","error_details":"User does not have the correct permissions","message":"User does not have the correct permissions"}
16:10:58 coinbase.RESTClient     ERROR | HTTP Error: 403 Client Error: Forbidden {"error":"PERMISSION_DENIED","error_details":"User does not have the correct permissions","message":"User does not have the correct permissions"}
2026-04-13 16:11:01 - coinbase.RESTClient - ERROR - HTTP Error: 403 Client Error: Forbidden {"error":"PERMISSION_DENIED","error_details":"User does not have the correct permissions","message":"User does not have the correct permissions"}
16:11:01 coinbase.RESTClient     ERROR | HTTP Error: 403 Client Error: Forbidden {"error":"PERMISSION_DENIED","error_details":"User does not have the correct permissions","message":"User does not have the correct permissions"}
2026-04-13 16:11:03 - coinbase.RESTClient - ERROR - HTTP Error: 403 Client Error: Forbidden {"error":"PERMISSION_DENIED","error_details":"User does not have the correct permissions","message":"User does not have the correct permissions"}
16:11:03 coinbase.RESTClient     ERROR | HTTP Error: 403 Client Error: Forbidden {"error":"PERMISSION_DENIED","error_details":"User does not have the correct permissions","message":"User does not have the correct permissions"}
2026-04-13 16:11:06 - coinbase.RESTClient - ERROR - HTTP Error: 403 Client Error: Forbidden {"error":"PERMISSION_DENIED","error_details":"User does not have the correct permissions","message":"User does not have the correct permissions"}
16:11:06 coinbase.RESTClient     ERROR | HTTP Error: 403 Client Error: Forbidden {"error":"PERMISSION_DENIED","error_details":"User does not have the correct permissions","message":"User does not have the correct permissions"}
2026-04-13 16:11:08 - coinbase.RESTClient - ERROR - HTTP Error: 403 Client Error: Forbidden {"error":"PERMISSION_DENIED","error_details":"User does not have the correct permissions","message":"User does not have the correct permissions"}
16:11:08 coinbase.RESTClient     ERROR | HTTP Error: 403 Client Error: Forbidden {"error":"PERMISSION_DENIED","error_details":"User does not have the correct permissions","message":"User does not have the correct permissions"}
2026-04-13 16:11:11 - coinbase.RESTClient - ERROR - HTTP Error: 403 Client Error: Forbidden {"error":"PERMISSION_DENIED","error_details":"User does not have the correct permissions","message":"User does not have the correct permissions"}
16:11:11 coinbase.RESTClient     ERROR | HTTP Error: 403 Client Error: Forbidden {"error":"PERMISSION_DENIED","error_details":"User does not have the correct permissions","message":"User does not have the correct permissions"}
2026-04-13 16:11:13 - coinbase.RESTClient - ERROR - HTTP Error: 403 Client Error: Forbidden {"error":"PERMISSION_DENIED","error_details":"User does not have the correct permissions","message":"User does not have the correct permissions"}
16:11:13 coinbase.RESTClient     ERROR | HTTP Error: 403 Client Error: Forbidden {"error":"PERMISSION_DENIED","error_details":"User does not have the correct permissions","message":"User does not have the correct permissions"}
2026-04-13 16:11:14 - coinbase.RESTClient - ERROR - HTTP Error: 403 Client Error: Forbidden {"error":"PERMISSION_DENIED","error_details":"User does not have the correct permissions","message":"User does not have the correct permissions"}
16:11:14 coinbase.RESTClient     ERROR | HTTP Error: 403 Client Error: Forbidden {"error":"PERMISSION_DENIED","error_details":"User does not have the correct permissions","message":"User does not have the correct permissions"}
2026-04-13 16:11:16 - coinbase.RESTClient - ERROR - HTTP Error: 403 Client Error: Forbidden {"error":"PERMISSION_DENIED","error_details":"User does not have the correct permissions","message":"User does not have the correct permissions"}
16:11:16 coinbase.RESTClient     ERROR | HTTP Error: 403 Client Error: Forbidden {"error":"PERMISSION_DENIED","error_details":"User does not have the correct permissions","message":"User does not have the correct permissions"}
2026-04-13 16:11:19 - coinbase.RESTClient - ERROR - HTTP Error: 403 Client Error: Forbidden {"error":"PERMISSION_DENIED","error_details":"User does not have the correct permissions","message":"User does not have the correct permissions"}
16:11:19 coinbase.RESTClient     ERROR | HTTP Error: 403 Client Error: Forbidden {"error":"PERMISSION_DENIED","error_details":"User does not have the correct permissions","message":"User does not have the correct permissions"}
2026-04-13 16:11:21 - coinbase.RESTClient - ERROR - HTTP Error: 403 Client Error: Forbidden {"error":"PERMISSION_DENIED","error_details":"User does not have the correct permissions","message":"User does not have the correct permissions"}
16:11:21 coinbase.RESTClient     ERROR | HTTP Error: 403 Client Error: Forbidden {"error":"PERMISSION_DENIED","error_details":"User does not have the correct permissions","message":"User does not have the correct permissions"}
2026-04-13 16:11:21 - coinbase.RESTClient - ERROR - HTTP Error: 403 Client Error: Forbidden {"error":"PERMISSION_DENIED","error_details":"User does not have the correct permissions","message":"User does not have the correct permissions"}
16:11:21 coinbase.RESTClient     ERROR | HTTP Error: 403 Client Error: Forbidden {"error":"PERMISSION_DENIED","error_details":"User does not have the correct permissions","message":"User does not have the correct permissions"}
2026-04-13 16:11:23 - coinbase.RESTClient - ERROR - HTTP Error: 403 Client Error: Forbidden {"error":"PERMISSION_DENIED","error_details":"User does not have the correct permissions","message":"User does not have the correct permissions"}
16:11:23 coinbase.RESTClient     ERROR | HTTP Error: 403 Client Error: Forbidden {"error":"PERMISSION_DENIED","error_details":"User does not have the correct permissions","message":"User does not have the correct permissions"}
2026-04-13 16:11:26 - coinbase.RESTClient - ERROR - HTTP Error: 403 Client Error: Forbidden {"error":"PERMISSION_DENIED","error_details":"User does not have the correct permissions","message":"User does not have the correct permissions"}
16:11:26 coinbase.RESTClient     ERROR | HTTP Error: 403 Client Error: Forbidden {"error":"PERMISSION_DENIED","error_details":"User does not have the correct permissions","message":"User does not have the correct permissions"}
2026-04-13 16:11:28 - coinbase.RESTClient - ERROR - HTTP Error: 403 Client Error: Forbidden {"error":"PERMISSION_DENIED","error_details":"User does not have the correct permissions","message":"User does not have the correct permissions"}
16:11:28 coinbase.RESTClient     ERROR | HTTP Error: 403 Client Error: Forbidden {"error":"PERMISSION_DENIED","error_details":"User does not have the correct permissions","message":"User does not have the correct permissions"}
2026-04-13 16:11:28 - coinbase.RESTClient - ERROR - HTTP Error: 403 Client Error: Forbidden {"error":"PERMISSION_DENIED","error_details":"User does not have the correct permissions","message":"User does not have the correct permissions"}
16:11:28 coinbase.RESTClient     ERROR | HTTP Error: 403 Client Error: Forbidden {"error":"PERMISSION_DENIED","error_details":"User does not have the correct permissions","message":"User does not have the correct permissions"}
2026-04-13 16:11:31 - coinbase.RESTClient - ERROR - HTTP Error: 403 Client Error: Forbidden {"error":"PERMISSION_DENIED","error_details":"User does not have the correct permissions","message":"User does not have the correct permissions"}
16:11:31 coinbase.RESTClient     ERROR | HTTP Error: 403 Client Error: Forbidden {"error":"PERMISSION_DENIED","error_details":"User does not have the correct permissions","message":"User does not have the correct permissions"}
2026-04-13 16:11:33 - coinbase.RESTClient - ERROR - HTTP Error: 403 Client Error: Forbidden {"error":"PERMISSION_DENIED","error_details":"User does not have the correct permissions","message":"User does not have the correct permissions"}
16:11:33 coinbase.RESTClient     ERROR | HTTP Error: 403 Client Error: Forbidden {"error":"PERMISSION_DENIED","error_details":"User does not have the correct permissions","message":"User does not have the correct permissions"}
2026-04-13 16:11:36 - coinbase.RESTClient - ERROR - HTTP Error: 403 Client Error: Forbidden {"error":"PERMISSION_DENIED","error_details":"User does not have the correct permissions","message":"User does not have the correct permissions"}
16:11:36 coinbase.RESTClient     ERROR | HTTP Error: 403 Client Error: Forbidden {"error":"PERMISSION_DENIED","error_details":"User does not have the correct permissions","message":"User does not have the correct permissions"}
2026-04-13 16:11:38 - coinbase.RESTClient - ERROR - HTTP Error: 403 Client Error: Forbidden {"error":"PERMISSION_DENIED","error_details":"User does not have the correct permissions","message":"User does not have the correct permissions"}
16:11:38 coinbase.RESTClient     ERROR | HTTP Error: 403 Client Error: Forbidden {"error":"PERMISSION_DENIED","error_details":"User does not have the correct permissions","message":"User does not have the correct permissions"}
2026-04-13 16:11:41 - coinbase.RESTClient - ERROR - HTTP Error: 403 Client Error: Forbidden {"error":"PERMISSION_DENIED","error_details":"User does not have the correct permissions","message":"User does not have the correct permissions"}
16:11:41 coinbase.RESTClient     ERROR | HTTP Error: 403 Client Error: Forbidden {"error":"PERMISSION_DENIED","error_details":"User does not have the correct permissions","message":"User does not have the correct permissions"}
2026-04-13 16:11:43 - coinbase.RESTClient - ERROR - HTTP Error: 403 Client Error: Forbidden {"error":"PERMISSION_DENIED","error_details":"User does not have the correct permissions","message":"User does not have the correct permissions"}
16:11:43 coinbase.RESTClient     ERROR | HTTP Error: 403 Client Error: Forbidden {"error":"PERMISSION_DENIED","error_details":"User does not have the correct permissions","message":"User does not have the correct permissions"}
2026-04-13 16:11:43 - coinbase.RESTClient - ERROR - HTTP Error: 403 Client Error: Forbidden {"error":"PERMISSION_DENIED","error_details":"User does not have the correct permissions","message":"User does not have the correct permissions"}
16:11:43 coinbase.RESTClient     ERROR | HTTP Error: 403 Client Error: Forbidden {"error":"PERMISSION_DENIED","error_details":"User does not have the correct permissions","message":"User does not have the correct permissions"}
2026-04-13 16:11:46 - coinbase.RESTClient - ERROR - HTTP Error: 403 Client Error: Forbidden {"error":"PERMISSION_DENIED","error_details":"User does not have the correct permissions","message":"User does not have the correct permissions"}
16:11:46 coinbase.RESTClient     ERROR | HTTP Error: 403 Client Error: Forbidden {"error":"PERMISSION_DENIED","error_details":"User does not have the correct permissions","message":"User does not have the correct permissions"}
2026-04-13 16:11:48 - coinbase.RESTClient - ERROR - HTTP Error: 403 Client Error: Forbidden {"error":"PERMISSION_DENIED","error_details":"User does not have the correct permissions","message":"User does not have the correct permissions"}
16:11:48 coinbase.RESTClient     ERROR | HTTP Error: 403 Client Error: Forbidden {"error":"PERMISSION_DENIED","error_details":"User does not have the correct permissions","message":"User does not have the correct permissions"}
2026-04-13 16:11:51 - coinbase.RESTClient - ERROR - HTTP Error: 403 Client Error: Forbidden {"error":"PERMISSION_DENIED","error_details":"User does not have the correct permissions","message":"User does not have the correct permissions"}
16:11:51 coinbase.RESTClient     ERROR | HTTP Error: 403 Client Error: Forbidden {"error":"PERMISSION_DENIED","error_details":"User does not have the correct permissions","message":"User does not have the correct permissions"}
2026-04-13 16:11:51 - coinbase.RESTClient - ERROR - HTTP Error: 403 Client Error: Forbidden {"error":"PERMISSION_DENIED","error_details":"User does not have the correct permissions","message":"User does not have the correct permissions"}
16:11:51 coinbase.RESTClient     ERROR | HTTP Error: 403 Client Error: Forbidden {"error":"PERMISSION_DENIED","error_details":"User does not have the correct permissions","message":"User does not have the correct permissions"}
2026-04-13 16:11:53 - coinbase.RESTClient - ERROR - HTTP Error: 403 Client Error: Forbidden {"error":"PERMISSION_DENIED","error_details":"User does not have the correct permissions","message":"User does not have the correct permissions"}
16:11:53 coinbase.RESTClient     ERROR | HTTP Error: 403 Client Error: Forbidden {"error":"PERMISSION_DENIED","error_details":"User does not have the correct permissions","message":"User does not have the correct permissions"}
2026-04-13 16:11:56 - coinbase.RESTClient - ERROR - HTTP Error: 403 Client Error: Forbidden {"error":"PERMISSION_DENIED","error_details":"User does not have the correct permissions","message":"User does not have the correct permissions"}
16:11:56 coinbase.RESTClient     ERROR | HTTP Error: 403 Client Error: Forbidden {"error":"PERMISSION_DENIED","error_details":"User does not have the correct permissions","message":"User does not have the correct permissions"}
