16:36:58 backend.server.windows_power     INFO | Windows: preventing system idle sleep while bot runs
16:36:58 backend.server.session_logger     INFO | Session log: C:\Users\daroo\Desktop\Repos\tradingbot-1\data\session_20260413_203658.jsonl
2026-04-13 16:36:58 - coinbase.RESTClient - ERROR - HTTP Error: 403 Client Error: Forbidden {"error":"PERMISSION_DENIED","error_details":"User does not have the correct permissions","message":"User does not have the correct permissions"}
16:36:58 coinbase.RESTClient     ERROR | HTTP Error: 403 Client Error: Forbidden {"error":"PERMISSION_DENIED","error_details":"User does not have the correct permissions","message":"User does not have the correct permissions"}
16:36:58 backend.server.coinbase_order_manager  WARNING | CoinbaseOrderManager: COINBASE_INTX_PORTFOLIO_UUID invalid or list_perps failed — falling back to auto-discovery
Traceback (most recent call last):
  File "C:\Users\daroo\Desktop\Repos\tradingbot-1\backend\server\coinbase_order_manager.py", line 1690, in _discover_intx_portfolio_uuid
    await asyncio.to_thread(lambda: lp(forced))
  File "C:\Python314\Lib\asyncio\threads.py", line 25, in to_thread
    return await loop.run_in_executor(None, func_call)
           ^^^^^^^^^^^^^^^^^^^^^^^^^^^^^^^^^^^^^^^^^^^
  File "C:\Python314\Lib\concurrent\futures\thread.py", line 86, in run
    result = ctx.run(self.task)
  File "C:\Python314\Lib\concurrent\futures\thread.py", line 73, in run
    return fn(*args, **kwargs)
  File "C:\Users\daroo\Desktop\Repos\tradingbot-1\backend\server\coinbase_order_manager.py", line 1690, in <lambda>
    await asyncio.to_thread(lambda: lp(forced))
                                    ~~^^^^^^^^
  File "C:\Users\daroo\AppData\Roaming\Python\Python314\site-packages\coinbase\rest\perpetuals.py", line 92, in list_perps_positions
    return ListPerpetualsPositionsResponse(self.get(endpoint, **kwargs))
                                           ~~~~~~~~^^^^^^^^^^^^^^^^^^^^
  File "C:\Users\daroo\AppData\Roaming\Python\Python314\site-packages\coinbase\rest\rest_base.py", line 101, in get
    return self.prepare_and_send_request(
           ~~~~~~~~~~~~~~~~~~~~~~~~~~~~~^
        "GET", url_path, params, data=None, public=public
        ^^^^^^^^^^^^^^^^^^^^^^^^^^^^^^^^^^^^^^^^^^^^^^^^^
    )
    ^
  File "C:\Users\daroo\AppData\Roaming\Python\Python314\site-packages\coinbase\rest\rest_base.py", line 207, in prepare_and_send_request
    return self.send_request(http_method, url_path, params, headers, data=data)
           ~~~~~~~~~~~~~~~~~^^^^^^^^^^^^^^^^^^^^^^^^^^^^^^^^^^^^^^^^^^^^^^^^^^^
  File "C:\Users\daroo\AppData\Roaming\Python\Python314\site-packages\coinbase\rest\rest_base.py", line 228, in send_request
    handle_exception(response)  # Raise an HTTPError for bad responses
    ~~~~~~~~~~~~~~~~^^^^^^^^^^
  File "C:\Users\daroo\AppData\Roaming\Python\Python314\site-packages\coinbase\rest\rest_base.py", line 47, in handle_exception
    raise HTTPError(http_error_msg, response=response)
requests.exceptions.HTTPError: 403 Client Error: Forbidden {"error":"PERMISSION_DENIED","error_details":"User does not have the correct permissions","message":"User does not have the correct permissions"}
2026-04-13 16:36:59 - coinbase.RESTClient - ERROR - HTTP Error: 403 Client Error: Forbidden {"error":"PERMISSION_DENIED","error_details":"User does not have the correct permissions","message":"User does not have the correct permissions"}
16:36:59 coinbase.RESTClient     ERROR | HTTP Error: 403 Client Error: Forbidden {"error":"PERMISSION_DENIED","error_details":"User does not have the correct permissions","message":"User does not have the correct permissions"}
2026-04-13 16:36:59 - coinbase.RESTClient - ERROR - HTTP Error: 400 Client Error: Bad Request {"error":"INVALID_ARGUMENT","error_details":"Cannot pass multiple statuses with OPEN","message":"Cannot pass multiple statuses with OPEN"}
16:36:59 coinbase.RESTClient     ERROR | HTTP Error: 400 Client Error: Bad Request {"error":"INVALID_ARGUMENT","error_details":"Cannot pass multiple statuses with OPEN","message":"Cannot pass multiple statuses with OPEN"}
16:36:59 backend.server.coinbase_order_manager  WARNING | CoinbaseOrderManager: startup cancel sweep failed
Traceback (most recent call last):
  File "C:\Users\daroo\Desktop\Repos\tradingbot-1\backend\server\coinbase_order_manager.py", line 702, in _cancel_open_scalp_orders
    resp = await asyncio.to_thread(lambda kw=o_kw: lo(**kw))
           ^^^^^^^^^^^^^^^^^^^^^^^^^^^^^^^^^^^^^^^^^^^^^^^^^
  File "C:\Python314\Lib\asyncio\threads.py", line 25, in to_thread
    return await loop.run_in_executor(None, func_call)
           ^^^^^^^^^^^^^^^^^^^^^^^^^^^^^^^^^^^^^^^^^^^
  File "C:\Python314\Lib\concurrent\futures\thread.py", line 86, in run
    result = ctx.run(self.task)
  File "C:\Python314\Lib\concurrent\futures\thread.py", line 73, in run
    return fn(*args, **kwargs)
  File "C:\Users\daroo\Desktop\Repos\tradingbot-1\backend\server\coinbase_order_manager.py", line 702, in <lambda>
    resp = await asyncio.to_thread(lambda kw=o_kw: lo(**kw))
                                                   ~~^^^^^^
  File "C:\Users\daroo\AppData\Roaming\Python\Python314\site-packages\coinbase\rest\orders.py", line 1503, in list_orders
    return ListOrdersResponse(self.get(endpoint, params=params, **kwargs))
                              ~~~~~~~~^^^^^^^^^^^^^^^^^^^^^^^^^^^^^^^^^^^
  File "C:\Users\daroo\AppData\Roaming\Python\Python314\site-packages\coinbase\rest\rest_base.py", line 101, in get
    return self.prepare_and_send_request(
           ~~~~~~~~~~~~~~~~~~~~~~~~~~~~~^
        "GET", url_path, params, data=None, public=public
        ^^^^^^^^^^^^^^^^^^^^^^^^^^^^^^^^^^^^^^^^^^^^^^^^^
    )
    ^
  File "C:\Users\daroo\AppData\Roaming\Python\Python314\site-packages\coinbase\rest\rest_base.py", line 207, in prepare_and_send_request
    return self.send_request(http_method, url_path, params, headers, data=data)
           ~~~~~~~~~~~~~~~~~^^^^^^^^^^^^^^^^^^^^^^^^^^^^^^^^^^^^^^^^^^^^^^^^^^^
  File "C:\Users\daroo\AppData\Roaming\Python\Python314\site-packages\coinbase\rest\rest_base.py", line 228, in send_request
    handle_exception(response)  # Raise an HTTPError for bad responses
    ~~~~~~~~~~~~~~~~^^^^^^^^^^
  File "C:\Users\daroo\AppData\Roaming\Python\Python314\site-packages\coinbase\rest\rest_base.py", line 47, in handle_exception
    raise HTTPError(http_error_msg, response=response)
requests.exceptions.HTTPError: 400 Client Error: Bad Request {"error":"INVALID_ARGUMENT","error_details":"Cannot pass multiple statuses with OPEN","message":"Cannot pass multiple statuses with OPEN"}
16:36:59 backend.server.coinbase_order_manager     INFO | CoinbaseOrderManager: initialized (fill polling started)
16:36:59 mitch                    INFO | Coinbase Advanced Trade: scalp execution manager initialized
16:36:59 backend.server.coinbase_order_manager     INFO | CoinbaseOrderManager: scalp registered pair_keys=['BTC_USD', 'SOL_USD', 'XRP_USD'] products=['BIP-20DEC30-CDE', 'SLP-20DEC30-CDE', 'XPP-20DEC30-CDE']
16:36:59 backend.server.scalp_bot.scalp_runtime     INFO | ScalpRuntime: started for pairs ['BTC_USD', 'SOL_USD', 'XRP_USD']
16:36:59 backend.server.scalp_bot.scalp_runtime     INFO | ScalpRuntime: seeding candle feed from REST...
16:36:59 backend.server.scalp_bot.bar_store     INFO | bar_store: Coinbase REST using API credentials from environment
16:36:59 backend.server.ws_server     INFO | Dashboard static UI: frontend-new/dist (scalp UI)
16:36:59 backend.server.ws_server     INFO | Dashboard running at http://127.0.0.1:8080
16:36:59 mitch                    INFO | Dashboard up on port 8080 — Coinbase scalp mode.
16:37:00 backend.server.ws_server     INFO | Dashboard client connected from 127.0.0.1 (1 total)
16:37:00 backend.server.ws_server     INFO | Dashboard client connected from 127.0.0.1 (2 total)
16:37:00 backend.server.coinbase_order_manager     INFO | CoinbaseOrderManager: first fill poll result — 100 fills, keys=['fills', 'cursor', 'proof_token_required'], sample=[{'entry_id': '4120e4d74fdccee82b238a593d8b5fe71cd8cb49be3be3ee66941f6bfdebe5f7', 'trade_id': '8d4fecfc-34fa-46fb-844a-ae6ea6ad5bd8', 'order_id': '69270c31-437e-46c8-aa6f-e0f8a7840c29', 'trade_time': '2026-04-13T20:19:27.591877Z', 'trade_type': 'FILL', 'price': '1.3516', 'size': '1', 'commission': '0.62306', 'product_id': 'XPP-20DEC30-CDE', 'sequence_timestamp': '2026-04-13T20:19:27.602621Z', 'liquidity_indicator': 'TAKER', 'size_in_quote': False, 'user_id': '232a88f7-6fa9-53d4-a46e-e8007c1ca2d5', 'side': 'SELL', 'retail_portfolio_id': '232a88f7-6fa9-53d4-a46e-e8007c1ca2d5', 'fillSource': 'FILL_SOURCE_CLOB', 'commission_detail_total': {'total_commission': '0.62', 'gst_commission': '', 'withholding_commission': '', 'client_commission': '0.47306', 'venue_commission': '0.1', 'regulatory_commission': '0.02', 'clearing_commission': '0.03'}}, {'entry_id': '4221eb089c1e8fa4165cb71c1ae20b50f427e4b30c86dd578e3d385b06375468', 'trade_id': '2f5d0315-1762-4f44-be3f-dbb0ed96528e', 'order_id': '0c1fdb21-6d79-4354-ab1b-9aaf64c75f79', 'trade_time': '2026-04-13T20:19:24.448380Z', 'trade_type': 'FILL', 'price': '73130', 'size': '1', 'commission': '0.66191', 'product_id': 'BIP-20DEC30-CDE', 'sequence_timestamp': '2026-04-13T20:19:24.460369Z', 'liquidity_indicator': 'TAKER', 'size_in_quote': False, 'user_id': '232a88f7-6fa9-53d4-a46e-e8007c1ca2d5', 'side': 'SELL', 'retail_portfolio_id': '232a88f7-6fa9-53d4-a46e-e8007c1ca2d5', 'fillSource': 'FILL_SOURCE_CLOB', 'commission_detail_total': {'total_commission': '0.66', 'gst_commission': '', 'withholding_commission': '', 'client_commission': '0.51191', 'venue_commission': '0.1', 'regulatory_commission': '0.02', 'clearing_commission': '0.03'}}, {'entry_id': '4ef0332d4507fccf36172d220db0da0f2bac2067dc28b08b6770066b57c428d3', 'trade_id': '36184986-e7c8-49bd-ae73-163ab59ba252', 'order_id': '955451f5-7ce9-476a-81a0-8ecb1ee31a20', 'trade_time': '2026-04-13T20:01:38.306312Z', 'trade_type': 'FILL', 'price': '1.3554', 'size': '1', 'commission': '0.62439', 'product_id': 'XPP-20DEC30-CDE', 'sequence_timestamp': '2026-04-13T20:01:38.318384Z', 'liquidity_indicator': 'TAKER', 'size_in_quote': False, 'user_id': '232a88f7-6fa9-53d4-a46e-e8007c1ca2d5', 'side': 'BUY', 'retail_portfolio_id': '232a88f7-6fa9-53d4-a46e-e8007c1ca2d5', 'fillSource': 'FILL_SOURCE_CLOB', 'commission_detail_total': {'total_commission': '0.62', 'gst_commission': '', 'withholding_commission': '', 'client_commission': '0.47439', 'venue_commission': '0.1', 'regulatory_commission': '0.02', 'clearing_commission': '0.03'}}]
16:37:00 backend.server.scalp_bot.coinbase_candle_feed     INFO | CoinbaseCandleFeed: seeded 0 candles for BIP-20DEC30-CDE
16:37:00 backend.server.ws_server     INFO | Dashboard client connected from 127.0.0.1 (3 total)
16:37:00 backend.server.ws_server     INFO | Dashboard client connected from 127.0.0.1 (4 total)
16:37:00 backend.server.scalp_bot.bar_store     INFO | bar_store: Coinbase REST using API credentials from environment
16:37:01 backend.server.scalp_bot.coinbase_candle_feed     INFO | CoinbaseCandleFeed: seeded 0 candles for SLP-20DEC30-CDE
16:37:01 backend.server.scalp_bot.bar_store     INFO | bar_store: Coinbase REST using API credentials from environment
16:37:02 backend.server.scalp_bot.coinbase_candle_feed     INFO | CoinbaseCandleFeed: seeded 0 candles for XPP-20DEC30-CDE
16:37:02 backend.server.scalp_bot.scalp_runtime     INFO | ScalpRuntime: replaying 0 REST candles into BTC_USD indicators
16:37:02 backend.server.scalp_bot.scalp_runtime     INFO | ScalpRuntime: replaying 0 REST candles into SOL_USD indicators
16:37:02 backend.server.scalp_bot.scalp_runtime     INFO | ScalpRuntime: replaying 0 REST candles into XRP_USD indicators
16:37:02 backend.server.scalp_bot.scalp_runtime     INFO | ScalpRuntime: prior champion found on disk — will re-validate via startup WFO before trading
16:37:02 backend.server.scalp_bot.scalp_runtime     INFO | ScalpRuntime: WARMUP started — collecting bars (need 100 per pair), current: {'BTC_USD': 14261, 'SOL_USD': 14037, 'XRP_USD': 13944}
16:37:02 backend.server.scalp_bot.scalp_runtime     INFO | ScalpRuntime: candle feed live — backfilling historical bars for WFO...
16:37:02 backend.server.scalp_bot.bar_store     INFO | bar_store: Coinbase REST using API credentials from environment
16:37:02 backend.server.scalp_bot.coinbase_candle_feed     INFO | CoinbaseCandleFeed: subscribed candles BIP-20DEC30-CDE FIFTEEN_MINUTE
16:37:02 backend.server.scalp_bot.coinbase_candle_feed     INFO | CoinbaseCandleFeed: subscribed candles SLP-20DEC30-CDE FIFTEEN_MINUTE
16:37:03 backend.server.scalp_bot.bar_store     INFO | bar_store Coinbase backfill: BIP-20DEC30-CDE/15m page=1 rows=300 new=0 oldest=2026-04-10 16:45
16:37:03 backend.server.scalp_bot.coinbase_candle_feed     INFO | CoinbaseCandleFeed: subscribed candles XPP-20DEC30-CDE FIFTEEN_MINUTE
16:37:03 backend.server.scalp_bot.coinbase_candle_feed     INFO | CoinbaseCandleFeed: subscribed ticker ['SLP-20DEC30-CDE', 'XPP-20DEC30-CDE', 'BIP-20DEC30-CDE']
16:37:03 backend.server.scalp_bot.bar_store     INFO | bar_store Coinbase backfill: BIP-20DEC30-CDE/15m page=2 rows=300 new=0 oldest=2026-04-07 13:45
16:37:03 backend.server.scalp_bot.coinbase_candle_feed     INFO | CoinbaseCandleFeed: subscribed level2 ['SLP-20DEC30-CDE', 'XPP-20DEC30-CDE', 'BIP-20DEC30-CDE']
16:37:03 backend.server.scalp_bot.coinbase_candle_feed     INFO | CoinbaseCandleFeed BTC_USD: CLOSED @ 70885.000000 vol=343.0000 (n=1)
16:37:03 backend.server.scalp_bot.scalp_runtime     INFO | ScalpRuntime BTC_USD: candle close=70885.000000 ema_f=0.000000 ema_s=0.000000 rsi=50.0 atr=0.000000 vwap=70906.666667 vol_ok=False ready=False
16:37:03 backend.server.scalp_bot.scalp_runtime     INFO | ScalpRuntime BTC_USD: regime risk-on LIVE reasons=['live_volume_spike'] until_ts=1776112743
16:37:03 backend.server.scalp_bot.coinbase_candle_feed     INFO | CoinbaseCandleFeed BTC_USD: CLOSED @ 70740.000000 vol=1116.0000 (n=2)
16:37:03 backend.server.scalp_bot.scalp_runtime     INFO | ScalpRuntime BTC_USD: candle close=70740.000000 ema_f=0.000000 ema_s=0.000000 rsi=50.0 atr=0.000000 vwap=70808.503541 vol_ok=True ready=False
16:37:03 backend.server.scalp_bot.coinbase_candle_feed     INFO | CoinbaseCandleFeed BTC_USD: CLOSED @ 70760.000000 vol=621.0000 (n=3)
16:37:03 backend.server.scalp_bot.scalp_runtime     INFO | ScalpRuntime BTC_USD: candle close=70760.000000 ema_f=0.000000 ema_s=0.000000 rsi=50.0 atr=0.000000 vwap=70793.027244 vol_ok=False ready=False
16:37:03 backend.server.scalp_bot.coinbase_candle_feed     INFO | CoinbaseCandleFeed BTC_USD: CLOSED @ 70755.000000 vol=696.0000 (n=4)
16:37:03 backend.server.scalp_bot.scalp_runtime     INFO | ScalpRuntime BTC_USD: candle close=70755.000000 ema_f=0.000000 ema_s=0.000000 rsi=50.0 atr=0.000000 vwap=70783.910903 vol_ok=False ready=False
16:37:03 backend.server.scalp_bot.coinbase_candle_feed     INFO | CoinbaseCandleFeed BTC_USD: CLOSED @ 70830.000000 vol=699.0000 (n=5)
16:37:03 backend.server.scalp_bot.scalp_runtime     INFO | ScalpRuntime BTC_USD: candle close=70830.000000 ema_f=0.000000 ema_s=0.000000 rsi=50.0 atr=0.000000 vwap=70792.176019 vol_ok=False ready=False
16:37:03 backend.server.scalp_bot.coinbase_candle_feed     INFO | CoinbaseCandleFeed BTC_USD: CLOSED @ 70825.000000 vol=449.0000 (n=6)
16:37:03 backend.server.scalp_bot.scalp_runtime     INFO | ScalpRuntime BTC_USD: candle close=70825.000000 ema_f=0.000000 ema_s=0.000000 rsi=50.0 atr=0.000000 vwap=70796.885406 vol_ok=False ready=False
16:37:03 backend.server.scalp_bot.coinbase_candle_feed     INFO | CoinbaseCandleFeed BTC_USD: CLOSED @ 70845.000000 vol=127.0000 (n=7)
16:37:03 backend.server.scalp_bot.scalp_runtime     INFO | ScalpRuntime BTC_USD: candle close=70845.000000 ema_f=0.000000 ema_s=0.000000 rsi=50.0 atr=0.000000 vwap=70798.655065 vol_ok=False ready=False
16:37:03 backend.server.scalp_bot.coinbase_candle_feed     INFO | CoinbaseCandleFeed BTC_USD: CLOSED @ 70795.000000 vol=190.0000 (n=8)
16:37:03 backend.server.scalp_bot.scalp_runtime     INFO | ScalpRuntime BTC_USD: candle close=70795.000000 ema_f=70804.375000 ema_s=0.000000 rsi=50.0 atr=0.000000 vwap=70799.910006 vol_ok=False ready=False
16:37:03 backend.server.scalp_bot.coinbase_candle_feed     INFO | CoinbaseCandleFeed BTC_USD: CLOSED @ 70770.000000 vol=200.0000 (n=9)
16:37:03 backend.server.scalp_bot.scalp_runtime     INFO | ScalpRuntime BTC_USD: candle close=70770.000000 ema_f=70796.736100 ema_s=0.000000 rsi=50.0 atr=0.000000 vwap=70799.163477 vol_ok=False ready=False
16:37:03 backend.server.scalp_bot.coinbase_candle_feed     INFO | CoinbaseCandleFeed BTC_USD: CLOSED @ 70775.000000 vol=293.0000 (n=10)
16:37:03 backend.server.scalp_bot.scalp_runtime     INFO | ScalpRuntime BTC_USD: candle close=70775.000000 ema_f=70791.905900 ema_s=0.000000 rsi=50.0 atr=0.000000 vwap=70798.183707 vol_ok=False ready=False
16:37:03 backend.server.scalp_bot.coinbase_candle_feed     INFO | CoinbaseCandleFeed BTC_USD: CLOSED @ 70735.000000 vol=555.0000 (n=11)
16:37:03 backend.server.scalp_bot.scalp_runtime     INFO | ScalpRuntime BTC_USD: candle close=70735.000000 ema_f=70779.260100 ema_s=0.000000 rsi=50.0 atr=0.000000 vwap=70793.302452 vol_ok=False ready=False
16:37:03 backend.server.scalp_bot.coinbase_candle_feed     INFO | CoinbaseCandleFeed BTC_USD: CLOSED @ 70655.000000 vol=1590.0000 (n=12)
16:37:03 backend.server.scalp_bot.scalp_runtime     INFO | ScalpRuntime BTC_USD: candle close=70655.000000 ema_f=70751.646700 ema_s=0.000000 rsi=50.0 atr=0.000000 vwap=70759.024083 vol_ok=True ready=False
16:37:03 backend.server.scalp_bot.coinbase_candle_feed     INFO | CoinbaseCandleFeed BTC_USD: CLOSED @ 70740.000000 vol=433.0000 (n=13)
16:37:03 backend.server.scalp_bot.scalp_runtime     INFO | ScalpRuntime BTC_USD: candle close=70740.000000 ema_f=70749.058500 ema_s=0.000000 rsi=50.0 atr=0.000000 vwap=70756.910558 vol_ok=False ready=False
16:37:03 backend.server.scalp_bot.coinbase_candle_feed     INFO | CoinbaseCandleFeed BTC_USD: CLOSED @ 70765.000000 vol=187.0000 (n=14)
16:37:03 backend.server.scalp_bot.scalp_runtime     INFO | ScalpRuntime BTC_USD: candle close=70765.000000 ema_f=70752.601100 ema_s=0.000000 rsi=50.0 atr=0.000000 vwap=70757.112282 vol_ok=False ready=False
16:37:03 backend.server.scalp_bot.coinbase_candle_feed     INFO | CoinbaseCandleFeed BTC_USD: CLOSED @ 70830.000000 vol=650.0000 (n=15)
16:37:03 backend.server.scalp_bot.scalp_runtime     INFO | ScalpRuntime BTC_USD: candle close=70830.000000 ema_f=70769.800900 ema_s=0.000000 rsi=45.7 atr=79.642900 vwap=70763.059067 vol_ok=False ready=False
16:37:03 backend.server.scalp_bot.coinbase_candle_feed     INFO | CoinbaseCandleFeed BTC_USD: CLOSED @ 70845.000000 vol=40.0000 (n=16)
16:37:03 backend.server.scalp_bot.scalp_runtime     INFO | ScalpRuntime BTC_USD: candle close=70845.000000 ema_f=70786.511800 ema_s=0.000000 rsi=47.1 atr=75.382700 vwap=70763.451174 vol_ok=False ready=False
16:37:03 backend.server.scalp_bot.coinbase_candle_feed     INFO | CoinbaseCandleFeed BTC_USD: CLOSED @ 70815.000000 vol=76.0000 (n=17)
16:37:03 backend.server.scalp_bot.scalp_runtime     INFO | ScalpRuntime BTC_USD: candle close=70815.000000 ema_f=70792.842500 ema_s=0.000000 rsi=44.7 atr=73.569700 vwap=70763.925187 vol_ok=False ready=False
16:37:03 backend.server.scalp_bot.coinbase_candle_feed     INFO | CoinbaseCandleFeed BTC_USD: CLOSED @ 70800.000000 vol=171.0000 (n=18)
16:37:03 backend.server.scalp_bot.scalp_runtime     INFO | ScalpRuntime BTC_USD: candle close=70800.000000 ema_f=70794.433100 ema_s=0.000000 rsi=43.5 atr=70.457600 vwap=70764.859135 vol_ok=False ready=False
16:37:03 backend.server.scalp_bot.coinbase_candle_feed     INFO | CoinbaseCandleFeed BTC_USD: CLOSED @ 70815.000000 vol=1164.0000 (n=19)
16:37:03 backend.server.scalp_bot.scalp_runtime     INFO | ScalpRuntime BTC_USD: candle close=70815.000000 ema_f=70799.003500 ema_s=0.000000 rsi=45.1 atr=67.924900 vwap=70769.524132 vol_ok=True ready=False
16:37:03 backend.server.scalp_bot.coinbase_candle_feed     INFO | CoinbaseCandleFeed BTC_USD: CLOSED @ 70870.000000 vol=60.0000 (n=20)
16:37:03 backend.server.scalp_bot.scalp_runtime     INFO | ScalpRuntime BTC_USD: candle close=70870.000000 ema_f=70814.780500 ema_s=0.000000 rsi=50.5 atr=68.073100 vwap=70770.127502 vol_ok=False ready=False
16:37:03 backend.server.scalp_bot.coinbase_candle_feed     INFO | CoinbaseCandleFeed BTC_USD: CLOSED @ 70855.000000 vol=73.0000 (n=21)
16:37:03 backend.server.scalp_bot.scalp_runtime     INFO | ScalpRuntime BTC_USD: candle close=70855.000000 ema_f=70823.718200 ema_s=70795.476200 rsi=49.0 atr=65.353600 vwap=70770.751567 vol_ok=False ready=False
16:37:03 backend.server.scalp_bot.coinbase_candle_feed     INFO | CoinbaseCandleFeed BTC_USD: CLOSED @ 70795.000000 vol=255.0000 (n=22)
16:37:03 backend.server.scalp_bot.scalp_runtime     INFO | ScalpRuntime BTC_USD: candle close=70795.000000 ema_f=70817.336400 ema_s=70795.432900 rsi=43.8 atr=68.542600 vwap=70770.945134 vol_ok=False ready=False
16:37:03 backend.server.scalp_bot.coinbase_candle_feed     INFO | CoinbaseCandleFeed BTC_USD: CLOSED @ 70785.000000 vol=522.0000 (n=23)
16:37:03 backend.server.scalp_bot.scalp_runtime     INFO | ScalpRuntime BTC_USD: candle close=70785.000000 ema_f=70810.150500 ema_s=70794.484500 rsi=43.0 atr=70.789600 vwap=70773.298763 vol_ok=False ready=False
16:37:03 backend.server.scalp_bot.coinbase_candle_feed     INFO | CoinbaseCandleFeed BTC_USD: CLOSED @ 70815.000000 vol=16.0000 (n=24)
16:37:03 backend.server.scalp_bot.scalp_runtime     INFO | ScalpRuntime BTC_USD: candle close=70815.000000 ema_f=70811.228200 ema_s=70796.349500 rsi=46.2 atr=67.876100 vwap=70773.359617 vol_ok=False ready=False
16:37:03 backend.server.scalp_bot.coinbase_candle_feed     INFO | CoinbaseCandleFeed BTC_USD: CLOSED @ 70745.000000 vol=573.0000 (n=25)
16:37:03 backend.server.scalp_bot.scalp_runtime     INFO | ScalpRuntime BTC_USD: candle close=70745.000000 ema_f=70796.510800 ema_s=70791.681400 rsi=40.4 atr=70.527800 vwap=70773.702436 vol_ok=True ready=False
16:37:03 backend.server.scalp_bot.coinbase_candle_feed     INFO | CoinbaseCandleFeed BTC_USD: CLOSED @ 70895.000000 vol=425.0000 (n=26)
16:37:03 backend.server.scalp_bot.scalp_runtime     INFO | ScalpRuntime BTC_USD: candle close=70895.000000 ema_f=70818.397300 ema_s=70801.074000 rsi=53.9 atr=77.990100 vwap=70778.360234 vol_ok=False ready=False
16:37:03 backend.server.scalp_bot.coinbase_candle_feed     INFO | CoinbaseCandleFeed BTC_USD: CLOSED @ 70900.000000 vol=231.0000 (n=27)
16:37:03 backend.server.scalp_bot.scalp_runtime     INFO | ScalpRuntime BTC_USD: candle close=70900.000000 ema_f=70836.531200 ema_s=70810.067300 rsi=54.2 atr=74.205100 vwap=70780.848859 vol_ok=False ready=False
16:37:03 backend.server.scalp_bot.coinbase_candle_feed     INFO | CoinbaseCandleFeed BTC_USD: CLOSED @ 70895.000000 vol=438.0000 (n=28)
16:37:03 backend.server.scalp_bot.scalp_runtime     INFO | ScalpRuntime BTC_USD: candle close=70895.000000 ema_f=70849.524300 ema_s=70817.788500 rsi=53.8 atr=73.547600 vwap=70785.727740 vol_ok=False ready=False
16:37:03 backend.server.scalp_bot.coinbase_candle_feed     INFO | CoinbaseCandleFeed BTC_USD: CLOSED @ 70910.000000 vol=152.0000 (n=29)
16:37:03 backend.server.scalp_bot.scalp_runtime     INFO | ScalpRuntime BTC_USD: candle close=70910.000000 ema_f=70862.963300 ema_s=70826.171400 rsi=55.0 atr=73.294200 vwap=70786.970568 vol_ok=False ready=False
16:37:03 backend.server.scalp_bot.coinbase_candle_feed     INFO | CoinbaseCandleFeed BTC_USD: CLOSED @ 70955.000000 vol=1922.0000 (n=30)
16:37:03 backend.server.scalp_bot.scalp_runtime     INFO | ScalpRuntime BTC_USD: candle close=70955.000000 ema_f=70883.415900 ema_s=70837.883100 rsi=58.6 atr=76.273200 vwap=70807.586155 vol_ok=True ready=True
16:37:03 backend.server.scalp_bot.coinbase_candle_feed     INFO | CoinbaseCandleFeed BTC_USD: CLOSED @ 70960.000000 vol=1389.0000 (n=31)
16:37:03 backend.server.scalp_bot.scalp_runtime     INFO | ScalpRuntime BTC_USD: candle close=70960.000000 ema_f=70900.434600 ema_s=70848.984600 rsi=59.0 atr=73.682300 vwap=70822.143374 vol_ok=True ready=True
16:37:03 backend.server.scalp_bot.coinbase_candle_feed     INFO | CoinbaseCandleFeed BTC_USD: CLOSED @ 70990.000000 vol=473.0000 (n=32)
16:37:03 backend.server.scalp_bot.scalp_runtime     INFO | ScalpRuntime BTC_USD: candle close=70990.000000 ema_f=70920.338000 ema_s=70861.804200 rsi=61.4 atr=77.347800 vwap=70827.994606 vol_ok=False ready=True
16:37:03 backend.server.scalp_bot.coinbase_candle_feed     INFO | CoinbaseCandleFeed BTC_USD: CLOSED @ 70905.000000 vol=182.0000 (n=33)
16:37:03 backend.server.scalp_bot.scalp_runtime     INFO | ScalpRuntime BTC_USD: candle close=70905.000000 ema_f=70916.929600 ema_s=70865.731100 rsi=52.2 atr=77.894400 vwap=70829.077003 vol_ok=False ready=True
16:37:03 backend.server.scalp_bot.coinbase_candle_feed     INFO | CoinbaseCandleFeed BTC_USD: CLOSED @ 70910.000000 vol=1396.0000 (n=34)
16:37:03 backend.server.scalp_bot.scalp_runtime     INFO | ScalpRuntime BTC_USD: candle close=70910.000000 ema_f=70915.389700 ema_s=70869.755500 rsi=52.6 atr=81.259100 vwap=70832.960317 vol_ok=True ready=True
16:37:03 backend.server.scalp_bot.coinbase_candle_feed     INFO | CoinbaseCandleFeed BTC_USD: CLOSED @ 70860.000000 vol=1373.0000 (n=35)
16:37:03 backend.server.scalp_bot.scalp_runtime     INFO | ScalpRuntime BTC_USD: candle close=70860.000000 ema_f=70903.080900 ema_s=70868.868600 rsi=47.8 atr=84.383500 vwap=70833.107093 vol_ok=True ready=True
16:37:03 backend.server.scalp_bot.coinbase_candle_feed     INFO | CoinbaseCandleFeed BTC_USD: CLOSED @ 70900.000000 vol=649.0000 (n=36)
16:37:03 backend.server.scalp_bot.scalp_runtime     INFO | ScalpRuntime BTC_USD: candle close=70900.000000 ema_f=70902.396300 ema_s=70871.698700 rsi=51.6 atr=85.141800 vwap=70835.581716 vol_ok=False ready=True
16:37:03 backend.server.scalp_bot.coinbase_candle_feed     INFO | CoinbaseCandleFeed BTC_USD: CLOSED @ 71110.000000 vol=1385.0000 (n=37)
16:37:03 backend.server.scalp_bot.scalp_runtime     INFO | ScalpRuntime BTC_USD: candle close=71110.000000 ema_f=70948.530500 ema_s=70893.362500 rsi=65.8 atr=104.417400 vwap=70856.753023 vol_ok=True ready=True
16:37:03 backend.server.scalp_bot.coinbase_candle_feed     INFO | CoinbaseCandleFeed BTC_USD: CLOSED @ 71125.000000 vol=523.0000 (n=38)
16:37:03 backend.server.scalp_bot.scalp_runtime     INFO | ScalpRuntime BTC_USD: candle close=71125.000000 ema_f=70987.745900 ema_s=70914.420500 rsi=66.6 atr=103.030400 vwap=70863.680116 vol_ok=False ready=True
16:37:03 backend.server.scalp_bot.coinbase_candle_feed     INFO | CoinbaseCandleFeed BTC_USD: CLOSED @ 71250.000000 vol=905.0000 (n=39)
16:37:03 backend.server.scalp_bot.scalp_runtime     INFO | ScalpRuntime BTC_USD: candle close=71250.000000 ema_f=71046.024600 ema_s=70944.927700 rsi=72.1 atr=104.599700 vwap=70877.851566 vol_ok=False ready=True
16:37:03 backend.server.scalp_bot.coinbase_candle_feed     INFO | CoinbaseCandleFeed BTC_USD: CLOSED @ 71210.000000 vol=734.0000 (n=40)
16:37:03 backend.server.scalp_bot.scalp_runtime     INFO | ScalpRuntime BTC_USD: candle close=71210.000000 ema_f=71082.463600 ema_s=70969.025200 rsi=68.2 atr=103.914000 vwap=70888.010397 vol_ok=False ready=True
16:37:03 backend.server.scalp_bot.coinbase_candle_feed     INFO | CoinbaseCandleFeed BTC_USD: CLOSED @ 71250.000000 vol=2355.0000 (n=41)
16:37:03 backend.server.scalp_bot.scalp_runtime     INFO | ScalpRuntime BTC_USD: candle close=71250.000000 ema_f=71119.693900 ema_s=70994.568400 rsi=70.0 atr=103.634400 vwap=70919.432718 vol_ok=True ready=True
16:37:03 backend.server.scalp_bot.coinbase_candle_feed     INFO | CoinbaseCandleFeed BTC_USD: CLOSED @ 71210.000000 vol=2512.0000 (n=42)
16:37:03 backend.server.scalp_bot.scalp_runtime     INFO | ScalpRuntime BTC_USD: candle close=71210.000000 ema_f=71139.761900 ema_s=71014.153100 rsi=66.1 atr=106.231900 vwap=70946.558410 vol_ok=True ready=True
16:37:03 backend.server.scalp_bot.coinbase_candle_feed     INFO | CoinbaseCandleFeed BTC_USD: CLOSED @ 71120.000000 vol=2003.0000 (n=43)
16:37:03 backend.server.scalp_bot.scalp_runtime     INFO | ScalpRuntime BTC_USD: candle close=71120.000000 ema_f=71135.370400 ema_s=71023.775500 rsi=58.2 atr=111.858200 vwap=70959.300571 vol_ok=True ready=True
16:37:03 backend.server.scalp_bot.coinbase_candle_feed     INFO | CoinbaseCandleFeed BTC_USD: CLOSED @ 70880.000000 vol=4108.0000 (n=44)
16:37:03 backend.server.scalp_bot.scalp_runtime     INFO | ScalpRuntime BTC_USD: candle close=70880.000000 ema_f=71078.621400 ema_s=71010.705000 rsi=43.4 atr=123.154000 vwap=70958.185175 vol_ok=True ready=True
16:37:03 backend.server.scalp_bot.coinbase_candle_feed     INFO | CoinbaseCandleFeed BTC_USD: CLOSED @ 71060.000000 vol=4084.0000 (n=45)
16:37:03 backend.server.scalp_bot.scalp_runtime     INFO | ScalpRuntime BTC_USD: candle close=71060.000000 ema_f=71074.483300 ema_s=71015.186400 rsi=53.0 atr=133.643000 vwap=70962.994635 vol_ok=True ready=True
16:37:03 backend.server.scalp_bot.coinbase_candle_feed     INFO | CoinbaseCandleFeed BTC_USD: CLOSED @ 71480.000000 vol=10857.0000 (n=46)
16:37:03 backend.server.scalp_bot.scalp_runtime     INFO | ScalpRuntime BTC_USD: candle close=71480.000000 ema_f=71164.598100 ema_s=71057.442200 rsi=67.1 atr=171.597100 vwap=71083.347156 vol_ok=True ready=True
16:37:03 backend.server.scalp_bot.coinbase_candle_feed     INFO | CoinbaseCandleFeed BTC_USD: CLOSED @ 71690.000000 vol=5506.0000 (n=47)
16:37:03 backend.server.scalp_bot.scalp_runtime     INFO | ScalpRuntime BTC_USD: candle close=71690.000000 ema_f=71281.354100 ema_s=71114.947500 rsi=71.7 atr=176.125900 vwap=71136.861361 vol_ok=True ready=True
16:37:03 backend.server.scalp_bot.coinbase_candle_feed     INFO | CoinbaseCandleFeed BTC_USD: CLOSED @ 71550.000000 vol=12589.0000 (n=48)
16:37:03 backend.server.scalp_bot.scalp_runtime     INFO | ScalpRuntime BTC_USD: candle close=71550.000000 ema_f=71341.053200 ema_s=71154.497700 rsi=65.2 atr=185.688300 vwap=71226.002477 vol_ok=True ready=True
16:37:03 backend.server.scalp_bot.coinbase_candle_feed     INFO | CoinbaseCandleFeed BTC_USD: CLOSED @ 71675.000000 vol=3644.0000 (n=49)
16:37:03 backend.server.scalp_bot.scalp_runtime     INFO | ScalpRuntime BTC_USD: candle close=71675.000000 ema_f=71415.263600 ema_s=71201.816100 rsi=68.0 atr=186.710600 vwap=71249.153861 vol_ok=False ready=True
16:37:03 backend.server.scalp_bot.coinbase_candle_feed     INFO | CoinbaseCandleFeed BTC_USD: CLOSED @ 71825.000000 vol=5370.0000 (n=50)
16:37:03 backend.server.scalp_bot.scalp_runtime     INFO | ScalpRuntime BTC_USD: candle close=71825.000000 ema_f=71506.316100 ema_s=71258.469200 rsi=71.0 atr=186.945600 vwap=71286.395602 vol_ok=True ready=True
16:37:03 backend.server.scalp_bot.coinbase_candle_feed     INFO | CoinbaseCandleFeed BTC_USD: CLOSED @ 71835.000000 vol=4763.0000 (n=51)
16:37:03 backend.server.scalp_bot.scalp_runtime     INFO | ScalpRuntime BTC_USD: candle close=71835.000000 ema_f=71579.357000 ema_s=71310.881100 rsi=71.2 atr=178.949500 vwap=71318.138618 vol_ok=False ready=True
16:37:03 backend.server.scalp_bot.coinbase_candle_feed     INFO | CoinbaseCandleFeed BTC_USD: CLOSED @ 72000.000000 vol=9487.0000 (n=52)
16:37:04 backend.server.scalp_bot.scalp_runtime     INFO | ScalpRuntime BTC_USD: candle close=72000.000000 ema_f=71672.833200 ema_s=71373.528300 rsi=74.3 atr=195.096000 vwap=71397.257511 vol_ok=True ready=True
16:37:04 backend.server.scalp_bot.coinbase_candle_feed     INFO | CoinbaseCandleFeed BTC_USD: CLOSED @ 71940.000000 vol=4721.0000 (n=53)
16:37:04 backend.server.scalp_bot.scalp_runtime     INFO | ScalpRuntime BTC_USD: candle close=71940.000000 ema_f=71732.203600 ema_s=71425.025700 rsi=71.3 atr=188.660600 vwap=71424.398863 vol_ok=False ready=True
16:37:04 backend.server.scalp_bot.coinbase_candle_feed     INFO | CoinbaseCandleFeed BTC_USD: CLOSED @ 71990.000000 vol=7500.0000 (n=54)
16:37:04 backend.server.scalp_bot.scalp_runtime     INFO | ScalpRuntime BTC_USD: candle close=71990.000000 ema_f=71789.491700 ema_s=71476.387000 rsi=72.3 atr=187.684800 vwap=71464.335701 vol_ok=True ready=True
16:37:04 backend.server.scalp_bot.coinbase_candle_feed     INFO | CoinbaseCandleFeed BTC_USD: CLOSED @ 71790.000000 vol=8675.0000 (n=55)
16:37:04 backend.server.scalp_bot.scalp_runtime     INFO | ScalpRuntime BTC_USD: candle close=71790.000000 ema_f=71789.604700 ema_s=71504.897300 rsi=62.9 atr=192.135900 vwap=71493.576507 vol_ok=True ready=True
16:37:04 backend.server.scalp_bot.coinbase_candle_feed     INFO | CoinbaseCandleFeed BTC_USD: CLOSED @ 71755.000000 vol=7266.0000 (n=56)
16:37:04 backend.server.scalp_bot.scalp_runtime     INFO | ScalpRuntime BTC_USD: candle close=71755.000000 ema_f=71781.914800 ema_s=71527.633900 rsi=61.4 atr=189.483300 vwap=71509.474895 vol_ok=False ready=True
16:37:04 backend.server.scalp_bot.coinbase_candle_feed     INFO | CoinbaseCandleFeed BTC_USD: CLOSED @ 71865.000000 vol=3658.0000 (n=57)
16:37:04 backend.server.scalp_bot.scalp_runtime     INFO | ScalpRuntime BTC_USD: candle close=71865.000000 ema_f=71800.378200 ema_s=71558.303500 rsi=64.3 atr=185.234500 vwap=71519.305122 vol_ok=False ready=True
16:37:04 backend.server.scalp_bot.coinbase_candle_feed     INFO | CoinbaseCandleFeed BTC_USD: CLOSED @ 71850.000000 vol=4497.0000 (n=58)
16:37:04 backend.server.scalp_bot.scalp_runtime     INFO | ScalpRuntime BTC_USD: candle close=71850.000000 ema_f=71811.405300 ema_s=71584.821400 rsi=63.6 atr=182.717700 vwap=71532.090115 vol_ok=False ready=True
16:37:04 backend.server.scalp_bot.coinbase_candle_feed     INFO | CoinbaseCandleFeed BTC_USD: CLOSED @ 72060.000000 vol=4306.0000 (n=59)
16:37:04 backend.server.scalp_bot.scalp_runtime     INFO | ScalpRuntime BTC_USD: candle close=72060.000000 ema_f=71866.648600 ema_s=71628.019500 rsi=68.7 atr=185.737900 vwap=71548.653283 vol_ok=False ready=True
16:37:04 backend.server.scalp_bot.coinbase_candle_feed     INFO | CoinbaseCandleFeed BTC_USD: CLOSED @ 72145.000000 vol=1589.0000 (n=60)
16:37:04 backend.server.scalp_bot.scalp_runtime     INFO | ScalpRuntime BTC_USD: candle close=72145.000000 ema_f=71928.504500 ema_s=71675.017700 rsi=70.5 atr=187.113800 vwap=71555.132351 vol_ok=False ready=True
16:37:04 backend.server.scalp_bot.coinbase_candle_feed     INFO | CoinbaseCandleFeed BTC_USD: CLOSED @ 72240.000000 vol=7270.0000 (n=61)
16:37:04 backend.server.scalp_bot.scalp_runtime     INFO | ScalpRuntime BTC_USD: candle close=72240.000000 ema_f=71997.725700 ema_s=71726.379700 rsi=72.4 atr=185.534200 vwap=71587.832069 vol_ok=False ready=True
16:37:04 backend.server.scalp_bot.coinbase_candle_feed     INFO | CoinbaseCandleFeed BTC_USD: CLOSED @ 72280.000000 vol=6743.0000 (n=62)
16:37:04 backend.server.scalp_bot.scalp_runtime     INFO | ScalpRuntime BTC_USD: candle close=72280.000000 ema_f=72060.453300 ema_s=71776.708800 rsi=73.2 atr=182.996000 vwap=71617.486278 vol_ok=False ready=True
16:37:04 backend.server.scalp_bot.coinbase_candle_feed     INFO | CoinbaseCandleFeed BTC_USD: CLOSED @ 72225.000000 vol=7355.0000 (n=63)
16:37:04 backend.server.scalp_bot.scalp_runtime     INFO | ScalpRuntime BTC_USD: candle close=72225.000000 ema_f=72097.019200 ema_s=71817.462500 rsi=70.2 atr=182.067700 vwap=71648.543540 vol_ok=False ready=True
16:37:04 backend.server.scalp_bot.coinbase_candle_feed     INFO | CoinbaseCandleFeed BTC_USD: CLOSED @ 72330.000000 vol=5200.0000 (n=64)
16:37:04 backend.server.scalp_bot.scalp_runtime     INFO | ScalpRuntime BTC_USD: candle close=72330.000000 ema_f=72148.792700 ema_s=71864.056800 rsi=72.5 atr=181.562900 vwap=71670.457090 vol_ok=False ready=True
16:37:04 backend.server.scalp_bot.coinbase_candle_feed     INFO | CoinbaseCandleFeed BTC_USD: CLOSED @ 72355.000000 vol=5331.0000 (n=65)
16:37:04 backend.server.scalp_bot.scalp_runtime     INFO | ScalpRuntime BTC_USD: candle close=72355.000000 ema_f=72194.616500 ema_s=71908.688000 rsi=73.1 atr=179.308400 vwap=71693.482373 vol_ok=False ready=True
16:37:04 backend.server.scalp_bot.coinbase_candle_feed     INFO | CoinbaseCandleFeed BTC_USD: CLOSED @ 72230.000000 vol=1502.0000 (n=66)
16:37:04 backend.server.scalp_bot.scalp_runtime     INFO | ScalpRuntime BTC_USD: candle close=72230.000000 ema_f=72202.479500 ema_s=71937.898200 rsi=66.2 atr=185.786400 vwap=71697.925250 vol_ok=False ready=True
16:37:04 backend.server.scalp_bot.coinbase_candle_feed     INFO | CoinbaseCandleFeed BTC_USD: CLOSED @ 72260.000000 vol=113.0000 (n=67)
16:37:04 backend.server.scalp_bot.scalp_runtime     INFO | ScalpRuntime BTC_USD: candle close=72260.000000 ema_f=72215.261800 ema_s=71967.180200 rsi=67.0 atr=180.373100 vwap=71698.293631 vol_ok=False ready=True
16:37:04 backend.server.scalp_bot.coinbase_candle_feed     INFO | CoinbaseCandleFeed BTC_USD: CLOSED @ 72335.000000 vol=3240.0000 (n=68)
16:37:04 backend.server.scalp_bot.scalp_runtime     INFO | ScalpRuntime BTC_USD: candle close=72335.000000 ema_f=72241.870300 ema_s=72000.618400 rsi=69.0 atr=181.775000 vwap=71711.099959 vol_ok=False ready=True
16:37:04 backend.server.scalp_bot.coinbase_candle_feed     INFO | CoinbaseCandleFeed BTC_USD: CLOSED @ 72405.000000 vol=1680.0000 (n=69)
16:37:04 backend.server.scalp_bot.scalp_runtime     INFO | ScalpRuntime BTC_USD: candle close=72405.000000 ema_f=72278.121300 ema_s=72037.380400 rsi=70.7 atr=176.291100 vwap=71717.598511 vol_ok=False ready=True
16:37:04 backend.server.scalp_bot.coinbase_candle_feed     INFO | CoinbaseCandleFeed BTC_USD: CLOSED @ 72310.000000 vol=798.0000 (n=70)
16:37:04 backend.server.scalp_bot.scalp_runtime     INFO | ScalpRuntime BTC_USD: candle close=72310.000000 ema_f=72285.205500 ema_s=72062.164000 rsi=65.3 atr=170.841700 vwap=71720.478465 vol_ok=False ready=True
16:37:04 backend.server.scalp_bot.coinbase_candle_feed     INFO | CoinbaseCandleFeed BTC_USD: CLOSED @ 72445.000000 vol=3487.0000 (n=71)
16:37:04 backend.server.scalp_bot.scalp_runtime     INFO | ScalpRuntime BTC_USD: candle close=72445.000000 ema_f=72320.715400 ema_s=72096.967300 rsi=68.9 atr=172.567300 vwap=71734.842057 vol_ok=False ready=True
16:37:04 backend.server.scalp_bot.coinbase_candle_feed     INFO | CoinbaseCandleFeed BTC_USD: CLOSED @ 72435.000000 vol=817.0000 (n=72)
16:37:04 backend.server.scalp_bot.scalp_runtime     INFO | ScalpRuntime BTC_USD: candle close=72435.000000 ema_f=72346.112000 ema_s=72127.697500 rsi=68.4 atr=165.598200 vwap=71738.140719 vol_ok=False ready=True
16:37:04 backend.server.scalp_bot.coinbase_candle_feed     INFO | CoinbaseCandleFeed BTC_USD: CLOSED @ 72415.000000 vol=2159.0000 (n=73)
16:37:04 backend.server.scalp_bot.scalp_runtime     INFO | ScalpRuntime BTC_USD: candle close=72415.000000 ema_f=72361.420400 ema_s=72153.815900 rsi=67.2 atr=161.269800 vwap=71746.752708 vol_ok=False ready=True
16:37:04 backend.server.scalp_bot.coinbase_candle_feed     INFO | CoinbaseCandleFeed BTC_USD: CLOSED @ 72180.000000 vol=4584.0000 (n=74)
16:37:04 backend.server.scalp_bot.scalp_runtime     INFO | ScalpRuntime BTC_USD: candle close=72180.000000 ema_f=72321.104800 ema_s=72156.196300 rsi=54.9 atr=172.250500 vwap=71757.101669 vol_ok=False ready=True
16:37:04 backend.server.scalp_bot.coinbase_candle_feed     INFO | CoinbaseCandleFeed BTC_USD: CLOSED @ 72185.000000 vol=4567.0000 (n=75)
16:37:04 backend.server.scalp_bot.scalp_runtime     INFO | ScalpRuntime BTC_USD: candle close=72185.000000 ema_f=72290.859300 ema_s=72158.814800 rsi=55.1 atr=164.589800 vwap=71766.990482 vol_ok=False ready=True
16:37:04 backend.server.scalp_bot.coinbase_candle_feed     INFO | CoinbaseCandleFeed BTC_USD: CLOSED @ 72240.000000 vol=7195.0000 (n=76)
16:37:04 backend.server.scalp_bot.scalp_runtime     INFO | ScalpRuntime BTC_USD: candle close=72240.000000 ema_f=72279.557200 ema_s=72166.195300 rsi=57.2 atr=162.119100 vwap=71783.598818 vol_ok=True ready=True
16:37:04 backend.server.scalp_bot.coinbase_candle_feed     INFO | CoinbaseCandleFeed BTC_USD: CLOSED @ 72225.000000 vol=1483.0000 (n=77)
16:37:04 backend.server.scalp_bot.scalp_runtime     INFO | ScalpRuntime BTC_USD: candle close=72225.000000 ema_f=72267.433400 ema_s=72171.541200 rsi=56.4 atr=154.824900 vwap=71786.858118 vol_ok=False ready=True
16:37:04 backend.server.scalp_bot.coinbase_candle_feed     INFO | CoinbaseCandleFeed BTC_USD: CLOSED @ 72245.000000 vol=4781.0000 (n=78)
16:37:04 backend.server.scalp_bot.scalp_runtime     INFO | ScalpRuntime BTC_USD: candle close=72245.000000 ema_f=72262.448200 ema_s=72178.219300 rsi=57.2 atr=148.051700 vwap=71797.751665 vol_ok=False ready=True
16:37:04 backend.server.scalp_bot.coinbase_candle_feed     INFO | CoinbaseCandleFeed BTC_USD: CLOSED @ 72215.000000 vol=1505.0000 (n=79)
16:37:04 backend.server.scalp_bot.scalp_runtime     INFO | ScalpRuntime BTC_USD: candle close=72215.000000 ema_f=72251.904200 ema_s=72181.563000 rsi=55.5 atr=147.833700 vwap=71800.566742 vol_ok=False ready=True
16:37:04 backend.server.scalp_bot.coinbase_candle_feed     INFO | CoinbaseCandleFeed BTC_USD: CLOSED @ 72340.000000 vol=2804.0000 (n=80)
16:37:04 backend.server.scalp_bot.scalp_runtime     INFO | ScalpRuntime BTC_USD: candle close=72340.000000 ema_f=72271.481000 ema_s=72195.966400 rsi=60.8 atr=149.774100 vwap=71807.954239 vol_ok=False ready=True
16:37:04 backend.server.scalp_bot.coinbase_candle_feed     INFO | CoinbaseCandleFeed BTC_USD: CLOSED @ 72345.000000 vol=737.0000 (n=81)
16:37:04 backend.server.scalp_bot.scalp_runtime     INFO | ScalpRuntime BTC_USD: candle close=72345.000000 ema_f=72287.818600 ema_s=72209.514900 rsi=61.0 atr=144.790200 vwap=71809.963912 vol_ok=False ready=True
16:37:04 backend.server.scalp_bot.coinbase_candle_feed     INFO | CoinbaseCandleFeed BTC_USD: CLOSED @ 72415.000000 vol=498.0000 (n=82)
16:37:04 backend.server.scalp_bot.scalp_runtime     INFO | ScalpRuntime BTC_USD: candle close=72415.000000 ema_f=72316.081100 ema_s=72228.195400 rsi=63.8 atr=140.519500 vwap=71811.361961 vol_ok=False ready=True
16:37:04 backend.server.scalp_bot.coinbase_candle_feed     INFO | CoinbaseCandleFeed BTC_USD: CLOSED @ 72455.000000 vol=4881.0000 (n=83)
16:37:04 backend.server.scalp_bot.scalp_runtime     INFO | ScalpRuntime BTC_USD: candle close=72455.000000 ema_f=72346.952000 ema_s=72248.814000 rsi=65.3 atr=136.911000 vwap=71826.293058 vol_ok=True ready=True
16:37:04 backend.server.scalp_bot.coinbase_candle_feed     INFO | CoinbaseCandleFeed BTC_USD: CLOSED @ 72385.000000 vol=1373.0000 (n=84)
16:37:04 backend.server.scalp_bot.scalp_runtime     INFO | ScalpRuntime BTC_USD: candle close=72385.000000 ema_f=72355.407100 ema_s=72261.194500 rsi=60.5 atr=133.560200 vwap=71830.090204 vol_ok=False ready=True
16:37:04 backend.server.scalp_bot.coinbase_candle_feed     INFO | CoinbaseCandleFeed BTC_USD: CLOSED @ 72340.000000 vol=1314.0000 (n=85)
16:37:04 backend.server.scalp_bot.scalp_runtime     INFO | ScalpRuntime BTC_USD: candle close=72340.000000 ema_f=72351.983300 ema_s=72268.358600 rsi=57.6 atr=129.020200 vwap=71833.361619 vol_ok=False ready=True
16:37:04 backend.server.scalp_bot.coinbase_candle_feed     INFO | CoinbaseCandleFeed BTC_USD: CLOSED @ 72350.000000 vol=2082.0000 (n=86)
16:37:04 backend.server.scalp_bot.scalp_runtime     INFO | ScalpRuntime BTC_USD: candle close=72350.000000 ema_f=72351.542600 ema_s=72275.780500 rsi=58.1 atr=125.161600 vwap=71838.415563 vol_ok=False ready=True
16:37:04 backend.server.scalp_bot.coinbase_candle_feed     INFO | CoinbaseCandleFeed BTC_USD: CLOSED @ 72560.000000 vol=8086.0000 (n=87)
16:37:04 backend.server.scalp_bot.scalp_runtime     INFO | ScalpRuntime BTC_USD: candle close=72560.000000 ema_f=72397.866500 ema_s=72301.618600 rsi=66.7 atr=135.150100 vwap=71862.981051 vol_ok=True ready=True
16:37:04 backend.server.scalp_bot.coinbase_candle_feed     INFO | CoinbaseCandleFeed BTC_USD: CLOSED @ 72760.000000 vol=19014.0000 (n=88)
16:37:04 backend.server.scalp_bot.scalp_runtime     INFO | ScalpRuntime BTC_USD: candle close=72760.000000 ema_f=72478.340600 ema_s=72343.289600 rsi=72.5 atr=145.139400 vwap=71928.767619 vol_ok=True ready=True
16:37:04 backend.server.scalp_bot.coinbase_candle_feed     INFO | CoinbaseCandleFeed BTC_USD: CLOSED @ 72845.000000 vol=12302.0000 (n=89)
16:37:04 backend.server.scalp_bot.scalp_runtime     INFO | ScalpRuntime BTC_USD: candle close=72845.000000 ema_f=72559.820500 ema_s=72388.899600 rsi=74.5 atr=149.415200 vwap=71971.330513 vol_ok=True ready=True
16:37:04 backend.server.scalp_bot.coinbase_candle_feed     INFO | CoinbaseCandleFeed BTC_USD: CLOSED @ 73075.000000 vol=21342.0000 (n=90)
16:37:04 backend.server.scalp_bot.scalp_runtime     INFO | ScalpRuntime BTC_USD: candle close=73075.000000 ema_f=72674.304800 ema_s=72451.272400 rsi=79.0 atr=161.242700 vwap=72050.840580 vol_ok=True ready=True
16:37:04 backend.server.scalp_bot.coinbase_candle_feed     INFO | CoinbaseCandleFeed BTC_USD: CLOSED @ 73030.000000 vol=4488.0000 (n=91)
16:37:04 backend.server.scalp_bot.scalp_runtime     INFO | ScalpRuntime BTC_USD: candle close=73030.000000 ema_f=72753.348200 ema_s=72503.884000 rsi=76.2 atr=161.511100 vwap=72066.797083 vol_ok=False ready=True
16:37:04 backend.server.scalp_bot.coinbase_candle_feed     INFO | CoinbaseCandleFeed BTC_USD: CLOSED @ 73460.000000 vol=12390.0000 (n=92)
16:37:04 backend.server.scalp_bot.scalp_runtime     INFO | ScalpRuntime BTC_USD: candle close=73460.000000 ema_f=72910.381900 ema_s=72590.803600 rsi=82.6 atr=182.474600 vwap=72123.144196 vol_ok=True ready=True
16:37:04 backend.server.scalp_bot.coinbase_candle_feed     INFO | CoinbaseCandleFeed BTC_USD: CLOSED @ 73345.000000 vol=14062.0000 (n=93)
16:37:04 backend.server.scalp_bot.scalp_runtime     INFO | ScalpRuntime BTC_USD: candle close=73345.000000 ema_f=73006.963700 ema_s=72659.366900 rsi=76.7 atr=180.869300 vwap=72181.069252 vol_ok=True ready=True
16:37:04 backend.server.scalp_bot.coinbase_candle_feed     INFO | CoinbaseCandleFeed BTC_USD: CLOSED @ 73340.000000 vol=17055.0000 (n=94)
16:37:04 backend.server.scalp_bot.scalp_runtime     INFO | ScalpRuntime BTC_USD: candle close=73340.000000 ema_f=73080.971800 ema_s=72721.242600 rsi=76.4 atr=176.164400 vwap=72243.372451 vol_ok=True ready=True
16:37:04 backend.server.scalp_bot.coinbase_candle_feed     INFO | CoinbaseCandleFeed BTC_USD: CLOSED @ 73150.000000 vol=7045.0000 (n=95)
16:37:04 backend.server.scalp_bot.scalp_runtime     INFO | ScalpRuntime BTC_USD: candle close=73150.000000 ema_f=73096.311400 ema_s=72760.220500 rsi=67.1 atr=178.224100 vwap=72263.810422 vol_ok=False ready=True
16:37:04 backend.server.scalp_bot.coinbase_candle_feed     INFO | CoinbaseCandleFeed BTC_USD: CLOSED @ 73130.000000 vol=1740.0000 (n=96)
16:37:04 backend.server.scalp_bot.scalp_runtime     INFO | ScalpRuntime BTC_USD: candle close=73130.000000 ema_f=73103.797800 ema_s=72793.836800 rsi=66.2 atr=174.065200 vwap=72268.447392 vol_ok=False ready=True
16:37:04 backend.server.scalp_bot.coinbase_candle_feed     INFO | CoinbaseCandleFeed BTC_USD: CLOSED @ 73080.000000 vol=1395.0000 (n=97)
16:37:04 backend.server.scalp_bot.scalp_runtime     INFO | ScalpRuntime BTC_USD: candle close=73080.000000 ema_f=73098.509400 ema_s=72819.851600 rsi=63.9 atr=170.203400 vwap=72271.949844 vol_ok=False ready=True
16:37:04 backend.server.scalp_bot.coinbase_candle_feed     INFO | CoinbaseCandleFeed BTC_USD: CLOSED @ 73170.000000 vol=3048.0000 (n=98)
16:37:04 backend.server.scalp_bot.scalp_runtime     INFO | ScalpRuntime BTC_USD: candle close=73170.000000 ema_f=73114.396200 ema_s=72851.683300 rsi=66.2 atr=166.617400 vwap=72279.862451 vol_ok=False ready=True
16:37:04 backend.server.scalp_bot.coinbase_candle_feed     INFO | CoinbaseCandleFeed BTC_USD: CLOSED @ 73300.000000 vol=997.0000 (n=99)
16:37:04 backend.server.scalp_bot.scalp_runtime     INFO | ScalpRuntime BTC_USD: candle close=73300.000000 ema_f=73155.641500 ema_s=72892.439400 rsi=69.3 atr=167.573300 vwap=72282.684313 vol_ok=False ready=True
16:37:04 backend.server.scalp_bot.coinbase_candle_feed     INFO | CoinbaseCandleFeed SOL_USD: CLOSED @ 81.770000 vol=47.0000 (n=1)
16:37:04 backend.server.scalp_bot.scalp_runtime     INFO | ScalpRuntime SOL_USD: candle close=81.770000 ema_f=0.000000 ema_s=0.000000 rsi=50.0 atr=0.000000 vwap=81.783333 vol_ok=False ready=False
16:37:04 backend.server.scalp_bot.scalp_runtime     INFO | ScalpRuntime SOL_USD: regime risk-on LIVE reasons=['live_volume_spike'] until_ts=1776112745
16:37:04 backend.server.scalp_bot.coinbase_candle_feed     INFO | CoinbaseCandleFeed SOL_USD: CLOSED @ 81.860000 vol=193.0000 (n=2)
16:37:04 backend.server.scalp_bot.scalp_runtime     INFO | ScalpRuntime SOL_USD: candle close=81.860000 ema_f=0.000000 ema_s=0.000000 rsi=50.0 atr=0.000000 vwap=81.810139 vol_ok=True ready=False
16:37:04 backend.server.scalp_bot.coinbase_candle_feed     INFO | CoinbaseCandleFeed SOL_USD: CLOSED @ 81.770000 vol=37.0000 (n=3)
16:37:04 backend.server.scalp_bot.scalp_runtime     INFO | ScalpRuntime SOL_USD: candle close=81.770000 ema_f=0.000000 ema_s=0.000000 rsi=50.0 atr=0.000000 vwap=81.807894 vol_ok=False ready=False
16:37:04 backend.server.scalp_bot.coinbase_candle_feed     INFO | CoinbaseCandleFeed SOL_USD: CLOSED @ 81.820000 vol=3.0000 (n=4)
16:37:04 backend.server.scalp_bot.scalp_runtime     INFO | ScalpRuntime SOL_USD: candle close=81.820000 ema_f=0.000000 ema_s=0.000000 rsi=50.0 atr=0.000000 vwap=81.808024 vol_ok=False ready=False
16:37:04 backend.server.scalp_bot.coinbase_candle_feed     INFO | CoinbaseCandleFeed SOL_USD: CLOSED @ 81.730000 vol=679.0000 (n=5)
16:37:04 backend.server.scalp_bot.scalp_runtime     INFO | ScalpRuntime SOL_USD: candle close=81.730000 ema_f=0.000000 ema_s=0.000000 rsi=50.0 atr=0.000000 vwap=81.759861 vol_ok=True ready=False
16:37:04 backend.server.scalp_bot.coinbase_candle_feed     INFO | CoinbaseCandleFeed SOL_USD: CLOSED @ 81.850000 vol=798.0000 (n=6)
16:37:04 backend.server.scalp_bot.scalp_runtime     INFO | ScalpRuntime SOL_USD: candle close=81.850000 ema_f=0.000000 ema_s=0.000000 rsi=50.0 atr=0.000000 vwap=81.785661 vol_ok=True ready=False
16:37:04 backend.server.scalp_bot.coinbase_candle_feed     INFO | CoinbaseCandleFeed SOL_USD: CLOSED @ 81.890000 vol=8.0000 (n=7)
16:37:04 backend.server.scalp_bot.scalp_runtime     INFO | ScalpRuntime SOL_USD: candle close=81.890000 ema_f=0.000000 ema_s=0.000000 rsi=50.0 atr=0.000000 vwap=81.786164 vol_ok=False ready=False
16:37:04 backend.server.scalp_bot.coinbase_candle_feed     INFO | CoinbaseCandleFeed SOL_USD: CLOSED @ 81.870000 vol=3.0000 (n=8)
16:37:04 backend.server.scalp_bot.scalp_runtime     INFO | ScalpRuntime SOL_USD: candle close=81.870000 ema_f=81.820000 ema_s=0.000000 rsi=50.0 atr=0.000000 vwap=81.786329 vol_ok=False ready=False
16:37:04 backend.server.scalp_bot.coinbase_candle_feed     INFO | CoinbaseCandleFeed SOL_USD: CLOSED @ 81.890000 vol=205.0000 (n=9)
16:37:04 backend.server.scalp_bot.scalp_runtime     INFO | ScalpRuntime SOL_USD: candle close=81.890000 ema_f=81.835600 ema_s=0.000000 rsi=50.0 atr=0.000000 vwap=81.798486 vol_ok=False ready=False
16:37:04 backend.server.scalp_bot.coinbase_candle_feed     INFO | CoinbaseCandleFeed SOL_USD: CLOSED @ 81.930000 vol=3.0000 (n=10)
16:37:04 backend.server.scalp_bot.scalp_runtime     INFO | ScalpRuntime SOL_USD: candle close=81.930000 ema_f=81.856600 ema_s=0.000000 rsi=50.0 atr=0.000000 vwap=81.798676 vol_ok=False ready=False
16:37:04 backend.server.scalp_bot.coinbase_candle_feed     INFO | CoinbaseCandleFeed SOL_USD: CLOSED @ 81.840000 vol=2.0000 (n=11)
16:37:04 backend.server.scalp_bot.scalp_runtime     INFO | ScalpRuntime SOL_USD: candle close=81.840000 ema_f=81.852900 ema_s=0.000000 rsi=50.0 atr=0.000000 vwap=81.798718 vol_ok=False ready=False
16:37:04 backend.server.scalp_bot.coinbase_candle_feed     INFO | CoinbaseCandleFeed SOL_USD: CLOSED @ 82.000000 vol=6.0000 (n=12)
16:37:04 backend.server.scalp_bot.scalp_runtime     INFO | ScalpRuntime SOL_USD: candle close=82.000000 ema_f=81.885600 ema_s=0.000000 rsi=50.0 atr=0.000000 vwap=81.799286 vol_ok=False ready=False
16:37:04 backend.server.scalp_bot.coinbase_candle_feed     INFO | CoinbaseCandleFeed SOL_USD: CLOSED @ 81.840000 vol=758.0000 (n=13)
16:37:04 backend.server.scalp_bot.scalp_runtime     INFO | ScalpRuntime SOL_USD: candle close=81.840000 ema_f=81.875500 ema_s=0.000000 rsi=50.0 atr=0.000000 vwap=81.826206 vol_ok=True ready=False
16:37:04 backend.server.scalp_bot.coinbase_candle_feed     INFO | CoinbaseCandleFeed SOL_USD: CLOSED @ 81.880000 vol=121.0000 (n=14)
16:37:04 backend.server.scalp_bot.scalp_runtime     INFO | ScalpRuntime SOL_USD: candle close=81.880000 ema_f=81.876500 ema_s=0.000000 rsi=50.0 atr=0.000000 vwap=81.827212 vol_ok=False ready=False
16:37:04 backend.server.scalp_bot.coinbase_candle_feed     INFO | CoinbaseCandleFeed SOL_USD: CLOSED @ 81.910000 vol=1.0000 (n=15)
16:37:04 backend.server.scalp_bot.scalp_runtime     INFO | ScalpRuntime SOL_USD: candle close=81.910000 ema_f=81.883900 ema_s=0.000000 rsi=56.7 atr=0.107100 vwap=81.827240 vol_ok=False ready=False
16:37:04 backend.server.scalp_bot.coinbase_candle_feed     INFO | CoinbaseCandleFeed SOL_USD: CLOSED @ 81.860000 vol=91.0000 (n=16)
16:37:04 backend.server.scalp_bot.scalp_runtime     INFO | ScalpRuntime SOL_USD: candle close=81.860000 ema_f=81.878600 ema_s=0.000000 rsi=53.9 atr=0.105900 vwap=81.828352 vol_ok=False ready=False
16:37:04 backend.server.scalp_bot.coinbase_candle_feed     INFO | CoinbaseCandleFeed SOL_USD: CLOSED @ 82.170000 vol=188.0000 (n=17)
16:37:04 backend.server.scalp_bot.scalp_runtime     INFO | ScalpRuntime SOL_USD: candle close=82.170000 ema_f=81.943400 ema_s=0.000000 rsi=65.3 atr=0.120500 vwap=81.844800 vol_ok=False ready=False
16:37:04 backend.server.scalp_bot.coinbase_candle_feed     INFO | CoinbaseCandleFeed SOL_USD: CLOSED @ 82.170000 vol=29.0000 (n=18)
16:37:04 backend.server.scalp_bot.scalp_runtime     INFO | ScalpRuntime SOL_USD: candle close=82.170000 ema_f=81.993800 ema_s=0.000000 rsi=65.3 atr=0.118300 vwap=81.847499 vol_ok=False ready=False
16:37:04 backend.server.scalp_bot.coinbase_candle_feed     INFO | CoinbaseCandleFeed SOL_USD: CLOSED @ 82.120000 vol=2.0000 (n=19)
16:37:04 backend.server.scalp_bot.scalp_runtime     INFO | ScalpRuntime SOL_USD: candle close=82.120000 ema_f=82.021800 ema_s=0.000000 rsi=62.4 atr=0.113400 vwap=81.847671 vol_ok=False ready=False
16:37:04 backend.server.scalp_bot.coinbase_candle_feed     INFO | CoinbaseCandleFeed SOL_USD: CLOSED @ 81.980000 vol=625.0000 (n=20)
16:37:04 backend.server.scalp_bot.scalp_runtime     INFO | ScalpRuntime SOL_USD: candle close=81.980000 ema_f=82.012500 ema_s=0.000000 rsi=55.1 atr=0.116000 vwap=81.871086 vol_ok=True ready=False
16:37:04 backend.server.scalp_bot.coinbase_candle_feed     INFO | CoinbaseCandleFeed SOL_USD: CLOSED @ 82.100000 vol=196.0000 (n=21)
16:37:04 backend.server.scalp_bot.scalp_runtime     INFO | ScalpRuntime SOL_USD: candle close=82.100000 ema_f=82.031900 ema_s=81.916700 rsi=59.5 atr=0.122700 vwap=81.879210 vol_ok=False ready=False
16:37:04 backend.server.scalp_bot.coinbase_candle_feed     INFO | CoinbaseCandleFeed SOL_USD: CLOSED @ 82.060000 vol=8.0000 (n=22)
16:37:04 backend.server.scalp_bot.scalp_runtime     INFO | ScalpRuntime SOL_USD: candle close=82.060000 ema_f=82.038100 ema_s=81.929700 rsi=57.5 atr=0.119600 vwap=81.879545 vol_ok=False ready=False
16:37:04 backend.server.scalp_bot.coinbase_candle_feed     INFO | CoinbaseCandleFeed SOL_USD: CLOSED @ 82.110000 vol=207.0000 (n=23)
16:37:04 backend.server.scalp_bot.scalp_runtime     INFO | ScalpRuntime SOL_USD: candle close=82.110000 ema_f=82.054100 ema_s=81.946100 rsi=59.3 atr=0.116100 vwap=81.890056 vol_ok=False ready=False
16:37:04 backend.server.scalp_bot.coinbase_candle_feed     INFO | CoinbaseCandleFeed SOL_USD: CLOSED @ 82.710000 vol=629.0000 (n=24)
16:37:04 backend.server.scalp_bot.scalp_runtime     INFO | ScalpRuntime SOL_USD: candle close=82.710000 ema_f=82.199900 ema_s=82.015500 rsi=74.0 atr=0.153500 vwap=81.983638 vol_ok=True ready=False
16:37:04 backend.server.scalp_bot.coinbase_candle_feed     INFO | CoinbaseCandleFeed SOL_USD: CLOSED @ 82.480000 vol=967.0000 (n=25)
16:37:04 backend.server.scalp_bot.scalp_runtime     INFO | ScalpRuntime SOL_USD: candle close=82.480000 ema_f=82.262100 ema_s=82.057700 rsi=64.4 atr=0.164000 vwap=82.080743 vol_ok=True ready=False
16:37:04 backend.server.scalp_bot.coinbase_candle_feed     INFO | CoinbaseCandleFeed SOL_USD: CLOSED @ 82.620000 vol=1402.0000 (n=26)
16:37:04 backend.server.scalp_bot.scalp_runtime     INFO | ScalpRuntime SOL_USD: candle close=82.620000 ema_f=82.341600 ema_s=82.108800 rsi=67.2 atr=0.165100 vwap=82.185632 vol_ok=True ready=False
16:37:04 backend.server.scalp_bot.coinbase_candle_feed     INFO | CoinbaseCandleFeed SOL_USD: CLOSED @ 82.530000 vol=11.0000 (n=27)
16:37:04 backend.server.scalp_bot.scalp_runtime     INFO | ScalpRuntime SOL_USD: candle close=82.530000 ema_f=82.383500 ema_s=82.147100 rsi=63.7 atr=0.160500 vwap=82.186151 vol_ok=False ready=False
16:37:04 backend.server.scalp_bot.coinbase_candle_feed     INFO | CoinbaseCandleFeed SOL_USD: CLOSED @ 82.590000 vol=818.0000 (n=28)
16:37:04 backend.server.scalp_bot.scalp_runtime     INFO | ScalpRuntime SOL_USD: candle close=82.590000 ema_f=82.429400 ema_s=82.187400 rsi=65.0 atr=0.163300 vwap=82.228612 vol_ok=True ready=False
16:37:04 backend.server.scalp_bot.coinbase_candle_feed     INFO | CoinbaseCandleFeed SOL_USD: CLOSED @ 82.500000 vol=153.0000 (n=29)
16:37:04 backend.server.scalp_bot.scalp_runtime     INFO | ScalpRuntime SOL_USD: candle close=82.500000 ema_f=82.445100 ema_s=82.215800 rsi=61.5 atr=0.161600 vwap=82.234304 vol_ok=False ready=False
16:37:04 backend.server.scalp_bot.coinbase_candle_feed     INFO | CoinbaseCandleFeed SOL_USD: CLOSED @ 82.390000 vol=1510.0000 (n=30)
16:37:04 backend.server.scalp_bot.scalp_runtime     INFO | ScalpRuntime SOL_USD: candle close=82.390000 ema_f=82.432900 ema_s=82.231600 rsi=57.4 atr=0.166500 vwap=82.261136 vol_ok=True ready=True
16:37:04 backend.server.scalp_bot.coinbase_candle_feed     INFO | CoinbaseCandleFeed SOL_USD: CLOSED @ 82.600000 vol=1257.0000 (n=31)
16:37:05 backend.server.scalp_bot.scalp_runtime     INFO | ScalpRuntime SOL_USD: candle close=82.600000 ema_f=82.470000 ema_s=82.265100 rsi=62.5 atr=0.185300 vwap=82.304217 vol_ok=True ready=True
16:37:05 backend.server.scalp_bot.coinbase_candle_feed     INFO | CoinbaseCandleFeed SOL_USD: CLOSED @ 83.300000 vol=1219.0000 (n=32)
16:37:05 backend.server.scalp_bot.scalp_runtime     INFO | ScalpRuntime SOL_USD: candle close=83.300000 ema_f=82.654400 ema_s=82.359200 rsi=73.9 atr=0.239200 vwap=82.403243 vol_ok=True ready=True
16:37:05 backend.server.scalp_bot.coinbase_candle_feed     INFO | CoinbaseCandleFeed SOL_USD: CLOSED @ 83.370000 vol=874.0000 (n=33)
16:37:05 backend.server.scalp_bot.scalp_runtime     INFO | ScalpRuntime SOL_USD: candle close=83.370000 ema_f=82.813400 ema_s=82.451100 rsi=74.7 atr=0.257800 vwap=82.476473 vol_ok=True ready=True
16:37:05 backend.server.scalp_bot.coinbase_candle_feed     INFO | CoinbaseCandleFeed SOL_USD: CLOSED @ 83.180000 vol=592.0000 (n=34)
16:37:05 backend.server.scalp_bot.scalp_runtime     INFO | ScalpRuntime SOL_USD: candle close=83.180000 ema_f=82.894900 ema_s=82.517400 rsi=68.4 atr=0.260800 vwap=82.510474 vol_ok=False ready=True
16:37:05 backend.server.scalp_bot.coinbase_candle_feed     INFO | CoinbaseCandleFeed SOL_USD: CLOSED @ 82.950000 vol=504.0000 (n=35)
16:37:05 backend.server.scalp_bot.scalp_runtime     INFO | ScalpRuntime SOL_USD: candle close=82.950000 ema_f=82.907100 ema_s=82.556700 rsi=61.6 atr=0.270700 vwap=82.529459 vol_ok=False ready=True
16:37:05 backend.server.scalp_bot.coinbase_candle_feed     INFO | CoinbaseCandleFeed SOL_USD: CLOSED @ 83.040000 vol=844.0000 (n=36)
16:37:05 backend.server.scalp_bot.scalp_runtime     INFO | ScalpRuntime SOL_USD: candle close=83.040000 ema_f=82.936600 ema_s=82.600600 rsi=63.1 atr=0.276400 vwap=82.556516 vol_ok=False ready=True
16:37:05 backend.server.scalp_bot.coinbase_candle_feed     INFO | CoinbaseCandleFeed SOL_USD: CLOSED @ 83.000000 vol=133.0000 (n=37)
16:37:05 backend.server.scalp_bot.scalp_runtime     INFO | ScalpRuntime SOL_USD: candle close=83.000000 ema_f=82.950700 ema_s=82.636900 rsi=62.0 atr=0.265200 vwap=82.560768 vol_ok=False ready=True
16:37:05 backend.server.scalp_bot.coinbase_candle_feed     INFO | CoinbaseCandleFeed SOL_USD: CLOSED @ 83.250000 vol=371.0000 (n=38)
16:37:05 backend.server.scalp_bot.scalp_runtime     INFO | ScalpRuntime SOL_USD: candle close=83.250000 ema_f=83.017200 ema_s=82.692600 rsi=66.2 atr=0.267700 vwap=82.575196 vol_ok=False ready=True
16:37:05 backend.server.scalp_bot.coinbase_candle_feed     INFO | CoinbaseCandleFeed SOL_USD: CLOSED @ 83.350000 vol=306.0000 (n=39)
16:37:05 backend.server.scalp_bot.scalp_runtime     INFO | ScalpRuntime SOL_USD: candle close=83.350000 ema_f=83.091200 ema_s=82.752400 rsi=67.8 atr=0.262100 vwap=82.588975 vol_ok=False ready=True
16:37:05 backend.server.scalp_bot.coinbase_candle_feed     INFO | CoinbaseCandleFeed SOL_USD: CLOSED @ 83.380000 vol=333.0000 (n=40)
16:37:05 backend.server.scalp_bot.scalp_runtime     INFO | ScalpRuntime SOL_USD: candle close=83.380000 ema_f=83.155400 ema_s=82.809500 rsi=68.3 atr=0.257700 vwap=82.603927 vol_ok=False ready=True
16:37:05 backend.server.scalp_bot.coinbase_candle_feed     INFO | CoinbaseCandleFeed SOL_USD: CLOSED @ 83.830000 vol=495.0000 (n=41)
16:37:05 backend.server.scalp_bot.scalp_runtime     INFO | ScalpRuntime SOL_USD: candle close=83.830000 ema_f=83.305300 ema_s=82.902300 rsi=74.4 atr=0.271400 vwap=82.635960 vol_ok=False ready=True
16:37:05 backend.server.scalp_bot.coinbase_candle_feed     INFO | CoinbaseCandleFeed SOL_USD: CLOSED @ 83.410000 vol=1397.0000 (n=42)
16:37:05 backend.server.scalp_bot.scalp_runtime     INFO | ScalpRuntime SOL_USD: candle close=83.410000 ema_f=83.328600 ema_s=82.948500 rsi=62.3 atr=0.282000 vwap=82.706801 vol_ok=True ready=True
16:37:05 backend.server.scalp_bot.coinbase_candle_feed     INFO | CoinbaseCandleFeed SOL_USD: CLOSED @ 83.270000 vol=307.0000 (n=43)
16:37:05 backend.server.scalp_bot.scalp_runtime     INFO | ScalpRuntime SOL_USD: candle close=83.270000 ema_f=83.315600 ema_s=82.977700 rsi=58.9 atr=0.279000 vwap=82.716401 vol_ok=False ready=True
16:37:05 backend.server.scalp_bot.coinbase_candle_feed     INFO | CoinbaseCandleFeed SOL_USD: CLOSED @ 83.140000 vol=967.0000 (n=44)
16:37:05 backend.server.scalp_bot.scalp_runtime     INFO | ScalpRuntime SOL_USD: candle close=83.140000 ema_f=83.276600 ema_s=82.992500 rsi=55.8 atr=0.271900 vwap=82.740632 vol_ok=False ready=True
16:37:05 backend.server.scalp_bot.coinbase_candle_feed     INFO | CoinbaseCandleFeed SOL_USD: CLOSED @ 83.070000 vol=542.0000 (n=45)
16:37:05 backend.server.scalp_bot.scalp_runtime     INFO | ScalpRuntime SOL_USD: candle close=83.070000 ema_f=83.230700 ema_s=82.999500 rsi=54.2 atr=0.265300 vwap=82.750540 vol_ok=False ready=True
16:37:05 backend.server.scalp_bot.coinbase_candle_feed     INFO | CoinbaseCandleFeed SOL_USD: CLOSED @ 82.920000 vol=414.0000 (n=46)
16:37:05 backend.server.scalp_bot.scalp_runtime     INFO | ScalpRuntime SOL_USD: candle close=82.920000 ema_f=83.161700 ema_s=82.992300 rsi=50.8 atr=0.264200 vwap=82.753867 vol_ok=False ready=True
16:37:05 backend.server.scalp_bot.coinbase_candle_feed     INFO | CoinbaseCandleFeed SOL_USD: CLOSED @ 82.520000 vol=1000.0000 (n=47)
16:37:05 backend.server.scalp_bot.scalp_runtime     INFO | ScalpRuntime SOL_USD: candle close=82.520000 ema_f=83.019100 ema_s=82.949400 rsi=43.0 atr=0.276000 vwap=82.748353 vol_ok=False ready=True
16:37:05 backend.server.scalp_bot.coinbase_candle_feed     INFO | CoinbaseCandleFeed SOL_USD: CLOSED @ 82.450000 vol=716.0000 (n=48)
16:37:05 backend.server.scalp_bot.scalp_runtime     INFO | ScalpRuntime SOL_USD: candle close=82.450000 ema_f=82.892600 ema_s=82.904000 rsi=41.8 atr=0.272700 vwap=82.739608 vol_ok=False ready=True
16:37:05 backend.server.scalp_bot.coinbase_candle_feed     INFO | CoinbaseCandleFeed SOL_USD: CLOSED @ 82.540000 vol=452.0000 (n=49)
16:37:05 backend.server.scalp_bot.scalp_runtime     INFO | ScalpRuntime SOL_USD: candle close=82.540000 ema_f=82.814200 ema_s=82.870900 rsi=43.9 atr=0.259700 vwap=82.734980 vol_ok=False ready=True
16:37:05 backend.server.scalp_bot.coinbase_candle_feed     INFO | CoinbaseCandleFeed SOL_USD: CLOSED @ 82.490000 vol=1045.0000 (n=50)
16:37:05 backend.server.scalp_bot.scalp_runtime     INFO | ScalpRuntime SOL_USD: candle close=82.490000 ema_f=82.742200 ema_s=82.836300 rsi=43.0 atr=0.251200 vwap=82.725555 vol_ok=True ready=True
16:37:05 backend.server.scalp_bot.coinbase_candle_feed     INFO | CoinbaseCandleFeed SOL_USD: CLOSED @ 82.560000 vol=253.0000 (n=51)
16:37:05 backend.server.scalp_bot.scalp_runtime     INFO | ScalpRuntime SOL_USD: candle close=82.560000 ema_f=82.701700 ema_s=82.811200 rsi=44.8 atr=0.242500 vwap=82.723327 vol_ok=False ready=True
16:37:05 backend.server.scalp_bot.coinbase_candle_feed     INFO | CoinbaseCandleFeed SOL_USD: CLOSED @ 82.710000 vol=232.0000 (n=52)
16:37:05 backend.server.scalp_bot.scalp_runtime     INFO | ScalpRuntime SOL_USD: candle close=82.710000 ema_f=82.703500 ema_s=82.802000 rsi=48.6 atr=0.235900 vwap=82.722972 vol_ok=False ready=True
16:37:05 backend.server.scalp_bot.coinbase_candle_feed     INFO | CoinbaseCandleFeed SOL_USD: CLOSED @ 82.650000 vol=376.0000 (n=53)
16:37:05 backend.server.scalp_bot.scalp_runtime     INFO | ScalpRuntime SOL_USD: candle close=82.650000 ema_f=82.691600 ema_s=82.788200 rsi=47.2 atr=0.232600 vwap=82.722308 vol_ok=False ready=True
16:37:05 backend.server.scalp_bot.coinbase_candle_feed     INFO | CoinbaseCandleFeed SOL_USD: CLOSED @ 82.910000 vol=174.0000 (n=54)
16:37:05 backend.server.scalp_bot.scalp_runtime     INFO | ScalpRuntime SOL_USD: candle close=82.910000 ema_f=82.740100 ema_s=82.799300 rsi=53.5 atr=0.237400 vwap=82.723665 vol_ok=False ready=True
16:37:05 backend.server.scalp_bot.coinbase_candle_feed     INFO | CoinbaseCandleFeed SOL_USD: CLOSED @ 83.050000 vol=140.0000 (n=55)
16:37:05 backend.server.scalp_bot.scalp_runtime     INFO | ScalpRuntime SOL_USD: candle close=83.050000 ema_f=82.809000 ema_s=82.822100 rsi=56.5 atr=0.240400 vwap=82.725216 vol_ok=False ready=True
16:37:05 backend.server.scalp_bot.coinbase_candle_feed     INFO | CoinbaseCandleFeed SOL_USD: CLOSED @ 83.170000 vol=407.0000 (n=56)
16:37:05 backend.server.scalp_bot.scalp_runtime     INFO | ScalpRuntime SOL_USD: candle close=83.170000 ema_f=82.889200 ema_s=82.853700 rsi=58.9 atr=0.238900 vwap=82.732388 vol_ok=False ready=True
16:37:05 backend.server.scalp_bot.coinbase_candle_feed     INFO | CoinbaseCandleFeed SOL_USD: CLOSED @ 83.320000 vol=203.0000 (n=57)
16:37:05 backend.server.scalp_bot.scalp_runtime     INFO | ScalpRuntime SOL_USD: candle close=83.320000 ema_f=82.984900 ema_s=82.896100 rsi=61.8 atr=0.239000 vwap=82.736897 vol_ok=False ready=True
16:37:05 backend.server.scalp_bot.coinbase_candle_feed     INFO | CoinbaseCandleFeed SOL_USD: CLOSED @ 83.410000 vol=1168.0000 (n=58)
16:37:05 backend.server.scalp_bot.scalp_runtime     INFO | ScalpRuntime SOL_USD: candle close=83.410000 ema_f=83.079400 ema_s=82.942800 rsi=63.4 atr=0.236200 vwap=82.767095 vol_ok=True ready=True
16:37:05 backend.server.scalp_bot.coinbase_candle_feed     INFO | CoinbaseCandleFeed SOL_USD: CLOSED @ 83.290000 vol=168.0000 (n=59)
16:37:05 backend.server.scalp_bot.scalp_runtime     INFO | ScalpRuntime SOL_USD: candle close=83.290000 ema_f=83.126200 ema_s=82.974400 rsi=59.7 atr=0.235000 vwap=82.770863 vol_ok=False ready=True
16:37:05 backend.server.scalp_bot.coinbase_candle_feed     INFO | CoinbaseCandleFeed SOL_USD: CLOSED @ 83.530000 vol=155.0000 (n=60)
16:37:05 backend.server.scalp_bot.scalp_runtime     INFO | ScalpRuntime SOL_USD: candle close=83.530000 ema_f=83.215900 ema_s=83.024900 rsi=64.2 atr=0.239600 vwap=82.774837 vol_ok=False ready=True
16:37:05 backend.server.scalp_bot.coinbase_candle_feed     INFO | CoinbaseCandleFeed SOL_USD: CLOSED @ 83.430000 vol=447.0000 (n=61)
16:37:05 backend.server.scalp_bot.scalp_runtime     INFO | ScalpRuntime SOL_USD: candle close=83.430000 ema_f=83.263500 ema_s=83.061700 rsi=61.2 atr=0.239600 vwap=82.786923 vol_ok=False ready=True
16:37:05 backend.server.scalp_bot.coinbase_candle_feed     INFO | CoinbaseCandleFeed SOL_USD: CLOSED @ 83.230000 vol=776.0000 (n=62)
16:37:05 backend.server.scalp_bot.scalp_runtime     INFO | ScalpRuntime SOL_USD: candle close=83.230000 ema_f=83.256100 ema_s=83.077000 rsi=55.4 atr=0.243900 vwap=82.800697 vol_ok=True ready=True
16:37:05 backend.server.scalp_bot.coinbase_candle_feed     INFO | CoinbaseCandleFeed SOL_USD: CLOSED @ 83.300000 vol=37.0000 (n=63)
16:37:05 backend.server.scalp_bot.scalp_runtime     INFO | ScalpRuntime SOL_USD: candle close=83.300000 ema_f=83.265900 ema_s=83.097300 rsi=57.0 atr=0.238600 vwap=82.801392 vol_ok=False ready=True
16:37:05 backend.server.scalp_bot.coinbase_candle_feed     INFO | CoinbaseCandleFeed SOL_USD: CLOSED @ 83.360000 vol=290.0000 (n=64)
16:37:05 backend.server.scalp_bot.scalp_runtime     INFO | ScalpRuntime SOL_USD: candle close=83.360000 ema_f=83.286800 ema_s=83.121200 rsi=58.3 atr=0.240100 vwap=82.807801 vol_ok=False ready=True
16:37:05 backend.server.scalp_bot.coinbase_candle_feed     INFO | CoinbaseCandleFeed SOL_USD: CLOSED @ 83.390000 vol=41.0000 (n=65)
16:37:05 backend.server.scalp_bot.scalp_runtime     INFO | ScalpRuntime SOL_USD: candle close=83.390000 ema_f=83.309700 ema_s=83.145600 rsi=58.9 atr=0.229400 vwap=82.808667 vol_ok=False ready=True
16:37:05 backend.server.scalp_bot.coinbase_candle_feed     INFO | CoinbaseCandleFeed SOL_USD: CLOSED @ 83.620000 vol=389.0000 (n=66)
16:37:05 backend.server.scalp_bot.scalp_runtime     INFO | ScalpRuntime SOL_USD: candle close=83.620000 ema_f=83.378700 ema_s=83.188700 rsi=63.8 atr=0.235900 vwap=82.818662 vol_ok=False ready=True
16:37:05 backend.server.scalp_bot.coinbase_candle_feed     INFO | CoinbaseCandleFeed SOL_USD: CLOSED @ 83.680000 vol=554.0000 (n=67)
16:37:05 backend.server.scalp_bot.scalp_runtime     INFO | ScalpRuntime SOL_USD: candle close=83.680000 ema_f=83.445700 ema_s=83.233400 rsi=64.9 atr=0.236200 vwap=82.835906 vol_ok=False ready=True
16:37:05 backend.server.scalp_bot.coinbase_candle_feed     INFO | CoinbaseCandleFeed SOL_USD: CLOSED @ 83.540000 vol=265.0000 (n=68)
16:37:05 backend.server.scalp_bot.scalp_runtime     INFO | ScalpRuntime SOL_USD: candle close=83.540000 ema_f=83.466700 ema_s=83.261300 rsi=60.1 atr=0.229300 vwap=82.842551 vol_ok=False ready=True
16:37:05 backend.server.scalp_bot.coinbase_candle_feed     INFO | CoinbaseCandleFeed SOL_USD: CLOSED @ 83.510000 vol=34.0000 (n=69)
16:37:05 backend.server.scalp_bot.scalp_runtime     INFO | ScalpRuntime SOL_USD: candle close=83.510000 ema_f=83.476300 ema_s=83.283900 rsi=59.1 atr=0.216500 vwap=82.843329 vol_ok=False ready=True
16:37:05 backend.server.scalp_bot.coinbase_candle_feed     INFO | CoinbaseCandleFeed SOL_USD: CLOSED @ 83.340000 vol=171.0000 (n=70)
16:37:05 backend.server.scalp_bot.scalp_runtime     INFO | ScalpRuntime SOL_USD: candle close=83.340000 ema_f=83.446000 ema_s=83.289000 rsi=53.6 atr=0.216000 vwap=82.846587 vol_ok=False ready=True
16:37:05 backend.server.scalp_bot.coinbase_candle_feed     INFO | CoinbaseCandleFeed SOL_USD: CLOSED @ 83.190000 vol=1051.0000 (n=71)
16:37:05 backend.server.scalp_bot.scalp_runtime     INFO | ScalpRuntime SOL_USD: candle close=83.190000 ema_f=83.389100 ema_s=83.280000 rsi=49.2 atr=0.224900 vwap=82.859216 vol_ok=True ready=True
16:37:05 backend.server.scalp_bot.coinbase_candle_feed     INFO | CoinbaseCandleFeed SOL_USD: CLOSED @ 83.080000 vol=1035.0000 (n=72)
16:37:05 backend.server.scalp_bot.scalp_runtime     INFO | ScalpRuntime SOL_USD: candle close=83.080000 ema_f=83.320400 ema_s=83.261800 rsi=46.2 atr=0.218800 vwap=82.866719 vol_ok=True ready=True
16:37:05 backend.server.scalp_bot.coinbase_candle_feed     INFO | CoinbaseCandleFeed SOL_USD: CLOSED @ 83.040000 vol=257.0000 (n=73)
16:37:05 backend.server.scalp_bot.scalp_runtime     INFO | ScalpRuntime SOL_USD: candle close=83.040000 ema_f=83.258100 ema_s=83.241600 rsi=45.2 atr=0.210300 vwap=82.868160 vol_ok=False ready=True
16:37:05 backend.server.scalp_bot.coinbase_candle_feed     INFO | CoinbaseCandleFeed SOL_USD: CLOSED @ 83.090000 vol=68.0000 (n=74)
16:37:05 backend.server.scalp_bot.scalp_runtime     INFO | ScalpRuntime SOL_USD: candle close=83.090000 ema_f=83.220700 ema_s=83.227800 rsi=46.8 atr=0.205300 vwap=82.868559 vol_ok=False ready=True
16:37:05 backend.server.scalp_bot.coinbase_candle_feed     INFO | CoinbaseCandleFeed SOL_USD: CLOSED @ 83.080000 vol=544.0000 (n=75)
16:37:05 backend.server.scalp_bot.scalp_runtime     INFO | ScalpRuntime SOL_USD: candle close=83.080000 ema_f=83.189400 ema_s=83.214400 rsi=46.5 atr=0.199900 vwap=82.871688 vol_ok=False ready=True
16:37:05 backend.server.scalp_bot.coinbase_candle_feed     INFO | CoinbaseCandleFeed SOL_USD: CLOSED @ 82.790000 vol=1031.0000 (n=76)
16:37:05 backend.server.scalp_bot.scalp_runtime     INFO | ScalpRuntime SOL_USD: candle close=82.790000 ema_f=83.100600 ema_s=83.175800 rsi=38.7 atr=0.216300 vwap=82.868274 vol_ok=True ready=True
16:37:05 backend.server.scalp_bot.coinbase_candle_feed     INFO | CoinbaseCandleFeed SOL_USD: CLOSED @ 82.990000 vol=280.0000 (n=77)
16:37:05 backend.server.scalp_bot.scalp_runtime     INFO | ScalpRuntime SOL_USD: candle close=82.990000 ema_f=83.076000 ema_s=83.158900 rsi=45.5 atr=0.216600 vwap=82.868782 vol_ok=False ready=True
16:37:05 backend.server.scalp_bot.coinbase_candle_feed     INFO | CoinbaseCandleFeed SOL_USD: CLOSED @ 83.010000 vol=618.0000 (n=78)
16:37:05 backend.server.scalp_bot.scalp_runtime     INFO | ScalpRuntime SOL_USD: candle close=83.010000 ema_f=83.061300 ema_s=83.145400 rsi=46.1 atr=0.207600 vwap=82.871659 vol_ok=True ready=True
16:37:05 backend.server.scalp_bot.coinbase_candle_feed     INFO | CoinbaseCandleFeed SOL_USD: CLOSED @ 83.170000 vol=87.0000 (n=79)
16:37:05 backend.server.scalp_bot.scalp_runtime     INFO | ScalpRuntime SOL_USD: candle close=83.170000 ema_f=83.085500 ema_s=83.147600 rsi=51.1 atr=0.207800 vwap=82.872407 vol_ok=False ready=True
16:37:05 backend.server.scalp_bot.coinbase_candle_feed     INFO | CoinbaseCandleFeed SOL_USD: CLOSED @ 83.190000 vol=240.0000 (n=80)
16:37:05 backend.server.scalp_bot.scalp_runtime     INFO | ScalpRuntime SOL_USD: candle close=83.190000 ema_f=83.108700 ema_s=83.151500 rsi=51.7 atr=0.199400 vwap=82.874656 vol_ok=False ready=True
16:37:05 backend.server.scalp_bot.coinbase_candle_feed     INFO | CoinbaseCandleFeed SOL_USD: CLOSED @ 83.210000 vol=13.0000 (n=81)
16:37:05 backend.server.scalp_bot.scalp_runtime     INFO | ScalpRuntime SOL_USD: candle close=83.210000 ema_f=83.131200 ema_s=83.156800 rsi=52.3 atr=0.188700 vwap=82.874774 vol_ok=False ready=True
16:37:05 backend.server.scalp_bot.coinbase_candle_feed     INFO | CoinbaseCandleFeed SOL_USD: CLOSED @ 83.140000 vol=546.0000 (n=82)
16:37:05 backend.server.scalp_bot.scalp_runtime     INFO | ScalpRuntime SOL_USD: candle close=83.140000 ema_f=83.133200 ema_s=83.155300 rsi=49.9 atr=0.185200 vwap=82.879466 vol_ok=False ready=True
16:37:05 backend.server.scalp_bot.coinbase_candle_feed     INFO | CoinbaseCandleFeed SOL_USD: CLOSED @ 83.160000 vol=8.0000 (n=83)
16:37:05 backend.server.scalp_bot.scalp_runtime     INFO | ScalpRuntime SOL_USD: candle close=83.160000 ema_f=83.139200 ema_s=83.155700 rsi=50.6 atr=0.177700 vwap=82.879534 vol_ok=False ready=True
16:37:05 backend.server.scalp_bot.coinbase_candle_feed     INFO | CoinbaseCandleFeed SOL_USD: CLOSED @ 83.160000 vol=432.0000 (n=84)
16:37:05 backend.server.scalp_bot.scalp_runtime     INFO | ScalpRuntime SOL_USD: candle close=83.160000 ema_f=83.143800 ema_s=83.156100 rsi=50.6 atr=0.169300 vwap=82.882984 vol_ok=False ready=True
16:37:05 backend.server.scalp_bot.coinbase_candle_feed     INFO | CoinbaseCandleFeed SOL_USD: CLOSED @ 83.340000 vol=338.0000 (n=85)
16:37:05 backend.server.scalp_bot.scalp_runtime     INFO | ScalpRuntime SOL_USD: candle close=83.340000 ema_f=83.187400 ema_s=83.172800 rsi=57.0 atr=0.179400 vwap=82.887177 vol_ok=False ready=True
16:37:05 backend.server.scalp_bot.coinbase_candle_feed     INFO | CoinbaseCandleFeed SOL_USD: CLOSED @ 83.460000 vol=921.0000 (n=86)
16:37:05 backend.server.scalp_bot.scalp_runtime     INFO | ScalpRuntime SOL_USD: candle close=83.460000 ema_f=83.248000 ema_s=83.198900 rsi=60.6 atr=0.184400 vwap=82.900941 vol_ok=True ready=True
16:37:05 backend.server.scalp_bot.coinbase_candle_feed     INFO | CoinbaseCandleFeed SOL_USD: CLOSED @ 83.540000 vol=793.0000 (n=87)
16:37:05 backend.server.scalp_bot.scalp_runtime     INFO | ScalpRuntime SOL_USD: candle close=83.540000 ema_f=83.312900 ema_s=83.229900 rsi=62.9 atr=0.181200 vwap=82.913717 vol_ok=True ready=True
16:37:05 backend.server.scalp_bot.coinbase_candle_feed     INFO | CoinbaseCandleFeed SOL_USD: CLOSED @ 83.840000 vol=1413.0000 (n=88)
16:37:05 backend.server.scalp_bot.scalp_runtime     INFO | ScalpRuntime SOL_USD: candle close=83.840000 ema_f=83.430000 ema_s=83.285400 rsi=69.9 atr=0.189700 vwap=82.944049 vol_ok=True ready=True
16:37:05 backend.server.scalp_bot.coinbase_candle_feed     INFO | CoinbaseCandleFeed SOL_USD: CLOSED @ 83.750000 vol=1106.0000 (n=89)
16:37:05 backend.server.scalp_bot.scalp_runtime     INFO | ScalpRuntime SOL_USD: candle close=83.750000 ema_f=83.501100 ema_s=83.327600 rsi=65.9 atr=0.189000 vwap=82.966225 vol_ok=True ready=True
16:37:05 backend.server.scalp_bot.coinbase_candle_feed     INFO | CoinbaseCandleFeed SOL_USD: CLOSED @ 83.930000 vol=1542.0000 (n=90)
16:37:05 backend.server.scalp_bot.scalp_runtime     INFO | ScalpRuntime SOL_USD: candle close=83.930000 ema_f=83.596400 ema_s=83.382400 rsi=69.6 atr=0.194100 vwap=83.000694 vol_ok=True ready=True
16:37:05 backend.server.scalp_bot.coinbase_candle_feed     INFO | CoinbaseCandleFeed SOL_USD: CLOSED @ 84.220000 vol=1057.0000 (n=91)
16:37:05 backend.server.scalp_bot.scalp_runtime     INFO | ScalpRuntime SOL_USD: candle close=84.220000 ema_f=83.735000 ema_s=83.458500 rsi=74.5 atr=0.200900 vwap=83.028208 vol_ok=True ready=True
16:37:05 backend.server.scalp_bot.coinbase_candle_feed     INFO | CoinbaseCandleFeed SOL_USD: CLOSED @ 84.150000 vol=1790.0000 (n=92)
16:37:05 backend.server.scalp_bot.scalp_runtime     INFO | ScalpRuntime SOL_USD: candle close=84.150000 ema_f=83.827200 ema_s=83.521400 rsi=71.5 atr=0.201500 vwap=83.074108 vol_ok=True ready=True
16:37:05 backend.server.scalp_bot.coinbase_candle_feed     INFO | CoinbaseCandleFeed SOL_USD: CLOSED @ 84.050000 vol=1253.0000 (n=93)
16:37:05 backend.server.scalp_bot.scalp_runtime     INFO | ScalpRuntime SOL_USD: candle close=84.050000 ema_f=83.876700 ema_s=83.569500 rsi=67.4 atr=0.202800 vwap=83.102582 vol_ok=True ready=True
16:37:05 backend.server.scalp_bot.coinbase_candle_feed     INFO | CoinbaseCandleFeed SOL_USD: CLOSED @ 84.140000 vol=1366.0000 (n=94)
16:37:05 backend.server.scalp_bot.scalp_runtime     INFO | ScalpRuntime SOL_USD: candle close=84.140000 ema_f=83.935200 ema_s=83.621400 rsi=69.1 atr=0.199700 vwap=83.131243 vol_ok=True ready=True
16:37:05 backend.server.scalp_bot.coinbase_candle_feed     INFO | CoinbaseCandleFeed SOL_USD: CLOSED @ 83.890000 vol=514.0000 (n=95)
16:37:05 backend.server.scalp_bot.scalp_runtime     INFO | ScalpRuntime SOL_USD: candle close=83.890000 ema_f=83.925200 ema_s=83.645800 rsi=59.6 atr=0.203300 vwap=83.139966 vol_ok=False ready=True
16:37:05 backend.server.scalp_bot.coinbase_candle_feed     INFO | CoinbaseCandleFeed SOL_USD: CLOSED @ 83.950000 vol=39.0000 (n=96)
16:37:05 backend.server.scalp_bot.scalp_runtime     INFO | ScalpRuntime SOL_USD: candle close=83.950000 ema_f=83.930700 ema_s=83.673500 rsi=61.0 atr=0.193100 vwap=83.140615 vol_ok=False ready=True
16:37:05 backend.server.scalp_bot.coinbase_candle_feed     INFO | CoinbaseCandleFeed SOL_USD: CLOSED @ 83.900000 vol=57.0000 (n=97)
16:37:05 backend.server.scalp_bot.scalp_runtime     INFO | ScalpRuntime SOL_USD: candle close=83.900000 ema_f=83.923900 ema_s=83.694100 rsi=59.2 atr=0.183600 vwap=83.141537 vol_ok=False ready=True
16:37:05 backend.server.scalp_bot.coinbase_candle_feed     INFO | CoinbaseCandleFeed SOL_USD: CLOSED @ 84.110000 vol=630.0000 (n=98)
16:37:05 backend.server.scalp_bot.scalp_runtime     INFO | ScalpRuntime SOL_USD: candle close=84.110000 ema_f=83.965300 ema_s=83.731900 rsi=64.0 atr=0.185500 vwap=83.153142 vol_ok=False ready=True
16:37:05 backend.server.scalp_bot.coinbase_candle_feed     INFO | CoinbaseCandleFeed SOL_USD: CLOSED @ 84.200000 vol=104.0000 (n=99)
16:37:05 backend.server.scalp_bot.scalp_runtime     INFO | ScalpRuntime SOL_USD: candle close=84.200000 ema_f=84.017500 ema_s=83.774500 rsi=65.9 atr=0.179400 vwap=83.155298 vol_ok=False ready=True
16:37:05 backend.server.scalp_bot.coinbase_candle_feed     INFO | CoinbaseCandleFeed XRP_USD: CLOSED @ 1.328700 vol=370.0000 (n=1)
16:37:05 backend.server.scalp_bot.scalp_runtime     INFO | ScalpRuntime XRP_USD: candle close=1.328700 ema_f=0.000000 ema_s=0.000000 rsi=50.0 atr=0.000000 vwap=1.328567 vol_ok=False ready=False
16:37:05 backend.server.scalp_bot.coinbase_candle_feed     INFO | CoinbaseCandleFeed XRP_USD: CLOSED @ 1.327700 vol=104.0000 (n=2)
16:37:05 backend.server.scalp_bot.scalp_runtime     INFO | ScalpRuntime XRP_USD: candle close=1.327700 ema_f=0.000000 ema_s=0.000000 rsi=50.0 atr=0.000000 vwap=1.328435 vol_ok=False ready=False
16:37:05 backend.server.scalp_bot.coinbase_candle_feed     INFO | CoinbaseCandleFeed XRP_USD: CLOSED @ 1.326200 vol=125.0000 (n=3)
16:37:05 backend.server.scalp_bot.scalp_runtime     INFO | ScalpRuntime XRP_USD: candle close=1.326200 ema_f=0.000000 ema_s=0.000000 rsi=50.0 atr=0.000000 vwap=1.328059 vol_ok=False ready=False
16:37:05 backend.server.scalp_bot.scalp_runtime     INFO | ScalpRuntime XRP_USD: regime risk-on LIVE reasons=['live_volume_spike'] until_ts=1776112746
16:37:05 backend.server.scalp_bot.coinbase_candle_feed     INFO | CoinbaseCandleFeed XRP_USD: CLOSED @ 1.328600 vol=1194.0000 (n=4)
16:37:05 backend.server.scalp_bot.scalp_runtime     INFO | ScalpRuntime XRP_USD: candle close=1.328600 ema_f=0.000000 ema_s=0.000000 rsi=50.0 atr=0.000000 vwap=1.327420 vol_ok=True ready=False
16:37:05 backend.server.scalp_bot.coinbase_candle_feed     INFO | CoinbaseCandleFeed XRP_USD: CLOSED @ 1.327100 vol=693.0000 (n=5)
16:37:05 backend.server.scalp_bot.scalp_runtime     INFO | ScalpRuntime XRP_USD: candle close=1.327100 ema_f=0.000000 ema_s=0.000000 rsi=50.0 atr=0.000000 vwap=1.327461 vol_ok=False ready=False
16:37:05 backend.server.scalp_bot.coinbase_candle_feed     INFO | CoinbaseCandleFeed XRP_USD: CLOSED @ 1.327300 vol=376.0000 (n=6)
16:37:06 backend.server.scalp_bot.scalp_runtime     INFO | ScalpRuntime XRP_USD: candle close=1.327300 ema_f=0.000000 ema_s=0.000000 rsi=50.0 atr=0.000000 vwap=1.327506 vol_ok=False ready=False
16:37:06 backend.server.scalp_bot.coinbase_candle_feed     INFO | CoinbaseCandleFeed XRP_USD: CLOSED @ 1.326900 vol=265.0000 (n=7)
16:37:06 backend.server.scalp_bot.scalp_runtime     INFO | ScalpRuntime XRP_USD: candle close=1.326900 ema_f=0.000000 ema_s=0.000000 rsi=50.0 atr=0.000000 vwap=1.327468 vol_ok=False ready=False
16:37:06 backend.server.scalp_bot.coinbase_candle_feed     INFO | CoinbaseCandleFeed XRP_USD: CLOSED @ 1.325600 vol=348.0000 (n=8)
16:37:06 backend.server.scalp_bot.scalp_runtime     INFO | ScalpRuntime XRP_USD: candle close=1.325600 ema_f=1.327300 ema_s=0.000000 rsi=50.0 atr=0.000000 vwap=1.327305 vol_ok=False ready=False
16:37:06 backend.server.scalp_bot.coinbase_candle_feed     INFO | CoinbaseCandleFeed XRP_USD: CLOSED @ 1.325800 vol=131.0000 (n=9)
16:37:06 backend.server.scalp_bot.scalp_runtime     INFO | ScalpRuntime XRP_USD: candle close=1.325800 ema_f=1.327000 ema_s=0.000000 rsi=50.0 atr=0.000000 vwap=1.327238 vol_ok=False ready=False
16:37:06 backend.server.scalp_bot.coinbase_candle_feed     INFO | CoinbaseCandleFeed XRP_USD: CLOSED @ 1.325600 vol=732.0000 (n=10)
16:37:06 backend.server.scalp_bot.scalp_runtime     INFO | ScalpRuntime XRP_USD: candle close=1.325600 ema_f=1.326700 ema_s=0.000000 rsi=50.0 atr=0.000000 vwap=1.326877 vol_ok=True ready=False
16:37:06 backend.server.scalp_bot.coinbase_candle_feed     INFO | CoinbaseCandleFeed XRP_USD: CLOSED @ 1.326500 vol=119.0000 (n=11)
16:37:06 backend.server.scalp_bot.scalp_runtime     INFO | ScalpRuntime XRP_USD: candle close=1.326500 ema_f=1.326700 ema_s=0.000000 rsi=50.0 atr=0.000000 vwap=1.326861 vol_ok=False ready=False
16:37:06 backend.server.scalp_bot.coinbase_candle_feed     INFO | CoinbaseCandleFeed XRP_USD: CLOSED @ 1.328500 vol=191.0000 (n=12)
16:37:06 backend.server.scalp_bot.scalp_runtime     INFO | ScalpRuntime XRP_USD: candle close=1.328500 ema_f=1.327100 ema_s=0.000000 rsi=50.0 atr=0.000000 vwap=1.326921 vol_ok=False ready=False
16:37:06 backend.server.scalp_bot.coinbase_candle_feed     INFO | CoinbaseCandleFeed XRP_USD: CLOSED @ 1.328200 vol=896.0000 (n=13)
16:37:06 backend.server.scalp_bot.scalp_runtime     INFO | ScalpRuntime XRP_USD: candle close=1.328200 ema_f=1.327300 ema_s=0.000000 rsi=50.0 atr=0.000000 vwap=1.327177 vol_ok=True ready=False
16:37:06 backend.server.scalp_bot.coinbase_candle_feed     INFO | CoinbaseCandleFeed XRP_USD: CLOSED @ 1.326800 vol=92.0000 (n=14)
16:37:06 backend.server.scalp_bot.scalp_runtime     INFO | ScalpRuntime XRP_USD: candle close=1.326800 ema_f=1.327200 ema_s=0.000000 rsi=50.0 atr=0.000000 vwap=1.327182 vol_ok=False ready=False
16:37:06 backend.server.scalp_bot.coinbase_candle_feed     INFO | CoinbaseCandleFeed XRP_USD: CLOSED @ 1.328900 vol=144.0000 (n=15)
16:37:06 backend.server.scalp_bot.scalp_runtime     INFO | ScalpRuntime XRP_USD: candle close=1.328900 ema_f=1.327600 ema_s=0.000000 rsi=50.6 atr=0.002000 vwap=1.327222 vol_ok=False ready=False
16:37:06 backend.server.scalp_bot.coinbase_candle_feed     INFO | CoinbaseCandleFeed XRP_USD: CLOSED @ 1.327900 vol=1348.0000 (n=16)
16:37:06 backend.server.scalp_bot.scalp_runtime     INFO | ScalpRuntime XRP_USD: candle close=1.327900 ema_f=1.327700 ema_s=0.000000 rsi=47.3 atr=0.002100 vwap=1.327287 vol_ok=True ready=False
16:37:06 backend.server.scalp_bot.coinbase_candle_feed     INFO | CoinbaseCandleFeed XRP_USD: CLOSED @ 1.327700 vol=2.0000 (n=17)
16:37:06 backend.server.scalp_bot.scalp_runtime     INFO | ScalpRuntime XRP_USD: candle close=1.327700 ema_f=1.327700 ema_s=0.000000 rsi=46.7 atr=0.002000 vwap=1.327287 vol_ok=False ready=False
16:37:06 backend.server.scalp_bot.coinbase_candle_feed     INFO | CoinbaseCandleFeed XRP_USD: CLOSED @ 1.327700 vol=28.0000 (n=18)
16:37:06 backend.server.scalp_bot.scalp_runtime     INFO | ScalpRuntime XRP_USD: candle close=1.327700 ema_f=1.327700 ema_s=0.000000 rsi=46.7 atr=0.001900 vwap=1.327290 vol_ok=False ready=False
16:37:06 backend.server.scalp_bot.coinbase_candle_feed     INFO | CoinbaseCandleFeed XRP_USD: CLOSED @ 1.328100 vol=41.0000 (n=19)
16:37:06 backend.server.scalp_bot.scalp_runtime     INFO | ScalpRuntime XRP_USD: candle close=1.328100 ema_f=1.327800 ema_s=0.000000 rsi=48.3 atr=0.001800 vwap=1.327294 vol_ok=False ready=False
16:37:06 backend.server.scalp_bot.coinbase_candle_feed     INFO | CoinbaseCandleFeed XRP_USD: CLOSED @ 1.326500 vol=103.0000 (n=20)
16:37:06 backend.server.scalp_bot.scalp_runtime     INFO | ScalpRuntime XRP_USD: candle close=1.326500 ema_f=1.327500 ema_s=0.000000 rsi=42.6 atr=0.001800 vwap=1.327286 vol_ok=False ready=False
16:37:06 backend.server.scalp_bot.coinbase_candle_feed     INFO | CoinbaseCandleFeed XRP_USD: CLOSED @ 1.326800 vol=2.0000 (n=21)
16:37:06 backend.server.scalp_bot.scalp_runtime     INFO | ScalpRuntime XRP_USD: candle close=1.326800 ema_f=1.327300 ema_s=1.327300 rsi=44.0 atr=0.001700 vwap=1.327286 vol_ok=False ready=False
16:37:06 backend.server.scalp_bot.coinbase_candle_feed     INFO | CoinbaseCandleFeed XRP_USD: CLOSED @ 1.325300 vol=97.0000 (n=22)
16:37:06 backend.server.scalp_bot.scalp_runtime     INFO | ScalpRuntime XRP_USD: candle close=1.325300 ema_f=1.326900 ema_s=1.327100 rsi=39.0 atr=0.001700 vwap=1.327262 vol_ok=False ready=False
16:37:06 backend.server.scalp_bot.coinbase_candle_feed     INFO | CoinbaseCandleFeed XRP_USD: CLOSED @ 1.325400 vol=25.0000 (n=23)
16:37:06 backend.server.scalp_bot.scalp_runtime     INFO | ScalpRuntime XRP_USD: candle close=1.325400 ema_f=1.326600 ema_s=1.326900 rsi=39.5 atr=0.001700 vwap=1.327257 vol_ok=False ready=False
16:37:06 backend.server.scalp_bot.coinbase_candle_feed     INFO | CoinbaseCandleFeed XRP_USD: CLOSED @ 1.327000 vol=317.0000 (n=24)
16:37:06 backend.server.scalp_bot.scalp_runtime     INFO | ScalpRuntime XRP_USD: candle close=1.327000 ema_f=1.326700 ema_s=1.326900 rsi=46.8 atr=0.001700 vwap=1.327224 vol_ok=False ready=False
16:37:06 backend.server.scalp_bot.coinbase_candle_feed     INFO | CoinbaseCandleFeed XRP_USD: CLOSED @ 1.326100 vol=48.0000 (n=25)
16:37:06 backend.server.scalp_bot.scalp_runtime     INFO | ScalpRuntime XRP_USD: candle close=1.326100 ema_f=1.326600 ema_s=1.326800 rsi=43.6 atr=0.001700 vwap=1.327215 vol_ok=False ready=False
16:37:06 backend.server.scalp_bot.coinbase_candle_feed     INFO | CoinbaseCandleFeed XRP_USD: CLOSED @ 1.327100 vol=407.0000 (n=26)
16:37:06 backend.server.scalp_bot.scalp_runtime     INFO | ScalpRuntime XRP_USD: candle close=1.327100 ema_f=1.326700 ema_s=1.326800 rsi=47.9 atr=0.001700 vwap=1.327203 vol_ok=True ready=False
16:37:06 backend.server.scalp_bot.coinbase_candle_feed     INFO | CoinbaseCandleFeed XRP_USD: CLOSED @ 1.327400 vol=82.0000 (n=27)
16:37:06 backend.server.scalp_bot.scalp_runtime     INFO | ScalpRuntime XRP_USD: candle close=1.327400 ema_f=1.326900 ema_s=1.326900 rsi=49.1 atr=0.001600 vwap=1.327205 vol_ok=False ready=False
16:37:06 backend.server.scalp_bot.coinbase_candle_feed     INFO | CoinbaseCandleFeed XRP_USD: CLOSED @ 1.327600 vol=26.0000 (n=28)
16:37:06 backend.server.scalp_bot.scalp_runtime     INFO | ScalpRuntime XRP_USD: candle close=1.327600 ema_f=1.327100 ema_s=1.327000 rsi=50.0 atr=0.001500 vwap=1.327206 vol_ok=False ready=False
16:37:06 backend.server.scalp_bot.coinbase_candle_feed     INFO | CoinbaseCandleFeed XRP_USD: CLOSED @ 1.326900 vol=33.0000 (n=29)
16:37:06 backend.server.scalp_bot.scalp_runtime     INFO | ScalpRuntime XRP_USD: candle close=1.326900 ema_f=1.327100 ema_s=1.327000 rsi=47.0 atr=0.001500 vwap=1.327204 vol_ok=False ready=False
16:37:06 backend.server.scalp_bot.coinbase_candle_feed     INFO | CoinbaseCandleFeed XRP_USD: CLOSED @ 1.328200 vol=210.0000 (n=30)
16:37:06 backend.server.scalp_bot.scalp_runtime     INFO | ScalpRuntime XRP_USD: candle close=1.328200 ema_f=1.327300 ema_s=1.327100 rsi=52.6 atr=0.001500 vwap=1.327222 vol_ok=False ready=True
16:37:06 backend.server.scalp_bot.coinbase_candle_feed     INFO | CoinbaseCandleFeed XRP_USD: CLOSED @ 1.327600 vol=416.0000 (n=31)
16:37:06 backend.server.scalp_bot.scalp_runtime     INFO | ScalpRuntime XRP_USD: candle close=1.327600 ema_f=1.327400 ema_s=1.327100 rsi=50.0 atr=0.001600 vwap=1.327223 vol_ok=True ready=True
16:37:06 backend.server.scalp_bot.coinbase_candle_feed     INFO | CoinbaseCandleFeed XRP_USD: CLOSED @ 1.325800 vol=86.0000 (n=32)
16:37:06 backend.server.scalp_bot.scalp_runtime     INFO | ScalpRuntime XRP_USD: candle close=1.325800 ema_f=1.327000 ema_s=1.327000 rsi=43.0 atr=0.001600 vwap=1.327213 vol_ok=False ready=True
16:37:06 backend.server.scalp_bot.coinbase_candle_feed     INFO | CoinbaseCandleFeed XRP_USD: CLOSED @ 1.326900 vol=198.0000 (n=33)
16:37:06 backend.server.scalp_bot.scalp_runtime     INFO | ScalpRuntime XRP_USD: candle close=1.326900 ema_f=1.327000 ema_s=1.327000 rsi=47.8 atr=0.001700 vwap=1.327190 vol_ok=False ready=True
16:37:06 backend.server.scalp_bot.coinbase_candle_feed     INFO | CoinbaseCandleFeed XRP_USD: CLOSED @ 1.325400 vol=29.0000 (n=34)
16:37:06 backend.server.scalp_bot.scalp_runtime     INFO | ScalpRuntime XRP_USD: candle close=1.325400 ema_f=1.326600 ema_s=1.326900 rsi=42.6 atr=0.001700 vwap=1.327186 vol_ok=False ready=True
16:37:06 backend.server.scalp_bot.coinbase_candle_feed     INFO | CoinbaseCandleFeed XRP_USD: CLOSED @ 1.334400 vol=397.0000 (n=35)
16:37:06 backend.server.scalp_bot.scalp_runtime     INFO | ScalpRuntime XRP_USD: candle close=1.334400 ema_f=1.328300 ema_s=1.327600 rsi=66.4 atr=0.002300 vwap=1.327423 vol_ok=True ready=True
16:37:06 backend.server.scalp_bot.coinbase_candle_feed     INFO | CoinbaseCandleFeed XRP_USD: CLOSED @ 1.333800 vol=766.0000 (n=36)
16:37:06 backend.server.scalp_bot.scalp_runtime     INFO | ScalpRuntime XRP_USD: candle close=1.333800 ema_f=1.329500 ema_s=1.328200 rsi=64.5 atr=0.002400 vwap=1.327886 vol_ok=True ready=True
16:37:06 backend.server.scalp_bot.coinbase_candle_feed     INFO | CoinbaseCandleFeed XRP_USD: CLOSED @ 1.334400 vol=57.0000 (n=37)
16:37:06 backend.server.scalp_bot.scalp_runtime     INFO | ScalpRuntime XRP_USD: candle close=1.334400 ema_f=1.330600 ema_s=1.328800 rsi=65.6 atr=0.002400 vwap=1.327918 vol_ok=False ready=True
16:37:06 backend.server.scalp_bot.coinbase_candle_feed     INFO | CoinbaseCandleFeed XRP_USD: CLOSED @ 1.334100 vol=136.0000 (n=38)
16:37:06 backend.server.scalp_bot.scalp_runtime     INFO | ScalpRuntime XRP_USD: candle close=1.334100 ema_f=1.331400 ema_s=1.329300 rsi=64.5 atr=0.002300 vwap=1.327998 vol_ok=False ready=True
16:37:06 backend.server.scalp_bot.coinbase_candle_feed     INFO | CoinbaseCandleFeed XRP_USD: CLOSED @ 1.333700 vol=920.0000 (n=39)
16:37:06 backend.server.scalp_bot.scalp_runtime     INFO | ScalpRuntime XRP_USD: candle close=1.333700 ema_f=1.331900 ema_s=1.329700 rsi=63.1 atr=0.002400 vwap=1.328438 vol_ok=True ready=True
16:37:06 backend.server.scalp_bot.coinbase_candle_feed     INFO | CoinbaseCandleFeed XRP_USD: CLOSED @ 1.338500 vol=1756.0000 (n=40)
16:37:06 backend.server.scalp_bot.scalp_runtime     INFO | ScalpRuntime XRP_USD: candle close=1.338500 ema_f=1.333400 ema_s=1.330500 rsi=71.4 atr=0.002800 vwap=1.329801 vol_ok=True ready=True
16:37:06 backend.server.scalp_bot.coinbase_candle_feed     INFO | CoinbaseCandleFeed XRP_USD: CLOSED @ 1.338700 vol=144.0000 (n=41)
16:37:06 backend.server.scalp_bot.scalp_runtime     INFO | ScalpRuntime XRP_USD: candle close=1.338700 ema_f=1.334600 ema_s=1.331200 rsi=71.7 atr=0.002900 vwap=1.329905 vol_ok=False ready=True
16:37:06 backend.server.scalp_bot.coinbase_candle_feed     INFO | CoinbaseCandleFeed XRP_USD: CLOSED @ 1.337100 vol=535.0000 (n=42)
16:37:06 backend.server.scalp_bot.scalp_runtime     INFO | ScalpRuntime XRP_USD: candle close=1.337100 ema_f=1.335200 ema_s=1.331700 rsi=66.0 atr=0.003100 vwap=1.330142 vol_ok=True ready=True
16:37:06 backend.server.scalp_bot.coinbase_candle_feed     INFO | CoinbaseCandleFeed XRP_USD: CLOSED @ 1.336700 vol=111.0000 (n=43)
16:37:06 backend.server.scalp_bot.scalp_runtime     INFO | ScalpRuntime XRP_USD: candle close=1.336700 ema_f=1.335500 ema_s=1.332200 rsi=64.6 atr=0.003000 vwap=1.330192 vol_ok=False ready=True
16:37:06 backend.server.scalp_bot.coinbase_candle_feed     INFO | CoinbaseCandleFeed XRP_USD: CLOSED @ 1.343700 vol=791.0000 (n=44)
16:37:06 backend.server.scalp_bot.scalp_runtime     INFO | ScalpRuntime XRP_USD: candle close=1.343700 ema_f=1.337300 ema_s=1.333200 rsi=74.6 atr=0.003300 vwap=1.330832 vol_ok=True ready=True
16:37:06 backend.server.scalp_bot.coinbase_candle_feed     INFO | CoinbaseCandleFeed XRP_USD: CLOSED @ 1.347000 vol=1040.0000 (n=45)
16:37:06 backend.server.scalp_bot.scalp_runtime     INFO | ScalpRuntime XRP_USD: candle close=1.347000 ema_f=1.339500 ema_s=1.334500 rsi=77.8 atr=0.003500 vwap=1.331785 vol_ok=True ready=True
16:37:06 backend.server.scalp_bot.coinbase_candle_feed     INFO | CoinbaseCandleFeed XRP_USD: CLOSED @ 1.342200 vol=472.0000 (n=46)
16:37:06 backend.server.scalp_bot.scalp_runtime     INFO | ScalpRuntime XRP_USD: candle close=1.342200 ema_f=1.340100 ema_s=1.335200 rsi=65.0 atr=0.003600 vwap=1.332135 vol_ok=False ready=True
16:37:06 backend.server.scalp_bot.coinbase_candle_feed     INFO | CoinbaseCandleFeed XRP_USD: CLOSED @ 1.340100 vol=136.0000 (n=47)
16:37:06 backend.server.scalp_bot.scalp_runtime     INFO | ScalpRuntime XRP_USD: candle close=1.340100 ema_f=1.340100 ema_s=1.335600 rsi=60.3 atr=0.003500 vwap=1.332203 vol_ok=False ready=True
16:37:06 backend.server.scalp_bot.coinbase_candle_feed     INFO | CoinbaseCandleFeed XRP_USD: CLOSED @ 1.339600 vol=1042.0000 (n=48)
16:37:06 backend.server.scalp_bot.scalp_runtime     INFO | ScalpRuntime XRP_USD: candle close=1.339600 ema_f=1.340000 ema_s=1.336000 rsi=59.2 atr=0.003400 vwap=1.332640 vol_ok=True ready=True
16:37:06 backend.server.scalp_bot.coinbase_candle_feed     INFO | CoinbaseCandleFeed XRP_USD: CLOSED @ 1.337900 vol=490.0000 (n=49)
16:37:06 backend.server.scalp_bot.scalp_runtime     INFO | ScalpRuntime XRP_USD: candle close=1.337900 ema_f=1.339500 ema_s=1.336200 rsi=55.6 atr=0.003300 vwap=1.332783 vol_ok=False ready=True
16:37:06 backend.server.scalp_bot.coinbase_candle_feed     INFO | CoinbaseCandleFeed XRP_USD: CLOSED @ 1.334200 vol=872.0000 (n=50)
16:37:06 backend.server.scalp_bot.scalp_runtime     INFO | ScalpRuntime XRP_USD: candle close=1.334200 ema_f=1.338300 ema_s=1.336000 rsi=48.5 atr=0.003500 vwap=1.332830 vol_ok=True ready=True
16:37:06 backend.server.scalp_bot.coinbase_candle_feed     INFO | CoinbaseCandleFeed XRP_USD: CLOSED @ 1.333600 vol=223.0000 (n=51)
16:37:06 backend.server.scalp_bot.scalp_runtime     INFO | ScalpRuntime XRP_USD: candle close=1.333600 ema_f=1.337300 ema_s=1.335800 rsi=47.5 atr=0.003400 vwap=1.332840 vol_ok=False ready=True
16:37:06 backend.server.scalp_bot.coinbase_candle_feed     INFO | CoinbaseCandleFeed XRP_USD: CLOSED @ 1.333700 vol=187.0000 (n=52)
16:37:06 backend.server.scalp_bot.scalp_runtime     INFO | ScalpRuntime XRP_USD: candle close=1.333700 ema_f=1.336500 ema_s=1.335600 rsi=47.7 atr=0.003300 vwap=1.332847 vol_ok=False ready=True
16:37:06 backend.server.scalp_bot.coinbase_candle_feed     INFO | CoinbaseCandleFeed XRP_USD: CLOSED @ 1.335500 vol=159.0000 (n=53)
16:37:06 backend.server.scalp_bot.scalp_runtime     INFO | ScalpRuntime XRP_USD: candle close=1.335500 ema_f=1.336300 ema_s=1.335600 rsi=51.3 atr=0.003200 vwap=1.332866 vol_ok=False ready=True
16:37:06 backend.server.scalp_bot.coinbase_candle_feed     INFO | CoinbaseCandleFeed XRP_USD: CLOSED @ 1.335300 vol=1005.0000 (n=54)
16:37:06 backend.server.scalp_bot.scalp_runtime     INFO | ScalpRuntime XRP_USD: candle close=1.335300 ema_f=1.336100 ema_s=1.335600 rsi=50.9 atr=0.003300 vwap=1.332910 vol_ok=True ready=True
16:37:06 backend.server.scalp_bot.coinbase_candle_feed     INFO | CoinbaseCandleFeed XRP_USD: CLOSED @ 1.336600 vol=93.0000 (n=55)
16:37:06 backend.server.scalp_bot.scalp_runtime     INFO | ScalpRuntime XRP_USD: candle close=1.336600 ema_f=1.336200 ema_s=1.335700 rsi=53.6 atr=0.003200 vwap=1.332925 vol_ok=False ready=True
16:37:06 backend.server.scalp_bot.coinbase_candle_feed     INFO | CoinbaseCandleFeed XRP_USD: CLOSED @ 1.341200 vol=204.0000 (n=56)
16:37:06 backend.server.scalp_bot.scalp_runtime     INFO | ScalpRuntime XRP_USD: candle close=1.341200 ema_f=1.337300 ema_s=1.336200 rsi=61.6 atr=0.003300 vwap=1.332996 vol_ok=False ready=True
16:37:06 backend.server.scalp_bot.coinbase_candle_feed     INFO | CoinbaseCandleFeed XRP_USD: CLOSED @ 1.339900 vol=1025.0000 (n=57)
16:37:06 backend.server.scalp_bot.scalp_runtime     INFO | ScalpRuntime XRP_USD: candle close=1.339900 ema_f=1.337900 ema_s=1.336500 rsi=58.5 atr=0.003300 vwap=1.333359 vol_ok=True ready=True
16:37:06 backend.server.scalp_bot.coinbase_candle_feed     INFO | CoinbaseCandleFeed XRP_USD: CLOSED @ 1.342100 vol=855.0000 (n=58)
16:37:06 backend.server.scalp_bot.scalp_runtime     INFO | ScalpRuntime XRP_USD: candle close=1.342100 ema_f=1.338800 ema_s=1.337000 rsi=62.0 atr=0.003300 vwap=1.333676 vol_ok=False ready=True
16:37:06 backend.server.scalp_bot.coinbase_candle_feed     INFO | CoinbaseCandleFeed XRP_USD: CLOSED @ 1.342500 vol=751.0000 (n=59)
16:37:06 backend.server.scalp_bot.scalp_runtime     INFO | ScalpRuntime XRP_USD: candle close=1.342500 ema_f=1.339600 ema_s=1.337500 rsi=62.6 atr=0.003200 vwap=1.333952 vol_ok=False ready=True
16:37:06 backend.server.scalp_bot.coinbase_candle_feed     INFO | CoinbaseCandleFeed XRP_USD: CLOSED @ 1.339200 vol=643.0000 (n=60)
16:37:06 backend.server.scalp_bot.scalp_runtime     INFO | ScalpRuntime XRP_USD: candle close=1.339200 ema_f=1.339500 ema_s=1.337700 rsi=54.8 atr=0.003300 vwap=1.334117 vol_ok=False ready=True
16:37:06 backend.server.scalp_bot.coinbase_candle_feed     INFO | CoinbaseCandleFeed XRP_USD: CLOSED @ 1.340900 vol=21.0000 (n=61)
16:37:06 backend.server.scalp_bot.scalp_runtime     INFO | ScalpRuntime XRP_USD: candle close=1.340900 ema_f=1.339800 ema_s=1.338000 rsi=57.7 atr=0.003200 vwap=1.334122 vol_ok=False ready=True
16:37:06 backend.server.scalp_bot.coinbase_candle_feed     INFO | CoinbaseCandleFeed XRP_USD: CLOSED @ 1.340600 vol=97.0000 (n=62)
16:37:06 backend.server.scalp_bot.scalp_runtime     INFO | ScalpRuntime XRP_USD: candle close=1.340600 ema_f=1.340000 ema_s=1.338200 rsi=57.0 atr=0.003100 vwap=1.334147 vol_ok=False ready=True
16:37:06 backend.server.scalp_bot.coinbase_candle_feed     INFO | CoinbaseCandleFeed XRP_USD: CLOSED @ 1.339900 vol=139.0000 (n=63)
16:37:06 backend.server.scalp_bot.scalp_runtime     INFO | ScalpRuntime XRP_USD: candle close=1.339900 ema_f=1.340000 ema_s=1.338400 rsi=55.3 atr=0.003100 vwap=1.334176 vol_ok=False ready=True
16:37:06 backend.server.scalp_bot.coinbase_candle_feed     INFO | CoinbaseCandleFeed XRP_USD: CLOSED @ 1.339800 vol=756.0000 (n=64)
16:37:06 backend.server.scalp_bot.scalp_runtime     INFO | ScalpRuntime XRP_USD: candle close=1.339800 ema_f=1.340000 ema_s=1.338500 rsi=55.1 atr=0.003100 vwap=1.334375 vol_ok=False ready=True
16:37:06 backend.server.scalp_bot.coinbase_candle_feed     INFO | CoinbaseCandleFeed XRP_USD: CLOSED @ 1.341500 vol=84.0000 (n=65)
16:37:06 backend.server.scalp_bot.scalp_runtime     INFO | ScalpRuntime XRP_USD: candle close=1.341500 ema_f=1.340300 ema_s=1.338800 rsi=58.5 atr=0.003000 vwap=1.334396 vol_ok=False ready=True
16:37:06 backend.server.scalp_bot.coinbase_candle_feed     INFO | CoinbaseCandleFeed XRP_USD: CLOSED @ 1.339500 vol=176.0000 (n=66)
16:37:06 backend.server.scalp_bot.scalp_runtime     INFO | ScalpRuntime XRP_USD: candle close=1.339500 ema_f=1.340100 ema_s=1.338900 rsi=53.3 atr=0.002900 vwap=1.334435 vol_ok=False ready=True
16:37:06 backend.server.scalp_bot.coinbase_candle_feed     INFO | CoinbaseCandleFeed XRP_USD: CLOSED @ 1.343200 vol=275.0000 (n=67)
16:37:06 backend.server.scalp_bot.scalp_runtime     INFO | ScalpRuntime XRP_USD: candle close=1.343200 ema_f=1.340800 ema_s=1.339300 rsi=60.3 atr=0.003000 vwap=1.334528 vol_ok=False ready=True
16:37:06 backend.server.scalp_bot.coinbase_candle_feed     INFO | CoinbaseCandleFeed XRP_USD: CLOSED @ 1.343500 vol=58.0000 (n=68)
16:37:06 backend.server.scalp_bot.scalp_runtime     INFO | ScalpRuntime XRP_USD: candle close=1.343500 ema_f=1.341400 ema_s=1.339700 rsi=60.9 atr=0.002900 vwap=1.334548 vol_ok=False ready=True
16:37:06 backend.server.scalp_bot.coinbase_candle_feed     INFO | CoinbaseCandleFeed XRP_USD: CLOSED @ 1.342300 vol=284.0000 (n=69)
16:37:06 backend.server.scalp_bot.scalp_runtime     INFO | ScalpRuntime XRP_USD: candle close=1.342300 ema_f=1.341600 ema_s=1.339900 rsi=57.6 atr=0.002900 vwap=1.334644 vol_ok=False ready=True
16:37:06 backend.server.scalp_bot.coinbase_candle_feed     INFO | CoinbaseCandleFeed XRP_USD: CLOSED @ 1.340400 vol=979.0000 (n=70)
16:37:06 backend.server.scalp_bot.scalp_runtime     INFO | ScalpRuntime XRP_USD: candle close=1.340400 ema_f=1.341300 ema_s=1.339900 rsi=52.9 atr=0.003000 vwap=1.334865 vol_ok=True ready=True
16:37:06 backend.server.scalp_bot.coinbase_candle_feed     INFO | CoinbaseCandleFeed XRP_USD: CLOSED @ 1.338900 vol=219.0000 (n=71)
16:37:06 backend.server.scalp_bot.scalp_runtime     INFO | ScalpRuntime XRP_USD: candle close=1.338900 ema_f=1.340800 ema_s=1.339800 rsi=49.4 atr=0.003000 vwap=1.334895 vol_ok=False ready=True
16:37:06 backend.server.scalp_bot.coinbase_candle_feed     INFO | CoinbaseCandleFeed XRP_USD: CLOSED @ 1.338600 vol=89.0000 (n=72)
16:37:06 backend.server.scalp_bot.scalp_runtime     INFO | ScalpRuntime XRP_USD: candle close=1.338600 ema_f=1.340300 ema_s=1.339700 rsi=48.7 atr=0.002900 vwap=1.334906 vol_ok=False ready=True
16:37:06 backend.server.scalp_bot.coinbase_candle_feed     INFO | CoinbaseCandleFeed XRP_USD: CLOSED @ 1.338500 vol=79.0000 (n=73)
16:37:06 backend.server.scalp_bot.scalp_runtime     INFO | ScalpRuntime XRP_USD: candle close=1.338500 ema_f=1.339900 ema_s=1.339600 rsi=48.5 atr=0.002800 vwap=1.334915 vol_ok=False ready=True
16:37:06 backend.server.scalp_bot.coinbase_candle_feed     INFO | CoinbaseCandleFeed XRP_USD: CLOSED @ 1.336300 vol=432.0000 (n=74)
16:37:06 backend.server.scalp_bot.scalp_runtime     INFO | ScalpRuntime XRP_USD: candle close=1.336300 ema_f=1.339100 ema_s=1.339300 rsi=43.4 atr=0.002900 vwap=1.334954 vol_ok=False ready=True
16:37:06 backend.server.scalp_bot.coinbase_candle_feed     INFO | CoinbaseCandleFeed XRP_USD: CLOSED @ 1.338400 vol=162.0000 (n=75)
16:37:06 backend.server.scalp_bot.scalp_runtime     INFO | ScalpRuntime XRP_USD: candle close=1.338400 ema_f=1.338900 ema_s=1.339200 rsi=48.9 atr=0.002800 vwap=1.334970 vol_ok=False ready=True
16:37:06 backend.server.scalp_bot.coinbase_candle_feed     INFO | CoinbaseCandleFeed XRP_USD: CLOSED @ 1.339300 vol=104.0000 (n=76)
16:37:06 backend.server.scalp_bot.scalp_runtime     INFO | ScalpRuntime XRP_USD: candle close=1.339300 ema_f=1.339000 ema_s=1.339200 rsi=51.1 atr=0.002700 vwap=1.334985 vol_ok=False ready=True
16:37:06 backend.server.scalp_bot.coinbase_candle_feed     INFO | CoinbaseCandleFeed XRP_USD: CLOSED @ 1.341000 vol=496.0000 (n=77)
16:37:06 backend.server.scalp_bot.scalp_runtime     INFO | ScalpRuntime XRP_USD: candle close=1.341000 ema_f=1.339400 ema_s=1.339400 rsi=55.1 atr=0.002700 vwap=1.335090 vol_ok=False ready=True
16:37:06 backend.server.scalp_bot.coinbase_candle_feed     INFO | CoinbaseCandleFeed XRP_USD: CLOSED @ 1.340200 vol=169.0000 (n=78)
16:37:06 backend.server.scalp_bot.scalp_runtime     INFO | ScalpRuntime XRP_USD: candle close=1.340200 ema_f=1.339600 ema_s=1.339500 rsi=52.9 atr=0.002600 vwap=1.335120 vol_ok=False ready=True
16:37:06 backend.server.scalp_bot.coinbase_candle_feed     INFO | CoinbaseCandleFeed XRP_USD: CLOSED @ 1.340200 vol=149.0000 (n=79)
16:37:06 backend.server.scalp_bot.scalp_runtime     INFO | ScalpRuntime XRP_USD: candle close=1.340200 ema_f=1.339700 ema_s=1.339600 rsi=52.9 atr=0.002500 vwap=1.335145 vol_ok=False ready=True
16:37:06 backend.server.scalp_bot.coinbase_candle_feed     INFO | CoinbaseCandleFeed XRP_USD: CLOSED @ 1.341300 vol=172.0000 (n=80)
16:37:06 backend.server.scalp_bot.scalp_runtime     INFO | ScalpRuntime XRP_USD: candle close=1.341300 ema_f=1.340100 ema_s=1.339800 rsi=55.7 atr=0.002400 vwap=1.335181 vol_ok=False ready=True
16:37:06 backend.server.scalp_bot.coinbase_candle_feed     INFO | CoinbaseCandleFeed XRP_USD: CLOSED @ 1.340800 vol=638.0000 (n=81)
16:37:06 backend.server.scalp_bot.scalp_runtime     INFO | ScalpRuntime XRP_USD: candle close=1.340800 ema_f=1.340300 ema_s=1.339900 rsi=54.1 atr=0.002300 vwap=1.335308 vol_ok=True ready=True
16:37:06 backend.server.scalp_bot.coinbase_candle_feed     INFO | CoinbaseCandleFeed XRP_USD: CLOSED @ 1.340700 vol=81.0000 (n=82)
16:37:06 backend.server.scalp_bot.scalp_runtime     INFO | ScalpRuntime XRP_USD: candle close=1.340700 ema_f=1.340400 ema_s=1.340000 rsi=53.8 atr=0.002200 vwap=1.335323 vol_ok=False ready=True
16:37:06 backend.server.scalp_bot.coinbase_candle_feed     INFO | CoinbaseCandleFeed XRP_USD: CLOSED @ 1.340100 vol=242.0000 (n=83)
16:37:06 backend.server.scalp_bot.scalp_runtime     INFO | ScalpRuntime XRP_USD: candle close=1.340100 ema_f=1.340300 ema_s=1.340000 rsi=51.8 atr=0.002100 vwap=1.335363 vol_ok=False ready=True
16:37:06 backend.server.scalp_bot.coinbase_candle_feed     INFO | CoinbaseCandleFeed XRP_USD: CLOSED @ 1.343300 vol=683.0000 (n=84)
16:37:06 backend.server.scalp_bot.scalp_runtime     INFO | ScalpRuntime XRP_USD: candle close=1.343300 ema_f=1.341000 ema_s=1.340300 rsi=60.3 atr=0.002300 vwap=1.335532 vol_ok=True ready=True
16:37:06 backend.server.scalp_bot.coinbase_candle_feed     INFO | CoinbaseCandleFeed XRP_USD: CLOSED @ 1.345700 vol=746.0000 (n=85)
16:37:06 backend.server.scalp_bot.scalp_runtime     INFO | ScalpRuntime XRP_USD: candle close=1.345700 ema_f=1.342000 ema_s=1.340800 rsi=65.3 atr=0.002400 vwap=1.335764 vol_ok=True ready=True
16:37:06 backend.server.scalp_bot.coinbase_candle_feed     INFO | CoinbaseCandleFeed XRP_USD: CLOSED @ 1.345700 vol=624.0000 (n=86)
16:37:06 backend.server.scalp_bot.scalp_runtime     INFO | ScalpRuntime XRP_USD: candle close=1.345700 ema_f=1.342800 ema_s=1.341200 rsi=65.3 atr=0.002400 vwap=1.335973 vol_ok=True ready=True
16:37:06 backend.server.scalp_bot.coinbase_candle_feed     INFO | CoinbaseCandleFeed XRP_USD: CLOSED @ 1.349600 vol=801.0000 (n=87)
16:37:06 backend.server.scalp_bot.scalp_runtime     INFO | ScalpRuntime XRP_USD: candle close=1.349600 ema_f=1.344300 ema_s=1.342000 rsi=71.9 atr=0.002600 vwap=1.336287 vol_ok=True ready=True
16:37:06 backend.server.scalp_bot.coinbase_candle_feed     INFO | CoinbaseCandleFeed XRP_USD: CLOSED @ 1.349900 vol=908.0000 (n=88)
16:37:06 backend.server.scalp_bot.scalp_runtime     INFO | ScalpRuntime XRP_USD: candle close=1.349900 ema_f=1.345500 ema_s=1.342700 rsi=72.3 atr=0.002700 vwap=1.336627 vol_ok=True ready=True
16:37:06 backend.server.scalp_bot.coinbase_candle_feed     INFO | CoinbaseCandleFeed XRP_USD: CLOSED @ 1.348900 vol=173.0000 (n=89)
16:37:06 backend.server.scalp_bot.scalp_runtime     INFO | ScalpRuntime XRP_USD: candle close=1.348900 ema_f=1.346300 ema_s=1.343300 rsi=68.5 atr=0.002600 vwap=1.336691 vol_ok=False ready=True
16:37:06 backend.server.scalp_bot.coinbase_candle_feed     INFO | CoinbaseCandleFeed XRP_USD: CLOSED @ 1.352500 vol=1012.0000 (n=90)
16:37:06 backend.server.scalp_bot.scalp_runtime     INFO | ScalpRuntime XRP_USD: candle close=1.352500 ema_f=1.347700 ema_s=1.344100 rsi=73.9 atr=0.002800 vwap=1.337130 vol_ok=True ready=True
16:37:06 backend.server.scalp_bot.coinbase_candle_feed     INFO | CoinbaseCandleFeed XRP_USD: CLOSED @ 1.354600 vol=683.0000 (n=91)
16:37:07 backend.server.scalp_bot.scalp_runtime     INFO | ScalpRuntime XRP_USD: candle close=1.354600 ema_f=1.349200 ema_s=1.345100 rsi=76.4 atr=0.002800 vwap=1.337458 vol_ok=True ready=True
16:37:07 backend.server.scalp_bot.coinbase_candle_feed     INFO | CoinbaseCandleFeed XRP_USD: CLOSED @ 1.354500 vol=1076.0000 (n=92)
16:37:07 backend.server.scalp_bot.scalp_runtime     INFO | ScalpRuntime XRP_USD: candle close=1.354500 ema_f=1.350400 ema_s=1.346000 rsi=76.0 atr=0.002800 vwap=1.337976 vol_ok=True ready=True
16:37:07 backend.server.scalp_bot.coinbase_candle_feed     INFO | CoinbaseCandleFeed XRP_USD: CLOSED @ 1.355800 vol=1044.0000 (n=93)
16:37:07 backend.server.scalp_bot.scalp_runtime     INFO | ScalpRuntime XRP_USD: candle close=1.355800 ema_f=1.351600 ema_s=1.346900 rsi=77.6 atr=0.002800 vwap=1.338460 vol_ok=True ready=True
16:37:07 backend.server.scalp_bot.coinbase_candle_feed     INFO | CoinbaseCandleFeed XRP_USD: CLOSED @ 1.355600 vol=263.0000 (n=94)
16:37:07 backend.server.scalp_bot.scalp_runtime     INFO | ScalpRuntime XRP_USD: candle close=1.355600 ema_f=1.352500 ema_s=1.347700 rsi=76.7 atr=0.002700 vwap=1.338576 vol_ok=False ready=True
16:37:07 backend.server.scalp_bot.coinbase_candle_feed     INFO | CoinbaseCandleFeed XRP_USD: CLOSED @ 1.351800 vol=1152.0000 (n=95)
16:37:07 backend.server.scalp_bot.scalp_runtime     INFO | ScalpRuntime XRP_USD: candle close=1.351800 ema_f=1.352300 ema_s=1.348100 rsi=63.1 atr=0.002800 vwap=1.338979 vol_ok=True ready=True
16:37:07 backend.server.scalp_bot.coinbase_candle_feed     INFO | CoinbaseCandleFeed XRP_USD: CLOSED @ 1.351300 vol=123.0000 (n=96)
16:37:07 backend.server.scalp_bot.scalp_runtime     INFO | ScalpRuntime XRP_USD: candle close=1.351300 ema_f=1.352100 ema_s=1.348400 rsi=61.5 atr=0.002700 vwap=1.339020 vol_ok=False ready=True
16:37:07 backend.server.scalp_bot.coinbase_candle_feed     INFO | CoinbaseCandleFeed XRP_USD: CLOSED @ 1.350600 vol=57.0000 (n=97)
16:37:07 backend.server.scalp_bot.scalp_runtime     INFO | ScalpRuntime XRP_USD: candle close=1.350600 ema_f=1.351800 ema_s=1.348600 rsi=59.3 atr=0.002700 vwap=1.339038 vol_ok=False ready=True
16:37:07 backend.server.scalp_bot.coinbase_candle_feed     INFO | CoinbaseCandleFeed XRP_USD: CLOSED @ 1.351400 vol=505.0000 (n=98)
16:37:07 backend.server.scalp_bot.scalp_runtime     INFO | ScalpRuntime XRP_USD: candle close=1.351400 ema_f=1.351700 ema_s=1.348900 rsi=61.0 atr=0.002600 vwap=1.339193 vol_ok=False ready=True
16:37:07 backend.server.scalp_bot.coinbase_candle_feed     INFO | CoinbaseCandleFeed XRP_USD: CLOSED @ 1.351000 vol=181.0000 (n=99)
16:37:07 backend.server.scalp_bot.scalp_runtime     INFO | ScalpRuntime XRP_USD: candle close=1.351000 ema_f=1.351500 ema_s=1.349100 rsi=59.7 atr=0.002500 vwap=1.339245 vol_ok=False ready=True
16:37:07 backend.server.scalp_bot.bar_store     INFO | bar_store Coinbase backfill: BIP-20DEC30-CDE/15m page=3 rows=300 new=0 oldest=2026-04-04 10:45
16:37:08 backend.server.scalp_bot.bar_store     INFO | bar_store Coinbase backfill: BIP-20DEC30-CDE/15m page=4 rows=300 new=0 oldest=2026-04-01 06:45
16:37:08 backend.server.scalp_bot.bar_store     INFO | bar_store Coinbase backfill: BIP-20DEC30-CDE/15m page=5 rows=300 new=0 oldest=2026-03-29 03:45
16:37:08 backend.server.scalp_bot.bar_store     INFO | bar_store Coinbase backfill: BIP-20DEC30-CDE/15m page=6 rows=300 new=0 oldest=2026-03-25 23:45
16:37:09 backend.server.scalp_bot.bar_store     INFO | bar_store Coinbase backfill: BIP-20DEC30-CDE/15m page=7 rows=300 new=0 oldest=2026-03-22 20:45
16:37:09 backend.server.scalp_bot.bar_store     INFO | bar_store Coinbase backfill: BIP-20DEC30-CDE/15m page=8 rows=300 new=0 oldest=2026-03-19 16:45
16:37:10 backend.server.scalp_bot.bar_store     INFO | bar_store Coinbase backfill: BIP-20DEC30-CDE/15m page=9 rows=300 new=0 oldest=2026-03-16 13:45
16:37:10 backend.server.scalp_bot.bar_store     INFO | bar_store Coinbase backfill: BIP-20DEC30-CDE/15m page=10 rows=72 new=0 oldest=2026-03-15 19:45
16:37:10 backend.server.scalp_bot.bar_store     INFO | bar_store Coinbase backfill: BIP-20DEC30-CDE/15m — wrote 0 new candles
16:37:10 backend.server.scalp_bot.scalp_runtime     INFO | ScalpRuntime: backfill done for BTC_USD — new_rows=0 total_in_store=14261 (hours_needed=697.0)
16:37:10 backend.server.scalp_bot.bar_store     INFO | bar_store: Coinbase REST using API credentials from environment
16:37:11 backend.server.scalp_bot.bar_store     INFO | bar_store Coinbase backfill: SLP-20DEC30-CDE/15m page=1 rows=300 new=0 oldest=2026-04-10 15:45
16:37:11 backend.server.scalp_bot.bar_store     INFO | bar_store Coinbase backfill: SLP-20DEC30-CDE/15m page=2 rows=300 new=0 oldest=2026-04-07 12:45
16:37:12 backend.server.scalp_bot.bar_store     INFO | bar_store Coinbase backfill: SLP-20DEC30-CDE/15m page=3 rows=300 new=0 oldest=2026-04-04 07:15
16:37:12 backend.server.scalp_bot.bar_store     INFO | bar_store Coinbase backfill: SLP-20DEC30-CDE/15m page=4 rows=300 new=0 oldest=2026-04-01 02:15
16:37:13 backend.server.scalp_bot.bar_store     INFO | bar_store Coinbase backfill: SLP-20DEC30-CDE/15m page=5 rows=300 new=0 oldest=2026-03-28 22:30
16:37:13 backend.server.scalp_bot.bar_store     INFO | bar_store Coinbase backfill: SLP-20DEC30-CDE/15m page=6 rows=300 new=0 oldest=2026-03-25 17:45
16:37:14 backend.server.scalp_bot.bar_store     INFO | bar_store Coinbase backfill: SLP-20DEC30-CDE/15m page=7 rows=300 new=0 oldest=2026-03-22 14:45
16:37:14 backend.server.scalp_bot.bar_store     INFO | bar_store Coinbase backfill: SLP-20DEC30-CDE/15m page=8 rows=300 new=0 oldest=2026-03-19 09:15
16:37:14 backend.server.scalp_bot.bar_store     INFO | bar_store Coinbase backfill: SLP-20DEC30-CDE/15m page=9 rows=300 new=0 oldest=2026-03-16 06:15
16:37:15 backend.server.scalp_bot.bar_store     INFO | bar_store Coinbase backfill: SLP-20DEC30-CDE/15m page=10 rows=42 new=0 oldest=2026-03-15 19:45
16:37:15 backend.server.scalp_bot.bar_store     INFO | bar_store Coinbase backfill: SLP-20DEC30-CDE/15m — wrote 0 new candles
16:37:15 backend.server.scalp_bot.scalp_runtime     INFO | ScalpRuntime: backfill done for SOL_USD — new_rows=0 total_in_store=14037 (hours_needed=697.0)
16:37:15 backend.server.scalp_bot.bar_store     INFO | bar_store: Coinbase REST using API credentials from environment
16:37:16 backend.server.scalp_bot.bar_store     INFO | bar_store Coinbase backfill: XPP-20DEC30-CDE/15m page=1 rows=300 new=0 oldest=2026-04-10 14:30
16:37:16 backend.server.scalp_bot.bar_store     INFO | bar_store Coinbase backfill: XPP-20DEC30-CDE/15m page=2 rows=300 new=0 oldest=2026-04-07 11:30
16:37:16 backend.server.scalp_bot.bar_store     INFO | bar_store Coinbase backfill: XPP-20DEC30-CDE/15m page=3 rows=300 new=0 oldest=2026-04-04 04:00
16:37:17 backend.server.scalp_bot.bar_store     INFO | bar_store Coinbase backfill: XPP-20DEC30-CDE/15m page=4 rows=300 new=0 oldest=2026-03-31 23:30
16:37:17 backend.server.scalp_bot.bar_store     INFO | bar_store Coinbase backfill: XPP-20DEC30-CDE/15m page=5 rows=300 new=0 oldest=2026-03-28 17:00
16:37:18 backend.server.scalp_bot.bar_store     INFO | bar_store Coinbase backfill: XPP-20DEC30-CDE/15m page=6 rows=300 new=0 oldest=2026-03-25 10:45
16:37:18 backend.server.scalp_bot.bar_store     INFO | bar_store Coinbase backfill: XPP-20DEC30-CDE/15m page=7 rows=300 new=0 oldest=2026-03-22 07:15
16:37:19 backend.server.scalp_bot.bar_store     INFO | bar_store Coinbase backfill: XPP-20DEC30-CDE/15m page=8 rows=300 new=0 oldest=2026-03-19 00:45
16:37:19 backend.server.scalp_bot.bar_store     INFO | bar_store Coinbase backfill: XPP-20DEC30-CDE/15m page=9 rows=300 new=0 oldest=2026-03-15 21:45
16:37:20 backend.server.scalp_bot.bar_store     INFO | bar_store Coinbase backfill: XPP-20DEC30-CDE/15m page=10 rows=8 new=0 oldest=2026-03-15 19:45
16:37:20 backend.server.scalp_bot.bar_store     INFO | bar_store Coinbase backfill: XPP-20DEC30-CDE/15m — wrote 0 new candles
16:37:20 backend.server.scalp_bot.scalp_runtime     INFO | ScalpRuntime: backfill done for XRP_USD — new_rows=0 total_in_store=13944 (hours_needed=697.0)
16:37:20 backend.server.scalp_bot.scalp_runtime     INFO | ScalpRuntime: STANDBY — candle feed live, waiting for operator to click Begin Warmup.
16:38:32 backend.server.scalp_bot.scalp_runtime     INFO | ScalpRuntime: regime risk-on RELAX after 30s calm (all pairs below triggers)
2026-04-13 16:38:59 - coinbase.RESTClient - ERROR - HTTP Error: 403 Client Error: Forbidden {"error":"PERMISSION_DENIED","error_details":"User does not have the correct permissions","message":"User does not have the correct permissions"}
16:38:59 coinbase.RESTClient     ERROR | HTTP Error: 403 Client Error: Forbidden {"error":"PERMISSION_DENIED","error_details":"User does not have the correct permissions","message":"User does not have the correct permissions"}
16:38:59 backend.server.coinbase_order_manager  WARNING | CoinbaseOrderManager: COINBASE_INTX_PORTFOLIO_UUID invalid or list_perps failed — falling back to auto-discovery
Traceback (most recent call last):
  File "C:\Users\daroo\Desktop\Repos\tradingbot-1\backend\server\coinbase_order_manager.py", line 1690, in _discover_intx_portfolio_uuid
    await asyncio.to_thread(lambda: lp(forced))
  File "C:\Python314\Lib\asyncio\threads.py", line 25, in to_thread
    return await loop.run_in_executor(None, func_call)
           ^^^^^^^^^^^^^^^^^^^^^^^^^^^^^^^^^^^^^^^^^^^
  File "C:\Python314\Lib\concurrent\futures\thread.py", line 86, in run
    result = ctx.run(self.task)
  File "C:\Python314\Lib\concurrent\futures\thread.py", line 73, in run
    return fn(*args, **kwargs)
  File "C:\Users\daroo\Desktop\Repos\tradingbot-1\backend\server\coinbase_order_manager.py", line 1690, in <lambda>
    await asyncio.to_thread(lambda: lp(forced))
                                    ~~^^^^^^^^
  File "C:\Users\daroo\AppData\Roaming\Python\Python314\site-packages\coinbase\rest\perpetuals.py", line 92, in list_perps_positions
    return ListPerpetualsPositionsResponse(self.get(endpoint, **kwargs))
                                           ~~~~~~~~^^^^^^^^^^^^^^^^^^^^
  File "C:\Users\daroo\AppData\Roaming\Python\Python314\site-packages\coinbase\rest\rest_base.py", line 101, in get
    return self.prepare_and_send_request(
           ~~~~~~~~~~~~~~~~~~~~~~~~~~~~~^
        "GET", url_path, params, data=None, public=public
        ^^^^^^^^^^^^^^^^^^^^^^^^^^^^^^^^^^^^^^^^^^^^^^^^^
    )
    ^
  File "C:\Users\daroo\AppData\Roaming\Python\Python314\site-packages\coinbase\rest\rest_base.py", line 207, in prepare_and_send_request
    return self.send_request(http_method, url_path, params, headers, data=data)
           ~~~~~~~~~~~~~~~~~^^^^^^^^^^^^^^^^^^^^^^^^^^^^^^^^^^^^^^^^^^^^^^^^^^^
  File "C:\Users\daroo\AppData\Roaming\Python\Python314\site-packages\coinbase\rest\rest_base.py", line 228, in send_request
    handle_exception(response)  # Raise an HTTPError for bad responses
    ~~~~~~~~~~~~~~~~^^^^^^^^^^
  File "C:\Users\daroo\AppData\Roaming\Python\Python314\site-packages\coinbase\rest\rest_base.py", line 47, in handle_exception
    raise HTTPError(http_error_msg, response=response)
requests.exceptions.HTTPError: 403 Client Error: Forbidden {"error":"PERMISSION_DENIED","error_details":"User does not have the correct permissions","message":"User does not have the correct permissions"}
2026-04-13 16:39:00 - coinbase.RESTClient - ERROR - HTTP Error: 403 Client Error: Forbidden {"error":"PERMISSION_DENIED","error_details":"User does not have the correct permissions","message":"User does not have the correct permissions"}
16:39:00 coinbase.RESTClient     ERROR | HTTP Error: 403 Client Error: Forbidden {"error":"PERMISSION_DENIED","error_details":"User does not have the correct permissions","message":"User does not have the correct permissions"}
16:40:12 backend.server.scalp_bot.coinbase_candle_feed     INFO | CoinbaseCandleFeed XRP_USD: CLOSED @ 1.350000 vol=194.0000 (n=100)
16:40:12 backend.server.scalp_bot.scalp_runtime     INFO | ScalpRuntime XRP_USD: candle close=1.350000 ema_f=1.351200 ema_s=1.349200 rsi=56.3 atr=0.002500 vwap=1.339300 vol_ok=False ready=True
16:40:17 backend.server.scalp_bot.coinbase_candle_feed     INFO | CoinbaseCandleFeed BTC_USD: CLOSED @ 73225.000000 vol=1574.0000 (n=100)
16:40:18 backend.server.scalp_bot.scalp_runtime     INFO | ScalpRuntime BTC_USD: candle close=73225.000000 ema_f=73171.054500 ema_s=72922.672200 rsi=65.6 atr=165.603800 vwap=72287.144166 vol_ok=False ready=True
16:40:18 backend.server.scalp_bot.coinbase_candle_feed     INFO | CoinbaseCandleFeed SOL_USD: CLOSED @ 84.120000 vol=164.0000 (n=100)
16:40:18 backend.server.scalp_bot.scalp_runtime     INFO | ScalpRuntime SOL_USD: candle close=84.120000 ema_f=84.040300 ema_s=83.805900 rsi=62.8 atr=0.184400 vwap=83.158803 vol_ok=False ready=True
2026-04-13 16:41:01 - coinbase.RESTClient - ERROR - HTTP Error: 403 Client Error: Forbidden {"error":"PERMISSION_DENIED","error_details":"User does not have the correct permissions","message":"User does not have the correct permissions"}
16:41:01 coinbase.RESTClient     ERROR | HTTP Error: 403 Client Error: Forbidden {"error":"PERMISSION_DENIED","error_details":"User does not have the correct permissions","message":"User does not have the correct permissions"}
16:41:01 backend.server.coinbase_order_manager  WARNING | CoinbaseOrderManager: COINBASE_INTX_PORTFOLIO_UUID invalid or list_perps failed — falling back to auto-discovery
Traceback (most recent call last):
  File "C:\Users\daroo\Desktop\Repos\tradingbot-1\backend\server\coinbase_order_manager.py", line 1690, in _discover_intx_portfolio_uuid
    await asyncio.to_thread(lambda: lp(forced))
  File "C:\Python314\Lib\asyncio\threads.py", line 25, in to_thread
    return await loop.run_in_executor(None, func_call)
           ^^^^^^^^^^^^^^^^^^^^^^^^^^^^^^^^^^^^^^^^^^^
  File "C:\Python314\Lib\concurrent\futures\thread.py", line 86, in run
    result = ctx.run(self.task)
  File "C:\Python314\Lib\concurrent\futures\thread.py", line 73, in run
    return fn(*args, **kwargs)
  File "C:\Users\daroo\Desktop\Repos\tradingbot-1\backend\server\coinbase_order_manager.py", line 1690, in <lambda>
    await asyncio.to_thread(lambda: lp(forced))
                                    ~~^^^^^^^^
  File "C:\Users\daroo\AppData\Roaming\Python\Python314\site-packages\coinbase\rest\perpetuals.py", line 92, in list_perps_positions
    return ListPerpetualsPositionsResponse(self.get(endpoint, **kwargs))
                                           ~~~~~~~~^^^^^^^^^^^^^^^^^^^^
  File "C:\Users\daroo\AppData\Roaming\Python\Python314\site-packages\coinbase\rest\rest_base.py", line 101, in get
    return self.prepare_and_send_request(
           ~~~~~~~~~~~~~~~~~~~~~~~~~~~~~^
        "GET", url_path, params, data=None, public=public
        ^^^^^^^^^^^^^^^^^^^^^^^^^^^^^^^^^^^^^^^^^^^^^^^^^
    )
    ^
  File "C:\Users\daroo\AppData\Roaming\Python\Python314\site-packages\coinbase\rest\rest_base.py", line 207, in prepare_and_send_request
    return self.send_request(http_method, url_path, params, headers, data=data)
           ~~~~~~~~~~~~~~~~~^^^^^^^^^^^^^^^^^^^^^^^^^^^^^^^^^^^^^^^^^^^^^^^^^^^
  File "C:\Users\daroo\AppData\Roaming\Python\Python314\site-packages\coinbase\rest\rest_base.py", line 228, in send_request
    handle_exception(response)  # Raise an HTTPError for bad responses
    ~~~~~~~~~~~~~~~~^^^^^^^^^^
  File "C:\Users\daroo\AppData\Roaming\Python\Python314\site-packages\coinbase\rest\rest_base.py", line 47, in handle_exception
    raise HTTPError(http_error_msg, response=response)
requests.exceptions.HTTPError: 403 Client Error: Forbidden {"error":"PERMISSION_DENIED","error_details":"User does not have the correct permissions","message":"User does not have the correct permissions"}
2026-04-13 16:41:01 - coinbase.RESTClient - ERROR - HTTP Error: 403 Client Error: Forbidden {"error":"PERMISSION_DENIED","error_details":"User does not have the correct permissions","message":"User does not have the correct permissions"}
16:41:01 coinbase.RESTClient     ERROR | HTTP Error: 403 Client Error: Forbidden {"error":"PERMISSION_DENIED","error_details":"User does not have the correct permissions","message":"User does not have the correct permissions"}
16:41:33 backend.server.ws_server     INFO | WS recv action=scalp_begin_warmup keys=['action']
16:41:33 backend.server.scalp_bot.scalp_runtime     INFO | ScalpRuntime: cleared stale champion file — WFO will select fresh champion
16:41:33 backend.server.state     INFO | ALERT [scalp_warmup] Warmup Started — Bar backfill and walk-forward optimization in progress…
16:41:33 backend.server.scalp_bot.scalp_runtime     INFO | ScalpRuntime: operator_begin_warmup — warmup sequence started
16:41:33 backend.server.scalp_bot.scalp_runtime     INFO | ScalpRuntime: Begin Warmup received — starting warmup sequence.
16:41:33 backend.server.scalp_bot.bar_store     INFO | bar_store: Coinbase REST using API credentials from environment
16:41:34 backend.server.scalp_bot.bar_store     INFO | bar_store Coinbase backfill: BIP-20DEC30-CDE/15m page=1 rows=300 new=0 oldest=2026-04-10 16:45
16:41:34 backend.server.scalp_bot.bar_store     INFO | bar_store Coinbase backfill: BIP-20DEC30-CDE/15m page=2 rows=300 new=0 oldest=2026-04-07 13:45
16:41:35 backend.server.scalp_bot.bar_store     INFO | bar_store Coinbase backfill: BIP-20DEC30-CDE/15m page=3 rows=300 new=0 oldest=2026-04-04 10:45
16:41:35 backend.server.scalp_bot.bar_store     INFO | bar_store Coinbase backfill: BIP-20DEC30-CDE/15m page=4 rows=300 new=0 oldest=2026-04-01 06:45
16:41:36 backend.server.scalp_bot.bar_store     INFO | bar_store Coinbase backfill: BIP-20DEC30-CDE/15m page=5 rows=300 new=0 oldest=2026-03-29 03:45
16:41:36 backend.server.scalp_bot.bar_store     INFO | bar_store Coinbase backfill: BIP-20DEC30-CDE/15m page=6 rows=300 new=0 oldest=2026-03-25 23:45
16:41:37 backend.server.scalp_bot.bar_store     INFO | bar_store Coinbase backfill: BIP-20DEC30-CDE/15m page=7 rows=300 new=0 oldest=2026-03-22 20:45
16:41:37 backend.server.scalp_bot.bar_store     INFO | bar_store Coinbase backfill: BIP-20DEC30-CDE/15m page=8 rows=300 new=0 oldest=2026-03-19 16:45
16:41:37 backend.server.scalp_bot.bar_store     INFO | bar_store Coinbase backfill: BIP-20DEC30-CDE/15m page=9 rows=300 new=0 oldest=2026-03-16 13:45
16:41:38 backend.server.scalp_bot.bar_store     INFO | bar_store Coinbase backfill: BIP-20DEC30-CDE/15m page=10 rows=72 new=0 oldest=2026-03-15 19:45
16:41:38 backend.server.scalp_bot.bar_store     INFO | bar_store Coinbase backfill: BIP-20DEC30-CDE/15m — wrote 0 new candles
16:41:38 backend.server.scalp_bot.scalp_runtime     INFO | ScalpRuntime: backfill done for BTC_USD — new_rows=0 total_in_store=14262
16:41:38 backend.server.scalp_bot.bar_store     INFO | bar_store: Coinbase REST using API credentials from environment
16:41:38 backend.server.scalp_bot.bar_store     INFO | bar_store Coinbase backfill: SLP-20DEC30-CDE/15m page=1 rows=300 new=0 oldest=2026-04-10 15:45
16:41:39 backend.server.scalp_bot.bar_store     INFO | bar_store Coinbase backfill: SLP-20DEC30-CDE/15m page=2 rows=300 new=0 oldest=2026-04-07 12:45
16:41:39 backend.server.scalp_bot.bar_store     INFO | bar_store Coinbase backfill: SLP-20DEC30-CDE/15m page=3 rows=300 new=0 oldest=2026-04-04 07:15
16:41:40 backend.server.scalp_bot.bar_store     INFO | bar_store Coinbase backfill: SLP-20DEC30-CDE/15m page=4 rows=300 new=0 oldest=2026-04-01 02:15
16:41:40 backend.server.scalp_bot.bar_store     INFO | bar_store Coinbase backfill: SLP-20DEC30-CDE/15m page=5 rows=300 new=0 oldest=2026-03-28 22:30
16:41:41 backend.server.scalp_bot.bar_store     INFO | bar_store Coinbase backfill: SLP-20DEC30-CDE/15m page=6 rows=300 new=0 oldest=2026-03-25 17:45
16:41:41 backend.server.scalp_bot.bar_store     INFO | bar_store Coinbase backfill: SLP-20DEC30-CDE/15m page=7 rows=300 new=0 oldest=2026-03-22 14:45
16:41:42 backend.server.scalp_bot.bar_store     INFO | bar_store Coinbase backfill: SLP-20DEC30-CDE/15m page=8 rows=300 new=0 oldest=2026-03-19 09:15
16:41:42 backend.server.scalp_bot.bar_store     INFO | bar_store Coinbase backfill: SLP-20DEC30-CDE/15m page=9 rows=300 new=0 oldest=2026-03-16 06:15
16:41:42 backend.server.scalp_bot.bar_store     INFO | bar_store Coinbase backfill: SLP-20DEC30-CDE/15m page=10 rows=42 new=0 oldest=2026-03-15 19:45
16:41:42 backend.server.scalp_bot.bar_store     INFO | bar_store Coinbase backfill: SLP-20DEC30-CDE/15m — wrote 0 new candles
16:41:42 backend.server.scalp_bot.scalp_runtime     INFO | ScalpRuntime: backfill done for SOL_USD — new_rows=0 total_in_store=14038
16:41:43 backend.server.scalp_bot.bar_store     INFO | bar_store: Coinbase REST using API credentials from environment
16:41:43 backend.server.scalp_bot.bar_store     INFO | bar_store Coinbase backfill: XPP-20DEC30-CDE/15m page=1 rows=300 new=0 oldest=2026-04-10 14:30
16:41:44 backend.server.scalp_bot.bar_store     INFO | bar_store Coinbase backfill: XPP-20DEC30-CDE/15m page=2 rows=300 new=0 oldest=2026-04-07 11:30
16:41:44 backend.server.scalp_bot.bar_store     INFO | bar_store Coinbase backfill: XPP-20DEC30-CDE/15m page=3 rows=300 new=0 oldest=2026-04-04 04:00
16:41:44 backend.server.scalp_bot.bar_store     INFO | bar_store Coinbase backfill: XPP-20DEC30-CDE/15m page=4 rows=300 new=0 oldest=2026-03-31 23:30
16:41:45 backend.server.scalp_bot.bar_store     INFO | bar_store Coinbase backfill: XPP-20DEC30-CDE/15m page=5 rows=300 new=0 oldest=2026-03-28 17:00
16:41:45 backend.server.scalp_bot.bar_store     INFO | bar_store Coinbase backfill: XPP-20DEC30-CDE/15m page=6 rows=300 new=0 oldest=2026-03-25 10:45
16:41:46 backend.server.scalp_bot.bar_store     INFO | bar_store Coinbase backfill: XPP-20DEC30-CDE/15m page=7 rows=300 new=0 oldest=2026-03-22 07:15
16:41:46 backend.server.scalp_bot.bar_store     INFO | bar_store Coinbase backfill: XPP-20DEC30-CDE/15m page=8 rows=300 new=0 oldest=2026-03-19 00:45
16:41:47 backend.server.scalp_bot.bar_store     INFO | bar_store Coinbase backfill: XPP-20DEC30-CDE/15m page=9 rows=300 new=0 oldest=2026-03-15 21:45
16:41:47 backend.server.scalp_bot.bar_store     INFO | bar_store Coinbase backfill: XPP-20DEC30-CDE/15m page=10 rows=8 new=0 oldest=2026-03-15 19:45
16:41:47 backend.server.scalp_bot.bar_store     INFO | bar_store Coinbase backfill: XPP-20DEC30-CDE/15m — wrote 0 new candles
16:41:47 backend.server.scalp_bot.scalp_runtime     INFO | ScalpRuntime: backfill done for XRP_USD — new_rows=0 total_in_store=13945
16:41:47 backend.server.scalp_bot.scalp_runtime     INFO | ScalpRuntime: running startup WFO pass (trading held until complete)…
16:41:47 backend.server.scalp_bot.scalp_wfo     INFO | ScalpWFO: run_once start — pairs=['BTC_USD', 'SOL_USD', 'XRP_USD'] train=168.0h holdout=48.0h step=24.0h objective=total_pnl
16:41:47 backend.server.scalp_bot.scalp_wfo     INFO | scalp_wfo: BIP-20DEC30-CDE/15m — grid=2886 combos (daviddtech_scalp:243, ema_momentum:1080, ema_scalp:144, hull_suite:81, macd_scalp:96, qqe_mod:162, rsi_reversion:432, squeeze_momentum:162, supertrend:243, utbot_alert:243), windows=21, span=696.8h roll=697.0h objective=total_pnl
C:\Users\daroo\Desktop\Repos\tradingbot-1\backend\server\scalp_bot\scalp_vec_backtest.py:1350: RuntimeWarning: Mean of empty slice
  seed = np.nanmean(abs_diff[:wilders_period])
16:42:09 backend.server.scalp_bot.scalp_wfo     INFO | scalp_wfo: BIP-20DEC30-CDE/15m window[0] — 2886/2886 scored (daviddtech_scalp:243, ema_momentum:1080, ema_scalp:144, hull_suite:81, macd_scalp:96, qqe_mod:162, rsi_reversion:432, squeeze_momentum:162, supertrend:243, utbot_alert:243)
