16:13:08 backend.server.windows_power     INFO | Windows: preventing system idle sleep while bot runs
16:13:08 backend.server.session_logger     INFO | Session log: C:\Users\daroo\Desktop\Repos\tradingbot-1\data\session_20260413_201308.jsonl
2026-04-13 16:13:08 - coinbase.RESTClient - ERROR - HTTP Error: 403 Client Error: Forbidden {"error":"PERMISSION_DENIED","error_details":"User does not have the correct permissions","message":"User does not have the correct permissions"}
16:13:08 coinbase.RESTClient     ERROR | HTTP Error: 403 Client Error: Forbidden {"error":"PERMISSION_DENIED","error_details":"User does not have the correct permissions","message":"User does not have the correct permissions"}
16:13:08 backend.server.coinbase_order_manager  WARNING | CoinbaseOrderManager: COINBASE_INTX_PORTFOLIO_UUID invalid or list_perps failed — falling back to auto-discovery
Traceback (most recent call last):
  File "C:\Users\daroo\Desktop\Repos\tradingbot-1\backend\server\coinbase_order_manager.py", line 1668, in _discover_intx_portfolio_uuid
    await asyncio.to_thread(lambda: lp(forced))
  File "C:\Python314\Lib\asyncio\threads.py", line 25, in to_thread
    return await loop.run_in_executor(None, func_call)
           ^^^^^^^^^^^^^^^^^^^^^^^^^^^^^^^^^^^^^^^^^^^
  File "C:\Python314\Lib\concurrent\futures\thread.py", line 86, in run
    result = ctx.run(self.task)
  File "C:\Python314\Lib\concurrent\futures\thread.py", line 73, in run
    return fn(*args, **kwargs)
  File "C:\Users\daroo\Desktop\Repos\tradingbot-1\backend\server\coinbase_order_manager.py", line 1668, in <lambda>
    await asyncio.to_thread(lambda: lp(forced))
                                    ~~^^^^^^^^
  File "C:\Users\daroo\AppData\Roaming\Python\Python314\site-packages\coinbase\rest\perpetuals.py", line 92, in list_perps_positions
    return ListPerpetualsPositionsResponse(self.get(endpoint, **kwargs))
                                           ~~~~~~~~^^^^^^^^^^^^^^^^^^^^
  File "C:\Users\daroo\AppData\Roaming\Python\Python314\site-packages\coinbase\rest\rest_base.py", line 101, in get
    return self.prepare_and_send_request(
           ~~~~~~~~~~~~~~~~~~~~~~~~~~~~~^
        "GET", url_path, params, data=None, public=public
        ^^^^^^^^^^^^^^^^^^^^^^^^^^^^^^^^^^^^^^^^^^^^^^^^^
    )
    ^
  File "C:\Users\daroo\AppData\Roaming\Python\Python314\site-packages\coinbase\rest\rest_base.py", line 207, in prepare_and_send_request
    return self.send_request(http_method, url_path, params, headers, data=data)
           ~~~~~~~~~~~~~~~~~^^^^^^^^^^^^^^^^^^^^^^^^^^^^^^^^^^^^^^^^^^^^^^^^^^^
  File "C:\Users\daroo\AppData\Roaming\Python\Python314\site-packages\coinbase\rest\rest_base.py", line 228, in send_request
    handle_exception(response)  # Raise an HTTPError for bad responses
    ~~~~~~~~~~~~~~~~^^^^^^^^^^
  File "C:\Users\daroo\AppData\Roaming\Python\Python314\site-packages\coinbase\rest\rest_base.py", line 47, in handle_exception
    raise HTTPError(http_error_msg, response=response)
requests.exceptions.HTTPError: 403 Client Error: Forbidden {"error":"PERMISSION_DENIED","error_details":"User does not have the correct permissions","message":"User does not have the correct permissions"}
2026-04-13 16:13:09 - coinbase.RESTClient - ERROR - HTTP Error: 403 Client Error: Forbidden {"error":"PERMISSION_DENIED","error_details":"User does not have the correct permissions","message":"User does not have the correct permissions"}
16:13:09 coinbase.RESTClient     ERROR | HTTP Error: 403 Client Error: Forbidden {"error":"PERMISSION_DENIED","error_details":"User does not have the correct permissions","message":"User does not have the correct permissions"}
16:13:09 backend.server.coinbase_order_manager     INFO | CoinbaseOrderManager: initialized (fill polling started)
16:13:09 mitch                    INFO | Coinbase Advanced Trade: scalp execution manager initialized
16:13:09 backend.server.coinbase_order_manager     INFO | CoinbaseOrderManager: scalp registered pair_keys=['BTC_USD', 'SOL_USD', 'XRP_USD'] products=['BIP-20DEC30-CDE', 'SLP-20DEC30-CDE', 'XPP-20DEC30-CDE']
2026-04-13 16:13:09 - coinbase.RESTClient - ERROR - HTTP Error: 403 Client Error: Forbidden {"error":"PERMISSION_DENIED","error_details":"User does not have the correct permissions","message":"User does not have the correct permissions"}
16:13:09 coinbase.RESTClient     ERROR | HTTP Error: 403 Client Error: Forbidden {"error":"PERMISSION_DENIED","error_details":"User does not have the correct permissions","message":"User does not have the correct permissions"}
16:13:09 backend.server.coinbase_order_manager  WARNING | CoinbaseOrderManager: COINBASE_INTX_PORTFOLIO_UUID invalid or list_perps failed — falling back to auto-discovery
Traceback (most recent call last):
  File "C:\Users\daroo\Desktop\Repos\tradingbot-1\backend\server\coinbase_order_manager.py", line 1668, in _discover_intx_portfolio_uuid
    await asyncio.to_thread(lambda: lp(forced))
  File "C:\Python314\Lib\asyncio\threads.py", line 25, in to_thread
    return await loop.run_in_executor(None, func_call)
           ^^^^^^^^^^^^^^^^^^^^^^^^^^^^^^^^^^^^^^^^^^^
  File "C:\Python314\Lib\concurrent\futures\thread.py", line 86, in run
    result = ctx.run(self.task)
  File "C:\Python314\Lib\concurrent\futures\thread.py", line 73, in run
    return fn(*args, **kwargs)
  File "C:\Users\daroo\Desktop\Repos\tradingbot-1\backend\server\coinbase_order_manager.py", line 1668, in <lambda>
    await asyncio.to_thread(lambda: lp(forced))
                                    ~~^^^^^^^^
  File "C:\Users\daroo\AppData\Roaming\Python\Python314\site-packages\coinbase\rest\perpetuals.py", line 92, in list_perps_positions
    return ListPerpetualsPositionsResponse(self.get(endpoint, **kwargs))
                                           ~~~~~~~~^^^^^^^^^^^^^^^^^^^^
  File "C:\Users\daroo\AppData\Roaming\Python\Python314\site-packages\coinbase\rest\rest_base.py", line 101, in get
    return self.prepare_and_send_request(
           ~~~~~~~~~~~~~~~~~~~~~~~~~~~~~^
        "GET", url_path, params, data=None, public=public
        ^^^^^^^^^^^^^^^^^^^^^^^^^^^^^^^^^^^^^^^^^^^^^^^^^
    )
    ^
  File "C:\Users\daroo\AppData\Roaming\Python\Python314\site-packages\coinbase\rest\rest_base.py", line 207, in prepare_and_send_request
    return self.send_request(http_method, url_path, params, headers, data=data)
           ~~~~~~~~~~~~~~~~~^^^^^^^^^^^^^^^^^^^^^^^^^^^^^^^^^^^^^^^^^^^^^^^^^^^
  File "C:\Users\daroo\AppData\Roaming\Python\Python314\site-packages\coinbase\rest\rest_base.py", line 228, in send_request
    handle_exception(response)  # Raise an HTTPError for bad responses
    ~~~~~~~~~~~~~~~~^^^^^^^^^^
  File "C:\Users\daroo\AppData\Roaming\Python\Python314\site-packages\coinbase\rest\rest_base.py", line 47, in handle_exception
    raise HTTPError(http_error_msg, response=response)
requests.exceptions.HTTPError: 403 Client Error: Forbidden {"error":"PERMISSION_DENIED","error_details":"User does not have the correct permissions","message":"User does not have the correct permissions"}
2026-04-13 16:13:09 - coinbase.RESTClient - ERROR - HTTP Error: 403 Client Error: Forbidden {"error":"PERMISSION_DENIED","error_details":"User does not have the correct permissions","message":"User does not have the correct permissions"}
16:13:09 coinbase.RESTClient     ERROR | HTTP Error: 403 Client Error: Forbidden {"error":"PERMISSION_DENIED","error_details":"User does not have the correct permissions","message":"User does not have the correct permissions"}
16:13:09 backend.server.coinbase_order_manager     INFO | CoinbaseOrderManager: first fill poll result — 100 fills, keys=['fills', 'cursor', 'proof_token_required'], sample=[{'entry_id': '4ef0332d4507fccf36172d220db0da0f2bac2067dc28b08b6770066b57c428d3', 'trade_id': '36184986-e7c8-49bd-ae73-163ab59ba252', 'order_id': '955451f5-7ce9-476a-81a0-8ecb1ee31a20', 'trade_time': '2026-04-13T20:01:38.306312Z', 'trade_type': 'FILL', 'price': '1.3554', 'size': '1', 'commission': '0.62439', 'product_id': 'XPP-20DEC30-CDE', 'sequence_timestamp': '2026-04-13T20:01:38.318384Z', 'liquidity_indicator': 'TAKER', 'size_in_quote': False, 'user_id': '232a88f7-6fa9-53d4-a46e-e8007c1ca2d5', 'side': 'BUY', 'retail_portfolio_id': '232a88f7-6fa9-53d4-a46e-e8007c1ca2d5', 'fillSource': 'FILL_SOURCE_CLOB', 'commission_detail_total': {'total_commission': '0.62', 'gst_commission': '', 'withholding_commission': '', 'client_commission': '0.47439', 'venue_commission': '0.1', 'regulatory_commission': '0.02', 'clearing_commission': '0.03'}}, {'entry_id': '7a417d08bb2905844535d6fa837c55aeec56cafd20458d832b5246f74ba508cb', 'trade_id': 'd6c7bfbe-9985-475d-a872-c9eeb45a0cb5', 'order_id': '3e0abbe0-cb69-4b8f-91e3-77a4a5491cad', 'trade_time': '2026-04-13T20:00:57.322072Z', 'trade_type': 'FILL', 'price': '73395', 'size': '1', 'commission': '0.663765', 'product_id': 'BIP-20DEC30-CDE', 'sequence_timestamp': '2026-04-13T20:00:57.332702Z', 'liquidity_indicator': 'TAKER', 'size_in_quote': False, 'user_id': '232a88f7-6fa9-53d4-a46e-e8007c1ca2d5', 'side': 'BUY', 'retail_portfolio_id': '232a88f7-6fa9-53d4-a46e-e8007c1ca2d5', 'fillSource': 'FILL_SOURCE_CLOB', 'commission_detail_total': {'total_commission': '0.66', 'gst_commission': '', 'withholding_commission': '', 'client_commission': '0.513765', 'venue_commission': '0.1', 'regulatory_commission': '0.02', 'clearing_commission': '0.03'}}, {'entry_id': '6e039b725b4c4eb97304f2677d693078fdb2a588134117d578c9d43c8fe050a2', 'trade_id': '705da43f-0369-4529-9216-243df30e63f1', 'order_id': '177ae182-fa5f-4b44-b5d0-ecbf3902ec78', 'trade_time': '2026-04-12T16:07:25.008505Z', 'trade_type': 'FILL', 'price': '1.3259', 'size': '1', 'commission': '0.614065', 'product_id': 'XPP-20DEC30-CDE', 'sequence_timestamp': '2026-04-12T16:07:25.020121Z', 'liquidity_indicator': 'TAKER', 'size_in_quote': False, 'user_id': '232a88f7-6fa9-53d4-a46e-e8007c1ca2d5', 'side': 'BUY', 'retail_portfolio_id': '232a88f7-6fa9-53d4-a46e-e8007c1ca2d5', 'fillSource': 'FILL_SOURCE_CLOB', 'commission_detail_total': {'total_commission': '0.61', 'gst_commission': '', 'withholding_commission': '', 'client_commission': '0.464065', 'venue_commission': '0.1', 'regulatory_commission': '0.02', 'clearing_commission': '0.03'}}]
2026-04-13 16:13:10 - coinbase.RESTClient - ERROR - HTTP Error: 403 Client Error: Forbidden {"error":"PERMISSION_DENIED","error_details":"User does not have the correct permissions","message":"User does not have the correct permissions"}
16:13:10 coinbase.RESTClient     ERROR | HTTP Error: 403 Client Error: Forbidden {"error":"PERMISSION_DENIED","error_details":"User does not have the correct permissions","message":"User does not have the correct permissions"}
16:13:10 backend.server.coinbase_order_manager  WARNING | CoinbaseOrderManager: COINBASE_INTX_PORTFOLIO_UUID invalid or list_perps failed — falling back to auto-discovery
Traceback (most recent call last):
  File "C:\Users\daroo\Desktop\Repos\tradingbot-1\backend\server\coinbase_order_manager.py", line 1668, in _discover_intx_portfolio_uuid
    await asyncio.to_thread(lambda: lp(forced))
  File "C:\Python314\Lib\asyncio\threads.py", line 25, in to_thread
    return await loop.run_in_executor(None, func_call)
           ^^^^^^^^^^^^^^^^^^^^^^^^^^^^^^^^^^^^^^^^^^^
  File "C:\Python314\Lib\concurrent\futures\thread.py", line 86, in run
    result = ctx.run(self.task)
  File "C:\Python314\Lib\concurrent\futures\thread.py", line 73, in run
    return fn(*args, **kwargs)
  File "C:\Users\daroo\Desktop\Repos\tradingbot-1\backend\server\coinbase_order_manager.py", line 1668, in <lambda>
    await asyncio.to_thread(lambda: lp(forced))
                                    ~~^^^^^^^^
  File "C:\Users\daroo\AppData\Roaming\Python\Python314\site-packages\coinbase\rest\perpetuals.py", line 92, in list_perps_positions
    return ListPerpetualsPositionsResponse(self.get(endpoint, **kwargs))
                                           ~~~~~~~~^^^^^^^^^^^^^^^^^^^^
  File "C:\Users\daroo\AppData\Roaming\Python\Python314\site-packages\coinbase\rest\rest_base.py", line 101, in get
    return self.prepare_and_send_request(
           ~~~~~~~~~~~~~~~~~~~~~~~~~~~~~^
        "GET", url_path, params, data=None, public=public
        ^^^^^^^^^^^^^^^^^^^^^^^^^^^^^^^^^^^^^^^^^^^^^^^^^
    )
    ^
  File "C:\Users\daroo\AppData\Roaming\Python\Python314\site-packages\coinbase\rest\rest_base.py", line 207, in prepare_and_send_request
    return self.send_request(http_method, url_path, params, headers, data=data)
           ~~~~~~~~~~~~~~~~~^^^^^^^^^^^^^^^^^^^^^^^^^^^^^^^^^^^^^^^^^^^^^^^^^^^
  File "C:\Users\daroo\AppData\Roaming\Python\Python314\site-packages\coinbase\rest\rest_base.py", line 228, in send_request
    handle_exception(response)  # Raise an HTTPError for bad responses
    ~~~~~~~~~~~~~~~~^^^^^^^^^^
  File "C:\Users\daroo\AppData\Roaming\Python\Python314\site-packages\coinbase\rest\rest_base.py", line 47, in handle_exception
    raise HTTPError(http_error_msg, response=response)
requests.exceptions.HTTPError: 403 Client Error: Forbidden {"error":"PERMISSION_DENIED","error_details":"User does not have the correct permissions","message":"User does not have the correct permissions"}
2026-04-13 16:13:10 - coinbase.RESTClient - ERROR - HTTP Error: 403 Client Error: Forbidden {"error":"PERMISSION_DENIED","error_details":"User does not have the correct permissions","message":"User does not have the correct permissions"}
16:13:10 coinbase.RESTClient     ERROR | HTTP Error: 403 Client Error: Forbidden {"error":"PERMISSION_DENIED","error_details":"User does not have the correct permissions","message":"User does not have the correct permissions"}
16:13:10 backend.server.scalp_bot.scalp_runtime     INFO | ScalpRuntime: started for pairs ['BTC_USD', 'SOL_USD', 'XRP_USD']
16:13:10 backend.server.scalp_bot.scalp_runtime     INFO | ScalpRuntime: seeding candle feed from REST...
16:13:10 backend.server.scalp_bot.bar_store     INFO | bar_store: Coinbase REST using API credentials from environment
16:13:10 backend.server.ws_server     INFO | Dashboard static UI: frontend-new/dist (scalp UI)
16:13:10 backend.server.ws_server     INFO | Dashboard running at http://127.0.0.1:8080
16:13:10 mitch                    INFO | Dashboard up on port 8080 — Coinbase scalp mode.
2026-04-13 16:13:10 - coinbase.RESTClient - ERROR - HTTP Error: 403 Client Error: Forbidden {"error":"PERMISSION_DENIED","error_details":"User does not have the correct permissions","message":"User does not have the correct permissions"}
16:13:10 coinbase.RESTClient     ERROR | HTTP Error: 403 Client Error: Forbidden {"error":"PERMISSION_DENIED","error_details":"User does not have the correct permissions","message":"User does not have the correct permissions"}
16:13:10 backend.server.coinbase_order_manager  WARNING | CoinbaseOrderManager: COINBASE_INTX_PORTFOLIO_UUID invalid or list_perps failed — falling back to auto-discovery
Traceback (most recent call last):
  File "C:\Users\daroo\Desktop\Repos\tradingbot-1\backend\server\coinbase_order_manager.py", line 1668, in _discover_intx_portfolio_uuid
    await asyncio.to_thread(lambda: lp(forced))
  File "C:\Python314\Lib\asyncio\threads.py", line 25, in to_thread
    return await loop.run_in_executor(None, func_call)
           ^^^^^^^^^^^^^^^^^^^^^^^^^^^^^^^^^^^^^^^^^^^
  File "C:\Python314\Lib\concurrent\futures\thread.py", line 86, in run
    result = ctx.run(self.task)
  File "C:\Python314\Lib\concurrent\futures\thread.py", line 73, in run
    return fn(*args, **kwargs)
  File "C:\Users\daroo\Desktop\Repos\tradingbot-1\backend\server\coinbase_order_manager.py", line 1668, in <lambda>
    await asyncio.to_thread(lambda: lp(forced))
                                    ~~^^^^^^^^
  File "C:\Users\daroo\AppData\Roaming\Python\Python314\site-packages\coinbase\rest\perpetuals.py", line 92, in list_perps_positions
    return ListPerpetualsPositionsResponse(self.get(endpoint, **kwargs))
                                           ~~~~~~~~^^^^^^^^^^^^^^^^^^^^
  File "C:\Users\daroo\AppData\Roaming\Python\Python314\site-packages\coinbase\rest\rest_base.py", line 101, in get
    return self.prepare_and_send_request(
           ~~~~~~~~~~~~~~~~~~~~~~~~~~~~~^
        "GET", url_path, params, data=None, public=public
        ^^^^^^^^^^^^^^^^^^^^^^^^^^^^^^^^^^^^^^^^^^^^^^^^^
    )
    ^
  File "C:\Users\daroo\AppData\Roaming\Python\Python314\site-packages\coinbase\rest\rest_base.py", line 207, in prepare_and_send_request
    return self.send_request(http_method, url_path, params, headers, data=data)
           ~~~~~~~~~~~~~~~~~^^^^^^^^^^^^^^^^^^^^^^^^^^^^^^^^^^^^^^^^^^^^^^^^^^^
  File "C:\Users\daroo\AppData\Roaming\Python\Python314\site-packages\coinbase\rest\rest_base.py", line 228, in send_request
    handle_exception(response)  # Raise an HTTPError for bad responses
    ~~~~~~~~~~~~~~~~^^^^^^^^^^
  File "C:\Users\daroo\AppData\Roaming\Python\Python314\site-packages\coinbase\rest\rest_base.py", line 47, in handle_exception
    raise HTTPError(http_error_msg, response=response)
requests.exceptions.HTTPError: 403 Client Error: Forbidden {"error":"PERMISSION_DENIED","error_details":"User does not have the correct permissions","message":"User does not have the correct permissions"}
2026-04-13 16:13:10 - coinbase.RESTClient - ERROR - HTTP Error: 403 Client Error: Forbidden {"error":"PERMISSION_DENIED","error_details":"User does not have the correct permissions","message":"User does not have the correct permissions"}
16:13:10 coinbase.RESTClient     ERROR | HTTP Error: 403 Client Error: Forbidden {"error":"PERMISSION_DENIED","error_details":"User does not have the correct permissions","message":"User does not have the correct permissions"}
16:13:11 backend.server.scalp_bot.coinbase_candle_feed     INFO | CoinbaseCandleFeed: seeded 0 candles for BIP-20DEC30-CDE
16:13:11 backend.server.ws_server     INFO | Dashboard client connected from 127.0.0.1 (1 total)
16:13:11 backend.server.ws_server     INFO | Dashboard client connected from 127.0.0.1 (2 total)
16:13:11 backend.server.scalp_bot.bar_store     INFO | bar_store: Coinbase REST using API credentials from environment
2026-04-13 16:13:12 - coinbase.RESTClient - ERROR - HTTP Error: 403 Client Error: Forbidden {"error":"PERMISSION_DENIED","error_details":"User does not have the correct permissions","message":"User does not have the correct permissions"}
16:13:12 coinbase.RESTClient     ERROR | HTTP Error: 403 Client Error: Forbidden {"error":"PERMISSION_DENIED","error_details":"User does not have the correct permissions","message":"User does not have the correct permissions"}
16:13:12 backend.server.coinbase_order_manager  WARNING | CoinbaseOrderManager: COINBASE_INTX_PORTFOLIO_UUID invalid or list_perps failed — falling back to auto-discovery
Traceback (most recent call last):
  File "C:\Users\daroo\Desktop\Repos\tradingbot-1\backend\server\coinbase_order_manager.py", line 1668, in _discover_intx_portfolio_uuid
    await asyncio.to_thread(lambda: lp(forced))
  File "C:\Python314\Lib\asyncio\threads.py", line 25, in to_thread
    return await loop.run_in_executor(None, func_call)
           ^^^^^^^^^^^^^^^^^^^^^^^^^^^^^^^^^^^^^^^^^^^
  File "C:\Python314\Lib\concurrent\futures\thread.py", line 86, in run
    result = ctx.run(self.task)
  File "C:\Python314\Lib\concurrent\futures\thread.py", line 73, in run
    return fn(*args, **kwargs)
  File "C:\Users\daroo\Desktop\Repos\tradingbot-1\backend\server\coinbase_order_manager.py", line 1668, in <lambda>
    await asyncio.to_thread(lambda: lp(forced))
                                    ~~^^^^^^^^
  File "C:\Users\daroo\AppData\Roaming\Python\Python314\site-packages\coinbase\rest\perpetuals.py", line 92, in list_perps_positions
    return ListPerpetualsPositionsResponse(self.get(endpoint, **kwargs))
                                           ~~~~~~~~^^^^^^^^^^^^^^^^^^^^
  File "C:\Users\daroo\AppData\Roaming\Python\Python314\site-packages\coinbase\rest\rest_base.py", line 101, in get
    return self.prepare_and_send_request(
           ~~~~~~~~~~~~~~~~~~~~~~~~~~~~~^
        "GET", url_path, params, data=None, public=public
        ^^^^^^^^^^^^^^^^^^^^^^^^^^^^^^^^^^^^^^^^^^^^^^^^^
    )
    ^
  File "C:\Users\daroo\AppData\Roaming\Python\Python314\site-packages\coinbase\rest\rest_base.py", line 207, in prepare_and_send_request
    return self.send_request(http_method, url_path, params, headers, data=data)
           ~~~~~~~~~~~~~~~~~^^^^^^^^^^^^^^^^^^^^^^^^^^^^^^^^^^^^^^^^^^^^^^^^^^^
  File "C:\Users\daroo\AppData\Roaming\Python\Python314\site-packages\coinbase\rest\rest_base.py", line 228, in send_request
    handle_exception(response)  # Raise an HTTPError for bad responses
    ~~~~~~~~~~~~~~~~^^^^^^^^^^
  File "C:\Users\daroo\AppData\Roaming\Python\Python314\site-packages\coinbase\rest\rest_base.py", line 47, in handle_exception
    raise HTTPError(http_error_msg, response=response)
requests.exceptions.HTTPError: 403 Client Error: Forbidden {"error":"PERMISSION_DENIED","error_details":"User does not have the correct permissions","message":"User does not have the correct permissions"}
2026-04-13 16:13:12 - coinbase.RESTClient - ERROR - HTTP Error: 403 Client Error: Forbidden {"error":"PERMISSION_DENIED","error_details":"User does not have the correct permissions","message":"User does not have the correct permissions"}
16:13:12 coinbase.RESTClient     ERROR | HTTP Error: 403 Client Error: Forbidden {"error":"PERMISSION_DENIED","error_details":"User does not have the correct permissions","message":"User does not have the correct permissions"}
16:13:12 backend.server.scalp_bot.coinbase_candle_feed     INFO | CoinbaseCandleFeed: seeded 0 candles for SLP-20DEC30-CDE
16:13:12 backend.server.scalp_bot.bar_store     INFO | bar_store: Coinbase REST using API credentials from environment
16:13:13 backend.server.scalp_bot.coinbase_candle_feed     INFO | CoinbaseCandleFeed: seeded 0 candles for XPP-20DEC30-CDE
16:13:13 backend.server.scalp_bot.scalp_runtime     INFO | ScalpRuntime: replaying 0 REST candles into BTC_USD indicators
16:13:13 backend.server.scalp_bot.scalp_runtime     INFO | ScalpRuntime: replaying 0 REST candles into SOL_USD indicators
16:13:13 backend.server.scalp_bot.scalp_runtime     INFO | ScalpRuntime: replaying 0 REST candles into XRP_USD indicators
16:13:13 backend.server.scalp_bot.scalp_runtime     INFO | ScalpRuntime: prior champion found on disk — will re-validate via startup WFO before trading
16:13:13 backend.server.scalp_bot.scalp_runtime     INFO | ScalpRuntime: WARMUP started — collecting bars (need 100 per pair), current: {'BTC_USD': 14256, 'SOL_USD': 14032, 'XRP_USD': 13939}
16:13:13 backend.server.scalp_bot.scalp_runtime     INFO | ScalpRuntime: candle feed live — backfilling historical bars for WFO...
16:13:13 backend.server.scalp_bot.bar_store     INFO | bar_store: Coinbase REST using API credentials from environment
16:13:13 backend.server.scalp_bot.coinbase_candle_feed     INFO | CoinbaseCandleFeed: subscribed candles BIP-20DEC30-CDE FIFTEEN_MINUTE
16:13:13 backend.server.scalp_bot.coinbase_candle_feed     INFO | CoinbaseCandleFeed: subscribed candles SLP-20DEC30-CDE FIFTEEN_MINUTE
16:13:13 backend.server.scalp_bot.bar_store     INFO | bar_store Coinbase backfill: BIP-20DEC30-CDE/15m page=1 rows=300 new=0 oldest=2026-04-10 16:15
16:13:13 backend.server.scalp_bot.coinbase_candle_feed     INFO | CoinbaseCandleFeed: subscribed candles XPP-20DEC30-CDE FIFTEEN_MINUTE
16:13:14 backend.server.scalp_bot.coinbase_candle_feed     INFO | CoinbaseCandleFeed: subscribed ticker ['XPP-20DEC30-CDE', 'BIP-20DEC30-CDE', 'SLP-20DEC30-CDE']
16:13:14 backend.server.scalp_bot.bar_store     INFO | bar_store Coinbase backfill: BIP-20DEC30-CDE/15m page=2 rows=300 new=0 oldest=2026-04-07 13:15
16:13:14 backend.server.scalp_bot.coinbase_candle_feed     INFO | CoinbaseCandleFeed: subscribed level2 ['XPP-20DEC30-CDE', 'BIP-20DEC30-CDE', 'SLP-20DEC30-CDE']
16:13:14 backend.server.scalp_bot.coinbase_candle_feed     INFO | CoinbaseCandleFeed BTC_USD: CLOSED @ 70780.000000 vol=209.0000 (n=1)
16:13:14 backend.server.scalp_bot.scalp_runtime     INFO | ScalpRuntime BTC_USD: candle close=70780.000000 ema_f=0.000000 ema_s=0.000000 rsi=50.0 atr=0.000000 vwap=70788.333333 vol_ok=False ready=False
16:13:14 backend.server.scalp_bot.coinbase_candle_feed     INFO | CoinbaseCandleFeed BTC_USD: CLOSED @ 70865.000000 vol=205.0000 (n=2)
16:13:14 backend.server.scalp_bot.scalp_runtime     INFO | ScalpRuntime BTC_USD: candle close=70865.000000 ema_f=0.000000 ema_s=0.000000 rsi=50.0 atr=0.000000 vwap=70805.664251 vol_ok=False ready=False
16:13:14 backend.server.scalp_bot.scalp_runtime     INFO | ScalpRuntime BTC_USD: regime risk-on LIVE reasons=['live_volume_spike'] until_ts=1776111314
16:13:14 backend.server.scalp_bot.coinbase_candle_feed     INFO | CoinbaseCandleFeed BTC_USD: CLOSED @ 70785.000000 vol=522.0000 (n=3)
16:13:14 backend.server.scalp_bot.scalp_runtime     INFO | ScalpRuntime BTC_USD: candle close=70785.000000 ema_f=0.000000 ema_s=0.000000 rsi=50.0 atr=0.000000 vwap=70812.729701 vol_ok=True ready=False
16:13:14 backend.server.scalp_bot.coinbase_candle_feed     INFO | CoinbaseCandleFeed BTC_USD: CLOSED @ 70815.000000 vol=16.0000 (n=4)
16:13:14 backend.server.scalp_bot.scalp_runtime     INFO | ScalpRuntime BTC_USD: candle close=70815.000000 ema_f=0.000000 ema_s=0.000000 rsi=50.0 atr=0.000000 vwap=70812.739846 vol_ok=False ready=False
16:13:14 backend.server.scalp_bot.coinbase_candle_feed     INFO | CoinbaseCandleFeed BTC_USD: CLOSED @ 70745.000000 vol=573.0000 (n=5)
16:13:14 backend.server.scalp_bot.scalp_runtime     INFO | ScalpRuntime BTC_USD: candle close=70745.000000 ema_f=0.000000 ema_s=0.000000 rsi=50.0 atr=0.000000 vwap=70800.438251 vol_ok=True ready=False
16:13:14 backend.server.scalp_bot.coinbase_candle_feed     INFO | CoinbaseCandleFeed BTC_USD: CLOSED @ 70770.000000 vol=316.0000 (n=6)
16:13:14 backend.server.scalp_bot.scalp_runtime     INFO | ScalpRuntime BTC_USD: candle close=70770.000000 ema_f=0.000000 ema_s=0.000000 rsi=50.0 atr=0.000000 vwap=70796.930110 vol_ok=False ready=False
16:13:14 backend.server.scalp_bot.coinbase_candle_feed     INFO | CoinbaseCandleFeed BTC_USD: CLOSED @ 70880.000000 vol=2400.0000 (n=7)
16:13:14 backend.server.scalp_bot.scalp_runtime     INFO | ScalpRuntime BTC_USD: candle close=70880.000000 ema_f=0.000000 ema_s=0.000000 rsi=50.0 atr=0.000000 vwap=70824.133066 vol_ok=True ready=False
16:13:14 backend.server.scalp_bot.coinbase_candle_feed     INFO | CoinbaseCandleFeed BTC_USD: CLOSED @ 70900.000000 vol=231.0000 (n=8)
16:13:14 backend.server.scalp_bot.scalp_runtime     INFO | ScalpRuntime BTC_USD: candle close=70900.000000 ema_f=70817.500000 ema_s=0.000000 rsi=50.0 atr=0.000000 vwap=70828.310227 vol_ok=False ready=False
16:13:14 backend.server.scalp_bot.coinbase_candle_feed     INFO | CoinbaseCandleFeed BTC_USD: CLOSED @ 70900.000000 vol=47.0000 (n=9)
16:13:14 backend.server.scalp_bot.scalp_runtime     INFO | ScalpRuntime BTC_USD: candle close=70900.000000 ema_f=70835.833300 ema_s=0.000000 rsi=50.0 atr=0.000000 vwap=70829.159844 vol_ok=False ready=False
16:13:14 backend.server.scalp_bot.coinbase_candle_feed     INFO | CoinbaseCandleFeed BTC_USD: CLOSED @ 70895.000000 vol=438.0000 (n=10)
16:13:14 backend.server.scalp_bot.scalp_runtime     INFO | ScalpRuntime BTC_USD: candle close=70895.000000 ema_f=70848.981500 ema_s=0.000000 rsi=50.0 atr=0.000000 vwap=70836.891937 vol_ok=False ready=False
16:13:14 backend.server.scalp_bot.coinbase_candle_feed     INFO | CoinbaseCandleFeed BTC_USD: CLOSED @ 70890.000000 vol=689.0000 (n=11)
16:13:14 backend.server.scalp_bot.scalp_runtime     INFO | ScalpRuntime BTC_USD: candle close=70890.000000 ema_f=70858.096700 ema_s=0.000000 rsi=50.0 atr=0.000000 vwap=70844.796611 vol_ok=False ready=False
16:13:14 backend.server.scalp_bot.coinbase_candle_feed     INFO | CoinbaseCandleFeed BTC_USD: CLOSED @ 70870.000000 vol=385.0000 (n=12)
16:13:14 backend.server.scalp_bot.scalp_runtime     INFO | ScalpRuntime BTC_USD: candle close=70870.000000 ema_f=70860.741900 ema_s=0.000000 rsi=50.0 atr=0.000000 vwap=70847.788648 vol_ok=False ready=False
16:13:14 backend.server.scalp_bot.coinbase_candle_feed     INFO | CoinbaseCandleFeed BTC_USD: CLOSED @ 70910.000000 vol=152.0000 (n=13)
16:13:14 backend.server.scalp_bot.scalp_runtime     INFO | ScalpRuntime BTC_USD: candle close=70910.000000 ema_f=70871.688100 ema_s=0.000000 rsi=50.0 atr=0.000000 vwap=70848.744407 vol_ok=False ready=False
16:13:14 backend.server.scalp_bot.coinbase_candle_feed     INFO | CoinbaseCandleFeed BTC_USD: CLOSED @ 70955.000000 vol=1922.0000 (n=14)
16:13:14 backend.server.scalp_bot.scalp_runtime     INFO | ScalpRuntime BTC_USD: candle close=70955.000000 ema_f=70890.201900 ema_s=0.000000 rsi=50.0 atr=0.000000 vwap=70870.384536 vol_ok=True ready=False
16:13:14 backend.server.scalp_bot.coinbase_candle_feed     INFO | CoinbaseCandleFeed BTC_USD: CLOSED @ 70955.000000 vol=726.0000 (n=15)
16:13:14 backend.server.scalp_bot.scalp_runtime     INFO | ScalpRuntime BTC_USD: candle close=70955.000000 ema_f=70904.601500 ema_s=0.000000 rsi=66.4 atr=74.285700 vwap=70878.299928 vol_ok=False ready=False
16:13:14 backend.server.scalp_bot.coinbase_candle_feed     INFO | CoinbaseCandleFeed BTC_USD: CLOSED @ 70965.000000 vol=694.0000 (n=16)
16:13:14 backend.server.scalp_bot.scalp_runtime     INFO | ScalpRuntime BTC_USD: candle close=70965.000000 ema_f=70918.023400 ema_s=0.000000 rsi=67.0 atr=72.551000 vwap=70884.131234 vol_ok=False ready=False
16:13:14 backend.server.scalp_bot.coinbase_candle_feed     INFO | CoinbaseCandleFeed BTC_USD: CLOSED @ 70960.000000 vol=1389.0000 (n=17)
16:13:14 backend.server.scalp_bot.scalp_runtime     INFO | ScalpRuntime BTC_USD: candle close=70960.000000 ema_f=70927.351500 ema_s=0.000000 rsi=66.3 atr=69.868800 vwap=70895.271669 vol_ok=True ready=False
16:13:14 backend.server.scalp_bot.coinbase_candle_feed     INFO | CoinbaseCandleFeed BTC_USD: CLOSED @ 70890.000000 vol=1406.0000 (n=18)
16:13:14 backend.server.scalp_bot.scalp_runtime     INFO | ScalpRuntime BTC_USD: candle close=70890.000000 ema_f=70919.051200 ema_s=0.000000 rsi=57.2 atr=72.021000 vwap=70895.050460 vol_ok=True ready=False
16:13:14 backend.server.scalp_bot.coinbase_candle_feed     INFO | CoinbaseCandleFeed BTC_USD: CLOSED @ 70990.000000 vol=473.0000 (n=19)
16:13:14 backend.server.scalp_bot.scalp_runtime     INFO | ScalpRuntime BTC_USD: candle close=70990.000000 ema_f=70934.817600 ema_s=0.000000 rsi=64.7 atr=80.805200 vwap=70899.731885 vol_ok=False ready=False
16:13:14 backend.server.scalp_bot.coinbase_candle_feed     INFO | CoinbaseCandleFeed BTC_USD: CLOSED @ 70960.000000 vol=941.0000 (n=20)
16:13:14 backend.server.scalp_bot.scalp_runtime     INFO | ScalpRuntime BTC_USD: candle close=70960.000000 ema_f=70940.413700 ema_s=0.000000 rsi=61.2 atr=78.962000 vwap=70904.203801 vol_ok=False ready=False
16:13:14 backend.server.scalp_bot.coinbase_candle_feed     INFO | CoinbaseCandleFeed BTC_USD: CLOSED @ 70905.000000 vol=182.0000 (n=21)
16:13:14 backend.server.scalp_bot.scalp_runtime     INFO | ScalpRuntime BTC_USD: candle close=70905.000000 ema_f=70932.544000 ema_s=70885.000000 rsi=55.4 atr=77.607600 vwap=70904.475783 vol_ok=False ready=False
16:13:14 backend.server.scalp_bot.coinbase_candle_feed     INFO | CoinbaseCandleFeed BTC_USD: CLOSED @ 70880.000000 vol=443.0000 (n=22)
16:13:14 backend.server.scalp_bot.scalp_runtime     INFO | ScalpRuntime BTC_USD: candle close=70880.000000 ema_f=70920.867600 ema_s=70884.545500 rsi=53.0 atr=75.992800 vwap=70904.080600 vol_ok=False ready=False
16:13:14 backend.server.scalp_bot.coinbase_candle_feed     INFO | CoinbaseCandleFeed BTC_USD: CLOSED @ 70910.000000 vol=1396.0000 (n=23)
16:13:14 backend.server.scalp_bot.scalp_runtime     INFO | ScalpRuntime BTC_USD: candle close=70910.000000 ema_f=70918.452600 ema_s=70886.859500 rsi=55.5 atr=79.493300 vwap=70901.799217 vol_ok=True ready=False
16:13:14 backend.server.scalp_bot.coinbase_candle_feed     INFO | CoinbaseCandleFeed BTC_USD: CLOSED @ 70900.000000 vol=649.0000 (n=24)
16:13:14 backend.server.scalp_bot.scalp_runtime     INFO | ScalpRuntime BTC_USD: candle close=70900.000000 ema_f=70914.352000 ema_s=70888.054100 rsi=54.4 atr=79.886600 vwap=70902.057730 vol_ok=False ready=False
16:13:14 backend.server.scalp_bot.coinbase_candle_feed     INFO | CoinbaseCandleFeed BTC_USD: CLOSED @ 71220.000000 vol=6554.0000 (n=25)
16:13:14 backend.server.scalp_bot.scalp_runtime     INFO | ScalpRuntime BTC_USD: candle close=71220.000000 ema_f=70982.273800 ema_s=70918.231000 rsi=72.5 atr=99.180400 vwap=70966.178602 vol_ok=True ready=False
16:13:14 backend.server.scalp_bot.coinbase_candle_feed     INFO | CoinbaseCandleFeed BTC_USD: CLOSED @ 71200.000000 vol=1160.0000 (n=26)
16:13:14 backend.server.scalp_bot.scalp_runtime     INFO | ScalpRuntime BTC_USD: candle close=71200.000000 ema_f=71030.657400 ema_s=70943.846400 rsi=70.7 atr=99.596100 vwap=70976.302416 vol_ok=False ready=False
16:13:14 backend.server.scalp_bot.coinbase_candle_feed     INFO | CoinbaseCandleFeed BTC_USD: CLOSED @ 71125.000000 vol=523.0000 (n=27)
16:13:14 backend.server.scalp_bot.scalp_runtime     INFO | ScalpRuntime BTC_USD: candle close=71125.000000 ema_f=71051.622400 ema_s=70960.314900 rsi=63.9 atr=98.910700 vwap=70979.847612 vol_ok=False ready=False
16:13:14 backend.server.scalp_bot.coinbase_candle_feed     INFO | CoinbaseCandleFeed BTC_USD: CLOSED @ 71250.000000 vol=905.0000 (n=28)
16:13:14 backend.server.scalp_bot.scalp_runtime     INFO | ScalpRuntime BTC_USD: candle close=71250.000000 ema_f=71095.706300 ema_s=70986.649900 rsi=69.2 atr=100.774200 vwap=70988.237232 vol_ok=False ready=False
16:13:14 backend.server.scalp_bot.coinbase_candle_feed     INFO | CoinbaseCandleFeed BTC_USD: CLOSED @ 71210.000000 vol=734.0000 (n=29)
16:13:14 backend.server.scalp_bot.scalp_runtime     INFO | ScalpRuntime BTC_USD: candle close=71210.000000 ema_f=71121.104900 ema_s=71006.954500 rsi=65.9 atr=100.361800 vwap=70994.151763 vol_ok=False ready=False
16:13:14 backend.server.scalp_bot.coinbase_candle_feed     INFO | CoinbaseCandleFeed BTC_USD: CLOSED @ 71250.000000 vol=2355.0000 (n=30)
16:13:14 backend.server.scalp_bot.scalp_runtime     INFO | ScalpRuntime BTC_USD: candle close=71250.000000 ema_f=71149.748300 ema_s=71029.049500 rsi=67.6 atr=100.336000 vwap=71013.548396 vol_ok=True ready=True
16:13:14 backend.server.scalp_bot.coinbase_candle_feed     INFO | CoinbaseCandleFeed BTC_USD: CLOSED @ 71120.000000 vol=2003.0000 (n=31)
16:13:14 backend.server.scalp_bot.scalp_runtime     INFO | ScalpRuntime BTC_USD: candle close=71120.000000 ema_f=71143.137600 ema_s=71037.317700 rsi=57.7 atr=107.097700 vwap=71021.706378 vol_ok=True ready=True
16:13:14 backend.server.scalp_bot.coinbase_candle_feed     INFO | CoinbaseCandleFeed BTC_USD: CLOSED @ 70880.000000 vol=4108.0000 (n=32)
16:13:14 backend.server.scalp_bot.scalp_runtime     INFO | ScalpRuntime BTC_USD: candle close=70880.000000 ema_f=71084.662600 ema_s=71023.016100 rsi=44.7 atr=118.733600 vwap=71013.228573 vol_ok=True ready=True
16:13:14 backend.server.scalp_bot.coinbase_candle_feed     INFO | CoinbaseCandleFeed BTC_USD: CLOSED @ 71060.000000 vol=4084.0000 (n=33)
16:13:14 backend.server.scalp_bot.scalp_runtime     INFO | ScalpRuntime BTC_USD: candle close=71060.000000 ema_f=71079.182000 ema_s=71026.378300 rsi=53.2 atr=129.538300 vwap=71012.187827 vol_ok=True ready=True
16:13:14 backend.server.scalp_bot.coinbase_candle_feed     INFO | CoinbaseCandleFeed BTC_USD: CLOSED @ 71630.000000 vol=6818.0000 (n=34)
16:13:14 backend.server.scalp_bot.scalp_runtime     INFO | ScalpRuntime BTC_USD: candle close=71630.000000 ema_f=71201.586000 ema_s=71081.253000 rsi=69.3 atr=168.499800 vwap=71070.858380 vol_ok=True ready=True
16:13:14 backend.server.scalp_bot.coinbase_candle_feed     INFO | CoinbaseCandleFeed BTC_USD: CLOSED @ 71690.000000 vol=5506.0000 (n=35)
16:13:14 backend.server.scalp_bot.scalp_runtime     INFO | ScalpRuntime BTC_USD: candle close=71690.000000 ema_f=71310.122400 ema_s=71136.593600 rsi=70.5 atr=173.249800 vwap=71129.427480 vol_ok=True ready=True
16:13:14 backend.server.scalp_bot.coinbase_candle_feed     INFO | CoinbaseCandleFeed BTC_USD: CLOSED @ 71550.000000 vol=12589.0000 (n=36)
16:13:14 backend.server.scalp_bot.scalp_runtime     INFO | ScalpRuntime BTC_USD: candle close=71550.000000 ema_f=71363.428500 ema_s=71174.176000 rsi=64.4 atr=183.017700 vwap=71224.997045 vol_ok=True ready=True
16:13:14 backend.server.scalp_bot.coinbase_candle_feed     INFO | CoinbaseCandleFeed BTC_USD: CLOSED @ 71520.000000 vol=4727.0000 (n=37)
16:13:14 backend.server.scalp_bot.scalp_runtime     INFO | ScalpRuntime BTC_USD: candle close=71520.000000 ema_f=71398.222200 ema_s=71205.614500 rsi=63.1 atr=181.373600 vwap=71247.434448 vol_ok=True ready=True
16:13:14 backend.server.scalp_bot.coinbase_candle_feed     INFO | CoinbaseCandleFeed BTC_USD: CLOSED @ 71665.000000 vol=2455.0000 (n=38)
16:13:14 backend.server.scalp_bot.scalp_runtime     INFO | ScalpRuntime BTC_USD: candle close=71665.000000 ema_f=71457.506200 ema_s=71247.376800 rsi=66.5 atr=186.989800 vwap=71259.118952 vol_ok=False ready=True
16:13:14 backend.server.scalp_bot.coinbase_candle_feed     INFO | CoinbaseCandleFeed BTC_USD: CLOSED @ 71675.000000 vol=3644.0000 (n=39)
16:13:14 backend.server.scalp_bot.scalp_runtime     INFO | ScalpRuntime BTC_USD: candle close=71675.000000 ema_f=71505.838200 ema_s=71286.251600 rsi=66.8 atr=183.990500 vwap=71279.523461 vol_ok=False ready=True
16:13:14 backend.server.scalp_bot.coinbase_candle_feed     INFO | CoinbaseCandleFeed BTC_USD: CLOSED @ 71825.000000 vol=5370.0000 (n=40)
16:13:14 backend.server.scalp_bot.scalp_runtime     INFO | ScalpRuntime BTC_USD: candle close=71825.000000 ema_f=71576.763000 ema_s=71335.228700 rsi=70.0 atr=184.419700 vwap=71313.031624 vol_ok=True ready=True
16:13:14 backend.server.scalp_bot.coinbase_candle_feed     INFO | CoinbaseCandleFeed BTC_USD: CLOSED @ 71835.000000 vol=4763.0000 (n=41)
16:13:14 backend.server.scalp_bot.scalp_runtime     INFO | ScalpRuntime BTC_USD: candle close=71835.000000 ema_f=71634.149000 ema_s=71380.662500 rsi=70.3 atr=176.604000 vwap=71341.914575 vol_ok=False ready=True
16:13:14 backend.server.scalp_bot.coinbase_candle_feed     INFO | CoinbaseCandleFeed BTC_USD: CLOSED @ 72000.000000 vol=9487.0000 (n=42)
16:13:14 backend.server.scalp_bot.scalp_runtime     INFO | ScalpRuntime BTC_USD: candle close=72000.000000 ema_f=71715.449200 ema_s=71436.965900 rsi=73.6 atr=192.918000 vwap=71415.585277 vol_ok=True ready=True
16:13:14 backend.server.scalp_bot.coinbase_candle_feed     INFO | CoinbaseCandleFeed BTC_USD: CLOSED @ 72080.000000 vol=4939.0000 (n=43)
16:13:14 backend.server.scalp_bot.scalp_runtime     INFO | ScalpRuntime BTC_USD: candle close=72080.000000 ema_f=71796.460500 ema_s=71495.423500 rsi=75.0 atr=191.281000 vwap=71445.866002 vol_ok=False ready=True
16:13:14 backend.server.scalp_bot.coinbase_candle_feed     INFO | CoinbaseCandleFeed BTC_USD: CLOSED @ 72425.000000 vol=15780.0000 (n=44)
16:13:14 backend.server.scalp_bot.scalp_runtime     INFO | ScalpRuntime BTC_USD: candle close=72425.000000 ema_f=71936.135900 ema_s=71579.930500 rsi=80.1 atr=206.903800 vwap=71563.848514 vol_ok=True ready=True
16:13:14 backend.server.scalp_bot.coinbase_candle_feed     INFO | CoinbaseCandleFeed BTC_USD: CLOSED @ 72070.000000 vol=18592.0000 (n=45)
16:13:14 backend.server.scalp_bot.scalp_runtime     INFO | ScalpRuntime BTC_USD: candle close=72070.000000 ema_f=71965.883500 ema_s=71624.482300 rsi=65.4 atr=221.410700 vwap=71653.371174 vol_ok=True ready=True
16:13:14 backend.server.scalp_bot.coinbase_candle_feed     INFO | CoinbaseCandleFeed BTC_USD: CLOSED @ 72015.000000 vol=5581.0000 (n=46)
16:13:14 backend.server.scalp_bot.scalp_runtime     INFO | ScalpRuntime BTC_USD: candle close=72015.000000 ema_f=71976.798300 ema_s=71659.983900 rsi=63.4 atr=223.095600 vwap=71669.286974 vol_ok=False ready=True
16:13:14 backend.server.scalp_bot.coinbase_candle_feed     INFO | CoinbaseCandleFeed BTC_USD: CLOSED @ 71980.000000 vol=2339.0000 (n=47)
16:13:14 backend.server.scalp_bot.scalp_runtime     INFO | ScalpRuntime BTC_USD: candle close=71980.000000 ema_f=71977.509800 ema_s=71689.076300 rsi=62.2 atr=213.945900 vwap=71674.508674 vol_ok=False ready=True
16:13:14 backend.server.scalp_bot.coinbase_candle_feed     INFO | CoinbaseCandleFeed BTC_USD: CLOSED @ 71900.000000 vol=5030.0000 (n=48)
16:13:14 backend.server.scalp_bot.scalp_runtime     INFO | ScalpRuntime BTC_USD: candle close=71900.000000 ema_f=71960.285400 ema_s=71708.251200 rsi=59.2 atr=207.592600 vwap=71683.341072 vol_ok=False ready=True
16:13:14 backend.server.scalp_bot.coinbase_candle_feed     INFO | CoinbaseCandleFeed BTC_USD: CLOSED @ 71940.000000 vol=4721.0000 (n=49)
16:13:14 backend.server.scalp_bot.scalp_runtime     INFO | ScalpRuntime BTC_USD: candle close=71940.000000 ema_f=71955.777500 ema_s=71729.319300 rsi=60.2 atr=200.264600 vwap=71691.512559 vol_ok=False ready=True
16:13:14 backend.server.scalp_bot.coinbase_candle_feed     INFO | CoinbaseCandleFeed BTC_USD: CLOSED @ 71990.000000 vol=7500.0000 (n=50)
16:13:14 backend.server.scalp_bot.scalp_runtime     INFO | ScalpRuntime BTC_USD: candle close=71990.000000 ema_f=71963.382500 ema_s=71753.017500 rsi=61.5 atr=198.460000 vwap=71704.754776 vol_ok=False ready=True
16:13:14 backend.server.scalp_bot.coinbase_candle_feed     INFO | CoinbaseCandleFeed BTC_USD: CLOSED @ 71790.000000 vol=8675.0000 (n=51)
16:13:14 backend.server.scalp_bot.scalp_runtime     INFO | ScalpRuntime BTC_USD: candle close=71790.000000 ema_f=71924.853100 ema_s=71756.379500 rsi=54.0 atr=202.141400 vwap=71711.765713 vol_ok=False ready=True
16:13:14 backend.server.scalp_bot.coinbase_candle_feed     INFO | CoinbaseCandleFeed BTC_USD: CLOSED @ 71755.000000 vol=7266.0000 (n=52)
16:13:14 backend.server.scalp_bot.scalp_runtime     INFO | ScalpRuntime BTC_USD: candle close=71755.000000 ema_f=71887.108000 ema_s=71756.254100 rsi=52.8 atr=198.774200 vwap=71713.495436 vol_ok=False ready=True
16:13:14 backend.server.scalp_bot.coinbase_candle_feed     INFO | CoinbaseCandleFeed BTC_USD: CLOSED @ 71865.000000 vol=3658.0000 (n=53)
16:13:14 backend.server.scalp_bot.scalp_runtime     INFO | ScalpRuntime BTC_USD: candle close=71865.000000 ema_f=71882.195100 ema_s=71766.140100 rsi=56.2 atr=193.861800 vwap=71716.057039 vol_ok=False ready=True
16:13:14 backend.server.scalp_bot.coinbase_candle_feed     INFO | CoinbaseCandleFeed BTC_USD: CLOSED @ 71850.000000 vol=4497.0000 (n=54)
16:13:14 backend.server.scalp_bot.scalp_runtime     INFO | ScalpRuntime BTC_USD: candle close=71850.000000 ema_f=71875.040600 ema_s=71773.763700 rsi=55.6 atr=190.728800 vwap=71720.090872 vol_ok=False ready=True
16:13:14 backend.server.scalp_bot.coinbase_candle_feed     INFO | CoinbaseCandleFeed BTC_USD: CLOSED @ 71825.000000 vol=5954.0000 (n=55)
16:13:14 backend.server.scalp_bot.scalp_runtime     INFO | ScalpRuntime BTC_USD: candle close=71825.000000 ema_f=71863.920500 ema_s=71778.421500 rsi=54.6 atr=184.962500 vwap=71723.400673 vol_ok=False ready=True
16:13:14 backend.server.scalp_bot.coinbase_candle_feed     INFO | CoinbaseCandleFeed BTC_USD: CLOSED @ 72010.000000 vol=7783.0000 (n=56)
16:13:14 backend.server.scalp_bot.scalp_runtime     INFO | ScalpRuntime BTC_USD: candle close=72010.000000 ema_f=71896.382600 ema_s=71799.474100 rsi=60.3 atr=194.965200 vwap=71730.857387 vol_ok=False ready=True
16:13:14 backend.server.scalp_bot.coinbase_candle_feed     INFO | CoinbaseCandleFeed BTC_USD: CLOSED @ 72060.000000 vol=4306.0000 (n=57)
16:13:15 backend.server.scalp_bot.scalp_runtime     INFO | ScalpRuntime BTC_USD: candle close=72060.000000 ema_f=71932.742000 ema_s=71823.158300 rsi=61.7 atr=188.182000 vwap=71737.414903 vol_ok=False ready=True
16:13:15 backend.server.scalp_bot.coinbase_candle_feed     INFO | CoinbaseCandleFeed BTC_USD: CLOSED @ 72240.000000 vol=7270.0000 (n=58)
16:13:15 backend.server.scalp_bot.scalp_runtime     INFO | ScalpRuntime BTC_USD: candle close=72240.000000 ema_f=72001.021600 ema_s=71861.053000 rsi=66.3 atr=187.597600 vwap=71753.052848 vol_ok=False ready=True
16:13:15 backend.server.scalp_bot.coinbase_candle_feed     INFO | CoinbaseCandleFeed BTC_USD: CLOSED @ 72280.000000 vol=6743.0000 (n=59)
16:13:15 backend.server.scalp_bot.scalp_runtime     INFO | ScalpRuntime BTC_USD: candle close=72280.000000 ema_f=72063.016800 ema_s=71899.139100 rsi=67.2 atr=184.912100 vwap=71768.128195 vol_ok=False ready=True
16:13:15 backend.server.scalp_bot.coinbase_candle_feed     INFO | CoinbaseCandleFeed BTC_USD: CLOSED @ 72225.000000 vol=7355.0000 (n=60)
16:13:15 backend.server.scalp_bot.scalp_runtime     INFO | ScalpRuntime BTC_USD: candle close=72225.000000 ema_f=72099.013100 ema_s=71928.762800 rsi=64.6 atr=183.847000 vwap=71784.687030 vol_ok=False ready=True
16:13:15 backend.server.scalp_bot.coinbase_candle_feed     INFO | CoinbaseCandleFeed BTC_USD: CLOSED @ 72330.000000 vol=5200.0000 (n=61)
16:13:15 backend.server.scalp_bot.scalp_runtime     INFO | ScalpRuntime BTC_USD: candle close=72330.000000 ema_f=72150.343500 ema_s=71965.238900 rsi=67.2 atr=183.215100 vwap=71796.929320 vol_ok=False ready=True
16:13:15 backend.server.scalp_bot.coinbase_candle_feed     INFO | CoinbaseCandleFeed BTC_USD: CLOSED @ 72355.000000 vol=5331.0000 (n=62)
16:13:15 backend.server.scalp_bot.scalp_runtime     INFO | ScalpRuntime BTC_USD: candle close=72355.000000 ema_f=72195.822700 ema_s=72000.671700 rsi=67.9 atr=180.842600 vwap=71810.324740 vol_ok=False ready=True
16:13:15 backend.server.scalp_bot.coinbase_candle_feed     INFO | CoinbaseCandleFeed BTC_USD: CLOSED @ 72115.000000 vol=3769.0000 (n=63)
16:13:15 backend.server.scalp_bot.scalp_runtime     INFO | ScalpRuntime BTC_USD: candle close=72115.000000 ema_f=72177.862100 ema_s=72011.065200 rsi=56.7 atr=192.925300 vwap=71816.774478 vol_ok=False ready=True
16:13:15 backend.server.scalp_bot.coinbase_candle_feed     INFO | CoinbaseCandleFeed BTC_USD: CLOSED @ 72230.000000 vol=1502.0000 (n=64)
16:13:15 backend.server.scalp_bot.scalp_runtime     INFO | ScalpRuntime BTC_USD: candle close=72230.000000 ema_f=72189.448300 ema_s=72030.968400 rsi=60.1 atr=190.216300 vwap=71819.098517 vol_ok=False ready=True
16:13:15 backend.server.scalp_bot.coinbase_candle_feed     INFO | CoinbaseCandleFeed BTC_USD: CLOSED @ 72285.000000 vol=697.0000 (n=65)
16:13:15 backend.server.scalp_bot.scalp_runtime     INFO | ScalpRuntime BTC_USD: candle close=72285.000000 ema_f=72210.682000 ema_s=72054.062200 rsi=61.6 atr=183.415100 vwap=71820.366597 vol_ok=False ready=True
16:13:15 backend.server.scalp_bot.coinbase_candle_feed     INFO | CoinbaseCandleFeed BTC_USD: CLOSED @ 72405.000000 vol=1680.0000 (n=66)
16:13:15 backend.server.scalp_bot.scalp_runtime     INFO | ScalpRuntime BTC_USD: candle close=72405.000000 ema_f=72253.863800 ema_s=72085.965600 rsi=64.8 atr=179.242600 vwap=71824.231615 vol_ok=False ready=True
16:13:15 backend.server.scalp_bot.coinbase_candle_feed     INFO | CoinbaseCandleFeed BTC_USD: CLOSED @ 72310.000000 vol=798.0000 (n=67)
16:13:15 backend.server.scalp_bot.scalp_runtime     INFO | ScalpRuntime BTC_USD: candle close=72310.000000 ema_f=72266.338500 ema_s=72106.332400 rsi=60.5 atr=173.582400 vwap=71825.932816 vol_ok=False ready=True
16:13:15 backend.server.scalp_bot.coinbase_candle_feed     INFO | CoinbaseCandleFeed BTC_USD: CLOSED @ 72455.000000 vol=6062.0000 (n=68)
16:13:15 backend.server.scalp_bot.scalp_runtime     INFO | ScalpRuntime BTC_USD: candle close=72455.000000 ema_f=72308.263300 ema_s=72138.029500 rsi=64.4 atr=171.540800 vwap=71840.213840 vol_ok=False ready=True
16:13:15 backend.server.scalp_bot.coinbase_candle_feed     INFO | CoinbaseCandleFeed BTC_USD: CLOSED @ 72485.000000 vol=11782.0000 (n=69)
16:13:15 backend.server.scalp_bot.scalp_runtime     INFO | ScalpRuntime BTC_USD: candle close=72485.000000 ema_f=72347.538100 ema_s=72169.572300 rsi=65.2 atr=170.716500 vwap=71871.440939 vol_ok=True ready=True
16:13:15 backend.server.scalp_bot.coinbase_candle_feed     INFO | CoinbaseCandleFeed BTC_USD: CLOSED @ 72445.000000 vol=3487.0000 (n=70)
16:13:15 backend.server.scalp_bot.scalp_runtime     INFO | ScalpRuntime BTC_USD: candle close=72445.000000 ema_f=72369.196300 ema_s=72194.611200 rsi=63.2 atr=167.451000 vwap=71879.038253 vol_ok=False ready=True
16:13:15 backend.server.scalp_bot.coinbase_candle_feed     INFO | CoinbaseCandleFeed BTC_USD: CLOSED @ 72435.000000 vol=817.0000 (n=71)
16:13:15 backend.server.scalp_bot.scalp_runtime     INFO | ScalpRuntime BTC_USD: candle close=72435.000000 ema_f=72383.819300 ema_s=72216.464700 rsi=62.7 atr=160.847400 vwap=71880.799541 vol_ok=False ready=True
16:13:15 backend.server.scalp_bot.coinbase_candle_feed     INFO | CoinbaseCandleFeed BTC_USD: CLOSED @ 72415.000000 vol=2159.0000 (n=72)
16:13:15 backend.server.scalp_bot.scalp_runtime     INFO | ScalpRuntime BTC_USD: candle close=72415.000000 ema_f=72390.748300 ema_s=72234.513400 rsi=61.7 atr=156.858300 vwap=71885.428844 vol_ok=False ready=True
16:13:15 backend.server.scalp_bot.coinbase_candle_feed     INFO | CoinbaseCandleFeed BTC_USD: CLOSED @ 72210.000000 vol=11582.0000 (n=73)
16:13:15 backend.server.scalp_bot.scalp_runtime     INFO | ScalpRuntime BTC_USD: candle close=72210.000000 ema_f=72350.582000 ema_s=72232.284900 rsi=52.0 atr=163.868400 vwap=71901.297056 vol_ok=True ready=True
16:13:15 backend.server.scalp_bot.coinbase_candle_feed     INFO | CoinbaseCandleFeed BTC_USD: CLOSED @ 72180.000000 vol=4584.0000 (n=74)
16:13:15 backend.server.scalp_bot.scalp_runtime     INFO | ScalpRuntime BTC_USD: candle close=72180.000000 ema_f=72312.674900 ema_s=72227.531700 rsi=50.7 atr=160.020700 vwap=71905.507910 vol_ok=False ready=True
16:13:15 backend.server.scalp_bot.coinbase_candle_feed     INFO | CoinbaseCandleFeed BTC_USD: CLOSED @ 72185.000000 vol=4567.0000 (n=75)
16:13:15 backend.server.scalp_bot.scalp_runtime     INFO | ScalpRuntime BTC_USD: candle close=72185.000000 ema_f=72284.302700 ema_s=72223.665200 rsi=50.9 atr=153.233500 vwap=71909.622198 vol_ok=False ready=True
16:13:15 backend.server.scalp_bot.coinbase_candle_feed     INFO | CoinbaseCandleFeed BTC_USD: CLOSED @ 72240.000000 vol=7195.0000 (n=76)
16:13:15 backend.server.scalp_bot.scalp_runtime     INFO | ScalpRuntime BTC_USD: candle close=72240.000000 ema_f=72274.457700 ema_s=72225.150200 rsi=53.3 atr=151.574000 vwap=71917.152056 vol_ok=False ready=True
16:13:15 backend.server.scalp_bot.coinbase_candle_feed     INFO | CoinbaseCandleFeed BTC_USD: CLOSED @ 72225.000000 vol=1483.0000 (n=77)
16:13:15 backend.server.scalp_bot.scalp_runtime     INFO | ScalpRuntime BTC_USD: candle close=72225.000000 ema_f=72263.467100 ema_s=72225.136500 rsi=52.6 atr=145.033000 vwap=71918.650018 vol_ok=False ready=True
16:13:15 backend.server.scalp_bot.coinbase_candle_feed     INFO | CoinbaseCandleFeed BTC_USD: CLOSED @ 72245.000000 vol=4781.0000 (n=78)
16:13:15 backend.server.scalp_bot.scalp_runtime     INFO | ScalpRuntime BTC_USD: candle close=72245.000000 ema_f=72259.363300 ema_s=72226.942300 rsi=53.5 atr=138.959200 vwap=71923.856954 vol_ok=False ready=True
16:13:15 backend.server.scalp_bot.coinbase_candle_feed     INFO | CoinbaseCandleFeed BTC_USD: CLOSED @ 72125.000000 vol=7087.0000 (n=79)
16:13:15 backend.server.scalp_bot.scalp_runtime     INFO | ScalpRuntime BTC_USD: candle close=72125.000000 ema_f=72229.504800 ema_s=72217.674800 rsi=47.4 atr=144.033500 vwap=71930.121492 vol_ok=True ready=True
16:13:15 backend.server.scalp_bot.coinbase_candle_feed     INFO | CoinbaseCandleFeed BTC_USD: CLOSED @ 72215.000000 vol=1505.0000 (n=80)
16:13:15 backend.server.scalp_bot.scalp_runtime     INFO | ScalpRuntime BTC_USD: candle close=72215.000000 ema_f=72226.281500 ema_s=72217.431600 rsi=51.9 atr=141.959700 vwap=71931.325240 vol_ok=False ready=True
16:13:15 backend.server.scalp_bot.coinbase_candle_feed     INFO | CoinbaseCandleFeed BTC_USD: CLOSED @ 72390.000000 vol=992.0000 (n=81)
16:13:15 backend.server.scalp_bot.scalp_runtime     INFO | ScalpRuntime BTC_USD: candle close=72390.000000 ema_f=72262.663400 ema_s=72233.119600 rsi=59.1 atr=144.676900 vwap=71932.625529 vol_ok=False ready=True
16:13:15 backend.server.scalp_bot.coinbase_candle_feed     INFO | CoinbaseCandleFeed BTC_USD: CLOSED @ 72340.000000 vol=2804.0000 (n=82)
16:13:15 backend.server.scalp_bot.scalp_runtime     INFO | ScalpRuntime BTC_USD: candle close=72340.000000 ema_f=72279.849300 ema_s=72242.836000 rsi=56.5 atr=141.128500 vwap=71936.301160 vol_ok=False ready=True
16:13:15 backend.server.scalp_bot.coinbase_candle_feed     INFO | CoinbaseCandleFeed BTC_USD: CLOSED @ 72385.000000 vol=1214.0000 (n=83)
16:13:15 backend.server.scalp_bot.scalp_runtime     INFO | ScalpRuntime BTC_USD: candle close=72385.000000 ema_f=72303.216100 ema_s=72255.760000 rsi=58.2 atr=140.690800 vwap=71938.033600 vol_ok=False ready=True
16:13:15 backend.server.scalp_bot.coinbase_candle_feed     INFO | CoinbaseCandleFeed BTC_USD: CLOSED @ 72345.000000 vol=737.0000 (n=84)
16:13:15 backend.server.scalp_bot.scalp_runtime     INFO | ScalpRuntime BTC_USD: candle close=72345.000000 ema_f=72312.501400 ema_s=72263.872700 rsi=56.0 atr=135.998600 vwap=71939.047505 vol_ok=False ready=True
16:13:15 backend.server.scalp_bot.coinbase_candle_feed     INFO | CoinbaseCandleFeed BTC_USD: CLOSED @ 72415.000000 vol=498.0000 (n=85)
16:13:15 backend.server.scalp_bot.scalp_runtime     INFO | ScalpRuntime BTC_USD: candle close=72415.000000 ema_f=72335.278900 ema_s=72277.611500 rsi=59.0 atr=132.355800 vwap=71939.761594 vol_ok=False ready=True
16:13:15 backend.server.scalp_bot.coinbase_candle_feed     INFO | CoinbaseCandleFeed BTC_USD: CLOSED @ 72455.000000 vol=4881.0000 (n=86)
16:13:15 backend.server.scalp_bot.scalp_runtime     INFO | ScalpRuntime BTC_USD: candle close=72455.000000 ema_f=72361.883600 ema_s=72293.737700 rsi=60.6 atr=129.330400 vwap=71947.686987 vol_ok=False ready=True
16:13:15 backend.server.scalp_bot.coinbase_candle_feed     INFO | CoinbaseCandleFeed BTC_USD: CLOSED @ 72385.000000 vol=1373.0000 (n=87)
16:13:15 backend.server.scalp_bot.scalp_runtime     INFO | ScalpRuntime BTC_USD: candle close=72385.000000 ema_f=72367.020600 ema_s=72302.034300 rsi=56.4 atr=126.521100 vwap=71949.687394 vol_ok=False ready=True
16:13:15 backend.server.scalp_bot.coinbase_candle_feed     INFO | CoinbaseCandleFeed BTC_USD: CLOSED @ 72340.000000 vol=1314.0000 (n=88)
16:13:15 backend.server.scalp_bot.scalp_runtime     INFO | ScalpRuntime BTC_USD: candle close=72340.000000 ema_f=72361.016000 ema_s=72305.485700 rsi=53.8 atr=122.483900 vwap=71951.375069 vol_ok=False ready=True
16:13:15 backend.server.scalp_bot.coinbase_candle_feed     INFO | CoinbaseCandleFeed BTC_USD: CLOSED @ 72350.000000 vol=2082.0000 (n=89)
16:13:15 backend.server.scalp_bot.scalp_runtime     INFO | ScalpRuntime BTC_USD: candle close=72350.000000 ema_f=72358.568000 ema_s=72309.532500 rsi=54.3 atr=119.092200 vwap=71953.989015 vol_ok=False ready=True
16:13:15 backend.server.scalp_bot.coinbase_candle_feed     INFO | CoinbaseCandleFeed BTC_USD: CLOSED @ 72560.000000 vol=8086.0000 (n=90)
16:13:15 backend.server.scalp_bot.scalp_runtime     INFO | ScalpRuntime BTC_USD: candle close=72560.000000 ema_f=72403.330700 ema_s=72332.302300 rsi=63.3 atr=129.514200 vwap=71967.765032 vol_ok=True ready=True
16:13:15 backend.server.scalp_bot.coinbase_candle_feed     INFO | CoinbaseCandleFeed BTC_USD: CLOSED @ 72760.000000 vol=19014.0000 (n=91)
16:13:15 backend.server.scalp_bot.scalp_runtime     INFO | ScalpRuntime BTC_USD: candle close=72760.000000 ema_f=72482.590500 ema_s=72371.183900 rsi=69.4 atr=139.906000 vwap=72007.674341 vol_ok=True ready=True
16:13:15 backend.server.scalp_bot.coinbase_candle_feed     INFO | CoinbaseCandleFeed BTC_USD: CLOSED @ 72845.000000 vol=12302.0000 (n=92)
16:13:15 backend.server.scalp_bot.scalp_runtime     INFO | ScalpRuntime BTC_USD: candle close=72845.000000 ema_f=72563.125900 ema_s=72414.258100 rsi=71.6 atr=144.555600 vwap=72034.937188 vol_ok=True ready=True
16:13:15 backend.server.scalp_bot.coinbase_candle_feed     INFO | CoinbaseCandleFeed BTC_USD: CLOSED @ 73075.000000 vol=21342.0000 (n=93)
16:13:15 backend.server.scalp_bot.scalp_runtime     INFO | ScalpRuntime BTC_USD: candle close=73075.000000 ema_f=72676.875700 ema_s=72474.325500 rsi=76.5 atr=156.730200 vwap=72088.635073 vol_ok=True ready=True
16:13:15 backend.server.scalp_bot.coinbase_candle_feed     INFO | CoinbaseCandleFeed BTC_USD: CLOSED @ 73130.000000 vol=21525.0000 (n=94)
16:13:15 backend.server.scalp_bot.scalp_runtime     INFO | ScalpRuntime BTC_USD: candle close=73130.000000 ema_f=72777.570000 ema_s=72533.932300 rsi=77.5 atr=160.892300 vwap=72141.935939 vol_ok=True ready=True
16:13:15 backend.server.scalp_bot.coinbase_candle_feed     INFO | CoinbaseCandleFeed BTC_USD: CLOSED @ 73030.000000 vol=4488.0000 (n=95)
16:13:15 backend.server.scalp_bot.scalp_runtime     INFO | ScalpRuntime BTC_USD: candle close=73030.000000 ema_f=72833.665600 ema_s=72579.029400 rsi=71.5 atr=161.185700 vwap=72151.872399 vol_ok=False ready=True
16:13:15 backend.server.scalp_bot.coinbase_candle_feed     INFO | CoinbaseCandleFeed BTC_USD: CLOSED @ 73250.000000 vol=9519.0000 (n=96)
16:13:15 backend.server.scalp_bot.scalp_runtime     INFO | ScalpRuntime BTC_USD: candle close=73250.000000 ema_f=72926.184400 ema_s=72640.026700 rsi=75.9 atr=168.958100 vwap=72175.603900 vol_ok=False ready=True
16:13:15 backend.server.scalp_bot.coinbase_candle_feed     INFO | CoinbaseCandleFeed BTC_USD: CLOSED @ 73345.000000 vol=14062.0000 (n=97)
16:13:15 backend.server.scalp_bot.scalp_runtime     INFO | ScalpRuntime BTC_USD: candle close=73345.000000 ema_f=73019.254500 ema_s=72704.115200 rsi=77.5 atr=174.389700 vwap=72214.962016 vol_ok=True ready=True
16:13:15 backend.server.scalp_bot.coinbase_candle_feed     INFO | CoinbaseCandleFeed BTC_USD: CLOSED @ 73340.000000 vol=17055.0000 (n=98)
16:13:15 backend.server.scalp_bot.scalp_runtime     INFO | ScalpRuntime BTC_USD: candle close=73340.000000 ema_f=73090.531300 ema_s=72761.922900 rsi=77.2 atr=170.147600 vwap=72258.526283 vol_ok=True ready=True
16:13:15 backend.server.scalp_bot.coinbase_candle_feed     INFO | CoinbaseCandleFeed BTC_USD: CLOSED @ 73330.000000 vol=8312.0000 (n=99)
16:13:15 backend.server.scalp_bot.scalp_runtime     INFO | ScalpRuntime BTC_USD: candle close=73330.000000 ema_f=73143.746600 ema_s=72813.566300 rsi=76.6 atr=169.779900 vwap=72278.104713 vol_ok=False ready=True
16:13:15 backend.server.scalp_bot.coinbase_candle_feed     INFO | CoinbaseCandleFeed SOL_USD: CLOSED @ 81.840000 vol=2.0000 (n=1)
16:13:15 backend.server.scalp_bot.scalp_runtime     INFO | ScalpRuntime SOL_USD: candle close=81.840000 ema_f=0.000000 ema_s=0.000000 rsi=50.0 atr=0.000000 vwap=81.840000 vol_ok=False ready=False
16:13:15 backend.server.scalp_bot.scalp_runtime     INFO | ScalpRuntime SOL_USD: regime risk-on LIVE reasons=['live_volume_spike'] until_ts=1776111316
16:13:15 backend.server.scalp_bot.coinbase_candle_feed     INFO | CoinbaseCandleFeed SOL_USD: CLOSED @ 81.840000 vol=10.0000 (n=2)
16:13:15 backend.server.scalp_bot.scalp_runtime     INFO | ScalpRuntime SOL_USD: candle close=81.840000 ema_f=0.000000 ema_s=0.000000 rsi=50.0 atr=0.000000 vwap=81.842778 vol_ok=True ready=False
16:13:15 backend.server.scalp_bot.coinbase_candle_feed     INFO | CoinbaseCandleFeed SOL_USD: CLOSED @ 82.000000 vol=6.0000 (n=3)
16:13:15 backend.server.scalp_bot.scalp_runtime     INFO | ScalpRuntime SOL_USD: candle close=82.000000 ema_f=0.000000 ema_s=0.000000 rsi=50.0 atr=0.000000 vwap=81.890741 vol_ok=False ready=False
16:13:15 backend.server.scalp_bot.coinbase_candle_feed     INFO | CoinbaseCandleFeed SOL_USD: CLOSED @ 81.840000 vol=758.0000 (n=4)
16:13:15 backend.server.scalp_bot.scalp_runtime     INFO | ScalpRuntime SOL_USD: candle close=81.840000 ema_f=0.000000 ema_s=0.000000 rsi=50.0 atr=0.000000 vwap=81.896529 vol_ok=True ready=False
16:13:15 backend.server.scalp_bot.coinbase_candle_feed     INFO | CoinbaseCandleFeed SOL_USD: CLOSED @ 81.880000 vol=121.0000 (n=5)
16:13:15 backend.server.scalp_bot.scalp_runtime     INFO | ScalpRuntime SOL_USD: candle close=81.880000 ema_f=0.000000 ema_s=0.000000 rsi=50.0 atr=0.000000 vwap=81.890253 vol_ok=False ready=False
16:13:15 backend.server.scalp_bot.coinbase_candle_feed     INFO | CoinbaseCandleFeed SOL_USD: CLOSED @ 81.910000 vol=1.0000 (n=6)
16:13:15 backend.server.scalp_bot.scalp_runtime     INFO | ScalpRuntime SOL_USD: candle close=81.910000 ema_f=0.000000 ema_s=0.000000 rsi=50.0 atr=0.000000 vwap=81.890275 vol_ok=False ready=False
16:13:15 backend.server.scalp_bot.coinbase_candle_feed     INFO | CoinbaseCandleFeed SOL_USD: CLOSED @ 81.860000 vol=91.0000 (n=7)
16:13:15 backend.server.scalp_bot.scalp_runtime     INFO | ScalpRuntime SOL_USD: candle close=81.860000 ema_f=0.000000 ema_s=0.000000 rsi=50.0 atr=0.000000 vwap=81.887796 vol_ok=False ready=False
16:13:15 backend.server.scalp_bot.coinbase_candle_feed     INFO | CoinbaseCandleFeed SOL_USD: CLOSED @ 82.170000 vol=188.0000 (n=8)
16:13:15 backend.server.scalp_bot.scalp_runtime     INFO | ScalpRuntime SOL_USD: candle close=82.170000 ema_f=81.917500 ema_s=0.000000 rsi=50.0 atr=0.000000 vwap=81.922223 vol_ok=False ready=False
16:13:15 backend.server.scalp_bot.coinbase_candle_feed     INFO | CoinbaseCandleFeed SOL_USD: CLOSED @ 82.110000 vol=89.0000 (n=9)
16:13:15 backend.server.scalp_bot.scalp_runtime     INFO | ScalpRuntime SOL_USD: candle close=82.110000 ema_f=81.960300 ema_s=0.000000 rsi=50.0 atr=0.000000 vwap=81.936596 vol_ok=False ready=False
16:13:15 backend.server.scalp_bot.coinbase_candle_feed     INFO | CoinbaseCandleFeed SOL_USD: CLOSED @ 82.170000 vol=29.0000 (n=10)
16:13:15 backend.server.scalp_bot.scalp_runtime     INFO | ScalpRuntime SOL_USD: candle close=82.170000 ema_f=82.006900 ema_s=0.000000 rsi=50.0 atr=0.000000 vwap=81.941151 vol_ok=False ready=False
16:13:15 backend.server.scalp_bot.coinbase_candle_feed     INFO | CoinbaseCandleFeed SOL_USD: CLOSED @ 82.120000 vol=2.0000 (n=11)
16:13:15 backend.server.scalp_bot.scalp_runtime     INFO | ScalpRuntime SOL_USD: candle close=82.120000 ema_f=82.032000 ema_s=0.000000 rsi=50.0 atr=0.000000 vwap=81.941426 vol_ok=False ready=False
16:13:15 backend.server.scalp_bot.coinbase_candle_feed     INFO | CoinbaseCandleFeed SOL_USD: CLOSED @ 81.980000 vol=625.0000 (n=12)
16:13:15 backend.server.scalp_bot.scalp_runtime     INFO | ScalpRuntime SOL_USD: candle close=81.980000 ema_f=82.020400 ema_s=0.000000 rsi=50.0 atr=0.000000 vwap=81.957222 vol_ok=True ready=False
16:13:15 backend.server.scalp_bot.coinbase_candle_feed     INFO | CoinbaseCandleFeed SOL_USD: CLOSED @ 82.100000 vol=196.0000 (n=13)
16:13:15 backend.server.scalp_bot.scalp_runtime     INFO | ScalpRuntime SOL_USD: candle close=82.100000 ema_f=82.038100 ema_s=0.000000 rsi=50.0 atr=0.000000 vwap=81.964573 vol_ok=False ready=False
16:13:15 backend.server.scalp_bot.coinbase_candle_feed     INFO | CoinbaseCandleFeed SOL_USD: CLOSED @ 82.060000 vol=8.0000 (n=14)
16:13:15 backend.server.scalp_bot.scalp_runtime     INFO | ScalpRuntime SOL_USD: candle close=82.060000 ema_f=82.043000 ema_s=0.000000 rsi=50.0 atr=0.000000 vwap=81.964882 vol_ok=False ready=False
16:13:15 backend.server.scalp_bot.coinbase_candle_feed     INFO | CoinbaseCandleFeed SOL_USD: CLOSED @ 82.110000 vol=207.0000 (n=15)
16:13:15 backend.server.scalp_bot.scalp_runtime     INFO | ScalpRuntime SOL_USD: candle close=82.110000 ema_f=82.057900 ema_s=0.000000 rsi=60.6 atr=0.117900 vwap=81.976279 vol_ok=False ready=False
16:13:15 backend.server.scalp_bot.coinbase_candle_feed     INFO | CoinbaseCandleFeed SOL_USD: CLOSED @ 82.320000 vol=148.0000 (n=16)
16:13:15 backend.server.scalp_bot.scalp_runtime     INFO | ScalpRuntime SOL_USD: candle close=82.320000 ema_f=82.116100 ema_s=0.000000 rsi=66.6 atr=0.124500 vwap=81.993801 vol_ok=False ready=False
16:13:15 backend.server.scalp_bot.coinbase_candle_feed     INFO | CoinbaseCandleFeed SOL_USD: CLOSED @ 82.710000 vol=629.0000 (n=17)
16:13:15 backend.server.scalp_bot.scalp_runtime     INFO | ScalpRuntime SOL_USD: candle close=82.710000 ema_f=82.248100 ema_s=0.000000 rsi=74.3 atr=0.146300 vwap=82.118428 vol_ok=True ready=False
16:13:15 backend.server.scalp_bot.coinbase_candle_feed     INFO | CoinbaseCandleFeed SOL_USD: CLOSED @ 82.480000 vol=967.0000 (n=18)
16:13:15 backend.server.scalp_bot.scalp_runtime     INFO | ScalpRuntime SOL_USD: candle close=82.480000 ema_f=82.299600 ema_s=0.000000 rsi=64.8 atr=0.157300 vwap=82.224743 vol_ok=True ready=False
16:13:15 backend.server.scalp_bot.coinbase_candle_feed     INFO | CoinbaseCandleFeed SOL_USD: CLOSED @ 82.630000 vol=197.0000 (n=19)
16:13:15 backend.server.scalp_bot.scalp_runtime     INFO | ScalpRuntime SOL_USD: candle close=82.630000 ema_f=82.373000 ema_s=0.000000 rsi=67.7 atr=0.161100 vwap=82.243269 vol_ok=False ready=False
16:13:15 backend.server.scalp_bot.coinbase_candle_feed     INFO | CoinbaseCandleFeed SOL_USD: CLOSED @ 82.510000 vol=60.0000 (n=20)
16:13:15 backend.server.scalp_bot.scalp_runtime     INFO | ScalpRuntime SOL_USD: candle close=82.510000 ema_f=82.403400 ema_s=0.000000 rsi=63.2 atr=0.168200 vwap=82.247146 vol_ok=False ready=False
16:13:15 backend.server.scalp_bot.coinbase_candle_feed     INFO | CoinbaseCandleFeed SOL_USD: CLOSED @ 82.620000 vol=1402.0000 (n=21)
16:13:15 backend.server.scalp_bot.scalp_runtime     INFO | ScalpRuntime SOL_USD: candle close=82.620000 ema_f=82.451500 ema_s=82.155200 rsi=65.5 atr=0.166900 vwap=82.338279 vol_ok=True ready=False
16:13:15 backend.server.scalp_bot.coinbase_candle_feed     INFO | CoinbaseCandleFeed SOL_USD: CLOSED @ 82.530000 vol=11.0000 (n=22)
16:13:16 backend.server.scalp_bot.scalp_runtime     INFO | ScalpRuntime SOL_USD: candle close=82.530000 ema_f=82.468900 ema_s=82.189300 rsi=62.1 atr=0.162100 vwap=82.338640 vol_ok=False ready=False
16:13:16 backend.server.scalp_bot.coinbase_candle_feed     INFO | CoinbaseCandleFeed SOL_USD: CLOSED @ 82.530000 vol=23.0000 (n=23)
16:13:16 backend.server.scalp_bot.scalp_runtime     INFO | ScalpRuntime SOL_USD: candle close=82.530000 ema_f=82.482500 ema_s=82.220300 rsi=62.1 atr=0.154100 vwap=82.339336 vol_ok=False ready=False
16:13:16 backend.server.scalp_bot.coinbase_candle_feed     INFO | CoinbaseCandleFeed SOL_USD: CLOSED @ 82.590000 vol=818.0000 (n=24)
16:13:16 backend.server.scalp_bot.scalp_runtime     INFO | ScalpRuntime SOL_USD: candle close=82.590000 ema_f=82.506400 ema_s=82.253900 rsi=63.5 atr=0.157400 vwap=82.372115 vol_ok=True ready=False
16:13:16 backend.server.scalp_bot.coinbase_candle_feed     INFO | CoinbaseCandleFeed SOL_USD: CLOSED @ 82.500000 vol=153.0000 (n=25)
16:13:16 backend.server.scalp_bot.scalp_runtime     INFO | ScalpRuntime SOL_USD: candle close=82.500000 ema_f=82.505000 ema_s=82.276300 rsi=59.8 atr=0.156200 vwap=82.375775 vol_ok=False ready=False
16:13:16 backend.server.scalp_bot.coinbase_candle_feed     INFO | CoinbaseCandleFeed SOL_USD: CLOSED @ 82.390000 vol=1510.0000 (n=26)
16:13:16 backend.server.scalp_bot.scalp_runtime     INFO | ScalpRuntime SOL_USD: candle close=82.390000 ema_f=82.479400 ema_s=82.286600 rsi=55.6 atr=0.161500 vwap=82.381428 vol_ok=True ready=False
16:13:16 backend.server.scalp_bot.coinbase_candle_feed     INFO | CoinbaseCandleFeed SOL_USD: CLOSED @ 82.600000 vol=1257.0000 (n=27)
16:13:16 backend.server.scalp_bot.scalp_runtime     INFO | ScalpRuntime SOL_USD: candle close=82.600000 ema_f=82.506200 ema_s=82.315100 rsi=61.3 atr=0.180700 vwap=82.415172 vol_ok=True ready=False
16:13:16 backend.server.scalp_bot.coinbase_candle_feed     INFO | CoinbaseCandleFeed SOL_USD: CLOSED @ 83.480000 vol=2753.0000 (n=28)
16:13:16 backend.server.scalp_bot.scalp_runtime     INFO | ScalpRuntime SOL_USD: candle close=83.480000 ema_f=82.722600 ema_s=82.421000 rsi=75.4 atr=0.243500 vwap=82.580913 vol_ok=True ready=False
16:13:16 backend.server.scalp_bot.coinbase_candle_feed     INFO | CoinbaseCandleFeed SOL_USD: CLOSED @ 83.300000 vol=1219.0000 (n=29)
16:13:16 backend.server.scalp_bot.scalp_runtime     INFO | ScalpRuntime SOL_USD: candle close=83.300000 ema_f=82.850900 ema_s=82.500900 rsi=69.8 atr=0.261800 vwap=82.645338 vol_ok=True ready=False
16:13:16 backend.server.scalp_bot.coinbase_candle_feed     INFO | CoinbaseCandleFeed SOL_USD: CLOSED @ 83.690000 vol=672.0000 (n=30)
16:13:16 backend.server.scalp_bot.scalp_runtime     INFO | ScalpRuntime SOL_USD: candle close=83.690000 ema_f=83.037400 ema_s=82.609000 rsi=74.3 atr=0.271000 vwap=82.689403 vol_ok=False ready=True
16:13:16 backend.server.scalp_bot.coinbase_candle_feed     INFO | CoinbaseCandleFeed SOL_USD: CLOSED @ 83.180000 vol=592.0000 (n=31)
16:13:16 backend.server.scalp_bot.scalp_runtime     INFO | ScalpRuntime SOL_USD: candle close=83.180000 ema_f=83.069100 ema_s=82.660900 rsi=61.5 atr=0.290200 vwap=82.712314 vol_ok=False ready=True
16:13:16 backend.server.scalp_bot.coinbase_candle_feed     INFO | CoinbaseCandleFeed SOL_USD: CLOSED @ 83.130000 vol=171.0000 (n=32)
16:13:16 backend.server.scalp_bot.scalp_runtime     INFO | ScalpRuntime SOL_USD: candle close=83.130000 ema_f=83.082600 ema_s=82.703500 rsi=60.4 atr=0.282300 vwap=82.717485 vol_ok=False ready=True
16:13:16 backend.server.scalp_bot.coinbase_candle_feed     INFO | CoinbaseCandleFeed SOL_USD: CLOSED @ 82.950000 vol=504.0000 (n=33)
16:13:16 backend.server.scalp_bot.scalp_runtime     INFO | ScalpRuntime SOL_USD: candle close=82.950000 ema_f=83.053100 ema_s=82.725900 rsi=56.4 atr=0.290700 vwap=82.728136 vol_ok=False ready=True
16:13:16 backend.server.scalp_bot.coinbase_candle_feed     INFO | CoinbaseCandleFeed SOL_USD: CLOSED @ 83.040000 vol=844.0000 (n=34)
16:13:16 backend.server.scalp_bot.scalp_runtime     INFO | ScalpRuntime SOL_USD: candle close=83.040000 ema_f=83.050200 ema_s=82.754500 rsi=57.9 atr=0.294900 vwap=82.742764 vol_ok=False ready=True
16:13:16 backend.server.scalp_bot.coinbase_candle_feed     INFO | CoinbaseCandleFeed SOL_USD: CLOSED @ 83.000000 vol=133.0000 (n=35)
16:13:16 backend.server.scalp_bot.scalp_runtime     INFO | ScalpRuntime SOL_USD: candle close=83.000000 ema_f=83.039000 ema_s=82.776800 rsi=57.0 atr=0.282400 vwap=82.745175 vol_ok=False ready=True
16:13:16 backend.server.scalp_bot.coinbase_candle_feed     INFO | CoinbaseCandleFeed SOL_USD: CLOSED @ 83.250000 vol=371.0000 (n=36)
16:13:16 backend.server.scalp_bot.scalp_runtime     INFO | ScalpRuntime SOL_USD: candle close=83.250000 ema_f=83.085900 ema_s=82.819800 rsi=61.1 atr=0.283700 vwap=82.754427 vol_ok=False ready=True
16:13:16 backend.server.scalp_bot.coinbase_candle_feed     INFO | CoinbaseCandleFeed SOL_USD: CLOSED @ 83.350000 vol=306.0000 (n=37)
16:13:16 backend.server.scalp_bot.scalp_runtime     INFO | ScalpRuntime SOL_USD: candle close=83.350000 ema_f=83.144600 ema_s=82.868000 rsi=62.7 atr=0.277000 vwap=82.763966 vol_ok=False ready=True
16:13:16 backend.server.scalp_bot.coinbase_candle_feed     INFO | CoinbaseCandleFeed SOL_USD: CLOSED @ 83.500000 vol=687.0000 (n=38)
16:13:16 backend.server.scalp_bot.scalp_runtime     INFO | ScalpRuntime SOL_USD: candle close=83.500000 ema_f=83.223600 ema_s=82.925500 rsi=65.0 atr=0.277900 vwap=82.789472 vol_ok=False ready=True
16:13:16 backend.server.scalp_bot.coinbase_candle_feed     INFO | CoinbaseCandleFeed SOL_USD: CLOSED @ 83.300000 vol=291.0000 (n=39)
16:13:16 backend.server.scalp_bot.scalp_runtime     INFO | ScalpRuntime SOL_USD: candle close=83.300000 ema_f=83.240600 ema_s=82.959500 rsi=59.8 atr=0.283800 vwap=82.799637 vol_ok=False ready=True
16:13:16 backend.server.scalp_bot.coinbase_candle_feed     INFO | CoinbaseCandleFeed SOL_USD: CLOSED @ 83.380000 vol=333.0000 (n=40)
16:13:16 backend.server.scalp_bot.scalp_runtime     INFO | ScalpRuntime SOL_USD: candle close=83.380000 ema_f=83.271600 ema_s=82.997700 rsi=61.1 atr=0.277800 vwap=82.808942 vol_ok=False ready=True
16:13:16 backend.server.scalp_bot.coinbase_candle_feed     INFO | CoinbaseCandleFeed SOL_USD: CLOSED @ 83.830000 vol=495.0000 (n=41)
16:13:16 backend.server.scalp_bot.scalp_runtime     INFO | ScalpRuntime SOL_USD: candle close=83.830000 ema_f=83.395700 ema_s=83.073400 rsi=67.6 atr=0.290100 vwap=82.831781 vol_ok=False ready=True
16:13:16 backend.server.scalp_bot.coinbase_candle_feed     INFO | CoinbaseCandleFeed SOL_USD: CLOSED @ 83.410000 vol=1397.0000 (n=42)
16:13:16 backend.server.scalp_bot.scalp_runtime     INFO | ScalpRuntime SOL_USD: candle close=83.410000 ema_f=83.398900 ema_s=83.104000 rsi=57.9 atr=0.299400 vwap=82.881266 vol_ok=True ready=True
16:13:16 backend.server.scalp_bot.coinbase_candle_feed     INFO | CoinbaseCandleFeed SOL_USD: CLOSED @ 83.270000 vol=307.0000 (n=43)
16:13:16 backend.server.scalp_bot.scalp_runtime     INFO | ScalpRuntime SOL_USD: candle close=83.270000 ema_f=83.370300 ema_s=83.119100 rsi=55.0 atr=0.295200 vwap=82.887213 vol_ok=False ready=True
16:13:16 backend.server.scalp_bot.coinbase_candle_feed     INFO | CoinbaseCandleFeed SOL_USD: CLOSED @ 83.140000 vol=967.0000 (n=44)
16:13:16 backend.server.scalp_bot.scalp_runtime     INFO | ScalpRuntime SOL_USD: candle close=83.140000 ema_f=83.319100 ema_s=83.121000 rsi=52.4 atr=0.287000 vwap=82.901248 vol_ok=False ready=True
16:13:16 backend.server.scalp_bot.coinbase_candle_feed     INFO | CoinbaseCandleFeed SOL_USD: CLOSED @ 83.070000 vol=542.0000 (n=45)
16:13:16 backend.server.scalp_bot.scalp_runtime     INFO | ScalpRuntime SOL_USD: candle close=83.070000 ema_f=83.263700 ema_s=83.116400 rsi=51.0 atr=0.279400 vwap=82.906206 vol_ok=False ready=True
16:13:16 backend.server.scalp_bot.coinbase_candle_feed     INFO | CoinbaseCandleFeed SOL_USD: CLOSED @ 82.980000 vol=190.0000 (n=46)
16:13:16 backend.server.scalp_bot.scalp_runtime     INFO | ScalpRuntime SOL_USD: candle close=82.980000 ema_f=83.200700 ema_s=83.104000 rsi=49.2 atr=0.270200 vwap=82.907262 vol_ok=False ready=True
16:13:16 backend.server.scalp_bot.coinbase_candle_feed     INFO | CoinbaseCandleFeed SOL_USD: CLOSED @ 82.920000 vol=414.0000 (n=47)
16:13:16 backend.server.scalp_bot.scalp_runtime     INFO | ScalpRuntime SOL_USD: candle close=82.920000 ema_f=83.138300 ema_s=83.087300 rsi=48.0 atr=0.263800 vwap=82.907373 vol_ok=False ready=True
16:13:16 backend.server.scalp_bot.coinbase_candle_feed     INFO | CoinbaseCandleFeed SOL_USD: CLOSED @ 82.520000 vol=1000.0000 (n=48)
16:13:16 backend.server.scalp_bot.scalp_runtime     INFO | ScalpRuntime SOL_USD: candle close=82.520000 ema_f=83.000900 ema_s=83.035700 rsi=40.7 atr=0.275700 vwap=82.895948 vol_ok=True ready=True
16:13:16 backend.server.scalp_bot.coinbase_candle_feed     INFO | CoinbaseCandleFeed SOL_USD: CLOSED @ 82.450000 vol=716.0000 (n=49)
16:13:16 backend.server.scalp_bot.scalp_runtime     INFO | ScalpRuntime SOL_USD: candle close=82.450000 ema_f=82.878500 ema_s=82.982500 rsi=39.6 atr=0.272400 vwap=82.883749 vol_ok=False ready=True
16:13:16 backend.server.scalp_bot.coinbase_candle_feed     INFO | CoinbaseCandleFeed SOL_USD: CLOSED @ 82.540000 vol=452.0000 (n=50)
16:13:16 backend.server.scalp_bot.scalp_runtime     INFO | ScalpRuntime SOL_USD: candle close=82.540000 ema_f=82.803300 ema_s=82.942300 rsi=41.8 atr=0.259400 vwap=82.876954 vol_ok=False ready=True
16:13:16 backend.server.scalp_bot.coinbase_candle_feed     INFO | CoinbaseCandleFeed SOL_USD: CLOSED @ 82.490000 vol=1045.0000 (n=51)
16:13:16 backend.server.scalp_bot.scalp_runtime     INFO | ScalpRuntime SOL_USD: candle close=82.490000 ema_f=82.733700 ema_s=82.901200 rsi=40.9 atr=0.250900 vwap=82.862692 vol_ok=True ready=True
16:13:16 backend.server.scalp_bot.coinbase_candle_feed     INFO | CoinbaseCandleFeed SOL_USD: CLOSED @ 82.560000 vol=253.0000 (n=52)
16:13:16 backend.server.scalp_bot.scalp_runtime     INFO | ScalpRuntime SOL_USD: candle close=82.560000 ema_f=82.695100 ema_s=82.870200 rsi=42.8 atr=0.242300 vwap=82.859345 vol_ok=False ready=True
16:13:16 backend.server.scalp_bot.coinbase_candle_feed     INFO | CoinbaseCandleFeed SOL_USD: CLOSED @ 82.710000 vol=232.0000 (n=53)
16:13:16 backend.server.scalp_bot.scalp_runtime     INFO | ScalpRuntime SOL_USD: candle close=82.710000 ema_f=82.698400 ema_s=82.855600 rsi=46.7 atr=0.235700 vwap=82.857828 vol_ok=False ready=True
16:13:16 backend.server.scalp_bot.coinbase_candle_feed     INFO | CoinbaseCandleFeed SOL_USD: CLOSED @ 82.650000 vol=376.0000 (n=54)
16:13:16 backend.server.scalp_bot.scalp_runtime     INFO | ScalpRuntime SOL_USD: candle close=82.650000 ema_f=82.687600 ema_s=82.836900 rsi=45.4 atr=0.232400 vwap=82.855330 vol_ok=False ready=True
16:13:16 backend.server.scalp_bot.coinbase_candle_feed     INFO | CoinbaseCandleFeed SOL_USD: CLOSED @ 82.830000 vol=986.0000 (n=55)
16:13:16 backend.server.scalp_bot.scalp_runtime     INFO | ScalpRuntime SOL_USD: candle close=82.830000 ema_f=82.719200 ema_s=82.836300 rsi=50.0 atr=0.242200 vwap=82.850049 vol_ok=True ready=True
16:13:16 backend.server.scalp_bot.coinbase_candle_feed     INFO | CoinbaseCandleFeed SOL_USD: CLOSED @ 82.910000 vol=174.0000 (n=56)
16:13:16 backend.server.scalp_bot.scalp_runtime     INFO | ScalpRuntime SOL_USD: candle close=82.910000 ema_f=82.761600 ema_s=82.843000 rsi=51.9 atr=0.233500 vwap=82.850443 vol_ok=False ready=True
16:13:16 backend.server.scalp_bot.coinbase_candle_feed     INFO | CoinbaseCandleFeed SOL_USD: CLOSED @ 83.050000 vol=140.0000 (n=57)
16:13:16 backend.server.scalp_bot.scalp_runtime     INFO | ScalpRuntime SOL_USD: candle close=83.050000 ema_f=82.825700 ema_s=82.861800 rsi=55.2 atr=0.236800 vwap=82.851172 vol_ok=False ready=True
16:13:16 backend.server.scalp_bot.coinbase_candle_feed     INFO | CoinbaseCandleFeed SOL_USD: CLOSED @ 83.320000 vol=203.0000 (n=58)
16:13:16 backend.server.scalp_bot.scalp_runtime     INFO | ScalpRuntime SOL_USD: candle close=83.320000 ema_f=82.935500 ema_s=82.903500 rsi=60.7 atr=0.244900 vwap=82.854347 vol_ok=False ready=True
16:13:16 backend.server.scalp_bot.coinbase_candle_feed     INFO | CoinbaseCandleFeed SOL_USD: CLOSED @ 83.410000 vol=1168.0000 (n=59)
16:13:16 backend.server.scalp_bot.scalp_runtime     INFO | ScalpRuntime SOL_USD: candle close=83.410000 ema_f=83.040900 ema_s=82.949500 rsi=62.4 atr=0.241700 vwap=82.876788 vol_ok=True ready=True
16:13:16 backend.server.scalp_bot.coinbase_candle_feed     INFO | CoinbaseCandleFeed SOL_USD: CLOSED @ 83.290000 vol=168.0000 (n=60)
16:13:16 backend.server.scalp_bot.scalp_runtime     INFO | ScalpRuntime SOL_USD: candle close=83.290000 ema_f=83.096300 ema_s=82.980500 rsi=58.8 atr=0.240100 vwap=82.879549 vol_ok=False ready=True
16:13:16 backend.server.scalp_bot.coinbase_candle_feed     INFO | CoinbaseCandleFeed SOL_USD: CLOSED @ 83.530000 vol=155.0000 (n=61)
16:13:16 backend.server.scalp_bot.scalp_runtime     INFO | ScalpRuntime SOL_USD: candle close=83.530000 ema_f=83.192700 ema_s=83.030500 rsi=63.3 atr=0.244400 vwap=82.882554 vol_ok=False ready=True
16:13:16 backend.server.scalp_bot.coinbase_candle_feed     INFO | CoinbaseCandleFeed SOL_USD: CLOSED @ 83.430000 vol=447.0000 (n=62)
16:13:16 backend.server.scalp_bot.scalp_runtime     INFO | ScalpRuntime SOL_USD: candle close=83.430000 ema_f=83.245400 ema_s=83.066800 rsi=60.4 atr=0.244100 vwap=82.891838 vol_ok=False ready=True
16:13:16 backend.server.scalp_bot.coinbase_candle_feed     INFO | CoinbaseCandleFeed SOL_USD: CLOSED @ 83.230000 vol=776.0000 (n=63)
16:13:16 backend.server.scalp_bot.scalp_runtime     INFO | ScalpRuntime SOL_USD: candle close=83.230000 ema_f=83.242000 ema_s=83.081600 rsi=54.8 atr=0.248100 vwap=82.901642 vol_ok=False ready=True
16:13:16 backend.server.scalp_bot.coinbase_candle_feed     INFO | CoinbaseCandleFeed SOL_USD: CLOSED @ 83.360000 vol=358.0000 (n=64)
16:13:16 backend.server.scalp_bot.scalp_runtime     INFO | ScalpRuntime SOL_USD: candle close=83.360000 ema_f=83.268200 ema_s=83.106900 rsi=57.5 atr=0.242500 vwap=82.906839 vol_ok=False ready=True
16:13:16 backend.server.scalp_bot.coinbase_candle_feed     INFO | CoinbaseCandleFeed SOL_USD: CLOSED @ 83.300000 vol=37.0000 (n=65)
16:13:16 backend.server.scalp_bot.scalp_runtime     INFO | ScalpRuntime SOL_USD: candle close=83.300000 ema_f=83.275300 ema_s=83.124500 rsi=55.8 atr=0.233800 vwap=82.907334 vol_ok=False ready=True
16:13:16 backend.server.scalp_bot.coinbase_candle_feed     INFO | CoinbaseCandleFeed SOL_USD: CLOSED @ 83.340000 vol=359.0000 (n=66)
16:13:16 backend.server.scalp_bot.scalp_runtime     INFO | ScalpRuntime SOL_USD: candle close=83.340000 ema_f=83.289700 ema_s=83.144100 rsi=56.8 atr=0.226400 vwap=82.911737 vol_ok=False ready=True
16:13:16 backend.server.scalp_bot.coinbase_candle_feed     INFO | CoinbaseCandleFeed SOL_USD: CLOSED @ 83.360000 vol=290.0000 (n=67)
16:13:16 backend.server.scalp_bot.scalp_runtime     INFO | ScalpRuntime SOL_USD: candle close=83.360000 ema_f=83.305300 ema_s=83.163700 rsi=57.2 atr=0.225900 vwap=82.916399 vol_ok=False ready=True
16:13:16 backend.server.scalp_bot.coinbase_candle_feed     INFO | CoinbaseCandleFeed SOL_USD: CLOSED @ 83.470000 vol=45.0000 (n=68)
16:13:16 backend.server.scalp_bot.scalp_runtime     INFO | ScalpRuntime SOL_USD: candle close=83.470000 ema_f=83.341900 ema_s=83.191500 rsi=59.8 atr=0.224100 vwap=82.917082 vol_ok=False ready=True
16:13:16 backend.server.scalp_bot.coinbase_candle_feed     INFO | CoinbaseCandleFeed SOL_USD: CLOSED @ 83.390000 vol=41.0000 (n=69)
16:13:16 backend.server.scalp_bot.scalp_runtime     INFO | ScalpRuntime SOL_USD: candle close=83.390000 ema_f=83.352600 ema_s=83.209500 rsi=57.1 atr=0.214500 vwap=82.917707 vol_ok=False ready=True
16:13:16 backend.server.scalp_bot.coinbase_candle_feed     INFO | CoinbaseCandleFeed SOL_USD: CLOSED @ 83.620000 vol=389.0000 (n=70)
16:13:16 backend.server.scalp_bot.scalp_runtime     INFO | ScalpRuntime SOL_USD: candle close=83.620000 ema_f=83.412000 ema_s=83.246800 rsi=62.4 atr=0.222000 vwap=82.925234 vol_ok=False ready=True
16:13:16 backend.server.scalp_bot.coinbase_candle_feed     INFO | CoinbaseCandleFeed SOL_USD: CLOSED @ 83.680000 vol=554.0000 (n=71)
16:13:16 backend.server.scalp_bot.scalp_runtime     INFO | ScalpRuntime SOL_USD: candle close=83.680000 ema_f=83.471600 ema_s=83.286200 rsi=63.7 atr=0.223300 vwap=82.938720 vol_ok=True ready=True
16:13:16 backend.server.scalp_bot.coinbase_candle_feed     INFO | CoinbaseCandleFeed SOL_USD: CLOSED @ 83.540000 vol=265.0000 (n=72)
16:13:16 backend.server.scalp_bot.scalp_runtime     INFO | ScalpRuntime SOL_USD: candle close=83.540000 ema_f=83.486800 ema_s=83.309300 rsi=58.7 atr=0.217400 vwap=82.943793 vol_ok=False ready=True
16:13:16 backend.server.scalp_bot.coinbase_candle_feed     INFO | CoinbaseCandleFeed SOL_USD: CLOSED @ 83.510000 vol=34.0000 (n=73)
16:13:16 backend.server.scalp_bot.scalp_runtime     INFO | ScalpRuntime SOL_USD: candle close=83.510000 ema_f=83.492000 ema_s=83.327500 rsi=57.7 atr=0.205400 vwap=82.944380 vol_ok=False ready=True
16:13:16 backend.server.scalp_bot.coinbase_candle_feed     INFO | CoinbaseCandleFeed SOL_USD: CLOSED @ 83.340000 vol=171.0000 (n=74)
16:13:16 backend.server.scalp_bot.scalp_runtime     INFO | ScalpRuntime SOL_USD: candle close=83.340000 ema_f=83.458200 ema_s=83.328600 rsi=52.1 atr=0.205700 vwap=82.946755 vol_ok=False ready=True
16:13:16 backend.server.scalp_bot.coinbase_candle_feed     INFO | CoinbaseCandleFeed SOL_USD: CLOSED @ 83.190000 vol=1051.0000 (n=75)
16:13:16 backend.server.scalp_bot.scalp_runtime     INFO | ScalpRuntime SOL_USD: candle close=83.190000 ema_f=83.398600 ema_s=83.316000 rsi=47.7 atr=0.215300 vwap=82.954958 vol_ok=True ready=True
16:13:16 backend.server.scalp_bot.coinbase_candle_feed     INFO | CoinbaseCandleFeed SOL_USD: CLOSED @ 83.080000 vol=1035.0000 (n=76)
16:13:16 backend.server.scalp_bot.scalp_runtime     INFO | ScalpRuntime SOL_USD: candle close=83.080000 ema_f=83.327800 ema_s=83.294500 rsi=44.7 atr=0.209900 vwap=82.958882 vol_ok=True ready=True
16:13:16 backend.server.scalp_bot.coinbase_candle_feed     INFO | CoinbaseCandleFeed SOL_USD: CLOSED @ 83.040000 vol=257.0000 (n=77)
16:13:16 backend.server.scalp_bot.scalp_runtime     INFO | ScalpRuntime SOL_USD: candle close=83.040000 ema_f=83.263800 ema_s=83.271400 rsi=43.6 atr=0.202000 vwap=82.959511 vol_ok=False ready=True
16:13:16 backend.server.scalp_bot.coinbase_candle_feed     INFO | CoinbaseCandleFeed SOL_USD: CLOSED @ 83.090000 vol=68.0000 (n=78)
16:13:16 backend.server.scalp_bot.scalp_runtime     INFO | ScalpRuntime SOL_USD: candle close=83.090000 ema_f=83.225200 ema_s=83.254900 rsi=45.4 atr=0.197600 vwap=82.959695 vol_ok=False ready=True
16:13:16 backend.server.scalp_bot.coinbase_candle_feed     INFO | CoinbaseCandleFeed SOL_USD: CLOSED @ 83.080000 vol=544.0000 (n=79)
16:13:16 backend.server.scalp_bot.scalp_runtime     INFO | ScalpRuntime SOL_USD: candle close=83.080000 ema_f=83.192900 ema_s=83.239000 rsi=45.1 atr=0.192800 vwap=82.961141 vol_ok=True ready=True
16:13:16 backend.server.scalp_bot.coinbase_candle_feed     INFO | CoinbaseCandleFeed SOL_USD: CLOSED @ 82.790000 vol=1064.0000 (n=80)
16:13:16 backend.server.scalp_bot.scalp_runtime     INFO | ScalpRuntime SOL_USD: candle close=82.790000 ema_f=83.103400 ema_s=83.198200 rsi=37.3 atr=0.206900 vwap=82.959975 vol_ok=True ready=True
16:13:16 backend.server.scalp_bot.coinbase_candle_feed     INFO | CoinbaseCandleFeed SOL_USD: CLOSED @ 82.790000 vol=1031.0000 (n=81)
16:13:16 backend.server.scalp_bot.scalp_runtime     INFO | ScalpRuntime SOL_USD: candle close=82.790000 ema_f=83.033800 ema_s=83.161100 rsi=37.3 atr=0.205700 vwap=82.954631 vol_ok=True ready=True
16:13:16 backend.server.scalp_bot.coinbase_candle_feed     INFO | CoinbaseCandleFeed SOL_USD: CLOSED @ 82.990000 vol=280.0000 (n=82)
16:13:16 backend.server.scalp_bot.scalp_runtime     INFO | ScalpRuntime SOL_USD: candle close=82.990000 ema_f=83.024100 ema_s=83.145500 rsi=44.9 atr=0.206700 vwap=82.954454 vol_ok=False ready=True
16:13:16 backend.server.scalp_bot.coinbase_candle_feed     INFO | CoinbaseCandleFeed SOL_USD: CLOSED @ 83.010000 vol=618.0000 (n=83)
16:13:16 backend.server.scalp_bot.scalp_runtime     INFO | ScalpRuntime SOL_USD: candle close=83.010000 ema_f=83.021000 ema_s=83.133200 rsi=45.6 atr=0.198400 vwap=82.955636 vol_ok=False ready=True
16:13:16 backend.server.scalp_bot.coinbase_candle_feed     INFO | CoinbaseCandleFeed SOL_USD: CLOSED @ 83.170000 vol=87.0000 (n=84)
16:13:16 backend.server.scalp_bot.scalp_runtime     INFO | ScalpRuntime SOL_USD: candle close=83.170000 ema_f=83.054100 ema_s=83.136500 rsi=51.1 atr=0.199200 vwap=82.956108 vol_ok=False ready=True
16:13:16 backend.server.scalp_bot.coinbase_candle_feed     INFO | CoinbaseCandleFeed SOL_USD: CLOSED @ 83.190000 vol=240.0000 (n=85)
16:13:17 backend.server.scalp_bot.scalp_runtime     INFO | ScalpRuntime SOL_USD: candle close=83.190000 ema_f=83.084300 ema_s=83.141400 rsi=51.7 atr=0.191400 vwap=82.957578 vol_ok=False ready=True
16:13:17 backend.server.scalp_bot.coinbase_candle_feed     INFO | CoinbaseCandleFeed SOL_USD: CLOSED @ 83.270000 vol=8.0000 (n=86)
16:13:17 backend.server.scalp_bot.scalp_runtime     INFO | ScalpRuntime SOL_USD: candle close=83.270000 ema_f=83.125600 ema_s=83.153100 rsi=54.3 atr=0.186300 vwap=82.957642 vol_ok=False ready=True
16:13:17 backend.server.scalp_bot.coinbase_candle_feed     INFO | CoinbaseCandleFeed SOL_USD: CLOSED @ 83.140000 vol=546.0000 (n=87)
16:13:17 backend.server.scalp_bot.scalp_runtime     INFO | ScalpRuntime SOL_USD: candle close=83.140000 ema_f=83.128800 ema_s=83.151900 rsi=49.6 atr=0.183000 vwap=82.960650 vol_ok=False ready=True
16:13:17 backend.server.scalp_bot.coinbase_candle_feed     INFO | CoinbaseCandleFeed SOL_USD: CLOSED @ 83.160000 vol=8.0000 (n=88)
16:13:17 backend.server.scalp_bot.scalp_runtime     INFO | ScalpRuntime SOL_USD: candle close=83.160000 ema_f=83.135700 ema_s=83.152600 rsi=50.3 atr=0.175600 vwap=82.960694 vol_ok=False ready=True
16:13:17 backend.server.scalp_bot.coinbase_candle_feed     INFO | CoinbaseCandleFeed SOL_USD: CLOSED @ 83.160000 vol=432.0000 (n=89)
16:13:17 backend.server.scalp_bot.scalp_runtime     INFO | ScalpRuntime SOL_USD: candle close=83.160000 ema_f=83.141100 ema_s=83.153300 rsi=50.3 atr=0.167300 vwap=82.962875 vol_ok=False ready=True
16:13:17 backend.server.scalp_bot.coinbase_candle_feed     INFO | CoinbaseCandleFeed SOL_USD: CLOSED @ 83.340000 vol=338.0000 (n=90)
16:13:17 backend.server.scalp_bot.scalp_runtime     INFO | ScalpRuntime SOL_USD: candle close=83.340000 ema_f=83.185300 ema_s=83.170300 rsi=56.7 atr=0.177500 vwap=82.965919 vol_ok=False ready=True
16:13:17 backend.server.scalp_bot.coinbase_candle_feed     INFO | CoinbaseCandleFeed SOL_USD: CLOSED @ 83.460000 vol=921.0000 (n=91)
16:13:17 backend.server.scalp_bot.scalp_runtime     INFO | ScalpRuntime SOL_USD: candle close=83.460000 ema_f=83.246300 ema_s=83.196600 rsi=60.4 atr=0.182700 vwap=82.976373 vol_ok=True ready=True
16:13:17 backend.server.scalp_bot.coinbase_candle_feed     INFO | CoinbaseCandleFeed SOL_USD: CLOSED @ 83.540000 vol=793.0000 (n=92)
16:13:17 backend.server.scalp_bot.scalp_runtime     INFO | ScalpRuntime SOL_USD: candle close=83.540000 ema_f=83.311600 ema_s=83.227800 rsi=62.6 atr=0.179600 vwap=82.986310 vol_ok=True ready=True
16:13:17 backend.server.scalp_bot.coinbase_candle_feed     INFO | CoinbaseCandleFeed SOL_USD: CLOSED @ 83.840000 vol=3033.0000 (n=93)
16:13:17 backend.server.scalp_bot.scalp_runtime     INFO | ScalpRuntime SOL_USD: candle close=83.840000 ema_f=83.429000 ema_s=83.283500 rsi=69.6 atr=0.188200 vwap=83.036130 vol_ok=True ready=True
16:13:17 backend.server.scalp_bot.coinbase_candle_feed     INFO | CoinbaseCandleFeed SOL_USD: CLOSED @ 83.840000 vol=1413.0000 (n=94)
16:13:17 backend.server.scalp_bot.scalp_runtime     INFO | ScalpRuntime SOL_USD: candle close=83.840000 ema_f=83.520300 ema_s=83.334100 rsi=69.6 atr=0.191900 vwap=83.057756 vol_ok=True ready=True
16:13:17 backend.server.scalp_bot.coinbase_candle_feed     INFO | CoinbaseCandleFeed SOL_USD: CLOSED @ 83.750000 vol=1106.0000 (n=95)
16:13:17 backend.server.scalp_bot.scalp_runtime     INFO | ScalpRuntime SOL_USD: candle close=83.750000 ema_f=83.571300 ema_s=83.371900 rsi=65.4 atr=0.191000 vwap=83.073726 vol_ok=True ready=True
16:13:17 backend.server.scalp_bot.coinbase_candle_feed     INFO | CoinbaseCandleFeed SOL_USD: CLOSED @ 83.930000 vol=1542.0000 (n=96)
16:13:17 backend.server.scalp_bot.scalp_runtime     INFO | ScalpRuntime SOL_USD: candle close=83.930000 ema_f=83.651000 ema_s=83.422600 rsi=69.4 atr=0.195900 vwap=83.099442 vol_ok=True ready=True
16:13:17 backend.server.scalp_bot.coinbase_candle_feed     INFO | CoinbaseCandleFeed SOL_USD: CLOSED @ 84.150000 vol=1790.0000 (n=97)
16:13:17 backend.server.scalp_bot.scalp_runtime     INFO | ScalpRuntime SOL_USD: candle close=84.150000 ema_f=83.761900 ema_s=83.488700 rsi=73.5 atr=0.208300 vwap=83.136829 vol_ok=True ready=True
16:13:17 backend.server.scalp_bot.coinbase_candle_feed     INFO | CoinbaseCandleFeed SOL_USD: CLOSED @ 84.050000 vol=1253.0000 (n=98)
16:13:17 backend.server.scalp_bot.scalp_runtime     INFO | ScalpRuntime SOL_USD: candle close=84.050000 ema_f=83.825900 ema_s=83.539700 rsi=69.0 atr=0.209100 vwap=83.160156 vol_ok=False ready=True
16:13:17 backend.server.scalp_bot.coinbase_candle_feed     INFO | CoinbaseCandleFeed SOL_USD: CLOSED @ 84.140000 vol=1366.0000 (n=99)
16:13:17 backend.server.scalp_bot.scalp_runtime     INFO | ScalpRuntime SOL_USD: candle close=84.140000 ema_f=83.895700 ema_s=83.594300 rsi=70.7 atr=0.205600 vwap=83.183776 vol_ok=True ready=True
16:13:17 backend.server.scalp_bot.coinbase_candle_feed     INFO | CoinbaseCandleFeed XRP_USD: CLOSED @ 1.327100 vol=25.0000 (n=1)
16:13:17 backend.server.scalp_bot.scalp_runtime     INFO | ScalpRuntime XRP_USD: candle close=1.327100 ema_f=0.000000 ema_s=0.000000 rsi=50.0 atr=0.000000 vwap=1.327100 vol_ok=False ready=False
16:13:17 backend.server.scalp_bot.scalp_runtime     INFO | ScalpRuntime XRP_USD: regime risk-on LIVE reasons=['live_volume_spike'] until_ts=1776111317
16:13:17 backend.server.scalp_bot.coinbase_candle_feed     INFO | CoinbaseCandleFeed XRP_USD: CLOSED @ 1.325900 vol=195.0000 (n=2)
16:13:17 backend.server.scalp_bot.scalp_runtime     INFO | ScalpRuntime XRP_USD: candle close=1.325900 ema_f=0.000000 ema_s=0.000000 rsi=50.0 atr=0.000000 vwap=1.326184 vol_ok=True ready=False
16:13:17 backend.server.scalp_bot.coinbase_candle_feed     INFO | CoinbaseCandleFeed XRP_USD: CLOSED @ 1.327000 vol=317.0000 (n=3)
16:13:17 backend.server.scalp_bot.scalp_runtime     INFO | ScalpRuntime XRP_USD: candle close=1.327000 ema_f=0.000000 ema_s=0.000000 rsi=50.0 atr=0.000000 vwap=1.326351 vol_ok=True ready=False
16:13:17 backend.server.scalp_bot.coinbase_candle_feed     INFO | CoinbaseCandleFeed XRP_USD: CLOSED @ 1.325200 vol=48.0000 (n=4)
16:13:17 backend.server.scalp_bot.scalp_runtime     INFO | ScalpRuntime XRP_USD: candle close=1.325200 ema_f=0.000000 ema_s=0.000000 rsi=50.0 atr=0.000000 vwap=1.326289 vol_ok=False ready=False
16:13:17 backend.server.scalp_bot.coinbase_candle_feed     INFO | CoinbaseCandleFeed XRP_USD: CLOSED @ 1.326900 vol=40.0000 (n=5)
16:13:17 backend.server.scalp_bot.scalp_runtime     INFO | ScalpRuntime XRP_USD: candle close=1.326900 ema_f=0.000000 ema_s=0.000000 rsi=50.0 atr=0.000000 vwap=1.326309 vol_ok=False ready=False
16:13:17 backend.server.scalp_bot.coinbase_candle_feed     INFO | CoinbaseCandleFeed XRP_USD: CLOSED @ 1.326100 vol=48.0000 (n=6)
16:13:17 backend.server.scalp_bot.scalp_runtime     INFO | ScalpRuntime XRP_USD: candle close=1.326100 ema_f=0.000000 ema_s=0.000000 rsi=50.0 atr=0.000000 vwap=1.326273 vol_ok=False ready=False
16:13:17 backend.server.scalp_bot.coinbase_candle_feed     INFO | CoinbaseCandleFeed XRP_USD: CLOSED @ 1.327100 vol=407.0000 (n=7)
16:13:17 backend.server.scalp_bot.scalp_runtime     INFO | ScalpRuntime XRP_USD: candle close=1.327100 ema_f=0.000000 ema_s=0.000000 rsi=50.0 atr=0.000000 vwap=1.326534 vol_ok=True ready=False
16:13:17 backend.server.scalp_bot.coinbase_candle_feed     INFO | CoinbaseCandleFeed XRP_USD: CLOSED @ 1.326700 vol=9.0000 (n=8)
16:13:17 backend.server.scalp_bot.scalp_runtime     INFO | ScalpRuntime XRP_USD: candle close=1.326700 ema_f=1.326500 ema_s=0.000000 rsi=50.0 atr=0.000000 vwap=1.326537 vol_ok=False ready=False
16:13:17 backend.server.scalp_bot.coinbase_candle_feed     INFO | CoinbaseCandleFeed XRP_USD: CLOSED @ 1.326800 vol=3.0000 (n=9)
16:13:17 backend.server.scalp_bot.scalp_runtime     INFO | ScalpRuntime XRP_USD: candle close=1.326800 ema_f=1.326600 ema_s=0.000000 rsi=50.0 atr=0.000000 vwap=1.326537 vol_ok=False ready=False
16:13:17 backend.server.scalp_bot.coinbase_candle_feed     INFO | CoinbaseCandleFeed XRP_USD: CLOSED @ 1.326900 vol=54.0000 (n=10)
16:13:17 backend.server.scalp_bot.scalp_runtime     INFO | ScalpRuntime XRP_USD: candle close=1.326900 ema_f=1.326700 ema_s=0.000000 rsi=50.0 atr=0.000000 vwap=1.326548 vol_ok=False ready=False
16:13:17 backend.server.scalp_bot.coinbase_candle_feed     INFO | CoinbaseCandleFeed XRP_USD: CLOSED @ 1.327600 vol=26.0000 (n=11)
16:13:17 backend.server.scalp_bot.scalp_runtime     INFO | ScalpRuntime XRP_USD: candle close=1.327600 ema_f=1.326900 ema_s=0.000000 rsi=50.0 atr=0.000000 vwap=1.326571 vol_ok=False ready=False
16:13:17 backend.server.scalp_bot.coinbase_candle_feed     INFO | CoinbaseCandleFeed XRP_USD: CLOSED @ 1.328700 vol=179.0000 (n=12)
16:13:17 backend.server.scalp_bot.scalp_runtime     INFO | ScalpRuntime XRP_USD: candle close=1.328700 ema_f=1.327300 ema_s=0.000000 rsi=50.0 atr=0.000000 vwap=1.326769 vol_ok=True ready=False
16:13:17 backend.server.scalp_bot.coinbase_candle_feed     INFO | CoinbaseCandleFeed XRP_USD: CLOSED @ 1.328300 vol=280.0000 (n=13)
16:13:17 backend.server.scalp_bot.scalp_runtime     INFO | ScalpRuntime XRP_USD: candle close=1.328300 ema_f=1.327500 ema_s=0.000000 rsi=50.0 atr=0.000000 vwap=1.327038 vol_ok=True ready=False
16:13:17 backend.server.scalp_bot.coinbase_candle_feed     INFO | CoinbaseCandleFeed XRP_USD: CLOSED @ 1.328200 vol=210.0000 (n=14)
16:13:17 backend.server.scalp_bot.scalp_runtime     INFO | ScalpRuntime XRP_USD: candle close=1.328200 ema_f=1.327700 ema_s=0.000000 rsi=50.0 atr=0.000000 vwap=1.327140 vol_ok=True ready=False
16:13:17 backend.server.scalp_bot.coinbase_candle_feed     INFO | CoinbaseCandleFeed XRP_USD: CLOSED @ 1.327400 vol=13.0000 (n=15)
16:13:17 backend.server.scalp_bot.scalp_runtime     INFO | ScalpRuntime XRP_USD: candle close=1.327400 ema_f=1.327600 ema_s=0.000000 rsi=51.3 atr=0.001300 vwap=1.327142 vol_ok=False ready=False
16:13:17 backend.server.scalp_bot.coinbase_candle_feed     INFO | CoinbaseCandleFeed XRP_USD: CLOSED @ 1.325500 vol=675.0000 (n=16)
16:13:17 backend.server.scalp_bot.scalp_runtime     INFO | ScalpRuntime XRP_USD: candle close=1.325500 ema_f=1.327100 ema_s=0.000000 rsi=43.5 atr=0.001400 vwap=1.326784 vol_ok=True ready=False
16:13:17 backend.server.scalp_bot.coinbase_candle_feed     INFO | CoinbaseCandleFeed XRP_USD: CLOSED @ 1.327600 vol=416.0000 (n=17)
16:13:17 backend.server.scalp_bot.scalp_runtime     INFO | ScalpRuntime XRP_USD: candle close=1.327600 ema_f=1.327200 ema_s=0.000000 rsi=52.2 atr=0.001500 vwap=1.326848 vol_ok=True ready=False
16:13:17 backend.server.scalp_bot.coinbase_candle_feed     INFO | CoinbaseCandleFeed XRP_USD: CLOSED @ 1.325800 vol=86.0000 (n=18)
16:13:17 backend.server.scalp_bot.scalp_runtime     INFO | ScalpRuntime XRP_USD: candle close=1.325800 ema_f=1.326900 ema_s=0.000000 rsi=45.7 atr=0.001500 vwap=1.326829 vol_ok=False ready=False
16:13:17 backend.server.scalp_bot.coinbase_candle_feed     INFO | CoinbaseCandleFeed XRP_USD: CLOSED @ 1.324800 vol=422.0000 (n=19)
16:13:17 backend.server.scalp_bot.scalp_runtime     INFO | ScalpRuntime XRP_USD: candle close=1.324800 ema_f=1.326400 ema_s=0.000000 rsi=42.5 atr=0.001500 vwap=1.326602 vol_ok=True ready=False
16:13:17 backend.server.scalp_bot.coinbase_candle_feed     INFO | CoinbaseCandleFeed XRP_USD: CLOSED @ 1.326900 vol=198.0000 (n=20)
16:13:17 backend.server.scalp_bot.scalp_runtime     INFO | ScalpRuntime XRP_USD: candle close=1.326900 ema_f=1.326500 ema_s=0.000000 rsi=50.3 atr=0.001600 vwap=1.326576 vol_ok=False ready=False
16:13:17 backend.server.scalp_bot.coinbase_candle_feed     INFO | CoinbaseCandleFeed XRP_USD: CLOSED @ 1.326200 vol=249.0000 (n=21)
16:13:17 backend.server.scalp_bot.scalp_runtime     INFO | ScalpRuntime XRP_USD: candle close=1.326200 ema_f=1.326400 ema_s=1.326800 rsi=48.0 atr=0.001600 vwap=1.326554 vol_ok=False ready=False
16:13:17 backend.server.scalp_bot.coinbase_candle_feed     INFO | CoinbaseCandleFeed XRP_USD: CLOSED @ 1.325400 vol=29.0000 (n=22)
16:13:17 backend.server.scalp_bot.scalp_runtime     INFO | ScalpRuntime XRP_USD: candle close=1.325400 ema_f=1.326200 ema_s=1.326700 rsi=45.4 atr=0.001600 vwap=1.326549 vol_ok=False ready=False
16:13:17 backend.server.scalp_bot.coinbase_candle_feed     INFO | CoinbaseCandleFeed XRP_USD: CLOSED @ 1.328900 vol=40.0000 (n=23)
16:13:17 backend.server.scalp_bot.scalp_runtime     INFO | ScalpRuntime XRP_USD: candle close=1.328900 ema_f=1.326800 ema_s=1.326900 rsi=56.5 atr=0.001700 vwap=1.326568 vol_ok=False ready=False
16:13:17 backend.server.scalp_bot.coinbase_candle_feed     INFO | CoinbaseCandleFeed XRP_USD: CLOSED @ 1.334400 vol=397.0000 (n=24)
16:13:17 backend.server.scalp_bot.scalp_runtime     INFO | ScalpRuntime XRP_USD: candle close=1.334400 ema_f=1.328500 ema_s=1.327600 rsi=67.6 atr=0.002000 vwap=1.327150 vol_ok=True ready=False
16:13:17 backend.server.scalp_bot.coinbase_candle_feed     INFO | CoinbaseCandleFeed XRP_USD: CLOSED @ 1.333500 vol=742.0000 (n=25)
16:13:17 backend.server.scalp_bot.scalp_runtime     INFO | ScalpRuntime XRP_USD: candle close=1.333500 ema_f=1.329600 ema_s=1.328100 rsi=64.7 atr=0.002000 vwap=1.328034 vol_ok=True ready=False
16:13:17 backend.server.scalp_bot.coinbase_candle_feed     INFO | CoinbaseCandleFeed XRP_USD: CLOSED @ 1.332900 vol=145.0000 (n=26)
16:13:17 backend.server.scalp_bot.scalp_runtime     INFO | ScalpRuntime XRP_USD: candle close=1.332900 ema_f=1.330300 ema_s=1.328500 rsi=62.7 atr=0.002000 vwap=1.328165 vol_ok=False ready=False
16:13:17 backend.server.scalp_bot.coinbase_candle_feed     INFO | CoinbaseCandleFeed XRP_USD: CLOSED @ 1.332000 vol=50.0000 (n=27)
16:13:17 backend.server.scalp_bot.scalp_runtime     INFO | ScalpRuntime XRP_USD: candle close=1.332000 ema_f=1.330700 ema_s=1.328800 rsi=59.8 atr=0.002000 vwap=1.328204 vol_ok=False ready=False
16:13:17 backend.server.scalp_bot.coinbase_candle_feed     INFO | CoinbaseCandleFeed XRP_USD: CLOSED @ 1.333800 vol=766.0000 (n=28)
16:13:17 backend.server.scalp_bot.scalp_runtime     INFO | ScalpRuntime XRP_USD: candle close=1.333800 ema_f=1.331400 ema_s=1.329300 rsi=63.5 atr=0.002100 vwap=1.328902 vol_ok=True ready=False
16:13:17 backend.server.scalp_bot.coinbase_candle_feed     INFO | CoinbaseCandleFeed XRP_USD: CLOSED @ 1.334400 vol=57.0000 (n=29)
16:13:17 backend.server.scalp_bot.scalp_runtime     INFO | ScalpRuntime XRP_USD: candle close=1.334400 ema_f=1.332100 ema_s=1.329800 rsi=64.6 atr=0.002100 vwap=1.328947 vol_ok=False ready=False
16:13:17 backend.server.scalp_bot.coinbase_candle_feed     INFO | CoinbaseCandleFeed XRP_USD: CLOSED @ 1.334100 vol=136.0000 (n=30)
16:13:17 backend.server.scalp_bot.scalp_runtime     INFO | ScalpRuntime XRP_USD: candle close=1.334100 ema_f=1.332500 ema_s=1.330200 rsi=63.6 atr=0.002000 vwap=1.329060 vol_ok=False ready=True
16:13:17 backend.server.scalp_bot.coinbase_candle_feed     INFO | CoinbaseCandleFeed XRP_USD: CLOSED @ 1.333700 vol=920.0000 (n=31)
16:13:17 backend.server.scalp_bot.scalp_runtime     INFO | ScalpRuntime XRP_USD: candle close=1.333700 ema_f=1.332800 ema_s=1.330500 rsi=62.1 atr=0.002100 vwap=1.329633 vol_ok=True ready=True
16:13:17 backend.server.scalp_bot.coinbase_candle_feed     INFO | CoinbaseCandleFeed XRP_USD: CLOSED @ 1.332300 vol=211.0000 (n=32)
16:13:17 backend.server.scalp_bot.scalp_runtime     INFO | ScalpRuntime XRP_USD: candle close=1.332300 ema_f=1.332700 ema_s=1.330700 rsi=57.0 atr=0.002100 vwap=1.329710 vol_ok=False ready=True
16:13:17 backend.server.scalp_bot.coinbase_candle_feed     INFO | CoinbaseCandleFeed XRP_USD: CLOSED @ 1.329500 vol=273.0000 (n=33)
16:13:17 backend.server.scalp_bot.scalp_runtime     INFO | ScalpRuntime XRP_USD: candle close=1.329500 ema_f=1.332000 ema_s=1.330600 rsi=48.6 atr=0.002200 vwap=1.329725 vol_ok=False ready=True
16:13:17 backend.server.scalp_bot.coinbase_candle_feed     INFO | CoinbaseCandleFeed XRP_USD: CLOSED @ 1.340800 vol=1551.0000 (n=34)
16:13:17 backend.server.scalp_bot.scalp_runtime     INFO | ScalpRuntime XRP_USD: candle close=1.340800 ema_f=1.334000 ema_s=1.331500 rsi=68.7 atr=0.002900 vwap=1.330905 vol_ok=True ready=True
16:13:17 backend.server.scalp_bot.coinbase_candle_feed     INFO | CoinbaseCandleFeed XRP_USD: CLOSED @ 1.338500 vol=1756.0000 (n=35)
16:13:17 backend.server.scalp_bot.scalp_runtime     INFO | ScalpRuntime XRP_USD: candle close=1.338500 ema_f=1.335000 ema_s=1.332100 rsi=63.3 atr=0.003200 vwap=1.332163 vol_ok=True ready=True
16:13:17 backend.server.scalp_bot.coinbase_candle_feed     INFO | CoinbaseCandleFeed XRP_USD: CLOSED @ 1.340900 vol=468.0000 (n=36)
16:13:17 backend.server.scalp_bot.scalp_runtime     INFO | ScalpRuntime XRP_USD: candle close=1.340900 ema_f=1.336300 ema_s=1.332900 rsi=66.3 atr=0.003200 vwap=1.332483 vol_ok=False ready=True
16:13:17 backend.server.scalp_bot.coinbase_candle_feed     INFO | CoinbaseCandleFeed XRP_USD: CLOSED @ 1.338700 vol=144.0000 (n=37)
16:13:17 backend.server.scalp_bot.scalp_runtime     INFO | ScalpRuntime XRP_USD: candle close=1.338700 ema_f=1.336800 ema_s=1.333400 rsi=61.4 atr=0.003300 vwap=1.332571 vol_ok=False ready=True
16:13:17 backend.server.scalp_bot.coinbase_candle_feed     INFO | CoinbaseCandleFeed XRP_USD: CLOSED @ 1.336900 vol=228.0000 (n=38)
16:13:17 backend.server.scalp_bot.scalp_runtime     INFO | ScalpRuntime XRP_USD: candle close=1.336900 ema_f=1.336800 ema_s=1.333700 rsi=57.6 atr=0.003300 vwap=1.332662 vol_ok=False ready=True
16:13:17 backend.server.scalp_bot.coinbase_candle_feed     INFO | CoinbaseCandleFeed XRP_USD: CLOSED @ 1.338600 vol=439.0000 (n=39)
16:13:17 backend.server.scalp_bot.scalp_runtime     INFO | ScalpRuntime XRP_USD: candle close=1.338600 ema_f=1.337200 ema_s=1.334100 rsi=60.1 atr=0.003300 vwap=1.332861 vol_ok=False ready=True
16:13:17 backend.server.scalp_bot.coinbase_candle_feed     INFO | CoinbaseCandleFeed XRP_USD: CLOSED @ 1.336700 vol=111.0000 (n=40)
16:13:17 backend.server.scalp_bot.scalp_runtime     INFO | ScalpRuntime XRP_USD: candle close=1.336700 ema_f=1.337100 ema_s=1.334300 rsi=56.1 atr=0.003200 vwap=1.332894 vol_ok=False ready=True
16:13:17 backend.server.scalp_bot.coinbase_candle_feed     INFO | CoinbaseCandleFeed XRP_USD: CLOSED @ 1.342000 vol=470.0000 (n=41)
16:13:17 backend.server.scalp_bot.scalp_runtime     INFO | ScalpRuntime XRP_USD: candle close=1.342000 ema_f=1.338200 ema_s=1.335000 rsi=63.4 atr=0.003400 vwap=1.333163 vol_ok=False ready=True
16:13:17 backend.server.scalp_bot.coinbase_candle_feed     INFO | CoinbaseCandleFeed XRP_USD: CLOSED @ 1.341100 vol=429.0000 (n=42)
16:13:17 backend.server.scalp_bot.scalp_runtime     INFO | ScalpRuntime XRP_USD: candle close=1.341100 ema_f=1.338800 ema_s=1.335600 rsi=61.5 atr=0.003300 vwap=1.333415 vol_ok=False ready=True
16:13:17 backend.server.scalp_bot.coinbase_candle_feed     INFO | CoinbaseCandleFeed XRP_USD: CLOSED @ 1.343700 vol=791.0000 (n=43)
16:13:17 backend.server.scalp_bot.scalp_runtime     INFO | ScalpRuntime XRP_USD: candle close=1.343700 ema_f=1.339900 ema_s=1.336300 rsi=64.7 atr=0.003400 vwap=1.333912 vol_ok=True ready=True
16:13:17 backend.server.scalp_bot.coinbase_candle_feed     INFO | CoinbaseCandleFeed XRP_USD: CLOSED @ 1.341300 vol=766.0000 (n=44)
16:13:17 backend.server.scalp_bot.scalp_runtime     INFO | ScalpRuntime XRP_USD: candle close=1.341300 ema_f=1.340200 ema_s=1.336800 rsi=59.8 atr=0.003400 vwap=1.334354 vol_ok=False ready=True
16:13:17 backend.server.scalp_bot.coinbase_candle_feed     INFO | CoinbaseCandleFeed XRP_USD: CLOSED @ 1.342700 vol=1003.0000 (n=45)
16:13:17 backend.server.scalp_bot.scalp_runtime     INFO | ScalpRuntime XRP_USD: candle close=1.342700 ema_f=1.340800 ema_s=1.337300 rsi=61.6 atr=0.003300 vwap=1.334845 vol_ok=True ready=True
16:13:17 backend.server.scalp_bot.coinbase_candle_feed     INFO | CoinbaseCandleFeed XRP_USD: CLOSED @ 1.347000 vol=1040.0000 (n=46)
16:13:17 backend.server.scalp_bot.scalp_runtime     INFO | ScalpRuntime XRP_USD: candle close=1.347000 ema_f=1.342200 ema_s=1.338200 rsi=66.7 atr=0.003500 vwap=1.335498 vol_ok=True ready=True
16:13:17 backend.server.scalp_bot.coinbase_candle_feed     INFO | CoinbaseCandleFeed XRP_USD: CLOSED @ 1.342200 vol=472.0000 (n=47)
16:13:17 backend.server.scalp_bot.scalp_runtime     INFO | ScalpRuntime XRP_USD: candle close=1.342200 ema_f=1.342200 ema_s=1.338600 rsi=57.5 atr=0.003600 vwap=1.335728 vol_ok=False ready=True
16:13:17 backend.server.scalp_bot.coinbase_candle_feed     INFO | CoinbaseCandleFeed XRP_USD: CLOSED @ 1.340100 vol=136.0000 (n=48)
16:13:17 backend.server.scalp_bot.scalp_runtime     INFO | ScalpRuntime XRP_USD: candle close=1.340100 ema_f=1.341700 ema_s=1.338700 rsi=54.0 atr=0.003500 vwap=1.335765 vol_ok=False ready=True
16:13:17 backend.server.scalp_bot.coinbase_candle_feed     INFO | CoinbaseCandleFeed XRP_USD: CLOSED @ 1.339600 vol=1042.0000 (n=49)
16:13:17 backend.server.scalp_bot.scalp_runtime     INFO | ScalpRuntime XRP_USD: candle close=1.339600 ema_f=1.341200 ema_s=1.338800 rsi=53.2 atr=0.003400 vwap=1.335979 vol_ok=True ready=True
16:13:17 backend.server.scalp_bot.coinbase_candle_feed     INFO | CoinbaseCandleFeed XRP_USD: CLOSED @ 1.338200 vol=1124.0000 (n=50)
16:13:17 backend.server.scalp_bot.scalp_runtime     INFO | ScalpRuntime XRP_USD: candle close=1.338200 ema_f=1.340500 ema_s=1.338700 rsi=50.8 atr=0.003300 vwap=1.336136 vol_ok=True ready=True
16:13:17 backend.server.scalp_bot.coinbase_candle_feed     INFO | CoinbaseCandleFeed XRP_USD: CLOSED @ 1.337900 vol=490.0000 (n=51)
16:13:17 backend.server.scalp_bot.scalp_runtime     INFO | ScalpRuntime XRP_USD: candle close=1.337900 ema_f=1.339900 ema_s=1.338600 rsi=50.3 atr=0.003200 vwap=1.336180 vol_ok=False ready=True
16:13:17 backend.server.scalp_bot.coinbase_candle_feed     INFO | CoinbaseCandleFeed XRP_USD: CLOSED @ 1.334200 vol=872.0000 (n=52)
16:13:17 backend.server.scalp_bot.scalp_runtime     INFO | ScalpRuntime XRP_USD: candle close=1.334200 ema_f=1.338600 ema_s=1.338200 rsi=44.4 atr=0.003400 vwap=1.336081 vol_ok=False ready=True
16:13:17 backend.server.scalp_bot.coinbase_candle_feed     INFO | CoinbaseCandleFeed XRP_USD: CLOSED @ 1.333600 vol=223.0000 (n=53)
16:13:17 backend.server.scalp_bot.scalp_runtime     INFO | ScalpRuntime XRP_USD: candle close=1.333600 ema_f=1.337500 ema_s=1.337800 rsi=43.5 atr=0.003300 vwap=1.336056 vol_ok=False ready=True
16:13:17 backend.server.scalp_bot.coinbase_candle_feed     INFO | CoinbaseCandleFeed XRP_USD: CLOSED @ 1.333700 vol=187.0000 (n=54)
16:13:17 backend.server.scalp_bot.scalp_runtime     INFO | ScalpRuntime XRP_USD: candle close=1.333700 ema_f=1.336700 ema_s=1.337400 rsi=43.7 atr=0.003200 vwap=1.336035 vol_ok=False ready=True
16:13:17 backend.server.scalp_bot.coinbase_candle_feed     INFO | CoinbaseCandleFeed XRP_USD: CLOSED @ 1.333800 vol=63.0000 (n=55)
16:13:17 backend.server.scalp_bot.scalp_runtime     INFO | ScalpRuntime XRP_USD: candle close=1.333800 ema_f=1.336100 ema_s=1.337100 rsi=43.9 atr=0.003100 vwap=1.336027 vol_ok=False ready=True
16:13:17 backend.server.scalp_bot.coinbase_candle_feed     INFO | CoinbaseCandleFeed XRP_USD: CLOSED @ 1.335500 vol=159.0000 (n=56)
16:13:17 backend.server.scalp_bot.scalp_runtime     INFO | ScalpRuntime XRP_USD: candle close=1.335500 ema_f=1.336000 ema_s=1.337000 rsi=47.6 atr=0.003000 vwap=1.336020 vol_ok=False ready=True
16:13:17 backend.server.scalp_bot.coinbase_candle_feed     INFO | CoinbaseCandleFeed XRP_USD: CLOSED @ 1.333200 vol=120.0000 (n=57)
16:13:17 backend.server.scalp_bot.scalp_runtime     INFO | ScalpRuntime XRP_USD: candle close=1.333200 ema_f=1.335400 ema_s=1.336700 rsi=43.4 atr=0.003000 vwap=1.336008 vol_ok=False ready=True
16:13:17 backend.server.scalp_bot.coinbase_candle_feed     INFO | CoinbaseCandleFeed XRP_USD: CLOSED @ 1.335300 vol=1005.0000 (n=58)
16:13:18 backend.server.scalp_bot.scalp_runtime     INFO | ScalpRuntime XRP_USD: candle close=1.335300 ema_f=1.335400 ema_s=1.336600 rsi=47.9 atr=0.003100 vwap=1.335909 vol_ok=True ready=True
16:13:18 backend.server.scalp_bot.coinbase_candle_feed     INFO | CoinbaseCandleFeed XRP_USD: CLOSED @ 1.336600 vol=93.0000 (n=59)
16:13:18 backend.server.scalp_bot.scalp_runtime     INFO | ScalpRuntime XRP_USD: candle close=1.336600 ema_f=1.335700 ema_s=1.336600 rsi=50.6 atr=0.003000 vwap=1.335911 vol_ok=False ready=True
16:13:18 backend.server.scalp_bot.coinbase_candle_feed     INFO | CoinbaseCandleFeed XRP_USD: CLOSED @ 1.338200 vol=144.0000 (n=60)
16:13:18 backend.server.scalp_bot.scalp_runtime     INFO | ScalpRuntime XRP_USD: candle close=1.338200 ema_f=1.336300 ema_s=1.336700 rsi=53.7 atr=0.003000 vwap=1.335919 vol_ok=False ready=True
16:13:18 backend.server.scalp_bot.coinbase_candle_feed     INFO | CoinbaseCandleFeed XRP_USD: CLOSED @ 1.341200 vol=204.0000 (n=61)
16:13:18 backend.server.scalp_bot.scalp_runtime     INFO | ScalpRuntime XRP_USD: candle close=1.341200 ema_f=1.337400 ema_s=1.337100 rsi=58.9 atr=0.003000 vwap=1.335957 vol_ok=False ready=True
16:13:18 backend.server.scalp_bot.coinbase_candle_feed     INFO | CoinbaseCandleFeed XRP_USD: CLOSED @ 1.339900 vol=1025.0000 (n=62)
16:13:18 backend.server.scalp_bot.scalp_runtime     INFO | ScalpRuntime XRP_USD: candle close=1.339900 ema_f=1.338000 ema_s=1.337400 rsi=55.9 atr=0.003000 vwap=1.336159 vol_ok=True ready=True
16:13:18 backend.server.scalp_bot.coinbase_candle_feed     INFO | CoinbaseCandleFeed XRP_USD: CLOSED @ 1.341600 vol=460.0000 (n=63)
16:13:18 backend.server.scalp_bot.scalp_runtime     INFO | ScalpRuntime XRP_USD: candle close=1.341600 ema_f=1.338800 ema_s=1.337800 rsi=58.8 atr=0.002900 vwap=1.336253 vol_ok=False ready=True
16:13:18 backend.server.scalp_bot.coinbase_candle_feed     INFO | CoinbaseCandleFeed XRP_USD: CLOSED @ 1.342100 vol=855.0000 (n=64)
16:13:18 backend.server.scalp_bot.scalp_runtime     INFO | ScalpRuntime XRP_USD: candle close=1.342100 ema_f=1.339500 ema_s=1.338200 rsi=59.7 atr=0.002900 vwap=1.336438 vol_ok=True ready=True
16:13:18 backend.server.scalp_bot.coinbase_candle_feed     INFO | CoinbaseCandleFeed XRP_USD: CLOSED @ 1.339200 vol=643.0000 (n=65)
16:13:18 backend.server.scalp_bot.scalp_runtime     INFO | ScalpRuntime XRP_USD: candle close=1.339200 ema_f=1.339400 ema_s=1.338300 rsi=52.9 atr=0.003000 vwap=1.336529 vol_ok=False ready=True
16:13:18 backend.server.scalp_bot.coinbase_candle_feed     INFO | CoinbaseCandleFeed XRP_USD: CLOSED @ 1.340900 vol=21.0000 (n=66)
16:13:18 backend.server.scalp_bot.scalp_runtime     INFO | ScalpRuntime XRP_USD: candle close=1.340900 ema_f=1.339700 ema_s=1.338500 rsi=56.1 atr=0.002900 vwap=1.336532 vol_ok=False ready=True
16:13:18 backend.server.scalp_bot.coinbase_candle_feed     INFO | CoinbaseCandleFeed XRP_USD: CLOSED @ 1.339900 vol=139.0000 (n=67)
16:13:18 backend.server.scalp_bot.scalp_runtime     INFO | ScalpRuntime XRP_USD: candle close=1.339900 ema_f=1.339700 ema_s=1.338600 rsi=53.8 atr=0.002900 vwap=1.336546 vol_ok=False ready=True
16:13:18 backend.server.scalp_bot.coinbase_candle_feed     INFO | CoinbaseCandleFeed XRP_USD: CLOSED @ 1.339800 vol=756.0000 (n=68)
16:13:18 backend.server.scalp_bot.scalp_runtime     INFO | ScalpRuntime XRP_USD: candle close=1.339800 ema_f=1.339700 ema_s=1.338700 rsi=53.6 atr=0.002900 vwap=1.336664 vol_ok=True ready=True
16:13:18 backend.server.scalp_bot.coinbase_candle_feed     INFO | CoinbaseCandleFeed XRP_USD: CLOSED @ 1.339500 vol=176.0000 (n=69)
16:13:18 backend.server.scalp_bot.scalp_runtime     INFO | ScalpRuntime XRP_USD: candle close=1.339500 ema_f=1.339700 ema_s=1.338800 rsi=52.8 atr=0.002800 vwap=1.336685 vol_ok=False ready=True
16:13:18 backend.server.scalp_bot.coinbase_candle_feed     INFO | CoinbaseCandleFeed XRP_USD: CLOSED @ 1.341700 vol=199.0000 (n=70)
16:13:18 backend.server.scalp_bot.scalp_runtime     INFO | ScalpRuntime XRP_USD: candle close=1.341700 ema_f=1.340100 ema_s=1.339100 rsi=57.5 atr=0.002800 vwap=1.336719 vol_ok=False ready=True
16:13:18 backend.server.scalp_bot.coinbase_candle_feed     INFO | CoinbaseCandleFeed XRP_USD: CLOSED @ 1.344000 vol=709.0000 (n=71)
16:13:18 backend.server.scalp_bot.scalp_runtime     INFO | ScalpRuntime XRP_USD: candle close=1.344000 ema_f=1.341000 ema_s=1.339500 rsi=61.7 atr=0.002900 vwap=1.336915 vol_ok=True ready=True
16:13:18 backend.server.scalp_bot.coinbase_candle_feed     INFO | CoinbaseCandleFeed XRP_USD: CLOSED @ 1.343200 vol=275.0000 (n=72)
16:13:18 backend.server.scalp_bot.scalp_runtime     INFO | ScalpRuntime XRP_USD: candle close=1.343200 ema_f=1.341500 ema_s=1.339800 rsi=59.5 atr=0.002800 vwap=1.336975 vol_ok=False ready=True
16:13:18 backend.server.scalp_bot.coinbase_candle_feed     INFO | CoinbaseCandleFeed XRP_USD: CLOSED @ 1.343500 vol=58.0000 (n=73)
16:13:18 backend.server.scalp_bot.scalp_runtime     INFO | ScalpRuntime XRP_USD: candle close=1.343500 ema_f=1.341900 ema_s=1.340100 rsi=60.1 atr=0.002700 vwap=1.336988 vol_ok=False ready=True
16:13:18 backend.server.scalp_bot.coinbase_candle_feed     INFO | CoinbaseCandleFeed XRP_USD: CLOSED @ 1.342300 vol=284.0000 (n=74)
16:13:18 backend.server.scalp_bot.scalp_runtime     INFO | ScalpRuntime XRP_USD: candle close=1.342300 ema_f=1.342000 ema_s=1.340300 rsi=56.6 atr=0.002700 vwap=1.337050 vol_ok=False ready=True
16:13:18 backend.server.scalp_bot.coinbase_candle_feed     INFO | CoinbaseCandleFeed XRP_USD: CLOSED @ 1.340400 vol=979.0000 (n=75)
16:13:18 backend.server.scalp_bot.scalp_runtime     INFO | ScalpRuntime XRP_USD: candle close=1.340400 ema_f=1.341600 ema_s=1.340300 rsi=51.5 atr=0.002800 vwap=1.337171 vol_ok=True ready=True
16:13:18 backend.server.scalp_bot.coinbase_candle_feed     INFO | CoinbaseCandleFeed XRP_USD: CLOSED @ 1.339000 vol=286.0000 (n=76)
16:13:18 backend.server.scalp_bot.scalp_runtime     INFO | ScalpRuntime XRP_USD: candle close=1.339000 ema_f=1.341000 ema_s=1.340200 rsi=48.0 atr=0.002700 vwap=1.337189 vol_ok=False ready=True
16:13:18 backend.server.scalp_bot.coinbase_candle_feed     INFO | CoinbaseCandleFeed XRP_USD: CLOSED @ 1.338900 vol=219.0000 (n=77)
16:13:18 backend.server.scalp_bot.scalp_runtime     INFO | ScalpRuntime XRP_USD: candle close=1.338900 ema_f=1.340500 ema_s=1.340100 rsi=47.8 atr=0.002600 vwap=1.337199 vol_ok=False ready=True
16:13:18 backend.server.scalp_bot.coinbase_candle_feed     INFO | CoinbaseCandleFeed XRP_USD: CLOSED @ 1.338600 vol=89.0000 (n=78)
16:13:18 backend.server.scalp_bot.scalp_runtime     INFO | ScalpRuntime XRP_USD: candle close=1.338600 ema_f=1.340100 ema_s=1.340000 rsi=47.0 atr=0.002500 vwap=1.337202 vol_ok=False ready=True
16:13:18 backend.server.scalp_bot.coinbase_candle_feed     INFO | CoinbaseCandleFeed XRP_USD: CLOSED @ 1.338500 vol=79.0000 (n=79)
16:13:18 backend.server.scalp_bot.scalp_runtime     INFO | ScalpRuntime XRP_USD: candle close=1.338500 ema_f=1.339700 ema_s=1.339900 rsi=46.7 atr=0.002400 vwap=1.337204 vol_ok=False ready=True
16:13:18 backend.server.scalp_bot.coinbase_candle_feed     INFO | CoinbaseCandleFeed XRP_USD: CLOSED @ 1.336300 vol=432.0000 (n=80)
16:13:18 backend.server.scalp_bot.scalp_runtime     INFO | ScalpRuntime XRP_USD: candle close=1.336300 ema_f=1.338900 ema_s=1.339600 rsi=41.1 atr=0.002500 vwap=1.337207 vol_ok=False ready=True
16:13:18 backend.server.scalp_bot.coinbase_candle_feed     INFO | CoinbaseCandleFeed XRP_USD: CLOSED @ 1.335900 vol=223.0000 (n=81)
16:13:18 backend.server.scalp_bot.scalp_runtime     INFO | ScalpRuntime XRP_USD: candle close=1.335900 ema_f=1.338200 ema_s=1.339300 rsi=40.1 atr=0.002400 vwap=1.337199 vol_ok=False ready=True
16:13:18 backend.server.scalp_bot.coinbase_candle_feed     INFO | CoinbaseCandleFeed XRP_USD: CLOSED @ 1.338400 vol=162.0000 (n=82)
16:13:18 backend.server.scalp_bot.scalp_runtime     INFO | ScalpRuntime XRP_USD: candle close=1.338400 ema_f=1.338200 ema_s=1.339200 rsi=48.2 atr=0.002400 vwap=1.337202 vol_ok=False ready=True
16:13:18 backend.server.scalp_bot.coinbase_candle_feed     INFO | CoinbaseCandleFeed XRP_USD: CLOSED @ 1.339300 vol=104.0000 (n=83)
16:13:18 backend.server.scalp_bot.scalp_runtime     INFO | ScalpRuntime XRP_USD: candle close=1.339300 ema_f=1.338400 ema_s=1.339200 rsi=50.8 atr=0.002300 vwap=1.337208 vol_ok=False ready=True
16:13:18 backend.server.scalp_bot.coinbase_candle_feed     INFO | CoinbaseCandleFeed XRP_USD: CLOSED @ 1.341000 vol=496.0000 (n=84)
16:13:18 backend.server.scalp_bot.scalp_runtime     INFO | ScalpRuntime XRP_USD: candle close=1.341000 ema_f=1.339000 ema_s=1.339400 rsi=55.3 atr=0.002300 vwap=1.337267 vol_ok=True ready=True
16:13:18 backend.server.scalp_bot.coinbase_candle_feed     INFO | CoinbaseCandleFeed XRP_USD: CLOSED @ 1.340200 vol=149.0000 (n=85)
16:13:18 backend.server.scalp_bot.scalp_runtime     INFO | ScalpRuntime XRP_USD: candle close=1.340200 ema_f=1.339300 ema_s=1.339500 rsi=52.8 atr=0.002300 vwap=1.337279 vol_ok=False ready=True
16:13:18 backend.server.scalp_bot.coinbase_candle_feed     INFO | CoinbaseCandleFeed XRP_USD: CLOSED @ 1.341300 vol=172.0000 (n=86)
16:13:18 backend.server.scalp_bot.scalp_runtime     INFO | ScalpRuntime XRP_USD: candle close=1.341300 ema_f=1.339700 ema_s=1.339700 rsi=55.7 atr=0.002300 vwap=1.337301 vol_ok=False ready=True
16:13:18 backend.server.scalp_bot.coinbase_candle_feed     INFO | CoinbaseCandleFeed XRP_USD: CLOSED @ 1.340800 vol=638.0000 (n=87)
16:13:18 backend.server.scalp_bot.scalp_runtime     INFO | ScalpRuntime XRP_USD: candle close=1.340800 ema_f=1.339900 ema_s=1.339800 rsi=54.1 atr=0.002200 vwap=1.337374 vol_ok=True ready=True
16:13:18 backend.server.scalp_bot.coinbase_candle_feed     INFO | CoinbaseCandleFeed XRP_USD: CLOSED @ 1.340700 vol=81.0000 (n=88)
16:13:18 backend.server.scalp_bot.scalp_runtime     INFO | ScalpRuntime XRP_USD: candle close=1.340700 ema_f=1.340100 ema_s=1.339900 rsi=53.8 atr=0.002100 vwap=1.337382 vol_ok=False ready=True
16:13:18 backend.server.scalp_bot.coinbase_candle_feed     INFO | CoinbaseCandleFeed XRP_USD: CLOSED @ 1.343300 vol=683.0000 (n=89)
16:13:18 backend.server.scalp_bot.scalp_runtime     INFO | ScalpRuntime XRP_USD: candle close=1.343300 ema_f=1.340800 ema_s=1.340200 rsi=60.7 atr=0.002300 vwap=1.337495 vol_ok=True ready=True
16:13:18 backend.server.scalp_bot.coinbase_candle_feed     INFO | CoinbaseCandleFeed XRP_USD: CLOSED @ 1.345700 vol=746.0000 (n=90)
16:13:18 backend.server.scalp_bot.scalp_runtime     INFO | ScalpRuntime XRP_USD: candle close=1.345700 ema_f=1.341900 ema_s=1.340700 rsi=65.8 atr=0.002400 vwap=1.337666 vol_ok=True ready=True
16:13:18 backend.server.scalp_bot.coinbase_candle_feed     INFO | CoinbaseCandleFeed XRP_USD: CLOSED @ 1.345700 vol=624.0000 (n=91)
16:13:18 backend.server.scalp_bot.scalp_runtime     INFO | ScalpRuntime XRP_USD: candle close=1.345700 ema_f=1.342700 ema_s=1.341200 rsi=65.8 atr=0.002400 vwap=1.337823 vol_ok=True ready=True
16:13:18 backend.server.scalp_bot.coinbase_candle_feed     INFO | CoinbaseCandleFeed XRP_USD: CLOSED @ 1.349600 vol=801.0000 (n=92)
16:13:18 backend.server.scalp_bot.scalp_runtime     INFO | ScalpRuntime XRP_USD: candle close=1.349600 ema_f=1.344200 ema_s=1.342000 rsi=72.5 atr=0.002600 vwap=1.338070 vol_ok=True ready=True
16:13:18 backend.server.scalp_bot.coinbase_candle_feed     INFO | CoinbaseCandleFeed XRP_USD: CLOSED @ 1.349900 vol=908.0000 (n=93)
16:13:18 backend.server.scalp_bot.scalp_runtime     INFO | ScalpRuntime XRP_USD: candle close=1.349900 ema_f=1.345500 ema_s=1.342700 rsi=72.9 atr=0.002700 vwap=1.338339 vol_ok=True ready=True
16:13:18 backend.server.scalp_bot.coinbase_candle_feed     INFO | CoinbaseCandleFeed XRP_USD: CLOSED @ 1.348900 vol=173.0000 (n=94)
16:13:18 backend.server.scalp_bot.scalp_runtime     INFO | ScalpRuntime XRP_USD: candle close=1.348900 ema_f=1.346300 ema_s=1.343300 rsi=69.0 atr=0.002600 vwap=1.338390 vol_ok=False ready=True
16:13:18 backend.server.scalp_bot.coinbase_candle_feed     INFO | CoinbaseCandleFeed XRP_USD: CLOSED @ 1.352500 vol=1012.0000 (n=95)
16:13:18 backend.server.scalp_bot.scalp_runtime     INFO | ScalpRuntime XRP_USD: candle close=1.352500 ema_f=1.347700 ema_s=1.344100 rsi=74.3 atr=0.002800 vwap=1.338749 vol_ok=True ready=True
16:13:18 backend.server.scalp_bot.coinbase_candle_feed     INFO | CoinbaseCandleFeed XRP_USD: CLOSED @ 1.354600 vol=683.0000 (n=96)
16:13:18 backend.server.scalp_bot.scalp_runtime     INFO | ScalpRuntime XRP_USD: candle close=1.354600 ema_f=1.349200 ema_s=1.345100 rsi=76.9 atr=0.002800 vwap=1.339024 vol_ok=True ready=True
16:13:18 backend.server.scalp_bot.coinbase_candle_feed     INFO | CoinbaseCandleFeed XRP_USD: CLOSED @ 1.354500 vol=1076.0000 (n=97)
16:13:18 backend.server.scalp_bot.scalp_runtime     INFO | ScalpRuntime XRP_USD: candle close=1.354500 ema_f=1.350400 ema_s=1.346000 rsi=76.5 atr=0.002800 vwap=1.339461 vol_ok=True ready=True
16:13:18 backend.server.scalp_bot.coinbase_candle_feed     INFO | CoinbaseCandleFeed XRP_USD: CLOSED @ 1.355800 vol=1044.0000 (n=98)
16:13:18 backend.server.scalp_bot.scalp_runtime     INFO | ScalpRuntime XRP_USD: candle close=1.355800 ema_f=1.351600 ema_s=1.346900 rsi=78.0 atr=0.002800 vwap=1.339872 vol_ok=True ready=True
16:13:18 backend.server.scalp_bot.coinbase_candle_feed     INFO | CoinbaseCandleFeed XRP_USD: CLOSED @ 1.355600 vol=263.0000 (n=99)
16:13:18 backend.server.scalp_bot.scalp_runtime     INFO | ScalpRuntime XRP_USD: candle close=1.355600 ema_f=1.352500 ema_s=1.347700 rsi=77.2 atr=0.002700 vwap=1.339971 vol_ok=False ready=True
16:13:19 backend.server.ws_server     INFO | Dashboard client connected from 127.0.0.1 (3 total)
2026-04-13 16:13:19 - coinbase.RESTClient - ERROR - HTTP Error: 403 Client Error: Forbidden {"error":"PERMISSION_DENIED","error_details":"User does not have the correct permissions","message":"User does not have the correct permissions"}
16:13:19 coinbase.RESTClient     ERROR | HTTP Error: 403 Client Error: Forbidden {"error":"PERMISSION_DENIED","error_details":"User does not have the correct permissions","message":"User does not have the correct permissions"}
16:13:19 backend.server.coinbase_order_manager  WARNING | CoinbaseOrderManager: COINBASE_INTX_PORTFOLIO_UUID invalid or list_perps failed — falling back to auto-discovery
Traceback (most recent call last):
  File "C:\Users\daroo\Desktop\Repos\tradingbot-1\backend\server\coinbase_order_manager.py", line 1668, in _discover_intx_portfolio_uuid
    await asyncio.to_thread(lambda: lp(forced))
  File "C:\Python314\Lib\asyncio\threads.py", line 25, in to_thread
    return await loop.run_in_executor(None, func_call)
           ^^^^^^^^^^^^^^^^^^^^^^^^^^^^^^^^^^^^^^^^^^^
  File "C:\Python314\Lib\concurrent\futures\thread.py", line 86, in run
    result = ctx.run(self.task)
  File "C:\Python314\Lib\concurrent\futures\thread.py", line 73, in run
    return fn(*args, **kwargs)
  File "C:\Users\daroo\Desktop\Repos\tradingbot-1\backend\server\coinbase_order_manager.py", line 1668, in <lambda>
    await asyncio.to_thread(lambda: lp(forced))
                                    ~~^^^^^^^^
  File "C:\Users\daroo\AppData\Roaming\Python\Python314\site-packages\coinbase\rest\perpetuals.py", line 92, in list_perps_positions
    return ListPerpetualsPositionsResponse(self.get(endpoint, **kwargs))
                                           ~~~~~~~~^^^^^^^^^^^^^^^^^^^^
  File "C:\Users\daroo\AppData\Roaming\Python\Python314\site-packages\coinbase\rest\rest_base.py", line 101, in get
    return self.prepare_and_send_request(
           ~~~~~~~~~~~~~~~~~~~~~~~~~~~~~^
        "GET", url_path, params, data=None, public=public
        ^^^^^^^^^^^^^^^^^^^^^^^^^^^^^^^^^^^^^^^^^^^^^^^^^
    )
    ^
  File "C:\Users\daroo\AppData\Roaming\Python\Python314\site-packages\coinbase\rest\rest_base.py", line 207, in prepare_and_send_request
    return self.send_request(http_method, url_path, params, headers, data=data)
           ~~~~~~~~~~~~~~~~~^^^^^^^^^^^^^^^^^^^^^^^^^^^^^^^^^^^^^^^^^^^^^^^^^^^
  File "C:\Users\daroo\AppData\Roaming\Python\Python314\site-packages\coinbase\rest\rest_base.py", line 228, in send_request
    handle_exception(response)  # Raise an HTTPError for bad responses
    ~~~~~~~~~~~~~~~~^^^^^^^^^^
  File "C:\Users\daroo\AppData\Roaming\Python\Python314\site-packages\coinbase\rest\rest_base.py", line 47, in handle_exception
    raise HTTPError(http_error_msg, response=response)
requests.exceptions.HTTPError: 403 Client Error: Forbidden {"error":"PERMISSION_DENIED","error_details":"User does not have the correct permissions","message":"User does not have the correct permissions"}
16:13:19 backend.server.scalp_bot.bar_store     INFO | bar_store Coinbase backfill: BIP-20DEC30-CDE/15m page=3 rows=300 new=0 oldest=2026-04-04 10:15
2026-04-13 16:13:19 - coinbase.RESTClient - ERROR - HTTP Error: 403 Client Error: Forbidden {"error":"PERMISSION_DENIED","error_details":"User does not have the correct permissions","message":"User does not have the correct permissions"}
16:13:19 coinbase.RESTClient     ERROR | HTTP Error: 403 Client Error: Forbidden {"error":"PERMISSION_DENIED","error_details":"User does not have the correct permissions","message":"User does not have the correct permissions"}
16:13:19 backend.server.scalp_bot.bar_store     INFO | bar_store Coinbase backfill: BIP-20DEC30-CDE/15m page=4 rows=300 new=0 oldest=2026-04-01 06:15
16:13:20 backend.server.scalp_bot.bar_store     INFO | bar_store Coinbase backfill: BIP-20DEC30-CDE/15m page=5 rows=300 new=0 oldest=2026-03-29 03:15
16:13:20 backend.server.scalp_bot.bar_store     INFO | bar_store Coinbase backfill: BIP-20DEC30-CDE/15m page=6 rows=300 new=0 oldest=2026-03-25 23:15
16:13:21 backend.server.scalp_bot.bar_store     INFO | bar_store Coinbase backfill: BIP-20DEC30-CDE/15m page=7 rows=300 new=0 oldest=2026-03-22 20:15
16:13:21 backend.server.scalp_bot.bar_store     INFO | bar_store Coinbase backfill: BIP-20DEC30-CDE/15m page=8 rows=300 new=0 oldest=2026-03-19 16:15
2026-04-13 16:13:21 - coinbase.RESTClient - ERROR - HTTP Error: 403 Client Error: Forbidden {"error":"PERMISSION_DENIED","error_details":"User does not have the correct permissions","message":"User does not have the correct permissions"}
16:13:21 coinbase.RESTClient     ERROR | HTTP Error: 403 Client Error: Forbidden {"error":"PERMISSION_DENIED","error_details":"User does not have the correct permissions","message":"User does not have the correct permissions"}
16:13:21 backend.server.coinbase_order_manager  WARNING | CoinbaseOrderManager: COINBASE_INTX_PORTFOLIO_UUID invalid or list_perps failed — falling back to auto-discovery
Traceback (most recent call last):
  File "C:\Users\daroo\Desktop\Repos\tradingbot-1\backend\server\coinbase_order_manager.py", line 1668, in _discover_intx_portfolio_uuid
    await asyncio.to_thread(lambda: lp(forced))
  File "C:\Python314\Lib\asyncio\threads.py", line 25, in to_thread
    return await loop.run_in_executor(None, func_call)
           ^^^^^^^^^^^^^^^^^^^^^^^^^^^^^^^^^^^^^^^^^^^
  File "C:\Python314\Lib\concurrent\futures\thread.py", line 86, in run
    result = ctx.run(self.task)
  File "C:\Python314\Lib\concurrent\futures\thread.py", line 73, in run
    return fn(*args, **kwargs)
  File "C:\Users\daroo\Desktop\Repos\tradingbot-1\backend\server\coinbase_order_manager.py", line 1668, in <lambda>
    await asyncio.to_thread(lambda: lp(forced))
                                    ~~^^^^^^^^
  File "C:\Users\daroo\AppData\Roaming\Python\Python314\site-packages\coinbase\rest\perpetuals.py", line 92, in list_perps_positions
    return ListPerpetualsPositionsResponse(self.get(endpoint, **kwargs))
                                           ~~~~~~~~^^^^^^^^^^^^^^^^^^^^
  File "C:\Users\daroo\AppData\Roaming\Python\Python314\site-packages\coinbase\rest\rest_base.py", line 101, in get
    return self.prepare_and_send_request(
           ~~~~~~~~~~~~~~~~~~~~~~~~~~~~~^
        "GET", url_path, params, data=None, public=public
        ^^^^^^^^^^^^^^^^^^^^^^^^^^^^^^^^^^^^^^^^^^^^^^^^^
    )
    ^
  File "C:\Users\daroo\AppData\Roaming\Python\Python314\site-packages\coinbase\rest\rest_base.py", line 207, in prepare_and_send_request
    return self.send_request(http_method, url_path, params, headers, data=data)
           ~~~~~~~~~~~~~~~~~^^^^^^^^^^^^^^^^^^^^^^^^^^^^^^^^^^^^^^^^^^^^^^^^^^^
  File "C:\Users\daroo\AppData\Roaming\Python\Python314\site-packages\coinbase\rest\rest_base.py", line 228, in send_request
    handle_exception(response)  # Raise an HTTPError for bad responses
    ~~~~~~~~~~~~~~~~^^^^^^^^^^
  File "C:\Users\daroo\AppData\Roaming\Python\Python314\site-packages\coinbase\rest\rest_base.py", line 47, in handle_exception
    raise HTTPError(http_error_msg, response=response)
requests.exceptions.HTTPError: 403 Client Error: Forbidden {"error":"PERMISSION_DENIED","error_details":"User does not have the correct permissions","message":"User does not have the correct permissions"}
16:13:22 backend.server.scalp_bot.bar_store     INFO | bar_store Coinbase backfill: BIP-20DEC30-CDE/15m page=9 rows=300 new=0 oldest=2026-03-16 13:15
2026-04-13 16:13:22 - coinbase.RESTClient - ERROR - HTTP Error: 403 Client Error: Forbidden {"error":"PERMISSION_DENIED","error_details":"User does not have the correct permissions","message":"User does not have the correct permissions"}
16:13:22 coinbase.RESTClient     ERROR | HTTP Error: 403 Client Error: Forbidden {"error":"PERMISSION_DENIED","error_details":"User does not have the correct permissions","message":"User does not have the correct permissions"}
16:13:22 backend.server.scalp_bot.bar_store     INFO | bar_store Coinbase backfill: BIP-20DEC30-CDE/15m page=10 rows=72 new=0 oldest=2026-03-15 19:15
16:13:22 backend.server.scalp_bot.bar_store     INFO | bar_store Coinbase backfill: BIP-20DEC30-CDE/15m — wrote 0 new candles
16:13:22 backend.server.scalp_bot.scalp_runtime     INFO | ScalpRuntime: backfill done for BTC_USD — new_rows=0 total_in_store=14256 (hours_needed=697.0)
16:13:22 backend.server.scalp_bot.bar_store     INFO | bar_store: Coinbase REST using API credentials from environment
16:13:23 backend.server.scalp_bot.bar_store     INFO | bar_store Coinbase backfill: SLP-20DEC30-CDE/15m page=1 rows=300 new=0 oldest=2026-04-10 15:15
16:13:23 backend.server.scalp_bot.bar_store     INFO | bar_store Coinbase backfill: SLP-20DEC30-CDE/15m page=2 rows=300 new=0 oldest=2026-04-07 12:15
16:13:23 backend.server.scalp_bot.bar_store     INFO | bar_store Coinbase backfill: SLP-20DEC30-CDE/15m page=3 rows=300 new=0 oldest=2026-04-04 06:45
2026-04-13 16:13:24 - coinbase.RESTClient - ERROR - HTTP Error: 403 Client Error: Forbidden {"error":"PERMISSION_DENIED","error_details":"User does not have the correct permissions","message":"User does not have the correct permissions"}
16:13:24 coinbase.RESTClient     ERROR | HTTP Error: 403 Client Error: Forbidden {"error":"PERMISSION_DENIED","error_details":"User does not have the correct permissions","message":"User does not have the correct permissions"}
16:13:24 backend.server.coinbase_order_manager  WARNING | CoinbaseOrderManager: COINBASE_INTX_PORTFOLIO_UUID invalid or list_perps failed — falling back to auto-discovery
Traceback (most recent call last):
  File "C:\Users\daroo\Desktop\Repos\tradingbot-1\backend\server\coinbase_order_manager.py", line 1668, in _discover_intx_portfolio_uuid
    await asyncio.to_thread(lambda: lp(forced))
  File "C:\Python314\Lib\asyncio\threads.py", line 25, in to_thread
    return await loop.run_in_executor(None, func_call)
           ^^^^^^^^^^^^^^^^^^^^^^^^^^^^^^^^^^^^^^^^^^^
  File "C:\Python314\Lib\concurrent\futures\thread.py", line 86, in run
    result = ctx.run(self.task)
  File "C:\Python314\Lib\concurrent\futures\thread.py", line 73, in run
    return fn(*args, **kwargs)
  File "C:\Users\daroo\Desktop\Repos\tradingbot-1\backend\server\coinbase_order_manager.py", line 1668, in <lambda>
    await asyncio.to_thread(lambda: lp(forced))
                                    ~~^^^^^^^^
  File "C:\Users\daroo\AppData\Roaming\Python\Python314\site-packages\coinbase\rest\perpetuals.py", line 92, in list_perps_positions
    return ListPerpetualsPositionsResponse(self.get(endpoint, **kwargs))
                                           ~~~~~~~~^^^^^^^^^^^^^^^^^^^^
  File "C:\Users\daroo\AppData\Roaming\Python\Python314\site-packages\coinbase\rest\rest_base.py", line 101, in get
    return self.prepare_and_send_request(
           ~~~~~~~~~~~~~~~~~~~~~~~~~~~~~^
        "GET", url_path, params, data=None, public=public
        ^^^^^^^^^^^^^^^^^^^^^^^^^^^^^^^^^^^^^^^^^^^^^^^^^
    )
    ^
  File "C:\Users\daroo\AppData\Roaming\Python\Python314\site-packages\coinbase\rest\rest_base.py", line 207, in prepare_and_send_request
    return self.send_request(http_method, url_path, params, headers, data=data)
           ~~~~~~~~~~~~~~~~~^^^^^^^^^^^^^^^^^^^^^^^^^^^^^^^^^^^^^^^^^^^^^^^^^^^
  File "C:\Users\daroo\AppData\Roaming\Python\Python314\site-packages\coinbase\rest\rest_base.py", line 228, in send_request
    handle_exception(response)  # Raise an HTTPError for bad responses
    ~~~~~~~~~~~~~~~~^^^^^^^^^^
  File "C:\Users\daroo\AppData\Roaming\Python\Python314\site-packages\coinbase\rest\rest_base.py", line 47, in handle_exception
    raise HTTPError(http_error_msg, response=response)
requests.exceptions.HTTPError: 403 Client Error: Forbidden {"error":"PERMISSION_DENIED","error_details":"User does not have the correct permissions","message":"User does not have the correct permissions"}
16:13:24 backend.server.scalp_bot.bar_store     INFO | bar_store Coinbase backfill: SLP-20DEC30-CDE/15m page=4 rows=300 new=0 oldest=2026-04-01 01:45
2026-04-13 16:13:24 - coinbase.RESTClient - ERROR - HTTP Error: 403 Client Error: Forbidden {"error":"PERMISSION_DENIED","error_details":"User does not have the correct permissions","message":"User does not have the correct permissions"}
16:13:24 coinbase.RESTClient     ERROR | HTTP Error: 403 Client Error: Forbidden {"error":"PERMISSION_DENIED","error_details":"User does not have the correct permissions","message":"User does not have the correct permissions"}
16:13:25 backend.server.scalp_bot.bar_store     INFO | bar_store Coinbase backfill: SLP-20DEC30-CDE/15m page=5 rows=300 new=0 oldest=2026-03-28 22:00
16:13:25 backend.server.scalp_bot.bar_store     INFO | bar_store Coinbase backfill: SLP-20DEC30-CDE/15m page=6 rows=300 new=0 oldest=2026-03-25 17:15
16:13:26 backend.server.scalp_bot.bar_store     INFO | bar_store Coinbase backfill: SLP-20DEC30-CDE/15m page=7 rows=300 new=0 oldest=2026-03-22 14:15
16:13:26 backend.server.scalp_bot.bar_store     INFO | bar_store Coinbase backfill: SLP-20DEC30-CDE/15m page=8 rows=300 new=0 oldest=2026-03-19 08:45
2026-04-13 16:13:27 - coinbase.RESTClient - ERROR - HTTP Error: 403 Client Error: Forbidden {"error":"PERMISSION_DENIED","error_details":"User does not have the correct permissions","message":"User does not have the correct permissions"}
16:13:27 coinbase.RESTClient     ERROR | HTTP Error: 403 Client Error: Forbidden {"error":"PERMISSION_DENIED","error_details":"User does not have the correct permissions","message":"User does not have the correct permissions"}
16:13:27 backend.server.coinbase_order_manager  WARNING | CoinbaseOrderManager: COINBASE_INTX_PORTFOLIO_UUID invalid or list_perps failed — falling back to auto-discovery
Traceback (most recent call last):
  File "C:\Users\daroo\Desktop\Repos\tradingbot-1\backend\server\coinbase_order_manager.py", line 1668, in _discover_intx_portfolio_uuid
    await asyncio.to_thread(lambda: lp(forced))
  File "C:\Python314\Lib\asyncio\threads.py", line 25, in to_thread
    return await loop.run_in_executor(None, func_call)
           ^^^^^^^^^^^^^^^^^^^^^^^^^^^^^^^^^^^^^^^^^^^
  File "C:\Python314\Lib\concurrent\futures\thread.py", line 86, in run
    result = ctx.run(self.task)
  File "C:\Python314\Lib\concurrent\futures\thread.py", line 73, in run
    return fn(*args, **kwargs)
  File "C:\Users\daroo\Desktop\Repos\tradingbot-1\backend\server\coinbase_order_manager.py", line 1668, in <lambda>
    await asyncio.to_thread(lambda: lp(forced))
                                    ~~^^^^^^^^
  File "C:\Users\daroo\AppData\Roaming\Python\Python314\site-packages\coinbase\rest\perpetuals.py", line 92, in list_perps_positions
    return ListPerpetualsPositionsResponse(self.get(endpoint, **kwargs))
                                           ~~~~~~~~^^^^^^^^^^^^^^^^^^^^
  File "C:\Users\daroo\AppData\Roaming\Python\Python314\site-packages\coinbase\rest\rest_base.py", line 101, in get
    return self.prepare_and_send_request(
           ~~~~~~~~~~~~~~~~~~~~~~~~~~~~~^
        "GET", url_path, params, data=None, public=public
        ^^^^^^^^^^^^^^^^^^^^^^^^^^^^^^^^^^^^^^^^^^^^^^^^^
    )
    ^
  File "C:\Users\daroo\AppData\Roaming\Python\Python314\site-packages\coinbase\rest\rest_base.py", line 207, in prepare_and_send_request
    return self.send_request(http_method, url_path, params, headers, data=data)
           ~~~~~~~~~~~~~~~~~^^^^^^^^^^^^^^^^^^^^^^^^^^^^^^^^^^^^^^^^^^^^^^^^^^^
  File "C:\Users\daroo\AppData\Roaming\Python\Python314\site-packages\coinbase\rest\rest_base.py", line 228, in send_request
    handle_exception(response)  # Raise an HTTPError for bad responses
    ~~~~~~~~~~~~~~~~^^^^^^^^^^
  File "C:\Users\daroo\AppData\Roaming\Python\Python314\site-packages\coinbase\rest\rest_base.py", line 47, in handle_exception
    raise HTTPError(http_error_msg, response=response)
requests.exceptions.HTTPError: 403 Client Error: Forbidden {"error":"PERMISSION_DENIED","error_details":"User does not have the correct permissions","message":"User does not have the correct permissions"}
16:13:27 backend.server.scalp_bot.bar_store     INFO | bar_store Coinbase backfill: SLP-20DEC30-CDE/15m page=9 rows=300 new=0 oldest=2026-03-16 05:45
2026-04-13 16:13:27 - coinbase.RESTClient - ERROR - HTTP Error: 403 Client Error: Forbidden {"error":"PERMISSION_DENIED","error_details":"User does not have the correct permissions","message":"User does not have the correct permissions"}
16:13:27 coinbase.RESTClient     ERROR | HTTP Error: 403 Client Error: Forbidden {"error":"PERMISSION_DENIED","error_details":"User does not have the correct permissions","message":"User does not have the correct permissions"}
2026-04-13 16:13:27 - coinbase.RESTClient - ERROR - HTTP Error: 403 Client Error: Forbidden {"error":"PERMISSION_DENIED","error_details":"User does not have the correct permissions","message":"User does not have the correct permissions"}
16:13:27 coinbase.RESTClient     ERROR | HTTP Error: 403 Client Error: Forbidden {"error":"PERMISSION_DENIED","error_details":"User does not have the correct permissions","message":"User does not have the correct permissions"}
16:13:27 backend.server.coinbase_order_manager  WARNING | CoinbaseOrderManager: COINBASE_INTX_PORTFOLIO_UUID invalid or list_perps failed — falling back to auto-discovery
Traceback (most recent call last):
  File "C:\Users\daroo\Desktop\Repos\tradingbot-1\backend\server\coinbase_order_manager.py", line 1668, in _discover_intx_portfolio_uuid
    await asyncio.to_thread(lambda: lp(forced))
  File "C:\Python314\Lib\asyncio\threads.py", line 25, in to_thread
    return await loop.run_in_executor(None, func_call)
           ^^^^^^^^^^^^^^^^^^^^^^^^^^^^^^^^^^^^^^^^^^^
  File "C:\Python314\Lib\concurrent\futures\thread.py", line 86, in run
    result = ctx.run(self.task)
  File "C:\Python314\Lib\concurrent\futures\thread.py", line 73, in run
    return fn(*args, **kwargs)
  File "C:\Users\daroo\Desktop\Repos\tradingbot-1\backend\server\coinbase_order_manager.py", line 1668, in <lambda>
    await asyncio.to_thread(lambda: lp(forced))
                                    ~~^^^^^^^^
  File "C:\Users\daroo\AppData\Roaming\Python\Python314\site-packages\coinbase\rest\perpetuals.py", line 92, in list_perps_positions
    return ListPerpetualsPositionsResponse(self.get(endpoint, **kwargs))
                                           ~~~~~~~~^^^^^^^^^^^^^^^^^^^^
  File "C:\Users\daroo\AppData\Roaming\Python\Python314\site-packages\coinbase\rest\rest_base.py", line 101, in get
    return self.prepare_and_send_request(
           ~~~~~~~~~~~~~~~~~~~~~~~~~~~~~^
        "GET", url_path, params, data=None, public=public
        ^^^^^^^^^^^^^^^^^^^^^^^^^^^^^^^^^^^^^^^^^^^^^^^^^
    )
    ^
  File "C:\Users\daroo\AppData\Roaming\Python\Python314\site-packages\coinbase\rest\rest_base.py", line 207, in prepare_and_send_request
    return self.send_request(http_method, url_path, params, headers, data=data)
           ~~~~~~~~~~~~~~~~~^^^^^^^^^^^^^^^^^^^^^^^^^^^^^^^^^^^^^^^^^^^^^^^^^^^
  File "C:\Users\daroo\AppData\Roaming\Python\Python314\site-packages\coinbase\rest\rest_base.py", line 228, in send_request
    handle_exception(response)  # Raise an HTTPError for bad responses
    ~~~~~~~~~~~~~~~~^^^^^^^^^^
  File "C:\Users\daroo\AppData\Roaming\Python\Python314\site-packages\coinbase\rest\rest_base.py", line 47, in handle_exception
    raise HTTPError(http_error_msg, response=response)
requests.exceptions.HTTPError: 403 Client Error: Forbidden {"error":"PERMISSION_DENIED","error_details":"User does not have the correct permissions","message":"User does not have the correct permissions"}
16:13:27 backend.server.scalp_bot.bar_store     INFO | bar_store Coinbase backfill: SLP-20DEC30-CDE/15m page=10 rows=42 new=0 oldest=2026-03-15 19:15
16:13:27 backend.server.scalp_bot.bar_store     INFO | bar_store Coinbase backfill: SLP-20DEC30-CDE/15m — wrote 0 new candles
16:13:27 backend.server.scalp_bot.scalp_runtime     INFO | ScalpRuntime: backfill done for SOL_USD — new_rows=0 total_in_store=14032 (hours_needed=697.0)
16:13:27 backend.server.scalp_bot.bar_store     INFO | bar_store: Coinbase REST using API credentials from environment
2026-04-13 16:13:27 - coinbase.RESTClient - ERROR - HTTP Error: 403 Client Error: Forbidden {"error":"PERMISSION_DENIED","error_details":"User does not have the correct permissions","message":"User does not have the correct permissions"}
16:13:27 coinbase.RESTClient     ERROR | HTTP Error: 403 Client Error: Forbidden {"error":"PERMISSION_DENIED","error_details":"User does not have the correct permissions","message":"User does not have the correct permissions"}
16:13:28 backend.server.scalp_bot.bar_store     INFO | bar_store Coinbase backfill: XPP-20DEC30-CDE/15m page=1 rows=300 new=0 oldest=2026-04-10 14:00
16:13:28 backend.server.scalp_bot.bar_store     INFO | bar_store Coinbase backfill: XPP-20DEC30-CDE/15m page=2 rows=300 new=0 oldest=2026-04-07 11:00
16:13:29 backend.server.scalp_bot.bar_store     INFO | bar_store Coinbase backfill: XPP-20DEC30-CDE/15m page=3 rows=300 new=0 oldest=2026-04-04 03:30
16:13:29 backend.server.scalp_bot.bar_store     INFO | bar_store Coinbase backfill: XPP-20DEC30-CDE/15m page=4 rows=300 new=0 oldest=2026-03-31 23:00
16:13:30 backend.server.scalp_bot.bar_store     INFO | bar_store Coinbase backfill: XPP-20DEC30-CDE/15m page=5 rows=300 new=0 oldest=2026-03-28 16:30
2026-04-13 16:13:30 - coinbase.RESTClient - ERROR - HTTP Error: 403 Client Error: Forbidden {"error":"PERMISSION_DENIED","error_details":"User does not have the correct permissions","message":"User does not have the correct permissions"}
16:13:30 coinbase.RESTClient     ERROR | HTTP Error: 403 Client Error: Forbidden {"error":"PERMISSION_DENIED","error_details":"User does not have the correct permissions","message":"User does not have the correct permissions"}
16:13:30 backend.server.coinbase_order_manager  WARNING | CoinbaseOrderManager: COINBASE_INTX_PORTFOLIO_UUID invalid or list_perps failed — falling back to auto-discovery
Traceback (most recent call last):
  File "C:\Users\daroo\Desktop\Repos\tradingbot-1\backend\server\coinbase_order_manager.py", line 1668, in _discover_intx_portfolio_uuid
    await asyncio.to_thread(lambda: lp(forced))
  File "C:\Python314\Lib\asyncio\threads.py", line 25, in to_thread
    return await loop.run_in_executor(None, func_call)
           ^^^^^^^^^^^^^^^^^^^^^^^^^^^^^^^^^^^^^^^^^^^
  File "C:\Python314\Lib\concurrent\futures\thread.py", line 86, in run
    result = ctx.run(self.task)
  File "C:\Python314\Lib\concurrent\futures\thread.py", line 73, in run
    return fn(*args, **kwargs)
  File "C:\Users\daroo\Desktop\Repos\tradingbot-1\backend\server\coinbase_order_manager.py", line 1668, in <lambda>
    await asyncio.to_thread(lambda: lp(forced))
                                    ~~^^^^^^^^
  File "C:\Users\daroo\AppData\Roaming\Python\Python314\site-packages\coinbase\rest\perpetuals.py", line 92, in list_perps_positions
    return ListPerpetualsPositionsResponse(self.get(endpoint, **kwargs))
                                           ~~~~~~~~^^^^^^^^^^^^^^^^^^^^
  File "C:\Users\daroo\AppData\Roaming\Python\Python314\site-packages\coinbase\rest\rest_base.py", line 101, in get
    return self.prepare_and_send_request(
           ~~~~~~~~~~~~~~~~~~~~~~~~~~~~~^
        "GET", url_path, params, data=None, public=public
        ^^^^^^^^^^^^^^^^^^^^^^^^^^^^^^^^^^^^^^^^^^^^^^^^^
    )
    ^
  File "C:\Users\daroo\AppData\Roaming\Python\Python314\site-packages\coinbase\rest\rest_base.py", line 207, in prepare_and_send_request
    return self.send_request(http_method, url_path, params, headers, data=data)
           ~~~~~~~~~~~~~~~~~^^^^^^^^^^^^^^^^^^^^^^^^^^^^^^^^^^^^^^^^^^^^^^^^^^^
  File "C:\Users\daroo\AppData\Roaming\Python\Python314\site-packages\coinbase\rest\rest_base.py", line 228, in send_request
    handle_exception(response)  # Raise an HTTPError for bad responses
    ~~~~~~~~~~~~~~~~^^^^^^^^^^
  File "C:\Users\daroo\AppData\Roaming\Python\Python314\site-packages\coinbase\rest\rest_base.py", line 47, in handle_exception
    raise HTTPError(http_error_msg, response=response)
requests.exceptions.HTTPError: 403 Client Error: Forbidden {"error":"PERMISSION_DENIED","error_details":"User does not have the correct permissions","message":"User does not have the correct permissions"}
2026-04-13 16:13:30 - coinbase.RESTClient - ERROR - HTTP Error: 403 Client Error: Forbidden {"error":"PERMISSION_DENIED","error_details":"User does not have the correct permissions","message":"User does not have the correct permissions"}
16:13:30 coinbase.RESTClient     ERROR | HTTP Error: 403 Client Error: Forbidden {"error":"PERMISSION_DENIED","error_details":"User does not have the correct permissions","message":"User does not have the correct permissions"}
16:13:30 backend.server.scalp_bot.bar_store     INFO | bar_store Coinbase backfill: XPP-20DEC30-CDE/15m page=6 rows=300 new=0 oldest=2026-03-25 10:15
16:13:30 backend.server.scalp_bot.bar_store     INFO | bar_store Coinbase backfill: XPP-20DEC30-CDE/15m page=7 rows=300 new=0 oldest=2026-03-22 06:45
16:13:31 backend.server.scalp_bot.bar_store     INFO | bar_store Coinbase backfill: XPP-20DEC30-CDE/15m page=8 rows=300 new=0 oldest=2026-03-19 00:15
16:13:31 backend.server.scalp_bot.bar_store     INFO | bar_store Coinbase backfill: XPP-20DEC30-CDE/15m page=9 rows=300 new=0 oldest=2026-03-15 21:15
16:13:32 backend.server.scalp_bot.bar_store     INFO | bar_store Coinbase backfill: XPP-20DEC30-CDE/15m page=10 rows=8 new=0 oldest=2026-03-15 19:15
16:13:32 backend.server.scalp_bot.bar_store     INFO | bar_store Coinbase backfill: XPP-20DEC30-CDE/15m — wrote 0 new candles
16:13:32 backend.server.scalp_bot.scalp_runtime     INFO | ScalpRuntime: backfill done for XRP_USD — new_rows=0 total_in_store=13939 (hours_needed=697.0)
16:13:32 backend.server.scalp_bot.scalp_runtime     INFO | ScalpRuntime: STANDBY — candle feed live, waiting for operator to click Begin Warmup.
2026-04-13 16:13:32 - coinbase.RESTClient - ERROR - HTTP Error: 403 Client Error: Forbidden {"error":"PERMISSION_DENIED","error_details":"User does not have the correct permissions","message":"User does not have the correct permissions"}
16:13:32 coinbase.RESTClient     ERROR | HTTP Error: 403 Client Error: Forbidden {"error":"PERMISSION_DENIED","error_details":"User does not have the correct permissions","message":"User does not have the correct permissions"}
16:13:32 backend.server.coinbase_order_manager  WARNING | CoinbaseOrderManager: COINBASE_INTX_PORTFOLIO_UUID invalid or list_perps failed — falling back to auto-discovery
Traceback (most recent call last):
  File "C:\Users\daroo\Desktop\Repos\tradingbot-1\backend\server\coinbase_order_manager.py", line 1668, in _discover_intx_portfolio_uuid
    await asyncio.to_thread(lambda: lp(forced))
  File "C:\Python314\Lib\asyncio\threads.py", line 25, in to_thread
    return await loop.run_in_executor(None, func_call)
           ^^^^^^^^^^^^^^^^^^^^^^^^^^^^^^^^^^^^^^^^^^^
  File "C:\Python314\Lib\concurrent\futures\thread.py", line 86, in run
    result = ctx.run(self.task)
  File "C:\Python314\Lib\concurrent\futures\thread.py", line 73, in run
    return fn(*args, **kwargs)
  File "C:\Users\daroo\Desktop\Repos\tradingbot-1\backend\server\coinbase_order_manager.py", line 1668, in <lambda>
    await asyncio.to_thread(lambda: lp(forced))
                                    ~~^^^^^^^^
  File "C:\Users\daroo\AppData\Roaming\Python\Python314\site-packages\coinbase\rest\perpetuals.py", line 92, in list_perps_positions
    return ListPerpetualsPositionsResponse(self.get(endpoint, **kwargs))
                                           ~~~~~~~~^^^^^^^^^^^^^^^^^^^^
  File "C:\Users\daroo\AppData\Roaming\Python\Python314\site-packages\coinbase\rest\rest_base.py", line 101, in get
    return self.prepare_and_send_request(
           ~~~~~~~~~~~~~~~~~~~~~~~~~~~~~^
        "GET", url_path, params, data=None, public=public
        ^^^^^^^^^^^^^^^^^^^^^^^^^^^^^^^^^^^^^^^^^^^^^^^^^
    )
    ^
  File "C:\Users\daroo\AppData\Roaming\Python\Python314\site-packages\coinbase\rest\rest_base.py", line 207, in prepare_and_send_request
    return self.send_request(http_method, url_path, params, headers, data=data)
           ~~~~~~~~~~~~~~~~~^^^^^^^^^^^^^^^^^^^^^^^^^^^^^^^^^^^^^^^^^^^^^^^^^^^
  File "C:\Users\daroo\AppData\Roaming\Python\Python314\site-packages\coinbase\rest\rest_base.py", line 228, in send_request
    handle_exception(response)  # Raise an HTTPError for bad responses
    ~~~~~~~~~~~~~~~~^^^^^^^^^^
  File "C:\Users\daroo\AppData\Roaming\Python\Python314\site-packages\coinbase\rest\rest_base.py", line 47, in handle_exception
    raise HTTPError(http_error_msg, response=response)
requests.exceptions.HTTPError: 403 Client Error: Forbidden {"error":"PERMISSION_DENIED","error_details":"User does not have the correct permissions","message":"User does not have the correct permissions"}
2026-04-13 16:13:32 - coinbase.RESTClient - ERROR - HTTP Error: 403 Client Error: Forbidden {"error":"PERMISSION_DENIED","error_details":"User does not have the correct permissions","message":"User does not have the correct permissions"}
16:13:32 coinbase.RESTClient     ERROR | HTTP Error: 403 Client Error: Forbidden {"error":"PERMISSION_DENIED","error_details":"User does not have the correct permissions","message":"User does not have the correct permissions"}
2026-04-13 16:13:35 - coinbase.RESTClient - ERROR - HTTP Error: 403 Client Error: Forbidden {"error":"PERMISSION_DENIED","error_details":"User does not have the correct permissions","message":"User does not have the correct permissions"}
16:13:35 coinbase.RESTClient     ERROR | HTTP Error: 403 Client Error: Forbidden {"error":"PERMISSION_DENIED","error_details":"User does not have the correct permissions","message":"User does not have the correct permissions"}
16:13:35 backend.server.coinbase_order_manager  WARNING | CoinbaseOrderManager: COINBASE_INTX_PORTFOLIO_UUID invalid or list_perps failed — falling back to auto-discovery
Traceback (most recent call last):
  File "C:\Users\daroo\Desktop\Repos\tradingbot-1\backend\server\coinbase_order_manager.py", line 1668, in _discover_intx_portfolio_uuid
    await asyncio.to_thread(lambda: lp(forced))
  File "C:\Python314\Lib\asyncio\threads.py", line 25, in to_thread
    return await loop.run_in_executor(None, func_call)
           ^^^^^^^^^^^^^^^^^^^^^^^^^^^^^^^^^^^^^^^^^^^
  File "C:\Python314\Lib\concurrent\futures\thread.py", line 86, in run
    result = ctx.run(self.task)
  File "C:\Python314\Lib\concurrent\futures\thread.py", line 73, in run
    return fn(*args, **kwargs)
  File "C:\Users\daroo\Desktop\Repos\tradingbot-1\backend\server\coinbase_order_manager.py", line 1668, in <lambda>
    await asyncio.to_thread(lambda: lp(forced))
                                    ~~^^^^^^^^
  File "C:\Users\daroo\AppData\Roaming\Python\Python314\site-packages\coinbase\rest\perpetuals.py", line 92, in list_perps_positions
    return ListPerpetualsPositionsResponse(self.get(endpoint, **kwargs))
                                           ~~~~~~~~^^^^^^^^^^^^^^^^^^^^
  File "C:\Users\daroo\AppData\Roaming\Python\Python314\site-packages\coinbase\rest\rest_base.py", line 101, in get
    return self.prepare_and_send_request(
           ~~~~~~~~~~~~~~~~~~~~~~~~~~~~~^
        "GET", url_path, params, data=None, public=public
        ^^^^^^^^^^^^^^^^^^^^^^^^^^^^^^^^^^^^^^^^^^^^^^^^^
    )
    ^
  File "C:\Users\daroo\AppData\Roaming\Python\Python314\site-packages\coinbase\rest\rest_base.py", line 207, in prepare_and_send_request
    return self.send_request(http_method, url_path, params, headers, data=data)
           ~~~~~~~~~~~~~~~~~^^^^^^^^^^^^^^^^^^^^^^^^^^^^^^^^^^^^^^^^^^^^^^^^^^^
  File "C:\Users\daroo\AppData\Roaming\Python\Python314\site-packages\coinbase\rest\rest_base.py", line 228, in send_request
    handle_exception(response)  # Raise an HTTPError for bad responses
    ~~~~~~~~~~~~~~~~^^^^^^^^^^
  File "C:\Users\daroo\AppData\Roaming\Python\Python314\site-packages\coinbase\rest\rest_base.py", line 47, in handle_exception
    raise HTTPError(http_error_msg, response=response)
requests.exceptions.HTTPError: 403 Client Error: Forbidden {"error":"PERMISSION_DENIED","error_details":"User does not have the correct permissions","message":"User does not have the correct permissions"}
2026-04-13 16:13:35 - coinbase.RESTClient - ERROR - HTTP Error: 403 Client Error: Forbidden {"error":"PERMISSION_DENIED","error_details":"User does not have the correct permissions","message":"User does not have the correct permissions"}
16:13:35 coinbase.RESTClient     ERROR | HTTP Error: 403 Client Error: Forbidden {"error":"PERMISSION_DENIED","error_details":"User does not have the correct permissions","message":"User does not have the correct permissions"}
2026-04-13 16:13:37 - coinbase.RESTClient - ERROR - HTTP Error: 403 Client Error: Forbidden {"error":"PERMISSION_DENIED","error_details":"User does not have the correct permissions","message":"User does not have the correct permissions"}
16:13:37 coinbase.RESTClient     ERROR | HTTP Error: 403 Client Error: Forbidden {"error":"PERMISSION_DENIED","error_details":"User does not have the correct permissions","message":"User does not have the correct permissions"}
16:13:37 backend.server.coinbase_order_manager  WARNING | CoinbaseOrderManager: COINBASE_INTX_PORTFOLIO_UUID invalid or list_perps failed — falling back to auto-discovery
Traceback (most recent call last):
  File "C:\Users\daroo\Desktop\Repos\tradingbot-1\backend\server\coinbase_order_manager.py", line 1668, in _discover_intx_portfolio_uuid
    await asyncio.to_thread(lambda: lp(forced))
  File "C:\Python314\Lib\asyncio\threads.py", line 25, in to_thread
    return await loop.run_in_executor(None, func_call)
           ^^^^^^^^^^^^^^^^^^^^^^^^^^^^^^^^^^^^^^^^^^^
  File "C:\Python314\Lib\concurrent\futures\thread.py", line 86, in run
    result = ctx.run(self.task)
  File "C:\Python314\Lib\concurrent\futures\thread.py", line 73, in run
    return fn(*args, **kwargs)
  File "C:\Users\daroo\Desktop\Repos\tradingbot-1\backend\server\coinbase_order_manager.py", line 1668, in <lambda>
    await asyncio.to_thread(lambda: lp(forced))
                                    ~~^^^^^^^^
  File "C:\Users\daroo\AppData\Roaming\Python\Python314\site-packages\coinbase\rest\perpetuals.py", line 92, in list_perps_positions
    return ListPerpetualsPositionsResponse(self.get(endpoint, **kwargs))
                                           ~~~~~~~~^^^^^^^^^^^^^^^^^^^^
  File "C:\Users\daroo\AppData\Roaming\Python\Python314\site-packages\coinbase\rest\rest_base.py", line 101, in get
    return self.prepare_and_send_request(
           ~~~~~~~~~~~~~~~~~~~~~~~~~~~~~^
        "GET", url_path, params, data=None, public=public
        ^^^^^^^^^^^^^^^^^^^^^^^^^^^^^^^^^^^^^^^^^^^^^^^^^
    )
    ^
  File "C:\Users\daroo\AppData\Roaming\Python\Python314\site-packages\coinbase\rest\rest_base.py", line 207, in prepare_and_send_request
    return self.send_request(http_method, url_path, params, headers, data=data)
           ~~~~~~~~~~~~~~~~~^^^^^^^^^^^^^^^^^^^^^^^^^^^^^^^^^^^^^^^^^^^^^^^^^^^
  File "C:\Users\daroo\AppData\Roaming\Python\Python314\site-packages\coinbase\rest\rest_base.py", line 228, in send_request
    handle_exception(response)  # Raise an HTTPError for bad responses
    ~~~~~~~~~~~~~~~~^^^^^^^^^^
  File "C:\Users\daroo\AppData\Roaming\Python\Python314\site-packages\coinbase\rest\rest_base.py", line 47, in handle_exception
    raise HTTPError(http_error_msg, response=response)
requests.exceptions.HTTPError: 403 Client Error: Forbidden {"error":"PERMISSION_DENIED","error_details":"User does not have the correct permissions","message":"User does not have the correct permissions"}
2026-04-13 16:13:37 - coinbase.RESTClient - ERROR - HTTP Error: 403 Client Error: Forbidden {"error":"PERMISSION_DENIED","error_details":"User does not have the correct permissions","message":"User does not have the correct permissions"}
16:13:37 coinbase.RESTClient     ERROR | HTTP Error: 403 Client Error: Forbidden {"error":"PERMISSION_DENIED","error_details":"User does not have the correct permissions","message":"User does not have the correct permissions"}
2026-04-13 16:13:40 - coinbase.RESTClient - ERROR - HTTP Error: 403 Client Error: Forbidden {"error":"PERMISSION_DENIED","error_details":"User does not have the correct permissions","message":"User does not have the correct permissions"}
16:13:40 coinbase.RESTClient     ERROR | HTTP Error: 403 Client Error: Forbidden {"error":"PERMISSION_DENIED","error_details":"User does not have the correct permissions","message":"User does not have the correct permissions"}
16:13:40 backend.server.coinbase_order_manager  WARNING | CoinbaseOrderManager: COINBASE_INTX_PORTFOLIO_UUID invalid or list_perps failed — falling back to auto-discovery
Traceback (most recent call last):
  File "C:\Users\daroo\Desktop\Repos\tradingbot-1\backend\server\coinbase_order_manager.py", line 1668, in _discover_intx_portfolio_uuid
    await asyncio.to_thread(lambda: lp(forced))
  File "C:\Python314\Lib\asyncio\threads.py", line 25, in to_thread
    return await loop.run_in_executor(None, func_call)
           ^^^^^^^^^^^^^^^^^^^^^^^^^^^^^^^^^^^^^^^^^^^
  File "C:\Python314\Lib\concurrent\futures\thread.py", line 86, in run
    result = ctx.run(self.task)
  File "C:\Python314\Lib\concurrent\futures\thread.py", line 73, in run
    return fn(*args, **kwargs)
  File "C:\Users\daroo\Desktop\Repos\tradingbot-1\backend\server\coinbase_order_manager.py", line 1668, in <lambda>
    await asyncio.to_thread(lambda: lp(forced))
                                    ~~^^^^^^^^
  File "C:\Users\daroo\AppData\Roaming\Python\Python314\site-packages\coinbase\rest\perpetuals.py", line 92, in list_perps_positions
    return ListPerpetualsPositionsResponse(self.get(endpoint, **kwargs))
                                           ~~~~~~~~^^^^^^^^^^^^^^^^^^^^
  File "C:\Users\daroo\AppData\Roaming\Python\Python314\site-packages\coinbase\rest\rest_base.py", line 101, in get
    return self.prepare_and_send_request(
           ~~~~~~~~~~~~~~~~~~~~~~~~~~~~~^
        "GET", url_path, params, data=None, public=public
        ^^^^^^^^^^^^^^^^^^^^^^^^^^^^^^^^^^^^^^^^^^^^^^^^^
    )
    ^
  File "C:\Users\daroo\AppData\Roaming\Python\Python314\site-packages\coinbase\rest\rest_base.py", line 207, in prepare_and_send_request
    return self.send_request(http_method, url_path, params, headers, data=data)
           ~~~~~~~~~~~~~~~~~^^^^^^^^^^^^^^^^^^^^^^^^^^^^^^^^^^^^^^^^^^^^^^^^^^^
  File "C:\Users\daroo\AppData\Roaming\Python\Python314\site-packages\coinbase\rest\rest_base.py", line 228, in send_request
    handle_exception(response)  # Raise an HTTPError for bad responses
    ~~~~~~~~~~~~~~~~^^^^^^^^^^
  File "C:\Users\daroo\AppData\Roaming\Python\Python314\site-packages\coinbase\rest\rest_base.py", line 47, in handle_exception
    raise HTTPError(http_error_msg, response=response)
requests.exceptions.HTTPError: 403 Client Error: Forbidden {"error":"PERMISSION_DENIED","error_details":"User does not have the correct permissions","message":"User does not have the correct permissions"}
2026-04-13 16:13:40 - coinbase.RESTClient - ERROR - HTTP Error: 403 Client Error: Forbidden {"error":"PERMISSION_DENIED","error_details":"User does not have the correct permissions","message":"User does not have the correct permissions"}
16:13:40 coinbase.RESTClient     ERROR | HTTP Error: 403 Client Error: Forbidden {"error":"PERMISSION_DENIED","error_details":"User does not have the correct permissions","message":"User does not have the correct permissions"}
2026-04-13 16:13:42 - coinbase.RESTClient - ERROR - HTTP Error: 403 Client Error: Forbidden {"error":"PERMISSION_DENIED","error_details":"User does not have the correct permissions","message":"User does not have the correct permissions"}
16:13:42 coinbase.RESTClient     ERROR | HTTP Error: 403 Client Error: Forbidden {"error":"PERMISSION_DENIED","error_details":"User does not have the correct permissions","message":"User does not have the correct permissions"}
16:13:42 backend.server.coinbase_order_manager  WARNING | CoinbaseOrderManager: COINBASE_INTX_PORTFOLIO_UUID invalid or list_perps failed — falling back to auto-discovery
Traceback (most recent call last):
  File "C:\Users\daroo\Desktop\Repos\tradingbot-1\backend\server\coinbase_order_manager.py", line 1668, in _discover_intx_portfolio_uuid
    await asyncio.to_thread(lambda: lp(forced))
  File "C:\Python314\Lib\asyncio\threads.py", line 25, in to_thread
    return await loop.run_in_executor(None, func_call)
           ^^^^^^^^^^^^^^^^^^^^^^^^^^^^^^^^^^^^^^^^^^^
  File "C:\Python314\Lib\concurrent\futures\thread.py", line 86, in run
    result = ctx.run(self.task)
  File "C:\Python314\Lib\concurrent\futures\thread.py", line 73, in run
    return fn(*args, **kwargs)
  File "C:\Users\daroo\Desktop\Repos\tradingbot-1\backend\server\coinbase_order_manager.py", line 1668, in <lambda>
    await asyncio.to_thread(lambda: lp(forced))
                                    ~~^^^^^^^^
  File "C:\Users\daroo\AppData\Roaming\Python\Python314\site-packages\coinbase\rest\perpetuals.py", line 92, in list_perps_positions
    return ListPerpetualsPositionsResponse(self.get(endpoint, **kwargs))
                                           ~~~~~~~~^^^^^^^^^^^^^^^^^^^^
  File "C:\Users\daroo\AppData\Roaming\Python\Python314\site-packages\coinbase\rest\rest_base.py", line 101, in get
    return self.prepare_and_send_request(
           ~~~~~~~~~~~~~~~~~~~~~~~~~~~~~^
        "GET", url_path, params, data=None, public=public
        ^^^^^^^^^^^^^^^^^^^^^^^^^^^^^^^^^^^^^^^^^^^^^^^^^
    )
    ^
  File "C:\Users\daroo\AppData\Roaming\Python\Python314\site-packages\coinbase\rest\rest_base.py", line 207, in prepare_and_send_request
    return self.send_request(http_method, url_path, params, headers, data=data)
           ~~~~~~~~~~~~~~~~~^^^^^^^^^^^^^^^^^^^^^^^^^^^^^^^^^^^^^^^^^^^^^^^^^^^
  File "C:\Users\daroo\AppData\Roaming\Python\Python314\site-packages\coinbase\rest\rest_base.py", line 228, in send_request
    handle_exception(response)  # Raise an HTTPError for bad responses
    ~~~~~~~~~~~~~~~~^^^^^^^^^^
  File "C:\Users\daroo\AppData\Roaming\Python\Python314\site-packages\coinbase\rest\rest_base.py", line 47, in handle_exception
    raise HTTPError(http_error_msg, response=response)
requests.exceptions.HTTPError: 403 Client Error: Forbidden {"error":"PERMISSION_DENIED","error_details":"User does not have the correct permissions","message":"User does not have the correct permissions"}
2026-04-13 16:13:42 - coinbase.RESTClient - ERROR - HTTP Error: 403 Client Error: Forbidden {"error":"PERMISSION_DENIED","error_details":"User does not have the correct permissions","message":"User does not have the correct permissions"}
16:13:42 coinbase.RESTClient     ERROR | HTTP Error: 403 Client Error: Forbidden {"error":"PERMISSION_DENIED","error_details":"User does not have the correct permissions","message":"User does not have the correct permissions"}
2026-04-13 16:13:42 - coinbase.RESTClient - ERROR - HTTP Error: 403 Client Error: Forbidden {"error":"PERMISSION_DENIED","error_details":"User does not have the correct permissions","message":"User does not have the correct permissions"}
16:13:42 coinbase.RESTClient     ERROR | HTTP Error: 403 Client Error: Forbidden {"error":"PERMISSION_DENIED","error_details":"User does not have the correct permissions","message":"User does not have the correct permissions"}
16:13:42 backend.server.coinbase_order_manager  WARNING | CoinbaseOrderManager: COINBASE_INTX_PORTFOLIO_UUID invalid or list_perps failed — falling back to auto-discovery
Traceback (most recent call last):
  File "C:\Users\daroo\Desktop\Repos\tradingbot-1\backend\server\coinbase_order_manager.py", line 1668, in _discover_intx_portfolio_uuid
    await asyncio.to_thread(lambda: lp(forced))
  File "C:\Python314\Lib\asyncio\threads.py", line 25, in to_thread
    return await loop.run_in_executor(None, func_call)
           ^^^^^^^^^^^^^^^^^^^^^^^^^^^^^^^^^^^^^^^^^^^
  File "C:\Python314\Lib\concurrent\futures\thread.py", line 86, in run
    result = ctx.run(self.task)
  File "C:\Python314\Lib\concurrent\futures\thread.py", line 73, in run
    return fn(*args, **kwargs)
  File "C:\Users\daroo\Desktop\Repos\tradingbot-1\backend\server\coinbase_order_manager.py", line 1668, in <lambda>
    await asyncio.to_thread(lambda: lp(forced))
                                    ~~^^^^^^^^
  File "C:\Users\daroo\AppData\Roaming\Python\Python314\site-packages\coinbase\rest\perpetuals.py", line 92, in list_perps_positions
    return ListPerpetualsPositionsResponse(self.get(endpoint, **kwargs))
                                           ~~~~~~~~^^^^^^^^^^^^^^^^^^^^
  File "C:\Users\daroo\AppData\Roaming\Python\Python314\site-packages\coinbase\rest\rest_base.py", line 101, in get
    return self.prepare_and_send_request(
           ~~~~~~~~~~~~~~~~~~~~~~~~~~~~~^
        "GET", url_path, params, data=None, public=public
        ^^^^^^^^^^^^^^^^^^^^^^^^^^^^^^^^^^^^^^^^^^^^^^^^^
    )
    ^
  File "C:\Users\daroo\AppData\Roaming\Python\Python314\site-packages\coinbase\rest\rest_base.py", line 207, in prepare_and_send_request
    return self.send_request(http_method, url_path, params, headers, data=data)
           ~~~~~~~~~~~~~~~~~^^^^^^^^^^^^^^^^^^^^^^^^^^^^^^^^^^^^^^^^^^^^^^^^^^^
  File "C:\Users\daroo\AppData\Roaming\Python\Python314\site-packages\coinbase\rest\rest_base.py", line 228, in send_request
    handle_exception(response)  # Raise an HTTPError for bad responses
    ~~~~~~~~~~~~~~~~^^^^^^^^^^
  File "C:\Users\daroo\AppData\Roaming\Python\Python314\site-packages\coinbase\rest\rest_base.py", line 47, in handle_exception
    raise HTTPError(http_error_msg, response=response)
requests.exceptions.HTTPError: 403 Client Error: Forbidden {"error":"PERMISSION_DENIED","error_details":"User does not have the correct permissions","message":"User does not have the correct permissions"}
2026-04-13 16:13:43 - coinbase.RESTClient - ERROR - HTTP Error: 403 Client Error: Forbidden {"error":"PERMISSION_DENIED","error_details":"User does not have the correct permissions","message":"User does not have the correct permissions"}
16:13:43 coinbase.RESTClient     ERROR | HTTP Error: 403 Client Error: Forbidden {"error":"PERMISSION_DENIED","error_details":"User does not have the correct permissions","message":"User does not have the correct permissions"}
2026-04-13 16:13:43 - coinbase.RESTClient - ERROR - HTTP Error: 403 Client Error: Forbidden {"error":"PERMISSION_DENIED","error_details":"User does not have the correct permissions","message":"User does not have the correct permissions"}
16:13:43 coinbase.RESTClient     ERROR | HTTP Error: 403 Client Error: Forbidden {"error":"PERMISSION_DENIED","error_details":"User does not have the correct permissions","message":"User does not have the correct permissions"}
16:13:43 backend.server.coinbase_order_manager  WARNING | CoinbaseOrderManager: COINBASE_INTX_PORTFOLIO_UUID invalid or list_perps failed — falling back to auto-discovery
Traceback (most recent call last):
  File "C:\Users\daroo\Desktop\Repos\tradingbot-1\backend\server\coinbase_order_manager.py", line 1668, in _discover_intx_portfolio_uuid
    await asyncio.to_thread(lambda: lp(forced))
  File "C:\Python314\Lib\asyncio\threads.py", line 25, in to_thread
    return await loop.run_in_executor(None, func_call)
           ^^^^^^^^^^^^^^^^^^^^^^^^^^^^^^^^^^^^^^^^^^^
  File "C:\Python314\Lib\concurrent\futures\thread.py", line 86, in run
    result = ctx.run(self.task)
  File "C:\Python314\Lib\concurrent\futures\thread.py", line 73, in run
    return fn(*args, **kwargs)
  File "C:\Users\daroo\Desktop\Repos\tradingbot-1\backend\server\coinbase_order_manager.py", line 1668, in <lambda>
    await asyncio.to_thread(lambda: lp(forced))
                                    ~~^^^^^^^^
  File "C:\Users\daroo\AppData\Roaming\Python\Python314\site-packages\coinbase\rest\perpetuals.py", line 92, in list_perps_positions
    return ListPerpetualsPositionsResponse(self.get(endpoint, **kwargs))
                                           ~~~~~~~~^^^^^^^^^^^^^^^^^^^^
  File "C:\Users\daroo\AppData\Roaming\Python\Python314\site-packages\coinbase\rest\rest_base.py", line 101, in get
    return self.prepare_and_send_request(
           ~~~~~~~~~~~~~~~~~~~~~~~~~~~~~^
        "GET", url_path, params, data=None, public=public
        ^^^^^^^^^^^^^^^^^^^^^^^^^^^^^^^^^^^^^^^^^^^^^^^^^
    )
    ^
  File "C:\Users\daroo\AppData\Roaming\Python\Python314\site-packages\coinbase\rest\rest_base.py", line 207, in prepare_and_send_request
    return self.send_request(http_method, url_path, params, headers, data=data)
           ~~~~~~~~~~~~~~~~~^^^^^^^^^^^^^^^^^^^^^^^^^^^^^^^^^^^^^^^^^^^^^^^^^^^
  File "C:\Users\daroo\AppData\Roaming\Python\Python314\site-packages\coinbase\rest\rest_base.py", line 228, in send_request
    handle_exception(response)  # Raise an HTTPError for bad responses
    ~~~~~~~~~~~~~~~~^^^^^^^^^^
  File "C:\Users\daroo\AppData\Roaming\Python\Python314\site-packages\coinbase\rest\rest_base.py", line 47, in handle_exception
    raise HTTPError(http_error_msg, response=response)
requests.exceptions.HTTPError: 403 Client Error: Forbidden {"error":"PERMISSION_DENIED","error_details":"User does not have the correct permissions","message":"User does not have the correct permissions"}
2026-04-13 16:13:43 - coinbase.RESTClient - ERROR - HTTP Error: 403 Client Error: Forbidden {"error":"PERMISSION_DENIED","error_details":"User does not have the correct permissions","message":"User does not have the correct permissions"}
16:13:43 coinbase.RESTClient     ERROR | HTTP Error: 403 Client Error: Forbidden {"error":"PERMISSION_DENIED","error_details":"User does not have the correct permissions","message":"User does not have the correct permissions"}
2026-04-13 16:13:45 - coinbase.RESTClient - ERROR - HTTP Error: 403 Client Error: Forbidden {"error":"PERMISSION_DENIED","error_details":"User does not have the correct permissions","message":"User does not have the correct permissions"}
16:13:45 coinbase.RESTClient     ERROR | HTTP Error: 403 Client Error: Forbidden {"error":"PERMISSION_DENIED","error_details":"User does not have the correct permissions","message":"User does not have the correct permissions"}
16:13:45 backend.server.coinbase_order_manager  WARNING | CoinbaseOrderManager: COINBASE_INTX_PORTFOLIO_UUID invalid or list_perps failed — falling back to auto-discovery
Traceback (most recent call last):
  File "C:\Users\daroo\Desktop\Repos\tradingbot-1\backend\server\coinbase_order_manager.py", line 1668, in _discover_intx_portfolio_uuid
    await asyncio.to_thread(lambda: lp(forced))
  File "C:\Python314\Lib\asyncio\threads.py", line 25, in to_thread
    return await loop.run_in_executor(None, func_call)
           ^^^^^^^^^^^^^^^^^^^^^^^^^^^^^^^^^^^^^^^^^^^
  File "C:\Python314\Lib\concurrent\futures\thread.py", line 86, in run
    result = ctx.run(self.task)
  File "C:\Python314\Lib\concurrent\futures\thread.py", line 73, in run
    return fn(*args, **kwargs)
  File "C:\Users\daroo\Desktop\Repos\tradingbot-1\backend\server\coinbase_order_manager.py", line 1668, in <lambda>
    await asyncio.to_thread(lambda: lp(forced))
                                    ~~^^^^^^^^
  File "C:\Users\daroo\AppData\Roaming\Python\Python314\site-packages\coinbase\rest\perpetuals.py", line 92, in list_perps_positions
    return ListPerpetualsPositionsResponse(self.get(endpoint, **kwargs))
                                           ~~~~~~~~^^^^^^^^^^^^^^^^^^^^
  File "C:\Users\daroo\AppData\Roaming\Python\Python314\site-packages\coinbase\rest\rest_base.py", line 101, in get
    return self.prepare_and_send_request(
           ~~~~~~~~~~~~~~~~~~~~~~~~~~~~~^
        "GET", url_path, params, data=None, public=public
        ^^^^^^^^^^^^^^^^^^^^^^^^^^^^^^^^^^^^^^^^^^^^^^^^^
    )
    ^
  File "C:\Users\daroo\AppData\Roaming\Python\Python314\site-packages\coinbase\rest\rest_base.py", line 207, in prepare_and_send_request
    return self.send_request(http_method, url_path, params, headers, data=data)
           ~~~~~~~~~~~~~~~~~^^^^^^^^^^^^^^^^^^^^^^^^^^^^^^^^^^^^^^^^^^^^^^^^^^^
  File "C:\Users\daroo\AppData\Roaming\Python\Python314\site-packages\coinbase\rest\rest_base.py", line 228, in send_request
    handle_exception(response)  # Raise an HTTPError for bad responses
    ~~~~~~~~~~~~~~~~^^^^^^^^^^
  File "C:\Users\daroo\AppData\Roaming\Python\Python314\site-packages\coinbase\rest\rest_base.py", line 47, in handle_exception
    raise HTTPError(http_error_msg, response=response)
requests.exceptions.HTTPError: 403 Client Error: Forbidden {"error":"PERMISSION_DENIED","error_details":"User does not have the correct permissions","message":"User does not have the correct permissions"}
2026-04-13 16:13:45 - coinbase.RESTClient - ERROR - HTTP Error: 403 Client Error: Forbidden {"error":"PERMISSION_DENIED","error_details":"User does not have the correct permissions","message":"User does not have the correct permissions"}
16:13:45 coinbase.RESTClient     ERROR | HTTP Error: 403 Client Error: Forbidden {"error":"PERMISSION_DENIED","error_details":"User does not have the correct permissions","message":"User does not have the correct permissions"}
2026-04-13 16:13:48 - coinbase.RESTClient - ERROR - HTTP Error: 403 Client Error: Forbidden {"error":"PERMISSION_DENIED","error_details":"User does not have the correct permissions","message":"User does not have the correct permissions"}
16:13:48 coinbase.RESTClient     ERROR | HTTP Error: 403 Client Error: Forbidden {"error":"PERMISSION_DENIED","error_details":"User does not have the correct permissions","message":"User does not have the correct permissions"}
16:13:48 backend.server.coinbase_order_manager  WARNING | CoinbaseOrderManager: COINBASE_INTX_PORTFOLIO_UUID invalid or list_perps failed — falling back to auto-discovery
Traceback (most recent call last):
  File "C:\Users\daroo\Desktop\Repos\tradingbot-1\backend\server\coinbase_order_manager.py", line 1668, in _discover_intx_portfolio_uuid
    await asyncio.to_thread(lambda: lp(forced))
  File "C:\Python314\Lib\asyncio\threads.py", line 25, in to_thread
    return await loop.run_in_executor(None, func_call)
           ^^^^^^^^^^^^^^^^^^^^^^^^^^^^^^^^^^^^^^^^^^^
  File "C:\Python314\Lib\concurrent\futures\thread.py", line 86, in run
    result = ctx.run(self.task)
  File "C:\Python314\Lib\concurrent\futures\thread.py", line 73, in run
    return fn(*args, **kwargs)
  File "C:\Users\daroo\Desktop\Repos\tradingbot-1\backend\server\coinbase_order_manager.py", line 1668, in <lambda>
    await asyncio.to_thread(lambda: lp(forced))
                                    ~~^^^^^^^^
  File "C:\Users\daroo\AppData\Roaming\Python\Python314\site-packages\coinbase\rest\perpetuals.py", line 92, in list_perps_positions
    return ListPerpetualsPositionsResponse(self.get(endpoint, **kwargs))
                                           ~~~~~~~~^^^^^^^^^^^^^^^^^^^^
  File "C:\Users\daroo\AppData\Roaming\Python\Python314\site-packages\coinbase\rest\rest_base.py", line 101, in get
    return self.prepare_and_send_request(
           ~~~~~~~~~~~~~~~~~~~~~~~~~~~~~^
        "GET", url_path, params, data=None, public=public
        ^^^^^^^^^^^^^^^^^^^^^^^^^^^^^^^^^^^^^^^^^^^^^^^^^
    )
    ^
  File "C:\Users\daroo\AppData\Roaming\Python\Python314\site-packages\coinbase\rest\rest_base.py", line 207, in prepare_and_send_request
    return self.send_request(http_method, url_path, params, headers, data=data)
           ~~~~~~~~~~~~~~~~~^^^^^^^^^^^^^^^^^^^^^^^^^^^^^^^^^^^^^^^^^^^^^^^^^^^
  File "C:\Users\daroo\AppData\Roaming\Python\Python314\site-packages\coinbase\rest\rest_base.py", line 228, in send_request
    handle_exception(response)  # Raise an HTTPError for bad responses
    ~~~~~~~~~~~~~~~~^^^^^^^^^^
  File "C:\Users\daroo\AppData\Roaming\Python\Python314\site-packages\coinbase\rest\rest_base.py", line 47, in handle_exception
    raise HTTPError(http_error_msg, response=response)
requests.exceptions.HTTPError: 403 Client Error: Forbidden {"error":"PERMISSION_DENIED","error_details":"User does not have the correct permissions","message":"User does not have the correct permissions"}
2026-04-13 16:13:48 - coinbase.RESTClient - ERROR - HTTP Error: 403 Client Error: Forbidden {"error":"PERMISSION_DENIED","error_details":"User does not have the correct permissions","message":"User does not have the correct permissions"}
16:13:48 coinbase.RESTClient     ERROR | HTTP Error: 403 Client Error: Forbidden {"error":"PERMISSION_DENIED","error_details":"User does not have the correct permissions","message":"User does not have the correct permissions"}
2026-04-13 16:13:50 - coinbase.RESTClient - ERROR - HTTP Error: 403 Client Error: Forbidden {"error":"PERMISSION_DENIED","error_details":"User does not have the correct permissions","message":"User does not have the correct permissions"}
16:13:50 coinbase.RESTClient     ERROR | HTTP Error: 403 Client Error: Forbidden {"error":"PERMISSION_DENIED","error_details":"User does not have the correct permissions","message":"User does not have the correct permissions"}
16:13:50 backend.server.coinbase_order_manager  WARNING | CoinbaseOrderManager: COINBASE_INTX_PORTFOLIO_UUID invalid or list_perps failed — falling back to auto-discovery
Traceback (most recent call last):
  File "C:\Users\daroo\Desktop\Repos\tradingbot-1\backend\server\coinbase_order_manager.py", line 1668, in _discover_intx_portfolio_uuid
    await asyncio.to_thread(lambda: lp(forced))
  File "C:\Python314\Lib\asyncio\threads.py", line 25, in to_thread
    return await loop.run_in_executor(None, func_call)
           ^^^^^^^^^^^^^^^^^^^^^^^^^^^^^^^^^^^^^^^^^^^
  File "C:\Python314\Lib\concurrent\futures\thread.py", line 86, in run
    result = ctx.run(self.task)
  File "C:\Python314\Lib\concurrent\futures\thread.py", line 73, in run
    return fn(*args, **kwargs)
  File "C:\Users\daroo\Desktop\Repos\tradingbot-1\backend\server\coinbase_order_manager.py", line 1668, in <lambda>
    await asyncio.to_thread(lambda: lp(forced))
                                    ~~^^^^^^^^
  File "C:\Users\daroo\AppData\Roaming\Python\Python314\site-packages\coinbase\rest\perpetuals.py", line 92, in list_perps_positions
    return ListPerpetualsPositionsResponse(self.get(endpoint, **kwargs))
                                           ~~~~~~~~^^^^^^^^^^^^^^^^^^^^
  File "C:\Users\daroo\AppData\Roaming\Python\Python314\site-packages\coinbase\rest\rest_base.py", line 101, in get
    return self.prepare_and_send_request(
           ~~~~~~~~~~~~~~~~~~~~~~~~~~~~~^
        "GET", url_path, params, data=None, public=public
        ^^^^^^^^^^^^^^^^^^^^^^^^^^^^^^^^^^^^^^^^^^^^^^^^^
    )
    ^
  File "C:\Users\daroo\AppData\Roaming\Python\Python314\site-packages\coinbase\rest\rest_base.py", line 207, in prepare_and_send_request
    return self.send_request(http_method, url_path, params, headers, data=data)
           ~~~~~~~~~~~~~~~~~^^^^^^^^^^^^^^^^^^^^^^^^^^^^^^^^^^^^^^^^^^^^^^^^^^^
  File "C:\Users\daroo\AppData\Roaming\Python\Python314\site-packages\coinbase\rest\rest_base.py", line 228, in send_request
    handle_exception(response)  # Raise an HTTPError for bad responses
    ~~~~~~~~~~~~~~~~^^^^^^^^^^
  File "C:\Users\daroo\AppData\Roaming\Python\Python314\site-packages\coinbase\rest\rest_base.py", line 47, in handle_exception
    raise HTTPError(http_error_msg, response=response)
requests.exceptions.HTTPError: 403 Client Error: Forbidden {"error":"PERMISSION_DENIED","error_details":"User does not have the correct permissions","message":"User does not have the correct permissions"}
2026-04-13 16:13:51 - coinbase.RESTClient - ERROR - HTTP Error: 403 Client Error: Forbidden {"error":"PERMISSION_DENIED","error_details":"User does not have the correct permissions","message":"User does not have the correct permissions"}
16:13:51 coinbase.RESTClient     ERROR | HTTP Error: 403 Client Error: Forbidden {"error":"PERMISSION_DENIED","error_details":"User does not have the correct permissions","message":"User does not have the correct permissions"}
2026-04-13 16:13:53 - coinbase.RESTClient - ERROR - HTTP Error: 403 Client Error: Forbidden {"error":"PERMISSION_DENIED","error_details":"User does not have the correct permissions","message":"User does not have the correct permissions"}
16:13:53 coinbase.RESTClient     ERROR | HTTP Error: 403 Client Error: Forbidden {"error":"PERMISSION_DENIED","error_details":"User does not have the correct permissions","message":"User does not have the correct permissions"}
16:13:53 backend.server.coinbase_order_manager  WARNING | CoinbaseOrderManager: COINBASE_INTX_PORTFOLIO_UUID invalid or list_perps failed — falling back to auto-discovery
Traceback (most recent call last):
  File "C:\Users\daroo\Desktop\Repos\tradingbot-1\backend\server\coinbase_order_manager.py", line 1668, in _discover_intx_portfolio_uuid
    await asyncio.to_thread(lambda: lp(forced))
  File "C:\Python314\Lib\asyncio\threads.py", line 25, in to_thread
    return await loop.run_in_executor(None, func_call)
           ^^^^^^^^^^^^^^^^^^^^^^^^^^^^^^^^^^^^^^^^^^^
  File "C:\Python314\Lib\concurrent\futures\thread.py", line 86, in run
    result = ctx.run(self.task)
  File "C:\Python314\Lib\concurrent\futures\thread.py", line 73, in run
    return fn(*args, **kwargs)
  File "C:\Users\daroo\Desktop\Repos\tradingbot-1\backend\server\coinbase_order_manager.py", line 1668, in <lambda>
    await asyncio.to_thread(lambda: lp(forced))
                                    ~~^^^^^^^^
  File "C:\Users\daroo\AppData\Roaming\Python\Python314\site-packages\coinbase\rest\perpetuals.py", line 92, in list_perps_positions
    return ListPerpetualsPositionsResponse(self.get(endpoint, **kwargs))
                                           ~~~~~~~~^^^^^^^^^^^^^^^^^^^^
  File "C:\Users\daroo\AppData\Roaming\Python\Python314\site-packages\coinbase\rest\rest_base.py", line 101, in get
    return self.prepare_and_send_request(
           ~~~~~~~~~~~~~~~~~~~~~~~~~~~~~^
        "GET", url_path, params, data=None, public=public
        ^^^^^^^^^^^^^^^^^^^^^^^^^^^^^^^^^^^^^^^^^^^^^^^^^
    )
    ^
  File "C:\Users\daroo\AppData\Roaming\Python\Python314\site-packages\coinbase\rest\rest_base.py", line 207, in prepare_and_send_request
    return self.send_request(http_method, url_path, params, headers, data=data)
           ~~~~~~~~~~~~~~~~~^^^^^^^^^^^^^^^^^^^^^^^^^^^^^^^^^^^^^^^^^^^^^^^^^^^
  File "C:\Users\daroo\AppData\Roaming\Python\Python314\site-packages\coinbase\rest\rest_base.py", line 228, in send_request
    handle_exception(response)  # Raise an HTTPError for bad responses
    ~~~~~~~~~~~~~~~~^^^^^^^^^^
  File "C:\Users\daroo\AppData\Roaming\Python\Python314\site-packages\coinbase\rest\rest_base.py", line 47, in handle_exception
    raise HTTPError(http_error_msg, response=response)
requests.exceptions.HTTPError: 403 Client Error: Forbidden {"error":"PERMISSION_DENIED","error_details":"User does not have the correct permissions","message":"User does not have the correct permissions"}
2026-04-13 16:13:53 - coinbase.RESTClient - ERROR - HTTP Error: 403 Client Error: Forbidden {"error":"PERMISSION_DENIED","error_details":"User does not have the correct permissions","message":"User does not have the correct permissions"}
16:13:53 coinbase.RESTClient     ERROR | HTTP Error: 403 Client Error: Forbidden {"error":"PERMISSION_DENIED","error_details":"User does not have the correct permissions","message":"User does not have the correct permissions"}
2026-04-13 16:13:55 - coinbase.RESTClient - ERROR - HTTP Error: 403 Client Error: Forbidden {"error":"PERMISSION_DENIED","error_details":"User does not have the correct permissions","message":"User does not have the correct permissions"}
16:13:55 coinbase.RESTClient     ERROR | HTTP Error: 403 Client Error: Forbidden {"error":"PERMISSION_DENIED","error_details":"User does not have the correct permissions","message":"User does not have the correct permissions"}
16:13:55 backend.server.coinbase_order_manager  WARNING | CoinbaseOrderManager: COINBASE_INTX_PORTFOLIO_UUID invalid or list_perps failed — falling back to auto-discovery
Traceback (most recent call last):
  File "C:\Users\daroo\Desktop\Repos\tradingbot-1\backend\server\coinbase_order_manager.py", line 1668, in _discover_intx_portfolio_uuid
    await asyncio.to_thread(lambda: lp(forced))
  File "C:\Python314\Lib\asyncio\threads.py", line 25, in to_thread
    return await loop.run_in_executor(None, func_call)
           ^^^^^^^^^^^^^^^^^^^^^^^^^^^^^^^^^^^^^^^^^^^
  File "C:\Python314\Lib\concurrent\futures\thread.py", line 86, in run
    result = ctx.run(self.task)
  File "C:\Python314\Lib\concurrent\futures\thread.py", line 73, in run
    return fn(*args, **kwargs)
  File "C:\Users\daroo\Desktop\Repos\tradingbot-1\backend\server\coinbase_order_manager.py", line 1668, in <lambda>
    await asyncio.to_thread(lambda: lp(forced))
                                    ~~^^^^^^^^
  File "C:\Users\daroo\AppData\Roaming\Python\Python314\site-packages\coinbase\rest\perpetuals.py", line 92, in list_perps_positions
    return ListPerpetualsPositionsResponse(self.get(endpoint, **kwargs))
                                           ~~~~~~~~^^^^^^^^^^^^^^^^^^^^
  File "C:\Users\daroo\AppData\Roaming\Python\Python314\site-packages\coinbase\rest\rest_base.py", line 101, in get
    return self.prepare_and_send_request(
           ~~~~~~~~~~~~~~~~~~~~~~~~~~~~~^
        "GET", url_path, params, data=None, public=public
        ^^^^^^^^^^^^^^^^^^^^^^^^^^^^^^^^^^^^^^^^^^^^^^^^^
    )
    ^
  File "C:\Users\daroo\AppData\Roaming\Python\Python314\site-packages\coinbase\rest\rest_base.py", line 207, in prepare_and_send_request
    return self.send_request(http_method, url_path, params, headers, data=data)
           ~~~~~~~~~~~~~~~~~^^^^^^^^^^^^^^^^^^^^^^^^^^^^^^^^^^^^^^^^^^^^^^^^^^^
  File "C:\Users\daroo\AppData\Roaming\Python\Python314\site-packages\coinbase\rest\rest_base.py", line 228, in send_request
    handle_exception(response)  # Raise an HTTPError for bad responses
    ~~~~~~~~~~~~~~~~^^^^^^^^^^
  File "C:\Users\daroo\AppData\Roaming\Python\Python314\site-packages\coinbase\rest\rest_base.py", line 47, in handle_exception
    raise HTTPError(http_error_msg, response=response)
requests.exceptions.HTTPError: 403 Client Error: Forbidden {"error":"PERMISSION_DENIED","error_details":"User does not have the correct permissions","message":"User does not have the correct permissions"}
2026-04-13 16:13:56 - coinbase.RESTClient - ERROR - HTTP Error: 403 Client Error: Forbidden {"error":"PERMISSION_DENIED","error_details":"User does not have the correct permissions","message":"User does not have the correct permissions"}
16:13:56 coinbase.RESTClient     ERROR | HTTP Error: 403 Client Error: Forbidden {"error":"PERMISSION_DENIED","error_details":"User does not have the correct permissions","message":"User does not have the correct permissions"}
2026-04-13 16:13:58 - coinbase.RESTClient - ERROR - HTTP Error: 403 Client Error: Forbidden {"error":"PERMISSION_DENIED","error_details":"User does not have the correct permissions","message":"User does not have the correct permissions"}
16:13:58 coinbase.RESTClient     ERROR | HTTP Error: 403 Client Error: Forbidden {"error":"PERMISSION_DENIED","error_details":"User does not have the correct permissions","message":"User does not have the correct permissions"}
16:13:58 backend.server.coinbase_order_manager  WARNING | CoinbaseOrderManager: COINBASE_INTX_PORTFOLIO_UUID invalid or list_perps failed — falling back to auto-discovery
Traceback (most recent call last):
  File "C:\Users\daroo\Desktop\Repos\tradingbot-1\backend\server\coinbase_order_manager.py", line 1668, in _discover_intx_portfolio_uuid
    forced = self._forced_intx_portfolio_uuid()
                ~~~~~~~~~~~~~~~~~~~~~~~~~~~~~^^
  File "C:\Python314\Lib\asyncio\threads.py", line 25, in to_thread
    return await loop.run_in_executor(None, func_call)
           ^^^^^^^^^^^^^^^^^^^^^^^^^^^^^^^^^^^^^^^^^^^
  File "C:\Python314\Lib\concurrent\futures\thread.py", line 86, in run
    result = ctx.run(self.task)
  File "C:\Python314\Lib\concurrent\futures\thread.py", line 73, in run
    return fn(*args, **kwargs)
  File "C:\Users\daroo\Desktop\Repos\tradingbot-1\backend\server\coinbase_order_manager.py", line 1668, in <lambda>
    forced = self._forced_intx_portfolio_uuid()
    
  File "C:\Users\daroo\AppData\Roaming\Python\Python314\site-packages\coinbase\rest\perpetuals.py", line 92, in list_perps_positions
    return ListPerpetualsPositionsResponse(self.get(endpoint, **kwargs))
                                           ~~~~~~~~^^^^^^^^^^^^^^^^^^^^
  File "C:\Users\daroo\AppData\Roaming\Python\Python314\site-packages\coinbase\rest\rest_base.py", line 101, in get
    return self.prepare_and_send_request(
           ~~~~~~~~~~~~~~~~~~~~~~~~~~~~~^
        "GET", url_path, params, data=None, public=public
        ^^^^^^^^^^^^^^^^^^^^^^^^^^^^^^^^^^^^^^^^^^^^^^^^^
    )
    ^
  File "C:\Users\daroo\AppData\Roaming\Python\Python314\site-packages\coinbase\rest\rest_base.py", line 207, in prepare_and_send_request
    return self.send_request(http_method, url_path, params, headers, data=data)
           ~~~~~~~~~~~~~~~~~^^^^^^^^^^^^^^^^^^^^^^^^^^^^^^^^^^^^^^^^^^^^^^^^^^^
  File "C:\Users\daroo\AppData\Roaming\Python\Python314\site-packages\coinbase\rest\rest_base.py", line 228, in send_request
    handle_exception(response)  # Raise an HTTPError for bad responses
    ~~~~~~~~~~~~~~~~^^^^^^^^^^
  File "C:\Users\daroo\AppData\Roaming\Python\Python314\site-packages\coinbase\rest\rest_base.py", line 47, in handle_exception
    raise HTTPError(http_error_msg, response=response)
requests.exceptions.HTTPError: 403 Client Error: Forbidden {"error":"PERMISSION_DENIED","error_details":"User does not have the correct permissions","message":"User does not have the correct permissions"}
2026-04-13 16:13:58 - coinbase.RESTClient - ERROR - HTTP Error: 403 Client Error: Forbidden {"error":"PERMISSION_DENIED","error_details":"User does not have the correct permissions","message":"User does not have the correct permissions"}
16:13:58 coinbase.RESTClient     ERROR | HTTP Error: 403 Client Error: Forbidden {"error":"PERMISSION_DENIED","error_details":"User does not have the correct permissions","message":"User does not have the correct permissions"}
2026-04-13 16:13:58 - coinbase.RESTClient - ERROR - HTTP Error: 403 Client Error: Forbidden {"error":"PERMISSION_DENIED","error_details":"User does not have the correct permissions","message":"User does not have the correct permissions"}
16:13:58 coinbase.RESTClient     ERROR | HTTP Error: 403 Client Error: Forbidden {"error":"PERMISSION_DENIED","error_details":"User does not have the correct permissions","message":"User does not have the correct permissions"}
16:13:58 backend.server.coinbase_order_manager  WARNING | CoinbaseOrderManager: COINBASE_INTX_PORTFOLIO_UUID invalid or list_perps failed — falling back to auto-discovery
Traceback (most recent call last):
  File "C:\Users\daroo\Desktop\Repos\tradingbot-1\backend\server\coinbase_order_manager.py", line 1668, in _discover_intx_portfolio_uuid
    forced = self._forced_intx_portfolio_uuid()
                ~~~~~~~~~~~~~~~~~~~~~~~~~~~~~^^
  File "C:\Python314\Lib\asyncio\threads.py", line 25, in to_thread
    return await loop.run_in_executor(None, func_call)
           ^^^^^^^^^^^^^^^^^^^^^^^^^^^^^^^^^^^^^^^^^^^
  File "C:\Python314\Lib\concurrent\futures\thread.py", line 86, in run
    result = ctx.run(self.task)
  File "C:\Python314\Lib\concurrent\futures\thread.py", line 73, in run
    return fn(*args, **kwargs)
  File "C:\Users\daroo\Desktop\Repos\tradingbot-1\backend\server\coinbase_order_manager.py", line 1668, in <lambda>
    forced = self._forced_intx_portfolio_uuid()
    
  File "C:\Users\daroo\AppData\Roaming\Python\Python314\site-packages\coinbase\rest\perpetuals.py", line 92, in list_perps_positions
    return ListPerpetualsPositionsResponse(self.get(endpoint, **kwargs))
                                           ~~~~~~~~^^^^^^^^^^^^^^^^^^^^
  File "C:\Users\daroo\AppData\Roaming\Python\Python314\site-packages\coinbase\rest\rest_base.py", line 101, in get
    return self.prepare_and_send_request(
           ~~~~~~~~~~~~~~~~~~~~~~~~~~~~~^
        "GET", url_path, params, data=None, public=public
        ^^^^^^^^^^^^^^^^^^^^^^^^^^^^^^^^^^^^^^^^^^^^^^^^^
    )
    ^
  File "C:\Users\daroo\AppData\Roaming\Python\Python314\site-packages\coinbase\rest\rest_base.py", line 207, in prepare_and_send_request
    return self.send_request(http_method, url_path, params, headers, data=data)
           ~~~~~~~~~~~~~~~~~^^^^^^^^^^^^^^^^^^^^^^^^^^^^^^^^^^^^^^^^^^^^^^^^^^^
  File "C:\Users\daroo\AppData\Roaming\Python\Python314\site-packages\coinbase\rest\rest_base.py", line 228, in send_request
    handle_exception(response)  # Raise an HTTPError for bad responses
    ~~~~~~~~~~~~~~~~^^^^^^^^^^
  File "C:\Users\daroo\AppData\Roaming\Python\Python314\site-packages\coinbase\rest\rest_base.py", line 47, in handle_exception
    raise HTTPError(http_error_msg, response=response)
requests.exceptions.HTTPError: 403 Client Error: Forbidden {"error":"PERMISSION_DENIED","error_details":"User does not have the correct permissions","message":"User does not have the correct permissions"}
2026-04-13 16:13:59 - coinbase.RESTClient - ERROR - HTTP Error: 403 Client Error: Forbidden {"error":"PERMISSION_DENIED","error_details":"User does not have the correct permissions","message":"User does not have the correct permissions"}
16:13:59 coinbase.RESTClient     ERROR | HTTP Error: 403 Client Error: Forbidden {"error":"PERMISSION_DENIED","error_details":"User does not have the correct permissions","message":"User does not have the correct permissions"}
2026-04-13 16:14:01 - coinbase.RESTClient - ERROR - HTTP Error: 403 Client Error: Forbidden {"error":"PERMISSION_DENIED","error_details":"User does not have the correct permissions","message":"User does not have the correct permissions"}
16:14:01 coinbase.RESTClient     ERROR | HTTP Error: 403 Client Error: Forbidden {"error":"PERMISSION_DENIED","error_details":"User does not have the correct permissions","message":"User does not have the correct permissions"}
16:14:01 backend.server.coinbase_order_manager  WARNING | CoinbaseOrderManager: COINBASE_INTX_PORTFOLIO_UUID invalid or list_perps failed — falling back to auto-discovery
Traceback (most recent call last):
  File "C:\Users\daroo\Desktop\Repos\tradingbot-1\backend\server\coinbase_order_manager.py", line 1668, in _discover_intx_portfolio_uuid
    forced = self._forced_intx_portfolio_uuid()
                ~~~~~~~~~~~~~~~~~~~~~~~~~~~~~^^
  File "C:\Python314\Lib\asyncio\threads.py", line 25, in to_thread
    return await loop.run_in_executor(None, func_call)
           ^^^^^^^^^^^^^^^^^^^^^^^^^^^^^^^^^^^^^^^^^^^
  File "C:\Python314\Lib\concurrent\futures\thread.py", line 86, in run
    result = ctx.run(self.task)
  File "C:\Python314\Lib\concurrent\futures\thread.py", line 73, in run
    return fn(*args, **kwargs)
  File "C:\Users\daroo\Desktop\Repos\tradingbot-1\backend\server\coinbase_order_manager.py", line 1668, in <lambda>
    forced = self._forced_intx_portfolio_uuid()
    
  File "C:\Users\daroo\AppData\Roaming\Python\Python314\site-packages\coinbase\rest\perpetuals.py", line 92, in list_perps_positions
    return ListPerpetualsPositionsResponse(self.get(endpoint, **kwargs))
                                           ~~~~~~~~^^^^^^^^^^^^^^^^^^^^
  File "C:\Users\daroo\AppData\Roaming\Python\Python314\site-packages\coinbase\rest\rest_base.py", line 101, in get
    return self.prepare_and_send_request(
           ~~~~~~~~~~~~~~~~~~~~~~~~~~~~~^
        "GET", url_path, params, data=None, public=public
        ^^^^^^^^^^^^^^^^^^^^^^^^^^^^^^^^^^^^^^^^^^^^^^^^^
    )
    ^
  File "C:\Users\daroo\AppData\Roaming\Python\Python314\site-packages\coinbase\rest\rest_base.py", line 207, in prepare_and_send_request
    return self.send_request(http_method, url_path, params, headers, data=data)
           ~~~~~~~~~~~~~~~~~^^^^^^^^^^^^^^^^^^^^^^^^^^^^^^^^^^^^^^^^^^^^^^^^^^^
  File "C:\Users\daroo\AppData\Roaming\Python\Python314\site-packages\coinbase\rest\rest_base.py", line 228, in send_request
    handle_exception(response)  # Raise an HTTPError for bad responses
    ~~~~~~~~~~~~~~~~^^^^^^^^^^
  File "C:\Users\daroo\AppData\Roaming\Python\Python314\site-packages\coinbase\rest\rest_base.py", line 47, in handle_exception
    raise HTTPError(http_error_msg, response=response)
requests.exceptions.HTTPError: 403 Client Error: Forbidden {"error":"PERMISSION_DENIED","error_details":"User does not have the correct permissions","message":"User does not have the correct permissions"}
2026-04-13 16:14:01 - coinbase.RESTClient - ERROR - HTTP Error: 403 Client Error: Forbidden {"error":"PERMISSION_DENIED","error_details":"User does not have the correct permissions","message":"User does not have the correct permissions"}
16:14:01 coinbase.RESTClient     ERROR | HTTP Error: 403 Client Error: Forbidden {"error":"PERMISSION_DENIED","error_details":"User does not have the correct permissions","message":"User does not have the correct permissions"}
2026-04-13 16:14:04 - coinbase.RESTClient - ERROR - HTTP Error: 403 Client Error: Forbidden {"error":"PERMISSION_DENIED","error_details":"User does not have the correct permissions","message":"User does not have the correct permissions"}
16:14:04 coinbase.RESTClient     ERROR | HTTP Error: 403 Client Error: Forbidden {"error":"PERMISSION_DENIED","error_details":"User does not have the correct permissions","message":"User does not have the correct permissions"}
16:14:04 backend.server.coinbase_order_manager  WARNING | CoinbaseOrderManager: COINBASE_INTX_PORTFOLIO_UUID invalid or list_perps failed — falling back to auto-discovery
Traceback (most recent call last):
  File "C:\Users\daroo\Desktop\Repos\tradingbot-1\backend\server\coinbase_order_manager.py", line 1668, in _discover_intx_portfolio_uuid
    self._intx_portfolio_uuid = uid
            ^^^^^^^^^^^^^^^^^^^^^^^
  File "C:\Python314\Lib\asyncio\threads.py", line 25, in to_thread
    return await loop.run_in_executor(None, func_call)
           ^^^^^^^^^^^^^^^^^^^^^^^^^^^^^^^^^^^^^^^^^^^
  File "C:\Python314\Lib\concurrent\futures\thread.py", line 86, in run
    result = ctx.run(self.task)
  File "C:\Python314\Lib\concurrent\futures\thread.py", line 73, in run
    return fn(*args, **kwargs)
  File "C:\Users\daroo\Desktop\Repos\tradingbot-1\backend\server\coinbase_order_manager.py", line 1668, in <lambda>
    self._intx_portfolio_uuid = uid
    
  File "C:\Users\daroo\AppData\Roaming\Python\Python314\site-packages\coinbase\rest\perpetuals.py", line 92, in list_perps_positions
    return ListPerpetualsPositionsResponse(self.get(endpoint, **kwargs))
                                           ~~~~~~~~^^^^^^^^^^^^^^^^^^^^
  File "C:\Users\daroo\AppData\Roaming\Python\Python314\site-packages\coinbase\rest\rest_base.py", line 101, in get
    return self.prepare_and_send_request(
           ~~~~~~~~~~~~~~~~~~~~~~~~~~~~~^
        "GET", url_path, params, data=None, public=public
        ^^^^^^^^^^^^^^^^^^^^^^^^^^^^^^^^^^^^^^^^^^^^^^^^^
    )
    ^
  File "C:\Users\daroo\AppData\Roaming\Python\Python314\site-packages\coinbase\rest\rest_base.py", line 207, in prepare_and_send_request
    return self.send_request(http_method, url_path, params, headers, data=data)
           ~~~~~~~~~~~~~~~~~^^^^^^^^^^^^^^^^^^^^^^^^^^^^^^^^^^^^^^^^^^^^^^^^^^^
  File "C:\Users\daroo\AppData\Roaming\Python\Python314\site-packages\coinbase\rest\rest_base.py", line 228, in send_request
    handle_exception(response)  # Raise an HTTPError for bad responses
    ~~~~~~~~~~~~~~~~^^^^^^^^^^
  File "C:\Users\daroo\AppData\Roaming\Python\Python314\site-packages\coinbase\rest\rest_base.py", line 47, in handle_exception
    raise HTTPError(http_error_msg, response=response)
requests.exceptions.HTTPError: 403 Client Error: Forbidden {"error":"PERMISSION_DENIED","error_details":"User does not have the correct permissions","message":"User does not have the correct permissions"}
2026-04-13 16:14:04 - coinbase.RESTClient - ERROR - HTTP Error: 403 Client Error: Forbidden {"error":"PERMISSION_DENIED","error_details":"User does not have the correct permissions","message":"User does not have the correct permissions"}
16:14:04 coinbase.RESTClient     ERROR | HTTP Error: 403 Client Error: Forbidden {"error":"PERMISSION_DENIED","error_details":"User does not have the correct permissions","message":"User does not have the correct permissions"}
2026-04-13 16:14:06 - coinbase.RESTClient - ERROR - HTTP Error: 403 Client Error: Forbidden {"error":"PERMISSION_DENIED","error_details":"User does not have the correct permissions","message":"User does not have the correct permissions"}
16:14:06 coinbase.RESTClient     ERROR | HTTP Error: 403 Client Error: Forbidden {"error":"PERMISSION_DENIED","error_details":"User does not have the correct permissions","message":"User does not have the correct permissions"}
16:14:06 backend.server.coinbase_order_manager  WARNING | CoinbaseOrderManager: COINBASE_INTX_PORTFOLIO_UUID invalid or list_perps failed — falling back to auto-discovery
Traceback (most recent call last):
  File "C:\Users\daroo\Desktop\Repos\tradingbot-1\backend\server\coinbase_order_manager.py", line 1668, in _discover_intx_portfolio_uuid
    self._intx_portfolio_uuid = uid
            ^^^^^^^^^^^^^^^^^^^^^^^
  File "C:\Python314\Lib\asyncio\threads.py", line 25, in to_thread
    return await loop.run_in_executor(None, func_call)
           ^^^^^^^^^^^^^^^^^^^^^^^^^^^^^^^^^^^^^^^^^^^
  File "C:\Python314\Lib\concurrent\futures\thread.py", line 86, in run
    result = ctx.run(self.task)
  File "C:\Python314\Lib\concurrent\futures\thread.py", line 73, in run
    return fn(*args, **kwargs)
  File "C:\Users\daroo\Desktop\Repos\tradingbot-1\backend\server\coinbase_order_manager.py", line 1668, in <lambda>
    self._intx_portfolio_uuid = uid
    
  File "C:\Users\daroo\AppData\Roaming\Python\Python314\site-packages\coinbase\rest\perpetuals.py", line 92, in list_perps_positions
    return ListPerpetualsPositionsResponse(self.get(endpoint, **kwargs))
                                           ~~~~~~~~^^^^^^^^^^^^^^^^^^^^
  File "C:\Users\daroo\AppData\Roaming\Python\Python314\site-packages\coinbase\rest\rest_base.py", line 101, in get
    return self.prepare_and_send_request(
           ~~~~~~~~~~~~~~~~~~~~~~~~~~~~~^
        "GET", url_path, params, data=None, public=public
        ^^^^^^^^^^^^^^^^^^^^^^^^^^^^^^^^^^^^^^^^^^^^^^^^^
    )
    ^
  File "C:\Users\daroo\AppData\Roaming\Python\Python314\site-packages\coinbase\rest\rest_base.py", line 207, in prepare_and_send_request
    return self.send_request(http_method, url_path, params, headers, data=data)
           ~~~~~~~~~~~~~~~~~^^^^^^^^^^^^^^^^^^^^^^^^^^^^^^^^^^^^^^^^^^^^^^^^^^^
  File "C:\Users\daroo\AppData\Roaming\Python\Python314\site-packages\coinbase\rest\rest_base.py", line 228, in send_request
    handle_exception(response)  # Raise an HTTPError for bad responses
    ~~~~~~~~~~~~~~~~^^^^^^^^^^
  File "C:\Users\daroo\AppData\Roaming\Python\Python314\site-packages\coinbase\rest\rest_base.py", line 47, in handle_exception
    raise HTTPError(http_error_msg, response=response)
requests.exceptions.HTTPError: 403 Client Error: Forbidden {"error":"PERMISSION_DENIED","error_details":"User does not have the correct permissions","message":"User does not have the correct permissions"}
2026-04-13 16:14:06 - coinbase.RESTClient - ERROR - HTTP Error: 403 Client Error: Forbidden {"error":"PERMISSION_DENIED","error_details":"User does not have the correct permissions","message":"User does not have the correct permissions"}
16:14:06 coinbase.RESTClient     ERROR | HTTP Error: 403 Client Error: Forbidden {"error":"PERMISSION_DENIED","error_details":"User does not have the correct permissions","message":"User does not have the correct permissions"}
2026-04-13 16:14:09 - coinbase.RESTClient - ERROR - HTTP Error: 403 Client Error: Forbidden {"error":"PERMISSION_DENIED","error_details":"User does not have the correct permissions","message":"User does not have the correct permissions"}
16:14:09 coinbase.RESTClient     ERROR | HTTP Error: 403 Client Error: Forbidden {"error":"PERMISSION_DENIED","error_details":"User does not have the correct permissions","message":"User does not have the correct permissions"}
16:14:09 backend.server.coinbase_order_manager  WARNING | CoinbaseOrderManager: COINBASE_INTX_PORTFOLIO_UUID invalid or list_perps failed — falling back to auto-discovery
Traceback (most recent call last):
  File "C:\Users\daroo\Desktop\Repos\tradingbot-1\backend\server\coinbase_order_manager.py", line 1668, in _discover_intx_portfolio_uuid
    self._intx_portfolio_uuid = uid
            ^^^^^^^^^^^^^^^^^^^^^^^
  File "C:\Python314\Lib\asyncio\threads.py", line 25, in to_thread
    return await loop.run_in_executor(None, func_call)
           ^^^^^^^^^^^^^^^^^^^^^^^^^^^^^^^^^^^^^^^^^^^
  File "C:\Python314\Lib\concurrent\futures\thread.py", line 86, in run
    result = ctx.run(self.task)
  File "C:\Python314\Lib\concurrent\futures\thread.py", line 73, in run
    return fn(*args, **kwargs)
  File "C:\Users\daroo\Desktop\Repos\tradingbot-1\backend\server\coinbase_order_manager.py", line 1668, in <lambda>
    self._intx_portfolio_uuid = uid
    
  File "C:\Users\daroo\AppData\Roaming\Python\Python314\site-packages\coinbase\rest\perpetuals.py", line 92, in list_perps_positions
    return ListPerpetualsPositionsResponse(self.get(endpoint, **kwargs))
                                           ~~~~~~~~^^^^^^^^^^^^^^^^^^^^
  File "C:\Users\daroo\AppData\Roaming\Python\Python314\site-packages\coinbase\rest\rest_base.py", line 101, in get
    return self.prepare_and_send_request(
           ~~~~~~~~~~~~~~~~~~~~~~~~~~~~~^
        "GET", url_path, params, data=None, public=public
        ^^^^^^^^^^^^^^^^^^^^^^^^^^^^^^^^^^^^^^^^^^^^^^^^^
    )
    ^
  File "C:\Users\daroo\AppData\Roaming\Python\Python314\site-packages\coinbase\rest\rest_base.py", line 207, in prepare_and_send_request
    return self.send_request(http_method, url_path, params, headers, data=data)
           ~~~~~~~~~~~~~~~~~^^^^^^^^^^^^^^^^^^^^^^^^^^^^^^^^^^^^^^^^^^^^^^^^^^^
  File "C:\Users\daroo\AppData\Roaming\Python\Python314\site-packages\coinbase\rest\rest_base.py", line 228, in send_request
    handle_exception(response)  # Raise an HTTPError for bad responses
    ~~~~~~~~~~~~~~~~^^^^^^^^^^
  File "C:\Users\daroo\AppData\Roaming\Python\Python314\site-packages\coinbase\rest\rest_base.py", line 47, in handle_exception
    raise HTTPError(http_error_msg, response=response)
requests.exceptions.HTTPError: 403 Client Error: Forbidden {"error":"PERMISSION_DENIED","error_details":"User does not have the correct permissions","message":"User does not have the correct permissions"}
2026-04-13 16:14:09 - coinbase.RESTClient - ERROR - HTTP Error: 403 Client Error: Forbidden {"error":"PERMISSION_DENIED","error_details":"User does not have the correct permissions","message":"User does not have the correct permissions"}
16:14:09 coinbase.RESTClient     ERROR | HTTP Error: 403 Client Error: Forbidden {"error":"PERMISSION_DENIED","error_details":"User does not have the correct permissions","message":"User does not have the correct permissions"}
2026-04-13 16:14:11 - coinbase.RESTClient - ERROR - HTTP Error: 403 Client Error: Forbidden {"error":"PERMISSION_DENIED","error_details":"User does not have the correct permissions","message":"User does not have the correct permissions"}
16:14:11 coinbase.RESTClient     ERROR | HTTP Error: 403 Client Error: Forbidden {"error":"PERMISSION_DENIED","error_details":"User does not have the correct permissions","message":"User does not have the correct permissions"}
16:14:11 backend.server.coinbase_order_manager  WARNING | CoinbaseOrderManager: COINBASE_INTX_PORTFOLIO_UUID invalid or list_perps failed — falling back to auto-discovery
Traceback (most recent call last):
  File "C:\Users\daroo\Desktop\Repos\tradingbot-1\backend\server\coinbase_order_manager.py", line 1668, in _discover_intx_portfolio_uuid
    self._intx_portfolio_uuid = uid
            ^^^^^^^^^^^^^^^^^^^^^^^
  File "C:\Python314\Lib\asyncio\threads.py", line 25, in to_thread
    return await loop.run_in_executor(None, func_call)
           ^^^^^^^^^^^^^^^^^^^^^^^^^^^^^^^^^^^^^^^^^^^
  File "C:\Python314\Lib\concurrent\futures\thread.py", line 86, in run
    result = ctx.run(self.task)
  File "C:\Python314\Lib\concurrent\futures\thread.py", line 73, in run
    return fn(*args, **kwargs)
  File "C:\Users\daroo\Desktop\Repos\tradingbot-1\backend\server\coinbase_order_manager.py", line 1668, in <lambda>
    self._intx_portfolio_uuid = uid
    
  File "C:\Users\daroo\AppData\Roaming\Python\Python314\site-packages\coinbase\rest\perpetuals.py", line 92, in list_perps_positions
    return ListPerpetualsPositionsResponse(self.get(endpoint, **kwargs))
                                           ~~~~~~~~^^^^^^^^^^^^^^^^^^^^
  File "C:\Users\daroo\AppData\Roaming\Python\Python314\site-packages\coinbase\rest\rest_base.py", line 101, in get
    return self.prepare_and_send_request(
           ~~~~~~~~~~~~~~~~~~~~~~~~~~~~~^
        "GET", url_path, params, data=None, public=public
        ^^^^^^^^^^^^^^^^^^^^^^^^^^^^^^^^^^^^^^^^^^^^^^^^^
    )
    ^
  File "C:\Users\daroo\AppData\Roaming\Python\Python314\site-packages\coinbase\rest\rest_base.py", line 207, in prepare_and_send_request
    return self.send_request(http_method, url_path, params, headers, data=data)
           ~~~~~~~~~~~~~~~~~^^^^^^^^^^^^^^^^^^^^^^^^^^^^^^^^^^^^^^^^^^^^^^^^^^^
  File "C:\Users\daroo\AppData\Roaming\Python\Python314\site-packages\coinbase\rest\rest_base.py", line 228, in send_request
    handle_exception(response)  # Raise an HTTPError for bad responses
    ~~~~~~~~~~~~~~~~^^^^^^^^^^
  File "C:\Users\daroo\AppData\Roaming\Python\Python314\site-packages\coinbase\rest\rest_base.py", line 47, in handle_exception
    raise HTTPError(http_error_msg, response=response)
requests.exceptions.HTTPError: 403 Client Error: Forbidden {"error":"PERMISSION_DENIED","error_details":"User does not have the correct permissions","message":"User does not have the correct permissions"}
2026-04-13 16:14:12 - coinbase.RESTClient - ERROR - HTTP Error: 403 Client Error: Forbidden {"error":"PERMISSION_DENIED","error_details":"User does not have the correct permissions","message":"User does not have the correct permissions"}
16:14:12 coinbase.RESTClient     ERROR | HTTP Error: 403 Client Error: Forbidden {"error":"PERMISSION_DENIED","error_details":"User does not have the correct permissions","message":"User does not have the correct permissions"}
2026-04-13 16:14:12 - coinbase.RESTClient - ERROR - HTTP Error: 403 Client Error: Forbidden {"error":"PERMISSION_DENIED","error_details":"User does not have the correct permissions","message":"User does not have the correct permissions"}
16:14:12 coinbase.RESTClient     ERROR | HTTP Error: 403 Client Error: Forbidden {"error":"PERMISSION_DENIED","error_details":"User does not have the correct permissions","message":"User does not have the correct permissions"}
16:14:12 backend.server.coinbase_order_manager  WARNING | CoinbaseOrderManager: COINBASE_INTX_PORTFOLIO_UUID invalid or list_perps failed — falling back to auto-discovery
Traceback (most recent call last):
  File "C:\Users\daroo\Desktop\Repos\tradingbot-1\backend\server\coinbase_order_manager.py", line 1668, in _discover_intx_portfolio_uuid
    self._intx_portfolio_uuid = uid
            ^^^^^^^^^^^^^^^^^^^^^^^
  File "C:\Python314\Lib\asyncio\threads.py", line 25, in to_thread
    return await loop.run_in_executor(None, func_call)
           ^^^^^^^^^^^^^^^^^^^^^^^^^^^^^^^^^^^^^^^^^^^
  File "C:\Python314\Lib\concurrent\futures\thread.py", line 86, in run
    result = ctx.run(self.task)
  File "C:\Python314\Lib\concurrent\futures\thread.py", line 73, in run
    return fn(*args, **kwargs)
  File "C:\Users\daroo\Desktop\Repos\tradingbot-1\backend\server\coinbase_order_manager.py", line 1668, in <lambda>
    self._intx_portfolio_uuid = uid
    
  File "C:\Users\daroo\AppData\Roaming\Python\Python314\site-packages\coinbase\rest\perpetuals.py", line 92, in list_perps_positions
    return ListPerpetualsPositionsResponse(self.get(endpoint, **kwargs))
                                           ~~~~~~~~^^^^^^^^^^^^^^^^^^^^
  File "C:\Users\daroo\AppData\Roaming\Python\Python314\site-packages\coinbase\rest\rest_base.py", line 101, in get
    return self.prepare_and_send_request(
           ~~~~~~~~~~~~~~~~~~~~~~~~~~~~~^
        "GET", url_path, params, data=None, public=public
        ^^^^^^^^^^^^^^^^^^^^^^^^^^^^^^^^^^^^^^^^^^^^^^^^^
    )
    ^
  File "C:\Users\daroo\AppData\Roaming\Python\Python314\site-packages\coinbase\rest\rest_base.py", line 207, in prepare_and_send_request
    return self.send_request(http_method, url_path, params, headers, data=data)
           ~~~~~~~~~~~~~~~~~^^^^^^^^^^^^^^^^^^^^^^^^^^^^^^^^^^^^^^^^^^^^^^^^^^^
  File "C:\Users\daroo\AppData\Roaming\Python\Python314\site-packages\coinbase\rest\rest_base.py", line 228, in send_request
    handle_exception(response)  # Raise an HTTPError for bad responses
    ~~~~~~~~~~~~~~~~^^^^^^^^^^
  File "C:\Users\daroo\AppData\Roaming\Python\Python314\site-packages\coinbase\rest\rest_base.py", line 47, in handle_exception
    raise HTTPError(http_error_msg, response=response)
requests.exceptions.HTTPError: 403 Client Error: Forbidden {"error":"PERMISSION_DENIED","error_details":"User does not have the correct permissions","message":"User does not have the correct permissions"}
2026-04-13 16:14:13 - coinbase.RESTClient - ERROR - HTTP Error: 403 Client Error: Forbidden {"error":"PERMISSION_DENIED","error_details":"User does not have the correct permissions","message":"User does not have the correct permissions"}
16:14:13 coinbase.RESTClient     ERROR | HTTP Error: 403 Client Error: Forbidden {"error":"PERMISSION_DENIED","error_details":"User does not have the correct permissions","message":"User does not have the correct permissions"}
2026-04-13 16:14:14 - coinbase.RESTClient - ERROR - HTTP Error: 403 Client Error: Forbidden {"error":"PERMISSION_DENIED","error_details":"User does not have the correct permissions","message":"User does not have the correct permissions"}
16:14:14 coinbase.RESTClient     ERROR | HTTP Error: 403 Client Error: Forbidden {"error":"PERMISSION_DENIED","error_details":"User does not have the correct permissions","message":"User does not have the correct permissions"}
16:14:14 backend.server.coinbase_order_manager  WARNING | CoinbaseOrderManager: COINBASE_INTX_PORTFOLIO_UUID invalid or list_perps failed — falling back to auto-discovery
Traceback (most recent call last):
  File "C:\Users\daroo\Desktop\Repos\tradingbot-1\backend\server\coinbase_order_manager.py", line 1668, in _discover_intx_portfolio_uuid
    self._intx_portfolio_uuid = uid
            ^^^^^^^^^^^^^^^^^^^^^^^
  File "C:\Python314\Lib\asyncio\threads.py", line 25, in to_thread
    return await loop.run_in_executor(None, func_call)
           ^^^^^^^^^^^^^^^^^^^^^^^^^^^^^^^^^^^^^^^^^^^
  File "C:\Python314\Lib\concurrent\futures\thread.py", line 86, in run
    result = ctx.run(self.task)
  File "C:\Python314\Lib\concurrent\futures\thread.py", line 73, in run
    return fn(*args, **kwargs)
  File "C:\Users\daroo\Desktop\Repos\tradingbot-1\backend\server\coinbase_order_manager.py", line 1668, in <lambda>
    self._intx_portfolio_uuid = uid
    
  File "C:\Users\daroo\AppData\Roaming\Python\Python314\site-packages\coinbase\rest\perpetuals.py", line 92, in list_perps_positions
    return ListPerpetualsPositionsResponse(self.get(endpoint, **kwargs))
                                           ~~~~~~~~^^^^^^^^^^^^^^^^^^^^
  File "C:\Users\daroo\AppData\Roaming\Python\Python314\site-packages\coinbase\rest\rest_base.py", line 101, in get
    return self.prepare_and_send_request(
           ~~~~~~~~~~~~~~~~~~~~~~~~~~~~~^
        "GET", url_path, params, data=None, public=public
        ^^^^^^^^^^^^^^^^^^^^^^^^^^^^^^^^^^^^^^^^^^^^^^^^^
    )
    ^
  File "C:\Users\daroo\AppData\Roaming\Python\Python314\site-packages\coinbase\rest\rest_base.py", line 207, in prepare_and_send_request
    return self.send_request(http_method, url_path, params, headers, data=data)
           ~~~~~~~~~~~~~~~~~^^^^^^^^^^^^^^^^^^^^^^^^^^^^^^^^^^^^^^^^^^^^^^^^^^^
  File "C:\Users\daroo\AppData\Roaming\Python\Python314\site-packages\coinbase\rest\rest_base.py", line 228, in send_request
    handle_exception(response)  # Raise an HTTPError for bad responses
    ~~~~~~~~~~~~~~~~^^^^^^^^^^
  File "C:\Users\daroo\AppData\Roaming\Python\Python314\site-packages\coinbase\rest\rest_base.py", line 47, in handle_exception
    raise HTTPError(http_error_msg, response=response)
requests.exceptions.HTTPError: 403 Client Error: Forbidden {"error":"PERMISSION_DENIED","error_details":"User does not have the correct permissions","message":"User does not have the correct permissions"}
2026-04-13 16:14:14 - coinbase.RESTClient - ERROR - HTTP Error: 403 Client Error: Forbidden {"error":"PERMISSION_DENIED","error_details":"User does not have the correct permissions","message":"User does not have the correct permissions"}
16:14:14 coinbase.RESTClient     ERROR | HTTP Error: 403 Client Error: Forbidden {"error":"PERMISSION_DENIED","error_details":"User does not have the correct permissions","message":"User does not have the correct permissions"}
2026-04-13 16:14:14 - coinbase.RESTClient - ERROR - HTTP Error: 403 Client Error: Forbidden {"error":"PERMISSION_DENIED","error_details":"User does not have the correct permissions","message":"User does not have the correct permissions"}
16:14:14 coinbase.RESTClient     ERROR | HTTP Error: 403 Client Error: Forbidden {"error":"PERMISSION_DENIED","error_details":"User does not have the correct permissions","message":"User does not have the correct permissions"}
16:14:14 backend.server.coinbase_order_manager  WARNING | CoinbaseOrderManager: COINBASE_INTX_PORTFOLIO_UUID invalid or list_perps failed — falling back to auto-discovery
Traceback (most recent call last):
  File "C:\Users\daroo\Desktop\Repos\tradingbot-1\backend\server\coinbase_order_manager.py", line 1668, in _discover_intx_portfolio_uuid
    self._intx_portfolio_uuid = uid
            ^^^^^^^^^^^^^^^^^^^^^^^
  File "C:\Python314\Lib\asyncio\threads.py", line 25, in to_thread
    return await loop.run_in_executor(None, func_call)
           ^^^^^^^^^^^^^^^^^^^^^^^^^^^^^^^^^^^^^^^^^^^
  File "C:\Python314\Lib\concurrent\futures\thread.py", line 86, in run
    result = ctx.run(self.task)
  File "C:\Python314\Lib\concurrent\futures\thread.py", line 73, in run
    return fn(*args, **kwargs)
  File "C:\Users\daroo\Desktop\Repos\tradingbot-1\backend\server\coinbase_order_manager.py", line 1668, in <lambda>
    self._intx_portfolio_uuid = uid
    
  File "C:\Users\daroo\AppData\Roaming\Python\Python314\site-packages\coinbase\rest\perpetuals.py", line 92, in list_perps_positions
    return ListPerpetualsPositionsResponse(self.get(endpoint, **kwargs))
                                           ~~~~~~~~^^^^^^^^^^^^^^^^^^^^
  File "C:\Users\daroo\AppData\Roaming\Python\Python314\site-packages\coinbase\rest\rest_base.py", line 101, in get
    return self.prepare_and_send_request(
           ~~~~~~~~~~~~~~~~~~~~~~~~~~~~~^
        "GET", url_path, params, data=None, public=public
        ^^^^^^^^^^^^^^^^^^^^^^^^^^^^^^^^^^^^^^^^^^^^^^^^^
    )
    ^
  File "C:\Users\daroo\AppData\Roaming\Python\Python314\site-packages\coinbase\rest\rest_base.py", line 207, in prepare_and_send_request
    return self.send_request(http_method, url_path, params, headers, data=data)
           ~~~~~~~~~~~~~~~~~^^^^^^^^^^^^^^^^^^^^^^^^^^^^^^^^^^^^^^^^^^^^^^^^^^^
  File "C:\Users\daroo\AppData\Roaming\Python\Python314\site-packages\coinbase\rest\rest_base.py", line 228, in send_request
    handle_exception(response)  # Raise an HTTPError for bad responses
    ~~~~~~~~~~~~~~~~^^^^^^^^^^
  File "C:\Users\daroo\AppData\Roaming\Python\Python314\site-packages\coinbase\rest\rest_base.py", line 47, in handle_exception
    raise HTTPError(http_error_msg, response=response)
requests.exceptions.HTTPError: 403 Client Error: Forbidden {"error":"PERMISSION_DENIED","error_details":"User does not have the correct permissions","message":"User does not have the correct permissions"}
2026-04-13 16:14:14 - coinbase.RESTClient - ERROR - HTTP Error: 403 Client Error: Forbidden {"error":"PERMISSION_DENIED","error_details":"User does not have the correct permissions","message":"User does not have the correct permissions"}
16:14:14 coinbase.RESTClient     ERROR | HTTP Error: 403 Client Error: Forbidden {"error":"PERMISSION_DENIED","error_details":"User does not have the correct permissions","message":"User does not have the correct permissions"}
2026-04-13 16:14:17 - coinbase.RESTClient - ERROR - HTTP Error: 403 Client Error: Forbidden {"error":"PERMISSION_DENIED","error_details":"User does not have the correct permissions","message":"User does not have the correct permissions"}
16:14:17 coinbase.RESTClient     ERROR | HTTP Error: 403 Client Error: Forbidden {"error":"PERMISSION_DENIED","error_details":"User does not have the correct permissions","message":"User does not have the correct permissions"}
16:14:17 backend.server.coinbase_order_manager  WARNING | CoinbaseOrderManager: COINBASE_INTX_PORTFOLIO_UUID invalid or list_perps failed — falling back to auto-discovery
Traceback (most recent call last):
  File "C:\Users\daroo\Desktop\Repos\tradingbot-1\backend\server\coinbase_order_manager.py", line 1668, in _discover_intx_portfolio_uuid
    self._intx_portfolio_uuid = uid
            ^^^^^^^^^^^^^^^^^^^^^^^
  File "C:\Python314\Lib\asyncio\threads.py", line 25, in to_thread
    return await loop.run_in_executor(None, func_call)
           ^^^^^^^^^^^^^^^^^^^^^^^^^^^^^^^^^^^^^^^^^^^
  File "C:\Python314\Lib\concurrent\futures\thread.py", line 86, in run
    result = ctx.run(self.task)
  File "C:\Python314\Lib\concurrent\futures\thread.py", line 73, in run
    return fn(*args, **kwargs)
  File "C:\Users\daroo\Desktop\Repos\tradingbot-1\backend\server\coinbase_order_manager.py", line 1668, in <lambda>
    self._intx_portfolio_uuid = uid
    
  File "C:\Users\daroo\AppData\Roaming\Python\Python314\site-packages\coinbase\rest\perpetuals.py", line 92, in list_perps_positions
    return ListPerpetualsPositionsResponse(self.get(endpoint, **kwargs))
                                           ~~~~~~~~^^^^^^^^^^^^^^^^^^^^
  File "C:\Users\daroo\AppData\Roaming\Python\Python314\site-packages\coinbase\rest\rest_base.py", line 101, in get
    return self.prepare_and_send_request(
           ~~~~~~~~~~~~~~~~~~~~~~~~~~~~~^
        "GET", url_path, params, data=None, public=public
        ^^^^^^^^^^^^^^^^^^^^^^^^^^^^^^^^^^^^^^^^^^^^^^^^^
    )
    ^
  File "C:\Users\daroo\AppData\Roaming\Python\Python314\site-packages\coinbase\rest\rest_base.py", line 207, in prepare_and_send_request
    return self.send_request(http_method, url_path, params, headers, data=data)
           ~~~~~~~~~~~~~~~~~^^^^^^^^^^^^^^^^^^^^^^^^^^^^^^^^^^^^^^^^^^^^^^^^^^^
  File "C:\Users\daroo\AppData\Roaming\Python\Python314\site-packages\coinbase\rest\rest_base.py", line 228, in send_request
    handle_exception(response)  # Raise an HTTPError for bad responses
    ~~~~~~~~~~~~~~~~^^^^^^^^^^
  File "C:\Users\daroo\AppData\Roaming\Python\Python314\site-packages\coinbase\rest\rest_base.py", line 47, in handle_exception
    raise HTTPError(http_error_msg, response=response)
requests.exceptions.HTTPError: 403 Client Error: Forbidden {"error":"PERMISSION_DENIED","error_details":"User does not have the correct permissions","message":"User does not have the correct permissions"}
2026-04-13 16:14:17 - coinbase.RESTClient - ERROR - HTTP Error: 403 Client Error: Forbidden {"error":"PERMISSION_DENIED","error_details":"User does not have the correct permissions","message":"User does not have the correct permissions"}
16:14:17 coinbase.RESTClient     ERROR | HTTP Error: 403 Client Error: Forbidden {"error":"PERMISSION_DENIED","error_details":"User does not have the correct permissions","message":"User does not have the correct permissions"}
2026-04-13 16:14:19 - coinbase.RESTClient - ERROR - HTTP Error: 403 Client Error: Forbidden {"error":"PERMISSION_DENIED","error_details":"User does not have the correct permissions","message":"User does not have the correct permissions"}
16:14:19 coinbase.RESTClient     ERROR | HTTP Error: 403 Client Error: Forbidden {"error":"PERMISSION_DENIED","error_details":"User does not have the correct permissions","message":"User does not have the correct permissions"}
16:14:19 backend.server.coinbase_order_manager  WARNING | CoinbaseOrderManager: COINBASE_INTX_PORTFOLIO_UUID invalid or list_perps failed — falling back to auto-discovery
Traceback (most recent call last):
  File "C:\Users\daroo\Desktop\Repos\tradingbot-1\backend\server\coinbase_order_manager.py", line 1668, in _discover_intx_portfolio_uuid
    self._intx_portfolio_uuid = uid
            ^^^^^^^^^^^^^^^^^^^^^^^
  File "C:\Python314\Lib\asyncio\threads.py", line 25, in to_thread
    return await loop.run_in_executor(None, func_call)
           ^^^^^^^^^^^^^^^^^^^^^^^^^^^^^^^^^^^^^^^^^^^
  File "C:\Python314\Lib\concurrent\futures\thread.py", line 86, in run
    result = ctx.run(self.task)
  File "C:\Python314\Lib\concurrent\futures\thread.py", line 73, in run
    return fn(*args, **kwargs)
  File "C:\Users\daroo\Desktop\Repos\tradingbot-1\backend\server\coinbase_order_manager.py", line 1668, in <lambda>
    self._intx_portfolio_uuid = uid
    
  File "C:\Users\daroo\AppData\Roaming\Python\Python314\site-packages\coinbase\rest\perpetuals.py", line 92, in list_perps_positions
    return ListPerpetualsPositionsResponse(self.get(endpoint, **kwargs))
                                           ~~~~~~~~^^^^^^^^^^^^^^^^^^^^
  File "C:\Users\daroo\AppData\Roaming\Python\Python314\site-packages\coinbase\rest\rest_base.py", line 101, in get
    return self.prepare_and_send_request(
           ~~~~~~~~~~~~~~~~~~~~~~~~~~~~~^
        "GET", url_path, params, data=None, public=public
        ^^^^^^^^^^^^^^^^^^^^^^^^^^^^^^^^^^^^^^^^^^^^^^^^^
    )
    ^
  File "C:\Users\daroo\AppData\Roaming\Python\Python314\site-packages\coinbase\rest\rest_base.py", line 207, in prepare_and_send_request
    return self.send_request(http_method, url_path, params, headers, data=data)
           ~~~~~~~~~~~~~~~~~^^^^^^^^^^^^^^^^^^^^^^^^^^^^^^^^^^^^^^^^^^^^^^^^^^^
  File "C:\Users\daroo\AppData\Roaming\Python\Python314\site-packages\coinbase\rest\rest_base.py", line 228, in send_request
    handle_exception(response)  # Raise an HTTPError for bad responses
    ~~~~~~~~~~~~~~~~^^^^^^^^^^
  File "C:\Users\daroo\AppData\Roaming\Python\Python314\site-packages\coinbase\rest\rest_base.py", line 47, in handle_exception
    raise HTTPError(http_error_msg, response=response)
requests.exceptions.HTTPError: 403 Client Error: Forbidden {"error":"PERMISSION_DENIED","error_details":"User does not have the correct permissions","message":"User does not have the correct permissions"}
2026-04-13 16:14:19 - coinbase.RESTClient - ERROR - HTTP Error: 403 Client Error: Forbidden {"error":"PERMISSION_DENIED","error_details":"User does not have the correct permissions","message":"User does not have the correct permissions"}
16:14:19 coinbase.RESTClient     ERROR | HTTP Error: 403 Client Error: Forbidden {"error":"PERMISSION_DENIED","error_details":"User does not have the correct permissions","message":"User does not have the correct permissions"}
2026-04-13 16:14:23 - coinbase.RESTClient - ERROR - HTTP Error: 403 Client Error: Forbidden {"error":"PERMISSION_DENIED","error_details":"User does not have the correct permissions","message":"User does not have the correct permissions"}
16:14:23 coinbase.RESTClient     ERROR | HTTP Error: 403 Client Error: Forbidden {"error":"PERMISSION_DENIED","error_details":"User does not have the correct permissions","message":"User does not have the correct permissions"}
16:14:23 backend.server.coinbase_order_manager  WARNING | CoinbaseOrderManager: COINBASE_INTX_PORTFOLIO_UUID invalid or list_perps failed — falling back to auto-discovery
Traceback (most recent call last):
  File "C:\Users\daroo\Desktop\Repos\tradingbot-1\backend\server\coinbase_order_manager.py", line 1668, in _discover_intx_portfolio_uuid
    self._intx_portfolio_uuid = uid
            ^^^^^^^^^^^^^^^^^^^^^^^
  File "C:\Python314\Lib\asyncio\threads.py", line 25, in to_thread
    return await loop.run_in_executor(None, func_call)
           ^^^^^^^^^^^^^^^^^^^^^^^^^^^^^^^^^^^^^^^^^^^
  File "C:\Python314\Lib\concurrent\futures\thread.py", line 86, in run
    result = ctx.run(self.task)
  File "C:\Python314\Lib\concurrent\futures\thread.py", line 73, in run
    return fn(*args, **kwargs)
  File "C:\Users\daroo\Desktop\Repos\tradingbot-1\backend\server\coinbase_order_manager.py", line 1668, in <lambda>
    self._intx_portfolio_uuid = uid
    
  File "C:\Users\daroo\AppData\Roaming\Python\Python314\site-packages\coinbase\rest\perpetuals.py", line 92, in list_perps_positions
    return ListPerpetualsPositionsResponse(self.get(endpoint, **kwargs))
                                           ~~~~~~~~^^^^^^^^^^^^^^^^^^^^
  File "C:\Users\daroo\AppData\Roaming\Python\Python314\site-packages\coinbase\rest\rest_base.py", line 101, in get
    return self.prepare_and_send_request(
           ~~~~~~~~~~~~~~~~~~~~~~~~~~~~~^
        "GET", url_path, params, data=None, public=public
        ^^^^^^^^^^^^^^^^^^^^^^^^^^^^^^^^^^^^^^^^^^^^^^^^^
    )
    ^
  File "C:\Users\daroo\AppData\Roaming\Python\Python314\site-packages\coinbase\rest\rest_base.py", line 207, in prepare_and_send_request
    return self.send_request(http_method, url_path, params, headers, data=data)
           ~~~~~~~~~~~~~~~~~^^^^^^^^^^^^^^^^^^^^^^^^^^^^^^^^^^^^^^^^^^^^^^^^^^^
  File "C:\Users\daroo\AppData\Roaming\Python\Python314\site-packages\coinbase\rest\rest_base.py", line 228, in send_request
    handle_exception(response)  # Raise an HTTPError for bad responses
    ~~~~~~~~~~~~~~~~^^^^^^^^^^
  File "C:\Users\daroo\AppData\Roaming\Python\Python314\site-packages\coinbase\rest\rest_base.py", line 47, in handle_exception
    raise HTTPError(http_error_msg, response=response)
requests.exceptions.HTTPError: 403 Client Error: Forbidden {"error":"PERMISSION_DENIED","error_details":"User does not have the correct permissions","message":"User does not have the correct permissions"}
2026-04-13 16:14:23 - coinbase.RESTClient - ERROR - HTTP Error: 403 Client Error: Forbidden {"error":"PERMISSION_DENIED","error_details":"User does not have the correct permissions","message":"User does not have the correct permissions"}
16:14:23 coinbase.RESTClient     ERROR | HTTP Error: 403 Client Error: Forbidden {"error":"PERMISSION_DENIED","error_details":"User does not have the correct permissions","message":"User does not have the correct permissions"}
2026-04-13 16:14:25 - coinbase.RESTClient - ERROR - HTTP Error: 403 Client Error: Forbidden {"error":"PERMISSION_DENIED","error_details":"User does not have the correct permissions","message":"User does not have the correct permissions"}
16:14:25 coinbase.RESTClient     ERROR | HTTP Error: 403 Client Error: Forbidden {"error":"PERMISSION_DENIED","error_details":"User does not have the correct permissions","message":"User does not have the correct permissions"}
16:14:25 backend.server.coinbase_order_manager  WARNING | CoinbaseOrderManager: COINBASE_INTX_PORTFOLIO_UUID invalid or list_perps failed — falling back to auto-discovery
Traceback (most recent call last):
  File "C:\Users\daroo\Desktop\Repos\tradingbot-1\backend\server\coinbase_order_manager.py", line 1668, in _discover_intx_portfolio_uuid
    self._intx_portfolio_uuid = uid
            ^^^^^^^^^^^^^^^^^^^^^^^
  File "C:\Python314\Lib\asyncio\threads.py", line 25, in to_thread
    return await loop.run_in_executor(None, func_call)
           ^^^^^^^^^^^^^^^^^^^^^^^^^^^^^^^^^^^^^^^^^^^
  File "C:\Python314\Lib\concurrent\futures\thread.py", line 86, in run
    result = ctx.run(self.task)
  File "C:\Python314\Lib\concurrent\futures\thread.py", line 73, in run
    return fn(*args, **kwargs)
  File "C:\Users\daroo\Desktop\Repos\tradingbot-1\backend\server\coinbase_order_manager.py", line 1668, in <lambda>
    self._intx_portfolio_uuid = uid
    
  File "C:\Users\daroo\AppData\Roaming\Python\Python314\site-packages\coinbase\rest\perpetuals.py", line 92, in list_perps_positions
    return ListPerpetualsPositionsResponse(self.get(endpoint, **kwargs))
                                           ~~~~~~~~^^^^^^^^^^^^^^^^^^^^
  File "C:\Users\daroo\AppData\Roaming\Python\Python314\site-packages\coinbase\rest\rest_base.py", line 101, in get
    return self.prepare_and_send_request(
           ~~~~~~~~~~~~~~~~~~~~~~~~~~~~~^
        "GET", url_path, params, data=None, public=public
        ^^^^^^^^^^^^^^^^^^^^^^^^^^^^^^^^^^^^^^^^^^^^^^^^^
    )
    ^
  File "C:\Users\daroo\AppData\Roaming\Python\Python314\site-packages\coinbase\rest\rest_base.py", line 207, in prepare_and_send_request
    return self.send_request(http_method, url_path, params, headers, data=data)
           ~~~~~~~~~~~~~~~~~^^^^^^^^^^^^^^^^^^^^^^^^^^^^^^^^^^^^^^^^^^^^^^^^^^^
  File "C:\Users\daroo\AppData\Roaming\Python\Python314\site-packages\coinbase\rest\rest_base.py", line 228, in send_request
    handle_exception(response)  # Raise an HTTPError for bad responses
    ~~~~~~~~~~~~~~~~^^^^^^^^^^
  File "C:\Users\daroo\AppData\Roaming\Python\Python314\site-packages\coinbase\rest\rest_base.py", line 47, in handle_exception
    raise HTTPError(http_error_msg, response=response)
requests.exceptions.HTTPError: 403 Client Error: Forbidden {"error":"PERMISSION_DENIED","error_details":"User does not have the correct permissions","message":"User does not have the correct permissions"}
2026-04-13 16:14:26 - coinbase.RESTClient - ERROR - HTTP Error: 403 Client Error: Forbidden {"error":"PERMISSION_DENIED","error_details":"User does not have the correct permissions","message":"User does not have the correct permissions"}
16:14:26 coinbase.RESTClient     ERROR | HTTP Error: 403 Client Error: Forbidden {"error":"PERMISSION_DENIED","error_details":"User does not have the correct permissions","message":"User does not have the correct permissions"}
2026-04-13 16:14:28 - coinbase.RESTClient - ERROR - HTTP Error: 403 Client Error: Forbidden {"error":"PERMISSION_DENIED","error_details":"User does not have the correct permissions","message":"User does not have the correct permissions"}
16:14:28 coinbase.RESTClient     ERROR | HTTP Error: 403 Client Error: Forbidden {"error":"PERMISSION_DENIED","error_details":"User does not have the correct permissions","message":"User does not have the correct permissions"}
16:14:28 backend.server.coinbase_order_manager  WARNING | CoinbaseOrderManager: COINBASE_INTX_PORTFOLIO_UUID invalid or list_perps failed — falling back to auto-discovery
Traceback (most recent call last):
  File "C:\Users\daroo\Desktop\Repos\tradingbot-1\backend\server\coinbase_order_manager.py", line 1668, in _discover_intx_portfolio_uuid
    if uid:
    
  File "C:\Python314\Lib\asyncio\threads.py", line 25, in to_thread
    return await loop.run_in_executor(None, func_call)
           ^^^^^^^^^^^^^^^^^^^^^^^^^^^^^^^^^^^^^^^^^^^
  File "C:\Python314\Lib\concurrent\futures\thread.py", line 86, in run
    result = ctx.run(self.task)
  File "C:\Python314\Lib\concurrent\futures\thread.py", line 73, in run
    return fn(*args, **kwargs)
  File "C:\Users\daroo\Desktop\Repos\tradingbot-1\backend\server\coinbase_order_manager.py", line 1668, in <lambda>
    if uid:
    
  File "C:\Users\daroo\AppData\Roaming\Python\Python314\site-packages\coinbase\rest\perpetuals.py", line 92, in list_perps_positions
    return ListPerpetualsPositionsResponse(self.get(endpoint, **kwargs))
                                           ~~~~~~~~^^^^^^^^^^^^^^^^^^^^
  File "C:\Users\daroo\AppData\Roaming\Python\Python314\site-packages\coinbase\rest\rest_base.py", line 101, in get
    return self.prepare_and_send_request(
           ~~~~~~~~~~~~~~~~~~~~~~~~~~~~~^
        "GET", url_path, params, data=None, public=public
        ^^^^^^^^^^^^^^^^^^^^^^^^^^^^^^^^^^^^^^^^^^^^^^^^^
    )
    ^
  File "C:\Users\daroo\AppData\Roaming\Python\Python314\site-packages\coinbase\rest\rest_base.py", line 207, in prepare_and_send_request
    return self.send_request(http_method, url_path, params, headers, data=data)
           ~~~~~~~~~~~~~~~~~^^^^^^^^^^^^^^^^^^^^^^^^^^^^^^^^^^^^^^^^^^^^^^^^^^^
  File "C:\Users\daroo\AppData\Roaming\Python\Python314\site-packages\coinbase\rest\rest_base.py", line 228, in send_request
    handle_exception(response)  # Raise an HTTPError for bad responses
    ~~~~~~~~~~~~~~~~^^^^^^^^^^
  File "C:\Users\daroo\AppData\Roaming\Python\Python314\site-packages\coinbase\rest\rest_base.py", line 47, in handle_exception
    raise HTTPError(http_error_msg, response=response)
requests.exceptions.HTTPError: 403 Client Error: Forbidden {"error":"PERMISSION_DENIED","error_details":"User does not have the correct permissions","message":"User does not have the correct permissions"}
2026-04-13 16:14:28 - coinbase.RESTClient - ERROR - HTTP Error: 403 Client Error: Forbidden {"error":"PERMISSION_DENIED","error_details":"User does not have the correct permissions","message":"User does not have the correct permissions"}
16:14:28 coinbase.RESTClient     ERROR | HTTP Error: 403 Client Error: Forbidden {"error":"PERMISSION_DENIED","error_details":"User does not have the correct permissions","message":"User does not have the correct permissions"}
2026-04-13 16:14:30 - coinbase.RESTClient - ERROR - HTTP Error: 403 Client Error: Forbidden {"error":"PERMISSION_DENIED","error_details":"User does not have the correct permissions","message":"User does not have the correct permissions"}
16:14:30 coinbase.RESTClient     ERROR | HTTP Error: 403 Client Error: Forbidden {"error":"PERMISSION_DENIED","error_details":"User does not have the correct permissions","message":"User does not have the correct permissions"}
16:14:30 backend.server.coinbase_order_manager  WARNING | CoinbaseOrderManager: COINBASE_INTX_PORTFOLIO_UUID invalid or list_perps failed — falling back to auto-discovery
Traceback (most recent call last):
  File "C:\Users\daroo\Desktop\Repos\tradingbot-1\backend\server\coinbase_order_manager.py", line 1668, in _discover_intx_portfolio_uuid
    if uid:
    
  File "C:\Python314\Lib\asyncio\threads.py", line 25, in to_thread
    return await loop.run_in_executor(None, func_call)
           ^^^^^^^^^^^^^^^^^^^^^^^^^^^^^^^^^^^^^^^^^^^
  File "C:\Python314\Lib\concurrent\futures\thread.py", line 86, in run
    result = ctx.run(self.task)
  File "C:\Python314\Lib\concurrent\futures\thread.py", line 73, in run
    return fn(*args, **kwargs)
  File "C:\Users\daroo\Desktop\Repos\tradingbot-1\backend\server\coinbase_order_manager.py", line 1668, in <lambda>
    if uid:
    
  File "C:\Users\daroo\AppData\Roaming\Python\Python314\site-packages\coinbase\rest\perpetuals.py", line 92, in list_perps_positions
    return ListPerpetualsPositionsResponse(self.get(endpoint, **kwargs))
                                           ~~~~~~~~^^^^^^^^^^^^^^^^^^^^
  File "C:\Users\daroo\AppData\Roaming\Python\Python314\site-packages\coinbase\rest\rest_base.py", line 101, in get
    return self.prepare_and_send_request(
           ~~~~~~~~~~~~~~~~~~~~~~~~~~~~~^
        "GET", url_path, params, data=None, public=public
        ^^^^^^^^^^^^^^^^^^^^^^^^^^^^^^^^^^^^^^^^^^^^^^^^^
    )
    ^
  File "C:\Users\daroo\AppData\Roaming\Python\Python314\site-packages\coinbase\rest\rest_base.py", line 207, in prepare_and_send_request
    return self.send_request(http_method, url_path, params, headers, data=data)
           ~~~~~~~~~~~~~~~~~^^^^^^^^^^^^^^^^^^^^^^^^^^^^^^^^^^^^^^^^^^^^^^^^^^^
  File "C:\Users\daroo\AppData\Roaming\Python\Python314\site-packages\coinbase\rest\rest_base.py", line 228, in send_request
    handle_exception(response)  # Raise an HTTPError for bad responses
    ~~~~~~~~~~~~~~~~^^^^^^^^^^
  File "C:\Users\daroo\AppData\Roaming\Python\Python314\site-packages\coinbase\rest\rest_base.py", line 47, in handle_exception
    raise HTTPError(http_error_msg, response=response)
requests.exceptions.HTTPError: 403 Client Error: Forbidden {"error":"PERMISSION_DENIED","error_details":"User does not have the correct permissions","message":"User does not have the correct permissions"}
2026-04-13 16:14:31 - coinbase.RESTClient - ERROR - HTTP Error: 403 Client Error: Forbidden {"error":"PERMISSION_DENIED","error_details":"User does not have the correct permissions","message":"User does not have the correct permissions"}
16:14:31 coinbase.RESTClient     ERROR | HTTP Error: 403 Client Error: Forbidden {"error":"PERMISSION_DENIED","error_details":"User does not have the correct permissions","message":"User does not have the correct permissions"}
2026-04-13 16:14:31 - coinbase.RESTClient - ERROR - HTTP Error: 403 Client Error: Forbidden {"error":"PERMISSION_DENIED","error_details":"User does not have the correct permissions","message":"User does not have the correct permissions"}
16:14:31 coinbase.RESTClient     ERROR | HTTP Error: 403 Client Error: Forbidden {"error":"PERMISSION_DENIED","error_details":"User does not have the correct permissions","message":"User does not have the correct permissions"}
16:14:31 backend.server.coinbase_order_manager  WARNING | CoinbaseOrderManager: COINBASE_INTX_PORTFOLIO_UUID invalid or list_perps failed — falling back to auto-discovery
Traceback (most recent call last):
  File "C:\Users\daroo\Desktop\Repos\tradingbot-1\backend\server\coinbase_order_manager.py", line 1668, in _discover_intx_portfolio_uuid
    if uid:
    
  File "C:\Python314\Lib\asyncio\threads.py", line 25, in to_thread
    return await loop.run_in_executor(None, func_call)
           ^^^^^^^^^^^^^^^^^^^^^^^^^^^^^^^^^^^^^^^^^^^
  File "C:\Python314\Lib\concurrent\futures\thread.py", line 86, in run
    result = ctx.run(self.task)
  File "C:\Python314\Lib\concurrent\futures\thread.py", line 73, in run
    return fn(*args, **kwargs)
  File "C:\Users\daroo\Desktop\Repos\tradingbot-1\backend\server\coinbase_order_manager.py", line 1668, in <lambda>
    if uid:
    
  File "C:\Users\daroo\AppData\Roaming\Python\Python314\site-packages\coinbase\rest\perpetuals.py", line 92, in list_perps_positions
    return ListPerpetualsPositionsResponse(self.get(endpoint, **kwargs))
                                           ~~~~~~~~^^^^^^^^^^^^^^^^^^^^
  File "C:\Users\daroo\AppData\Roaming\Python\Python314\site-packages\coinbase\rest\rest_base.py", line 101, in get
    return self.prepare_and_send_request(
           ~~~~~~~~~~~~~~~~~~~~~~~~~~~~~^
        "GET", url_path, params, data=None, public=public
        ^^^^^^^^^^^^^^^^^^^^^^^^^^^^^^^^^^^^^^^^^^^^^^^^^
    )
    ^
  File "C:\Users\daroo\AppData\Roaming\Python\Python314\site-packages\coinbase\rest\rest_base.py", line 207, in prepare_and_send_request
    return self.send_request(http_method, url_path, params, headers, data=data)
           ~~~~~~~~~~~~~~~~~^^^^^^^^^^^^^^^^^^^^^^^^^^^^^^^^^^^^^^^^^^^^^^^^^^^
  File "C:\Users\daroo\AppData\Roaming\Python\Python314\site-packages\coinbase\rest\rest_base.py", line 228, in send_request
    handle_exception(response)  # Raise an HTTPError for bad responses
    ~~~~~~~~~~~~~~~~^^^^^^^^^^
  File "C:\Users\daroo\AppData\Roaming\Python\Python314\site-packages\coinbase\rest\rest_base.py", line 47, in handle_exception
    raise HTTPError(http_error_msg, response=response)
requests.exceptions.HTTPError: 403 Client Error: Forbidden {"error":"PERMISSION_DENIED","error_details":"User does not have the correct permissions","message":"User does not have the correct permissions"}
2026-04-13 16:14:31 - coinbase.RESTClient - ERROR - HTTP Error: 403 Client Error: Forbidden {"error":"PERMISSION_DENIED","error_details":"User does not have the correct permissions","message":"User does not have the correct permissions"}
16:14:31 coinbase.RESTClient     ERROR | HTTP Error: 403 Client Error: Forbidden {"error":"PERMISSION_DENIED","error_details":"User does not have the correct permissions","message":"User does not have the correct permissions"}
2026-04-13 16:14:33 - coinbase.RESTClient - ERROR - HTTP Error: 403 Client Error: Forbidden {"error":"PERMISSION_DENIED","error_details":"User does not have the correct permissions","message":"User does not have the correct permissions"}
16:14:33 coinbase.RESTClient     ERROR | HTTP Error: 403 Client Error: Forbidden {"error":"PERMISSION_DENIED","error_details":"User does not have the correct permissions","message":"User does not have the correct permissions"}
16:14:33 backend.server.coinbase_order_manager  WARNING | CoinbaseOrderManager: COINBASE_INTX_PORTFOLIO_UUID invalid or list_perps failed — falling back to auto-discovery
Traceback (most recent call last):
  File "C:\Users\daroo\Desktop\Repos\tradingbot-1\backend\server\coinbase_order_manager.py", line 1668, in _discover_intx_portfolio_uuid
    if uid:
    
  File "C:\Python314\Lib\asyncio\threads.py", line 25, in to_thread
    return await loop.run_in_executor(None, func_call)
           ^^^^^^^^^^^^^^^^^^^^^^^^^^^^^^^^^^^^^^^^^^^
  File "C:\Python314\Lib\concurrent\futures\thread.py", line 86, in run
    result = ctx.run(self.task)
  File "C:\Python314\Lib\concurrent\futures\thread.py", line 73, in run
    return fn(*args, **kwargs)
  File "C:\Users\daroo\Desktop\Repos\tradingbot-1\backend\server\coinbase_order_manager.py", line 1668, in <lambda>
    if uid:
    
  File "C:\Users\daroo\AppData\Roaming\Python\Python314\site-packages\coinbase\rest\perpetuals.py", line 92, in list_perps_positions
    return ListPerpetualsPositionsResponse(self.get(endpoint, **kwargs))
                                           ~~~~~~~~^^^^^^^^^^^^^^^^^^^^
  File "C:\Users\daroo\AppData\Roaming\Python\Python314\site-packages\coinbase\rest\rest_base.py", line 101, in get
    return self.prepare_and_send_request(
           ~~~~~~~~~~~~~~~~~~~~~~~~~~~~~^
        "GET", url_path, params, data=None, public=public
        ^^^^^^^^^^^^^^^^^^^^^^^^^^^^^^^^^^^^^^^^^^^^^^^^^
    )
    ^
  File "C:\Users\daroo\AppData\Roaming\Python\Python314\site-packages\coinbase\rest\rest_base.py", line 207, in prepare_and_send_request
    return self.send_request(http_method, url_path, params, headers, data=data)
           ~~~~~~~~~~~~~~~~~^^^^^^^^^^^^^^^^^^^^^^^^^^^^^^^^^^^^^^^^^^^^^^^^^^^
  File "C:\Users\daroo\AppData\Roaming\Python\Python314\site-packages\coinbase\rest\rest_base.py", line 228, in send_request
    handle_exception(response)  # Raise an HTTPError for bad responses
    ~~~~~~~~~~~~~~~~^^^^^^^^^^
  File "C:\Users\daroo\AppData\Roaming\Python\Python314\site-packages\coinbase\rest\rest_base.py", line 47, in handle_exception
    raise HTTPError(http_error_msg, response=response)
requests.exceptions.HTTPError: 403 Client Error: Forbidden {"error":"PERMISSION_DENIED","error_details":"User does not have the correct permissions","message":"User does not have the correct permissions"}
2026-04-13 16:14:34 - coinbase.RESTClient - ERROR - HTTP Error: 403 Client Error: Forbidden {"error":"PERMISSION_DENIED","error_details":"User does not have the correct permissions","message":"User does not have the correct permissions"}
16:14:34 coinbase.RESTClient     ERROR | HTTP Error: 403 Client Error: Forbidden {"error":"PERMISSION_DENIED","error_details":"User does not have the correct permissions","message":"User does not have the correct permissions"}
2026-04-13 16:14:36 - coinbase.RESTClient - ERROR - HTTP Error: 403 Client Error: Forbidden {"error":"PERMISSION_DENIED","error_details":"User does not have the correct permissions","message":"User does not have the correct permissions"}
16:14:36 coinbase.RESTClient     ERROR | HTTP Error: 403 Client Error: Forbidden {"error":"PERMISSION_DENIED","error_details":"User does not have the correct permissions","message":"User does not have the correct permissions"}
16:14:36 backend.server.coinbase_order_manager  WARNING | CoinbaseOrderManager: COINBASE_INTX_PORTFOLIO_UUID invalid or list_perps failed — falling back to auto-discovery
Traceback (most recent call last):
  File "C:\Users\daroo\Desktop\Repos\tradingbot-1\backend\server\coinbase_order_manager.py", line 1668, in _discover_intx_portfolio_uuid
    if uid:
    
  File "C:\Python314\Lib\asyncio\threads.py", line 25, in to_thread
    return await loop.run_in_executor(None, func_call)
           ^^^^^^^^^^^^^^^^^^^^^^^^^^^^^^^^^^^^^^^^^^^
  File "C:\Python314\Lib\concurrent\futures\thread.py", line 86, in run
    result = ctx.run(self.task)
  File "C:\Python314\Lib\concurrent\futures\thread.py", line 73, in run
    return fn(*args, **kwargs)
  File "C:\Users\daroo\Desktop\Repos\tradingbot-1\backend\server\coinbase_order_manager.py", line 1668, in <lambda>
    if uid:
    
  File "C:\Users\daroo\AppData\Roaming\Python\Python314\site-packages\coinbase\rest\perpetuals.py", line 92, in list_perps_positions
    return ListPerpetualsPositionsResponse(self.get(endpoint, **kwargs))
                                           ~~~~~~~~^^^^^^^^^^^^^^^^^^^^
  File "C:\Users\daroo\AppData\Roaming\Python\Python314\site-packages\coinbase\rest\rest_base.py", line 101, in get
    return self.prepare_and_send_request(
           ~~~~~~~~~~~~~~~~~~~~~~~~~~~~~^
        "GET", url_path, params, data=None, public=public
        ^^^^^^^^^^^^^^^^^^^^^^^^^^^^^^^^^^^^^^^^^^^^^^^^^
    )
    ^
  File "C:\Users\daroo\AppData\Roaming\Python\Python314\site-packages\coinbase\rest\rest_base.py", line 207, in prepare_and_send_request
    return self.send_request(http_method, url_path, params, headers, data=data)
           ~~~~~~~~~~~~~~~~~^^^^^^^^^^^^^^^^^^^^^^^^^^^^^^^^^^^^^^^^^^^^^^^^^^^
  File "C:\Users\daroo\AppData\Roaming\Python\Python314\site-packages\coinbase\rest\rest_base.py", line 228, in send_request
    handle_exception(response)  # Raise an HTTPError for bad responses
    ~~~~~~~~~~~~~~~~^^^^^^^^^^
  File "C:\Users\daroo\AppData\Roaming\Python\Python314\site-packages\coinbase\rest\rest_base.py", line 47, in handle_exception
    raise HTTPError(http_error_msg, response=response)
requests.exceptions.HTTPError: 403 Client Error: Forbidden {"error":"PERMISSION_DENIED","error_details":"User does not have the correct permissions","message":"User does not have the correct permissions"}
2026-04-13 16:14:36 - coinbase.RESTClient - ERROR - HTTP Error: 403 Client Error: Forbidden {"error":"PERMISSION_DENIED","error_details":"User does not have the correct permissions","message":"User does not have the correct permissions"}
16:14:36 coinbase.RESTClient     ERROR | HTTP Error: 403 Client Error: Forbidden {"error":"PERMISSION_DENIED","error_details":"User does not have the correct permissions","message":"User does not have the correct permissions"}
2026-04-13 16:14:39 - coinbase.RESTClient - ERROR - HTTP Error: 403 Client Error: Forbidden {"error":"PERMISSION_DENIED","error_details":"User does not have the correct permissions","message":"User does not have the correct permissions"}
16:14:39 coinbase.RESTClient     ERROR | HTTP Error: 403 Client Error: Forbidden {"error":"PERMISSION_DENIED","error_details":"User does not have the correct permissions","message":"User does not have the correct permissions"}
16:14:39 backend.server.coinbase_order_manager  WARNING | CoinbaseOrderManager: COINBASE_INTX_PORTFOLIO_UUID invalid or list_perps failed — falling back to auto-discovery
Traceback (most recent call last):
  File "C:\Users\daroo\Desktop\Repos\tradingbot-1\backend\server\coinbase_order_manager.py", line 1668, in _discover_intx_portfolio_uuid
    if uid:
    
  File "C:\Python314\Lib\asyncio\threads.py", line 25, in to_thread
    return await loop.run_in_executor(None, func_call)
           ^^^^^^^^^^^^^^^^^^^^^^^^^^^^^^^^^^^^^^^^^^^
  File "C:\Python314\Lib\concurrent\futures\thread.py", line 86, in run
    result = ctx.run(self.task)
  File "C:\Python314\Lib\concurrent\futures\thread.py", line 73, in run
    return fn(*args, **kwargs)
  File "C:\Users\daroo\Desktop\Repos\tradingbot-1\backend\server\coinbase_order_manager.py", line 1668, in <lambda>
    if uid:
    
  File "C:\Users\daroo\AppData\Roaming\Python\Python314\site-packages\coinbase\rest\perpetuals.py", line 92, in list_perps_positions
    return ListPerpetualsPositionsResponse(self.get(endpoint, **kwargs))
                                           ~~~~~~~~^^^^^^^^^^^^^^^^^^^^
  File "C:\Users\daroo\AppData\Roaming\Python\Python314\site-packages\coinbase\rest\rest_base.py", line 101, in get
    return self.prepare_and_send_request(
           ~~~~~~~~~~~~~~~~~~~~~~~~~~~~~^
        "GET", url_path, params, data=None, public=public
        ^^^^^^^^^^^^^^^^^^^^^^^^^^^^^^^^^^^^^^^^^^^^^^^^^
    )
    ^
  File "C:\Users\daroo\AppData\Roaming\Python\Python314\site-packages\coinbase\rest\rest_base.py", line 207, in prepare_and_send_request
    return self.send_request(http_method, url_path, params, headers, data=data)
           ~~~~~~~~~~~~~~~~~^^^^^^^^^^^^^^^^^^^^^^^^^^^^^^^^^^^^^^^^^^^^^^^^^^^
  File "C:\Users\daroo\AppData\Roaming\Python\Python314\site-packages\coinbase\rest\rest_base.py", line 228, in send_request
    handle_exception(response)  # Raise an HTTPError for bad responses
    ~~~~~~~~~~~~~~~~^^^^^^^^^^
  File "C:\Users\daroo\AppData\Roaming\Python\Python314\site-packages\coinbase\rest\rest_base.py", line 47, in handle_exception
    raise HTTPError(http_error_msg, response=response)
requests.exceptions.HTTPError: 403 Client Error: Forbidden {"error":"PERMISSION_DENIED","error_details":"User does not have the correct permissions","message":"User does not have the correct permissions"}
2026-04-13 16:14:39 - coinbase.RESTClient - ERROR - HTTP Error: 403 Client Error: Forbidden {"error":"PERMISSION_DENIED","error_details":"User does not have the correct permissions","message":"User does not have the correct permissions"}
16:14:39 coinbase.RESTClient     ERROR | HTTP Error: 403 Client Error: Forbidden {"error":"PERMISSION_DENIED","error_details":"User does not have the correct permissions","message":"User does not have the correct permissions"}
16:14:39 backend.server.scalp_bot.scalp_runtime     INFO | ScalpRuntime: regime risk-on RELAX after 30s calm (all pairs below triggers)
2026-04-13 16:14:41 - coinbase.RESTClient - ERROR - HTTP Error: 403 Client Error: Forbidden {"error":"PERMISSION_DENIED","error_details":"User does not have the correct permissions","message":"User does not have the correct permissions"}
16:14:41 coinbase.RESTClient     ERROR | HTTP Error: 403 Client Error: Forbidden {"error":"PERMISSION_DENIED","error_details":"User does not have the correct permissions","message":"User does not have the correct permissions"}
16:14:41 backend.server.coinbase_order_manager  WARNING | CoinbaseOrderManager: COINBASE_INTX_PORTFOLIO_UUID invalid or list_perps failed — falling back to auto-discovery
Traceback (most recent call last):
  File "C:\Users\daroo\Desktop\Repos\tradingbot-1\backend\server\coinbase_order_manager.py", line 1668, in _discover_intx_portfolio_uuid
    if uid:
    
  File "C:\Python314\Lib\asyncio\threads.py", line 25, in to_thread
    return await loop.run_in_executor(None, func_call)
           ^^^^^^^^^^^^^^^^^^^^^^^^^^^^^^^^^^^^^^^^^^^
  File "C:\Python314\Lib\concurrent\futures\thread.py", line 86, in run
    result = ctx.run(self.task)
  File "C:\Python314\Lib\concurrent\futures\thread.py", line 73, in run
    return fn(*args, **kwargs)
  File "C:\Users\daroo\Desktop\Repos\tradingbot-1\backend\server\coinbase_order_manager.py", line 1668, in <lambda>
    if uid:
    
  File "C:\Users\daroo\AppData\Roaming\Python\Python314\site-packages\coinbase\rest\perpetuals.py", line 92, in list_perps_positions
    return ListPerpetualsPositionsResponse(self.get(endpoint, **kwargs))
                                           ~~~~~~~~^^^^^^^^^^^^^^^^^^^^
  File "C:\Users\daroo\AppData\Roaming\Python\Python314\site-packages\coinbase\rest\rest_base.py", line 101, in get
    return self.prepare_and_send_request(
           ~~~~~~~~~~~~~~~~~~~~~~~~~~~~~^
        "GET", url_path, params, data=None, public=public
        ^^^^^^^^^^^^^^^^^^^^^^^^^^^^^^^^^^^^^^^^^^^^^^^^^
    )
    ^
  File "C:\Users\daroo\AppData\Roaming\Python\Python314\site-packages\coinbase\rest\rest_base.py", line 207, in prepare_and_send_request
    return self.send_request(http_method, url_path, params, headers, data=data)
           ~~~~~~~~~~~~~~~~~^^^^^^^^^^^^^^^^^^^^^^^^^^^^^^^^^^^^^^^^^^^^^^^^^^^
  File "C:\Users\daroo\AppData\Roaming\Python\Python314\site-packages\coinbase\rest\rest_base.py", line 228, in send_request
    handle_exception(response)  # Raise an HTTPError for bad responses
    ~~~~~~~~~~~~~~~~^^^^^^^^^^
  File "C:\Users\daroo\AppData\Roaming\Python\Python314\site-packages\coinbase\rest\rest_base.py", line 47, in handle_exception
    raise HTTPError(http_error_msg, response=response)
requests.exceptions.HTTPError: 403 Client Error: Forbidden {"error":"PERMISSION_DENIED","error_details":"User does not have the correct permissions","message":"User does not have the correct permissions"}
2026-04-13 16:14:41 - coinbase.RESTClient - ERROR - HTTP Error: 403 Client Error: Forbidden {"error":"PERMISSION_DENIED","error_details":"User does not have the correct permissions","message":"User does not have the correct permissions"}
16:14:41 coinbase.RESTClient     ERROR | HTTP Error: 403 Client Error: Forbidden {"error":"PERMISSION_DENIED","error_details":"User does not have the correct permissions","message":"User does not have the correct permissions"}
2026-04-13 16:14:43 - coinbase.RESTClient - ERROR - HTTP Error: 403 Client Error: Forbidden {"error":"PERMISSION_DENIED","error_details":"User does not have the correct permissions","message":"User does not have the correct permissions"}
16:14:43 coinbase.RESTClient     ERROR | HTTP Error: 403 Client Error: Forbidden {"error":"PERMISSION_DENIED","error_details":"User does not have the correct permissions","message":"User does not have the correct permissions"}
16:14:43 backend.server.coinbase_order_manager  WARNING | CoinbaseOrderManager: COINBASE_INTX_PORTFOLIO_UUID invalid or list_perps failed — falling back to auto-discovery
Traceback (most recent call last):
  File "C:\Users\daroo\Desktop\Repos\tradingbot-1\backend\server\coinbase_order_manager.py", line 1668, in _discover_intx_portfolio_uuid
    if uid:
    
  File "C:\Python314\Lib\asyncio\threads.py", line 25, in to_thread
    return await loop.run_in_executor(None, func_call)
           ^^^^^^^^^^^^^^^^^^^^^^^^^^^^^^^^^^^^^^^^^^^
  File "C:\Python314\Lib\concurrent\futures\thread.py", line 86, in run
    result = ctx.run(self.task)
  File "C:\Python314\Lib\concurrent\futures\thread.py", line 73, in run
    return fn(*args, **kwargs)
  File "C:\Users\daroo\Desktop\Repos\tradingbot-1\backend\server\coinbase_order_manager.py", line 1668, in <lambda>
    if uid:
    
  File "C:\Users\daroo\AppData\Roaming\Python\Python314\site-packages\coinbase\rest\perpetuals.py", line 92, in list_perps_positions
    return ListPerpetualsPositionsResponse(self.get(endpoint, **kwargs))
                                           ~~~~~~~~^^^^^^^^^^^^^^^^^^^^
  File "C:\Users\daroo\AppData\Roaming\Python\Python314\site-packages\coinbase\rest\rest_base.py", line 101, in get
    return self.prepare_and_send_request(
           ~~~~~~~~~~~~~~~~~~~~~~~~~~~~~^
        "GET", url_path, params, data=None, public=public
        ^^^^^^^^^^^^^^^^^^^^^^^^^^^^^^^^^^^^^^^^^^^^^^^^^
    )
    ^
  File "C:\Users\daroo\AppData\Roaming\Python\Python314\site-packages\coinbase\rest\rest_base.py", line 207, in prepare_and_send_request
    return self.send_request(http_method, url_path, params, headers, data=data)
           ~~~~~~~~~~~~~~~~~^^^^^^^^^^^^^^^^^^^^^^^^^^^^^^^^^^^^^^^^^^^^^^^^^^^
  File "C:\Users\daroo\AppData\Roaming\Python\Python314\site-packages\coinbase\rest\rest_base.py", line 228, in send_request
    handle_exception(response)  # Raise an HTTPError for bad responses
    ~~~~~~~~~~~~~~~~^^^^^^^^^^
  File "C:\Users\daroo\AppData\Roaming\Python\Python314\site-packages\coinbase\rest\rest_base.py", line 47, in handle_exception
    raise HTTPError(http_error_msg, response=response)
requests.exceptions.HTTPError: 403 Client Error: Forbidden {"error":"PERMISSION_DENIED","error_details":"User does not have the correct permissions","message":"User does not have the correct permissions"}
2026-04-13 16:14:43 - coinbase.RESTClient - ERROR - HTTP Error: 403 Client Error: Forbidden {"error":"PERMISSION_DENIED","error_details":"User does not have the correct permissions","message":"User does not have the correct permissions"}
16:14:43 coinbase.RESTClient     ERROR | HTTP Error: 403 Client Error: Forbidden {"error":"PERMISSION_DENIED","error_details":"User does not have the correct permissions","message":"User does not have the correct permissions"}
2026-04-13 16:14:44 - coinbase.RESTClient - ERROR - HTTP Error: 403 Client Error: Forbidden {"error":"PERMISSION_DENIED","error_details":"User does not have the correct permissions","message":"User does not have the correct permissions"}
16:14:44 coinbase.RESTClient     ERROR | HTTP Error: 403 Client Error: Forbidden {"error":"PERMISSION_DENIED","error_details":"User does not have the correct permissions","message":"User does not have the correct permissions"}
16:14:44 backend.server.coinbase_order_manager  WARNING | CoinbaseOrderManager: COINBASE_INTX_PORTFOLIO_UUID invalid or list_perps failed — falling back to auto-discovery
Traceback (most recent call last):
  File "C:\Users\daroo\Desktop\Repos\tradingbot-1\backend\server\coinbase_order_manager.py", line 1668, in _discover_intx_portfolio_uuid
    if str(getattr(self._scalp_cfg, "venue", "") or "").strip().lower() != "coinbase_perps":
                ^^^^^^^^^^^^^^^^^^^^^^^^^^^^^^^^^^^^^^^^^^^
  File "C:\Python314\Lib\asyncio\threads.py", line 25, in to_thread
    return await loop.run_in_executor(None, func_call)
           ^^^^^^^^^^^^^^^^^^^^^^^^^^^^^^^^^^^^^^^^^^^
  File "C:\Python314\Lib\concurrent\futures\thread.py", line 86, in run
    result = ctx.run(self.task)
  File "C:\Python314\Lib\concurrent\futures\thread.py", line 73, in run
    return fn(*args, **kwargs)
  File "C:\Users\daroo\Desktop\Repos\tradingbot-1\backend\server\coinbase_order_manager.py", line 1668, in <lambda>
    if str(getattr(self._scalp_cfg, "venue", "") or "").strip().lower() != "coinbase_perps":
                                                ^^^^^^^^^^
  File "C:\Users\daroo\AppData\Roaming\Python\Python314\site-packages\coinbase\rest\perpetuals.py", line 92, in list_perps_positions
    return ListPerpetualsPositionsResponse(self.get(endpoint, **kwargs))
                                           ~~~~~~~~^^^^^^^^^^^^^^^^^^^^
  File "C:\Users\daroo\AppData\Roaming\Python\Python314\site-packages\coinbase\rest\rest_base.py", line 101, in get
    return self.prepare_and_send_request(
           ~~~~~~~~~~~~~~~~~~~~~~~~~~~~~^
        "GET", url_path, params, data=None, public=public
        ^^^^^^^^^^^^^^^^^^^^^^^^^^^^^^^^^^^^^^^^^^^^^^^^^
    )
    ^
  File "C:\Users\daroo\AppData\Roaming\Python\Python314\site-packages\coinbase\rest\rest_base.py", line 207, in prepare_and_send_request
    return self.send_request(http_method, url_path, params, headers, data=data)
           ~~~~~~~~~~~~~~~~~^^^^^^^^^^^^^^^^^^^^^^^^^^^^^^^^^^^^^^^^^^^^^^^^^^^
  File "C:\Users\daroo\AppData\Roaming\Python\Python314\site-packages\coinbase\rest\rest_base.py", line 228, in send_request
    handle_exception(response)  # Raise an HTTPError for bad responses
    ~~~~~~~~~~~~~~~~^^^^^^^^^^
  File "C:\Users\daroo\AppData\Roaming\Python\Python314\site-packages\coinbase\rest\rest_base.py", line 47, in handle_exception
    raise HTTPError(http_error_msg, response=response)
requests.exceptions.HTTPError: 403 Client Error: Forbidden {"error":"PERMISSION_DENIED","error_details":"User does not have the correct permissions","message":"User does not have the correct permissions"}
2026-04-13 16:14:44 - coinbase.RESTClient - ERROR - HTTP Error: 403 Client Error: Forbidden {"error":"PERMISSION_DENIED","error_details":"User does not have the correct permissions","message":"User does not have the correct permissions"}
16:14:44 coinbase.RESTClient     ERROR | HTTP Error: 403 Client Error: Forbidden {"error":"PERMISSION_DENIED","error_details":"User does not have the correct permissions","message":"User does not have the correct permissions"}
2026-04-13 16:14:46 - coinbase.RESTClient - ERROR - HTTP Error: 403 Client Error: Forbidden {"error":"PERMISSION_DENIED","error_details":"User does not have the correct permissions","message":"User does not have the correct permissions"}
16:14:46 coinbase.RESTClient     ERROR | HTTP Error: 403 Client Error: Forbidden {"error":"PERMISSION_DENIED","error_details":"User does not have the correct permissions","message":"User does not have the correct permissions"}
16:14:46 backend.server.coinbase_order_manager  WARNING | CoinbaseOrderManager: COINBASE_INTX_PORTFOLIO_UUID invalid or list_perps failed — falling back to auto-discovery
Traceback (most recent call last):
  File "C:\Users\daroo\Desktop\Repos\tradingbot-1\backend\server\coinbase_order_manager.py", line 1668, in _discover_intx_portfolio_uuid
    if str(getattr(self._scalp_cfg, "venue", "") or "").strip().lower() != "coinbase_perps":
                ^^^^^^^^^^^^^^^^^^^^^^^^^^^^^^^^^^^^^^^^^^^
  File "C:\Python314\Lib\asyncio\threads.py", line 25, in to_thread
    return await loop.run_in_executor(None, func_call)
           ^^^^^^^^^^^^^^^^^^^^^^^^^^^^^^^^^^^^^^^^^^^
  File "C:\Python314\Lib\concurrent\futures\thread.py", line 86, in run
    result = ctx.run(self.task)
  File "C:\Python314\Lib\concurrent\futures\thread.py", line 73, in run
    return fn(*args, **kwargs)
  File "C:\Users\daroo\Desktop\Repos\tradingbot-1\backend\server\coinbase_order_manager.py", line 1668, in <lambda>
    if str(getattr(self._scalp_cfg, "venue", "") or "").strip().lower() != "coinbase_perps":
                                                ^^^^^^^^^^
  File "C:\Users\daroo\AppData\Roaming\Python\Python314\site-packages\coinbase\rest\perpetuals.py", line 92, in list_perps_positions
    return ListPerpetualsPositionsResponse(self.get(endpoint, **kwargs))
                                           ~~~~~~~~^^^^^^^^^^^^^^^^^^^^
  File "C:\Users\daroo\AppData\Roaming\Python\Python314\site-packages\coinbase\rest\rest_base.py", line 101, in get
    return self.prepare_and_send_request(
           ~~~~~~~~~~~~~~~~~~~~~~~~~~~~~^
        "GET", url_path, params, data=None, public=public
        ^^^^^^^^^^^^^^^^^^^^^^^^^^^^^^^^^^^^^^^^^^^^^^^^^
    )
    ^
  File "C:\Users\daroo\AppData\Roaming\Python\Python314\site-packages\coinbase\rest\rest_base.py", line 207, in prepare_and_send_request
    return self.send_request(http_method, url_path, params, headers, data=data)
           ~~~~~~~~~~~~~~~~~^^^^^^^^^^^^^^^^^^^^^^^^^^^^^^^^^^^^^^^^^^^^^^^^^^^
  File "C:\Users\daroo\AppData\Roaming\Python\Python314\site-packages\coinbase\rest\rest_base.py", line 228, in send_request
    handle_exception(response)  # Raise an HTTPError for bad responses
    ~~~~~~~~~~~~~~~~^^^^^^^^^^
  File "C:\Users\daroo\AppData\Roaming\Python\Python314\site-packages\coinbase\rest\rest_base.py", line 47, in handle_exception
    raise HTTPError(http_error_msg, response=response)
requests.exceptions.HTTPError: 403 Client Error: Forbidden {"error":"PERMISSION_DENIED","error_details":"User does not have the correct permissions","message":"User does not have the correct permissions"}
2026-04-13 16:14:47 - coinbase.RESTClient - ERROR - HTTP Error: 403 Client Error: Forbidden {"error":"PERMISSION_DENIED","error_details":"User does not have the correct permissions","message":"User does not have the correct permissions"}
16:14:47 coinbase.RESTClient     ERROR | HTTP Error: 403 Client Error: Forbidden {"error":"PERMISSION_DENIED","error_details":"User does not have the correct permissions","message":"User does not have the correct permissions"}
2026-04-13 16:14:47 - coinbase.RESTClient - ERROR - HTTP Error: 403 Client Error: Forbidden {"error":"PERMISSION_DENIED","error_details":"User does not have the correct permissions","message":"User does not have the correct permissions"}
16:14:47 coinbase.RESTClient     ERROR | HTTP Error: 403 Client Error: Forbidden {"error":"PERMISSION_DENIED","error_details":"User does not have the correct permissions","message":"User does not have the correct permissions"}
16:14:47 backend.server.coinbase_order_manager  WARNING | CoinbaseOrderManager: COINBASE_INTX_PORTFOLIO_UUID invalid or list_perps failed — falling back to auto-discovery
Traceback (most recent call last):
  File "C:\Users\daroo\Desktop\Repos\tradingbot-1\backend\server\coinbase_order_manager.py", line 1668, in _discover_intx_portfolio_uuid
    if str(getattr(self._scalp_cfg, "venue", "") or "").strip().lower() != "coinbase_perps":
                ^^^^^^^^^^^^^^^^^^^^^^^^^^^^^^^^^^^^^^^^^^^
  File "C:\Python314\Lib\asyncio\threads.py", line 25, in to_thread
    return await loop.run_in_executor(None, func_call)
           ^^^^^^^^^^^^^^^^^^^^^^^^^^^^^^^^^^^^^^^^^^^
  File "C:\Python314\Lib\concurrent\futures\thread.py", line 86, in run
    result = ctx.run(self.task)
  File "C:\Python314\Lib\concurrent\futures\thread.py", line 73, in run
    return fn(*args, **kwargs)
  File "C:\Users\daroo\Desktop\Repos\tradingbot-1\backend\server\coinbase_order_manager.py", line 1668, in <lambda>
    if str(getattr(self._scalp_cfg, "venue", "") or "").strip().lower() != "coinbase_perps":
                                                ^^^^^^^^^^
  File "C:\Users\daroo\AppData\Roaming\Python\Python314\site-packages\coinbase\rest\perpetuals.py", line 92, in list_perps_positions
    return ListPerpetualsPositionsResponse(self.get(endpoint, **kwargs))
                                           ~~~~~~~~^^^^^^^^^^^^^^^^^^^^
  File "C:\Users\daroo\AppData\Roaming\Python\Python314\site-packages\coinbase\rest\rest_base.py", line 101, in get
    return self.prepare_and_send_request(
           ~~~~~~~~~~~~~~~~~~~~~~~~~~~~~^
        "GET", url_path, params, data=None, public=public
        ^^^^^^^^^^^^^^^^^^^^^^^^^^^^^^^^^^^^^^^^^^^^^^^^^
    )
    ^
  File "C:\Users\daroo\AppData\Roaming\Python\Python314\site-packages\coinbase\rest\rest_base.py", line 207, in prepare_and_send_request
    return self.send_request(http_method, url_path, params, headers, data=data)
           ~~~~~~~~~~~~~~~~~^^^^^^^^^^^^^^^^^^^^^^^^^^^^^^^^^^^^^^^^^^^^^^^^^^^
  File "C:\Users\daroo\AppData\Roaming\Python\Python314\site-packages\coinbase\rest\rest_base.py", line 228, in send_request
    handle_exception(response)  # Raise an HTTPError for bad responses
    ~~~~~~~~~~~~~~~~^^^^^^^^^^
  File "C:\Users\daroo\AppData\Roaming\Python\Python314\site-packages\coinbase\rest\rest_base.py", line 47, in handle_exception
    raise HTTPError(http_error_msg, response=response)
requests.exceptions.HTTPError: 403 Client Error: Forbidden {"error":"PERMISSION_DENIED","error_details":"User does not have the correct permissions","message":"User does not have the correct permissions"}
2026-04-13 16:14:47 - coinbase.RESTClient - ERROR - HTTP Error: 403 Client Error: Forbidden {"error":"PERMISSION_DENIED","error_details":"User does not have the correct permissions","message":"User does not have the correct permissions"}
16:14:47 coinbase.RESTClient     ERROR | HTTP Error: 403 Client Error: Forbidden {"error":"PERMISSION_DENIED","error_details":"User does not have the correct permissions","message":"User does not have the correct permissions"}
2026-04-13 16:14:49 - coinbase.RESTClient - ERROR - HTTP Error: 403 Client Error: Forbidden {"error":"PERMISSION_DENIED","error_details":"User does not have the correct permissions","message":"User does not have the correct permissions"}
16:14:49 coinbase.RESTClient     ERROR | HTTP Error: 403 Client Error: Forbidden {"error":"PERMISSION_DENIED","error_details":"User does not have the correct permissions","message":"User does not have the correct permissions"}
16:14:49 backend.server.coinbase_order_manager  WARNING | CoinbaseOrderManager: COINBASE_INTX_PORTFOLIO_UUID invalid or list_perps failed — falling back to auto-discovery
Traceback (most recent call last):
  File "C:\Users\daroo\Desktop\Repos\tradingbot-1\backend\server\coinbase_order_manager.py", line 1668, in _discover_intx_portfolio_uuid
    if str(getattr(self._scalp_cfg, "venue", "") or "").strip().lower() != "coinbase_perps":
                ^^^^^^^^^^^^^^^^^^^^^^^^^^^^^^^^^^^^^^^^^^^
  File "C:\Python314\Lib\asyncio\threads.py", line 25, in to_thread
    return await loop.run_in_executor(None, func_call)
           ^^^^^^^^^^^^^^^^^^^^^^^^^^^^^^^^^^^^^^^^^^^
  File "C:\Python314\Lib\concurrent\futures\thread.py", line 86, in run
    result = ctx.run(self.task)
  File "C:\Python314\Lib\concurrent\futures\thread.py", line 73, in run
    return fn(*args, **kwargs)
  File "C:\Users\daroo\Desktop\Repos\tradingbot-1\backend\server\coinbase_order_manager.py", line 1668, in <lambda>
    if str(getattr(self._scalp_cfg, "venue", "") or "").strip().lower() != "coinbase_perps":
                                                ^^^^^^^^^^
  File "C:\Users\daroo\AppData\Roaming\Python\Python314\site-packages\coinbase\rest\perpetuals.py", line 92, in list_perps_positions
    return ListPerpetualsPositionsResponse(self.get(endpoint, **kwargs))
                                           ~~~~~~~~^^^^^^^^^^^^^^^^^^^^
  File "C:\Users\daroo\AppData\Roaming\Python\Python314\site-packages\coinbase\rest\rest_base.py", line 101, in get
    return self.prepare_and_send_request(
           ~~~~~~~~~~~~~~~~~~~~~~~~~~~~~^
        "GET", url_path, params, data=None, public=public
        ^^^^^^^^^^^^^^^^^^^^^^^^^^^^^^^^^^^^^^^^^^^^^^^^^
    )
    ^
  File "C:\Users\daroo\AppData\Roaming\Python\Python314\site-packages\coinbase\rest\rest_base.py", line 207, in prepare_and_send_request
    return self.send_request(http_method, url_path, params, headers, data=data)
           ~~~~~~~~~~~~~~~~~^^^^^^^^^^^^^^^^^^^^^^^^^^^^^^^^^^^^^^^^^^^^^^^^^^^
  File "C:\Users\daroo\AppData\Roaming\Python\Python314\site-packages\coinbase\rest\rest_base.py", line 228, in send_request
    handle_exception(response)  # Raise an HTTPError for bad responses
    ~~~~~~~~~~~~~~~~^^^^^^^^^^
  File "C:\Users\daroo\AppData\Roaming\Python\Python314\site-packages\coinbase\rest\rest_base.py", line 47, in handle_exception
    raise HTTPError(http_error_msg, response=response)
requests.exceptions.HTTPError: 403 Client Error: Forbidden {"error":"PERMISSION_DENIED","error_details":"User does not have the correct permissions","message":"User does not have the correct permissions"}
2026-04-13 16:14:50 - coinbase.RESTClient - ERROR - HTTP Error: 403 Client Error: Forbidden {"error":"PERMISSION_DENIED","error_details":"User does not have the correct permissions","message":"User does not have the correct permissions"}
16:14:50 coinbase.RESTClient     ERROR | HTTP Error: 403 Client Error: Forbidden {"error":"PERMISSION_DENIED","error_details":"User does not have the correct permissions","message":"User does not have the correct permissions"}
2026-04-13 16:14:52 - coinbase.RESTClient - ERROR - HTTP Error: 403 Client Error: Forbidden {"error":"PERMISSION_DENIED","error_details":"User does not have the correct permissions","message":"User does not have the correct permissions"}
16:14:52 coinbase.RESTClient     ERROR | HTTP Error: 403 Client Error: Forbidden {"error":"PERMISSION_DENIED","error_details":"User does not have the correct permissions","message":"User does not have the correct permissions"}
16:14:52 backend.server.coinbase_order_manager  WARNING | CoinbaseOrderManager: COINBASE_INTX_PORTFOLIO_UUID invalid or list_perps failed — falling back to auto-discovery
Traceback (most recent call last):
  File "C:\Users\daroo\Desktop\Repos\tradingbot-1\backend\server\coinbase_order_manager.py", line 1668, in _discover_intx_portfolio_uuid
    if str(getattr(self._scalp_cfg, "venue", "") or "").strip().lower() != "coinbase_perps":
                ^^^^^^^^^^^^^^^^^^^^^^^^^^^^^^^^^^^^^^^^^^^
  File "C:\Python314\Lib\asyncio\threads.py", line 25, in to_thread
    return await loop.run_in_executor(None, func_call)
           ^^^^^^^^^^^^^^^^^^^^^^^^^^^^^^^^^^^^^^^^^^^
  File "C:\Python314\Lib\concurrent\futures\thread.py", line 86, in run
    result = ctx.run(self.task)
  File "C:\Python314\Lib\concurrent\futures\thread.py", line 73, in run
    return fn(*args, **kwargs)
  File "C:\Users\daroo\Desktop\Repos\tradingbot-1\backend\server\coinbase_order_manager.py", line 1668, in <lambda>
    if str(getattr(self._scalp_cfg, "venue", "") or "").strip().lower() != "coinbase_perps":
                                                ^^^^^^^^^^
  File "C:\Users\daroo\AppData\Roaming\Python\Python314\site-packages\coinbase\rest\perpetuals.py", line 92, in list_perps_positions
    return ListPerpetualsPositionsResponse(self.get(endpoint, **kwargs))
                                           ~~~~~~~~^^^^^^^^^^^^^^^^^^^^
  File "C:\Users\daroo\AppData\Roaming\Python\Python314\site-packages\coinbase\rest\rest_base.py", line 101, in get
    return self.prepare_and_send_request(
           ~~~~~~~~~~~~~~~~~~~~~~~~~~~~~^
        "GET", url_path, params, data=None, public=public
        ^^^^^^^^^^^^^^^^^^^^^^^^^^^^^^^^^^^^^^^^^^^^^^^^^
    )
    ^
  File "C:\Users\daroo\AppData\Roaming\Python\Python314\site-packages\coinbase\rest\rest_base.py", line 207, in prepare_and_send_request
    return self.send_request(http_method, url_path, params, headers, data=data)
           ~~~~~~~~~~~~~~~~~^^^^^^^^^^^^^^^^^^^^^^^^^^^^^^^^^^^^^^^^^^^^^^^^^^^
  File "C:\Users\daroo\AppData\Roaming\Python\Python314\site-packages\coinbase\rest\rest_base.py", line 228, in send_request
    handle_exception(response)  # Raise an HTTPError for bad responses
    ~~~~~~~~~~~~~~~~^^^^^^^^^^
  File "C:\Users\daroo\AppData\Roaming\Python\Python314\site-packages\coinbase\rest\rest_base.py", line 47, in handle_exception
    raise HTTPError(http_error_msg, response=response)
requests.exceptions.HTTPError: 403 Client Error: Forbidden {"error":"PERMISSION_DENIED","error_details":"User does not have the correct permissions","message":"User does not have the correct permissions"}
2026-04-13 16:14:53 - coinbase.RESTClient - ERROR - HTTP Error: 403 Client Error: Forbidden {"error":"PERMISSION_DENIED","error_details":"User does not have the correct permissions","message":"User does not have the correct permissions"}
16:14:53 coinbase.RESTClient     ERROR | HTTP Error: 403 Client Error: Forbidden {"error":"PERMISSION_DENIED","error_details":"User does not have the correct permissions","message":"User does not have the correct permissions"}
2026-04-13 16:14:55 - coinbase.RESTClient - ERROR - HTTP Error: 403 Client Error: Forbidden {"error":"PERMISSION_DENIED","error_details":"User does not have the correct permissions","message":"User does not have the correct permissions"}
16:14:55 coinbase.RESTClient     ERROR | HTTP Error: 403 Client Error: Forbidden {"error":"PERMISSION_DENIED","error_details":"User does not have the correct permissions","message":"User does not have the correct permissions"}
16:14:55 backend.server.coinbase_order_manager  WARNING | CoinbaseOrderManager: COINBASE_INTX_PORTFOLIO_UUID invalid or list_perps failed — falling back to auto-discovery
Traceback (most recent call last):
  File "C:\Users\daroo\Desktop\Repos\tradingbot-1\backend\server\coinbase_order_manager.py", line 1668, in _discover_intx_portfolio_uuid
    if str(getattr(self._scalp_cfg, "venue", "") or "").strip().lower() != "coinbase_perps":
                ^^^^^^^^^^^^^^^^^^^^^^^^^^^^^^^^^^^^^^^^^^^
  File "C:\Python314\Lib\asyncio\threads.py", line 25, in to_thread
    return await loop.run_in_executor(None, func_call)
           ^^^^^^^^^^^^^^^^^^^^^^^^^^^^^^^^^^^^^^^^^^^
  File "C:\Python314\Lib\concurrent\futures\thread.py", line 86, in run
    result = ctx.run(self.task)
  File "C:\Python314\Lib\concurrent\futures\thread.py", line 73, in run
    return fn(*args, **kwargs)
  File "C:\Users\daroo\Desktop\Repos\tradingbot-1\backend\server\coinbase_order_manager.py", line 1668, in <lambda>
    if str(getattr(self._scalp_cfg, "venue", "") or "").strip().lower() != "coinbase_perps":
                                                ^^^^^^^^^^
  File "C:\Users\daroo\AppData\Roaming\Python\Python314\site-packages\coinbase\rest\perpetuals.py", line 92, in list_perps_positions
    return ListPerpetualsPositionsResponse(self.get(endpoint, **kwargs))
                                           ~~~~~~~~^^^^^^^^^^^^^^^^^^^^
  File "C:\Users\daroo\AppData\Roaming\Python\Python314\site-packages\coinbase\rest\rest_base.py", line 101, in get
    return self.prepare_and_send_request(
           ~~~~~~~~~~~~~~~~~~~~~~~~~~~~~^
        "GET", url_path, params, data=None, public=public
        ^^^^^^^^^^^^^^^^^^^^^^^^^^^^^^^^^^^^^^^^^^^^^^^^^
    )
    ^
  File "C:\Users\daroo\AppData\Roaming\Python\Python314\site-packages\coinbase\rest\rest_base.py", line 207, in prepare_and_send_request
    return self.send_request(http_method, url_path, params, headers, data=data)
           ~~~~~~~~~~~~~~~~~^^^^^^^^^^^^^^^^^^^^^^^^^^^^^^^^^^^^^^^^^^^^^^^^^^^
  File "C:\Users\daroo\AppData\Roaming\Python\Python314\site-packages\coinbase\rest\rest_base.py", line 228, in send_request
    handle_exception(response)  # Raise an HTTPError for bad responses
    ~~~~~~~~~~~~~~~~^^^^^^^^^^
  File "C:\Users\daroo\AppData\Roaming\Python\Python314\site-packages\coinbase\rest\rest_base.py", line 47, in handle_exception
    raise HTTPError(http_error_msg, response=response)
requests.exceptions.HTTPError: 403 Client Error: Forbidden {"error":"PERMISSION_DENIED","error_details":"User does not have the correct permissions","message":"User does not have the correct permissions"}
2026-04-13 16:14:55 - coinbase.RESTClient - ERROR - HTTP Error: 403 Client Error: Forbidden {"error":"PERMISSION_DENIED","error_details":"User does not have the correct permissions","message":"User does not have the correct permissions"}
16:14:55 coinbase.RESTClient     ERROR | HTTP Error: 403 Client Error: Forbidden {"error":"PERMISSION_DENIED","error_details":"User does not have the correct permissions","message":"User does not have the correct permissions"}
2026-04-13 16:14:58 - coinbase.RESTClient - ERROR - HTTP Error: 403 Client Error: Forbidden {"error":"PERMISSION_DENIED","error_details":"User does not have the correct permissions","message":"User does not have the correct permissions"}
16:14:58 coinbase.RESTClient     ERROR | HTTP Error: 403 Client Error: Forbidden {"error":"PERMISSION_DENIED","error_details":"User does not have the correct permissions","message":"User does not have the correct permissions"}
16:14:58 backend.server.coinbase_order_manager  WARNING | CoinbaseOrderManager: COINBASE_INTX_PORTFOLIO_UUID invalid or list_perps failed — falling back to auto-discovery
Traceback (most recent call last):
  File "C:\Users\daroo\Desktop\Repos\tradingbot-1\backend\server\coinbase_order_manager.py", line 1668, in _discover_intx_portfolio_uuid
    if str(getattr(self._scalp_cfg, "venue", "") or "").strip().lower() != "coinbase_perps":
                ^^^^^^^^^^^^^^^^^^^^^^^^^^^^^^^^^^^^^^^^^^^
  File "C:\Python314\Lib\asyncio\threads.py", line 25, in to_thread
    return await loop.run_in_executor(None, func_call)
           ^^^^^^^^^^^^^^^^^^^^^^^^^^^^^^^^^^^^^^^^^^^
  File "C:\Python314\Lib\concurrent\futures\thread.py", line 86, in run
    result = ctx.run(self.task)
  File "C:\Python314\Lib\concurrent\futures\thread.py", line 73, in run
    return fn(*args, **kwargs)
  File "C:\Users\daroo\Desktop\Repos\tradingbot-1\backend\server\coinbase_order_manager.py", line 1668, in <lambda>
    if str(getattr(self._scalp_cfg, "venue", "") or "").strip().lower() != "coinbase_perps":
                                                ^^^^^^^^^^
  File "C:\Users\daroo\AppData\Roaming\Python\Python314\site-packages\coinbase\rest\perpetuals.py", line 92, in list_perps_positions
    return ListPerpetualsPositionsResponse(self.get(endpoint, **kwargs))
                                           ~~~~~~~~^^^^^^^^^^^^^^^^^^^^
  File "C:\Users\daroo\AppData\Roaming\Python\Python314\site-packages\coinbase\rest\rest_base.py", line 101, in get
    return self.prepare_and_send_request(
           ~~~~~~~~~~~~~~~~~~~~~~~~~~~~~^
        "GET", url_path, params, data=None, public=public
        ^^^^^^^^^^^^^^^^^^^^^^^^^^^^^^^^^^^^^^^^^^^^^^^^^
    )
    ^
  File "C:\Users\daroo\AppData\Roaming\Python\Python314\site-packages\coinbase\rest\rest_base.py", line 207, in prepare_and_send_request
    return self.send_request(http_method, url_path, params, headers, data=data)
           ~~~~~~~~~~~~~~~~~^^^^^^^^^^^^^^^^^^^^^^^^^^^^^^^^^^^^^^^^^^^^^^^^^^^
  File "C:\Users\daroo\AppData\Roaming\Python\Python314\site-packages\coinbase\rest\rest_base.py", line 228, in send_request
    handle_exception(response)  # Raise an HTTPError for bad responses
    ~~~~~~~~~~~~~~~~^^^^^^^^^^
  File "C:\Users\daroo\AppData\Roaming\Python\Python314\site-packages\coinbase\rest\rest_base.py", line 47, in handle_exception
    raise HTTPError(http_error_msg, response=response)
requests.exceptions.HTTPError: 403 Client Error: Forbidden {"error":"PERMISSION_DENIED","error_details":"User does not have the correct permissions","message":"User does not have the correct permissions"}
2026-04-13 16:14:58 - coinbase.RESTClient - ERROR - HTTP Error: 403 Client Error: Forbidden {"error":"PERMISSION_DENIED","error_details":"User does not have the correct permissions","message":"User does not have the correct permissions"}
16:14:58 coinbase.RESTClient     ERROR | HTTP Error: 403 Client Error: Forbidden {"error":"PERMISSION_DENIED","error_details":"User does not have the correct permissions","message":"User does not have the correct permissions"}
2026-04-13 16:15:00 - coinbase.RESTClient - ERROR - HTTP Error: 403 Client Error: Forbidden {"error":"PERMISSION_DENIED","error_details":"User does not have the correct permissions","message":"User does not have the correct permissions"}
16:15:00 coinbase.RESTClient     ERROR | HTTP Error: 403 Client Error: Forbidden {"error":"PERMISSION_DENIED","error_details":"User does not have the correct permissions","message":"User does not have the correct permissions"}
16:15:00 backend.server.coinbase_order_manager  WARNING | CoinbaseOrderManager: COINBASE_INTX_PORTFOLIO_UUID invalid or list_perps failed — falling back to auto-discovery
Traceback (most recent call last):
  File "C:\Users\daroo\Desktop\Repos\tradingbot-1\backend\server\coinbase_order_manager.py", line 1668, in _discover_intx_portfolio_uuid
    if str(getattr(self._scalp_cfg, "venue", "") or "").strip().lower() != "coinbase_perps":
                ^^^^^^^^^^^^^^^^^^^^^^^^^^^^^^^^^^^^^^^^^^^
  File "C:\Python314\Lib\asyncio\threads.py", line 25, in to_thread
    return await loop.run_in_executor(None, func_call)
           ^^^^^^^^^^^^^^^^^^^^^^^^^^^^^^^^^^^^^^^^^^^
  File "C:\Python314\Lib\concurrent\futures\thread.py", line 86, in run
    result = ctx.run(self.task)
  File "C:\Python314\Lib\concurrent\futures\thread.py", line 73, in run
    return fn(*args, **kwargs)
  File "C:\Users\daroo\Desktop\Repos\tradingbot-1\backend\server\coinbase_order_manager.py", line 1668, in <lambda>
    if str(getattr(self._scalp_cfg, "venue", "") or "").strip().lower() != "coinbase_perps":
                                                ^^^^^^^^^^
  File "C:\Users\daroo\AppData\Roaming\Python\Python314\site-packages\coinbase\rest\perpetuals.py", line 92, in list_perps_positions
    return ListPerpetualsPositionsResponse(self.get(endpoint, **kwargs))
                                           ~~~~~~~~^^^^^^^^^^^^^^^^^^^^
  File "C:\Users\daroo\AppData\Roaming\Python\Python314\site-packages\coinbase\rest\rest_base.py", line 101, in get
    return self.prepare_and_send_request(
           ~~~~~~~~~~~~~~~~~~~~~~~~~~~~~^
        "GET", url_path, params, data=None, public=public
        ^^^^^^^^^^^^^^^^^^^^^^^^^^^^^^^^^^^^^^^^^^^^^^^^^
    )
    ^
  File "C:\Users\daroo\AppData\Roaming\Python\Python314\site-packages\coinbase\rest\rest_base.py", line 207, in prepare_and_send_request
    return self.send_request(http_method, url_path, params, headers, data=data)
           ~~~~~~~~~~~~~~~~~^^^^^^^^^^^^^^^^^^^^^^^^^^^^^^^^^^^^^^^^^^^^^^^^^^^
  File "C:\Users\daroo\AppData\Roaming\Python\Python314\site-packages\coinbase\rest\rest_base.py", line 228, in send_request
    handle_exception(response)  # Raise an HTTPError for bad responses
    ~~~~~~~~~~~~~~~~^^^^^^^^^^
  File "C:\Users\daroo\AppData\Roaming\Python\Python314\site-packages\coinbase\rest\rest_base.py", line 47, in handle_exception
    raise HTTPError(http_error_msg, response=response)
requests.exceptions.HTTPError: 403 Client Error: Forbidden {"error":"PERMISSION_DENIED","error_details":"User does not have the correct permissions","message":"User does not have the correct permissions"}
2026-04-13 16:15:00 - coinbase.RESTClient - ERROR - HTTP Error: 403 Client Error: Forbidden {"error":"PERMISSION_DENIED","error_details":"User does not have the correct permissions","message":"User does not have the correct permissions"}
16:15:00 coinbase.RESTClient     ERROR | HTTP Error: 403 Client Error: Forbidden {"error":"PERMISSION_DENIED","error_details":"User does not have the correct permissions","message":"User does not have the correct permissions"}
16:15:01 backend.server.scalp_bot.coinbase_candle_feed     INFO | CoinbaseCandleFeed BTC_USD: CLOSED @ 73150.000000 vol=7045.0000 (n=100)
16:15:01 backend.server.scalp_bot.scalp_runtime     INFO | ScalpRuntime BTC_USD: candle close=73150.000000 ema_f=73145.136200 ema_s=72844.151200 rsi=66.3 atr=171.938500 vwap=72292.115947 vol_ok=False ready=True
2026-04-13 16:15:03 - coinbase.RESTClient - ERROR - HTTP Error: 403 Client Error: Forbidden {"error":"PERMISSION_DENIED","error_details":"User does not have the correct permissions","message":"User does not have the correct permissions"}
16:15:03 coinbase.RESTClient     ERROR | HTTP Error: 403 Client Error: Forbidden {"error":"PERMISSION_DENIED","error_details":"User does not have the correct permissions","message":"User does not have the correct permissions"}
16:15:03 backend.server.coinbase_order_manager  WARNING | CoinbaseOrderManager: COINBASE_INTX_PORTFOLIO_UUID invalid or list_perps failed — falling back to auto-discovery
Traceback (most recent call last):
  File "C:\Users\daroo\Desktop\Repos\tradingbot-1\backend\server\coinbase_order_manager.py", line 1668, in _discover_intx_portfolio_uuid
    if str(getattr(self._scalp_cfg, "venue", "") or "").strip().lower() != "coinbase_perps":
                ^^^^^^^^^^^^^^^^^^^^^^^^^^^^^^^^^^^^^^^^^^^
  File "C:\Python314\Lib\asyncio\threads.py", line 25, in to_thread
    return await loop.run_in_executor(None, func_call)
           ^^^^^^^^^^^^^^^^^^^^^^^^^^^^^^^^^^^^^^^^^^^
  File "C:\Python314\Lib\concurrent\futures\thread.py", line 86, in run
    result = ctx.run(self.task)
  File "C:\Python314\Lib\concurrent\futures\thread.py", line 73, in run
    return fn(*args, **kwargs)
  File "C:\Users\daroo\Desktop\Repos\tradingbot-1\backend\server\coinbase_order_manager.py", line 1668, in <lambda>
    if str(getattr(self._scalp_cfg, "venue", "") or "").strip().lower() != "coinbase_perps":
                                                ^^^^^^^^^^
  File "C:\Users\daroo\AppData\Roaming\Python\Python314\site-packages\coinbase\rest\perpetuals.py", line 92, in list_perps_positions
    return ListPerpetualsPositionsResponse(self.get(endpoint, **kwargs))
                                           ~~~~~~~~^^^^^^^^^^^^^^^^^^^^
  File "C:\Users\daroo\AppData\Roaming\Python\Python314\site-packages\coinbase\rest\rest_base.py", line 101, in get
    return self.prepare_and_send_request(
           ~~~~~~~~~~~~~~~~~~~~~~~~~~~~~^
        "GET", url_path, params, data=None, public=public
        ^^^^^^^^^^^^^^^^^^^^^^^^^^^^^^^^^^^^^^^^^^^^^^^^^
    )
    ^
  File "C:\Users\daroo\AppData\Roaming\Python\Python314\site-packages\coinbase\rest\rest_base.py", line 207, in prepare_and_send_request
    return self.send_request(http_method, url_path, params, headers, data=data)
           ~~~~~~~~~~~~~~~~~^^^^^^^^^^^^^^^^^^^^^^^^^^^^^^^^^^^^^^^^^^^^^^^^^^^
  File "C:\Users\daroo\AppData\Roaming\Python\Python314\site-packages\coinbase\rest\rest_base.py", line 228, in send_request
    handle_exception(response)  # Raise an HTTPError for bad responses
    ~~~~~~~~~~~~~~~~^^^^^^^^^^
  File "C:\Users\daroo\AppData\Roaming\Python\Python314\site-packages\coinbase\rest\rest_base.py", line 47, in handle_exception
    raise HTTPError(http_error_msg, response=response)
requests.exceptions.HTTPError: 403 Client Error: Forbidden {"error":"PERMISSION_DENIED","error_details":"User does not have the correct permissions","message":"User does not have the correct permissions"}
2026-04-13 16:15:03 - coinbase.RESTClient - ERROR - HTTP Error: 403 Client Error: Forbidden {"error":"PERMISSION_DENIED","error_details":"User does not have the correct permissions","message":"User does not have the correct permissions"}
16:15:03 coinbase.RESTClient     ERROR | HTTP Error: 403 Client Error: Forbidden {"error":"PERMISSION_DENIED","error_details":"User does not have the correct permissions","message":"User does not have the correct permissions"}
2026-04-13 16:15:03 - coinbase.RESTClient - ERROR - HTTP Error: 403 Client Error: Forbidden {"error":"PERMISSION_DENIED","error_details":"User does not have the correct permissions","message":"User does not have the correct permissions"}
16:15:03 coinbase.RESTClient     ERROR | HTTP Error: 403 Client Error: Forbidden {"error":"PERMISSION_DENIED","error_details":"User does not have the correct permissions","message":"User does not have the correct permissions"}
16:15:03 backend.server.coinbase_order_manager  WARNING | CoinbaseOrderManager: COINBASE_INTX_PORTFOLIO_UUID invalid or list_perps failed — falling back to auto-discovery
Traceback (most recent call last):
  File "C:\Users\daroo\Desktop\Repos\tradingbot-1\backend\server\coinbase_order_manager.py", line 1668, in _discover_intx_portfolio_uuid
    if str(getattr(self._scalp_cfg, "venue", "") or "").strip().lower() != "coinbase_perps":
                ^^^^^^^^^^^^^^^^^^^^^^^^^^^^^^^^^^^^^^^^^^^
  File "C:\Python314\Lib\asyncio\threads.py", line 25, in to_thread
    return await loop.run_in_executor(None, func_call)
           ^^^^^^^^^^^^^^^^^^^^^^^^^^^^^^^^^^^^^^^^^^^
  File "C:\Python314\Lib\concurrent\futures\thread.py", line 86, in run
    result = ctx.run(self.task)
  File "C:\Python314\Lib\concurrent\futures\thread.py", line 73, in run
    return fn(*args, **kwargs)
  File "C:\Users\daroo\Desktop\Repos\tradingbot-1\backend\server\coinbase_order_manager.py", line 1668, in <lambda>
    if str(getattr(self._scalp_cfg, "venue", "") or "").strip().lower() != "coinbase_perps":
                                                ^^^^^^^^^^
  File "C:\Users\daroo\AppData\Roaming\Python\Python314\site-packages\coinbase\rest\perpetuals.py", line 92, in list_perps_positions
    return ListPerpetualsPositionsResponse(self.get(endpoint, **kwargs))
                                           ~~~~~~~~^^^^^^^^^^^^^^^^^^^^
  File "C:\Users\daroo\AppData\Roaming\Python\Python314\site-packages\coinbase\rest\rest_base.py", line 101, in get
    return self.prepare_and_send_request(
           ~~~~~~~~~~~~~~~~~~~~~~~~~~~~~^
        "GET", url_path, params, data=None, public=public
        ^^^^^^^^^^^^^^^^^^^^^^^^^^^^^^^^^^^^^^^^^^^^^^^^^
    )
    ^
  File "C:\Users\daroo\AppData\Roaming\Python\Python314\site-packages\coinbase\rest\rest_base.py", line 207, in prepare_and_send_request
    return self.send_request(http_method, url_path, params, headers, data=data)
           ~~~~~~~~~~~~~~~~~^^^^^^^^^^^^^^^^^^^^^^^^^^^^^^^^^^^^^^^^^^^^^^^^^^^
  File "C:\Users\daroo\AppData\Roaming\Python\Python314\site-packages\coinbase\rest\rest_base.py", line 228, in send_request
    handle_exception(response)  # Raise an HTTPError for bad responses
    ~~~~~~~~~~~~~~~~^^^^^^^^^^
  File "C:\Users\daroo\AppData\Roaming\Python\Python314\site-packages\coinbase\rest\rest_base.py", line 47, in handle_exception
    raise HTTPError(http_error_msg, response=response)
requests.exceptions.HTTPError: 403 Client Error: Forbidden {"error":"PERMISSION_DENIED","error_details":"User does not have the correct permissions","message":"User does not have the correct permissions"}
2026-04-13 16:15:04 - coinbase.RESTClient - ERROR - HTTP Error: 403 Client Error: Forbidden {"error":"PERMISSION_DENIED","error_details":"User does not have the correct permissions","message":"User does not have the correct permissions"}
16:15:04 coinbase.RESTClient     ERROR | HTTP Error: 403 Client Error: Forbidden {"error":"PERMISSION_DENIED","error_details":"User does not have the correct permissions","message":"User does not have the correct permissions"}
2026-04-13 16:15:06 - coinbase.RESTClient - ERROR - HTTP Error: 403 Client Error: Forbidden {"error":"PERMISSION_DENIED","error_details":"User does not have the correct permissions","message":"User does not have the correct permissions"}
16:15:06 coinbase.RESTClient     ERROR | HTTP Error: 403 Client Error: Forbidden {"error":"PERMISSION_DENIED","error_details":"User does not have the correct permissions","message":"User does not have the correct permissions"}
16:15:06 backend.server.coinbase_order_manager  WARNING | CoinbaseOrderManager: COINBASE_INTX_PORTFOLIO_UUID invalid or list_perps failed — falling back to auto-discovery
Traceback (most recent call last):
  File "C:\Users\daroo\Desktop\Repos\tradingbot-1\backend\server\coinbase_order_manager.py", line 1668, in _discover_intx_portfolio_uuid
    if str(getattr(self._scalp_cfg, "venue", "") or "").strip().lower() != "coinbase_perps":
                ^^^^^^^^^^^^^^^^^^^^^^^^^^^^^^^^^^^^^^^^^^^
  File "C:\Python314\Lib\asyncio\threads.py", line 25, in to_thread
    return await loop.run_in_executor(None, func_call)
           ^^^^^^^^^^^^^^^^^^^^^^^^^^^^^^^^^^^^^^^^^^^
  File "C:\Python314\Lib\concurrent\futures\thread.py", line 86, in run
    result = ctx.run(self.task)
  File "C:\Python314\Lib\concurrent\futures\thread.py", line 73, in run
    return fn(*args, **kwargs)
  File "C:\Users\daroo\Desktop\Repos\tradingbot-1\backend\server\coinbase_order_manager.py", line 1668, in <lambda>
    if str(getattr(self._scalp_cfg, "venue", "") or "").strip().lower() != "coinbase_perps":
                                                ^^^^^^^^^^
  File "C:\Users\daroo\AppData\Roaming\Python\Python314\site-packages\coinbase\rest\perpetuals.py", line 92, in list_perps_positions
    return ListPerpetualsPositionsResponse(self.get(endpoint, **kwargs))
                                           ~~~~~~~~^^^^^^^^^^^^^^^^^^^^
  File "C:\Users\daroo\AppData\Roaming\Python\Python314\site-packages\coinbase\rest\rest_base.py", line 101, in get
    return self.prepare_and_send_request(
           ~~~~~~~~~~~~~~~~~~~~~~~~~~~~~^
        "GET", url_path, params, data=None, public=public
        ^^^^^^^^^^^^^^^^^^^^^^^^^^^^^^^^^^^^^^^^^^^^^^^^^
    )
    ^
  File "C:\Users\daroo\AppData\Roaming\Python\Python314\site-packages\coinbase\rest\rest_base.py", line 207, in prepare_and_send_request
    return self.send_request(http_method, url_path, params, headers, data=data)
           ~~~~~~~~~~~~~~~~~^^^^^^^^^^^^^^^^^^^^^^^^^^^^^^^^^^^^^^^^^^^^^^^^^^^
  File "C:\Users\daroo\AppData\Roaming\Python\Python314\site-packages\coinbase\rest\rest_base.py", line 228, in send_request
    handle_exception(response)  # Raise an HTTPError for bad responses
    ~~~~~~~~~~~~~~~~^^^^^^^^^^
  File "C:\Users\daroo\AppData\Roaming\Python\Python314\site-packages\coinbase\rest\rest_base.py", line 47, in handle_exception
    raise HTTPError(http_error_msg, response=response)
requests.exceptions.HTTPError: 403 Client Error: Forbidden {"error":"PERMISSION_DENIED","error_details":"User does not have the correct permissions","message":"User does not have the correct permissions"}
2026-04-13 16:15:06 - coinbase.RESTClient - ERROR - HTTP Error: 403 Client Error: Forbidden {"error":"PERMISSION_DENIED","error_details":"User does not have the correct permissions","message":"User does not have the correct permissions"}
16:15:06 coinbase.RESTClient     ERROR | HTTP Error: 403 Client Error: Forbidden {"error":"PERMISSION_DENIED","error_details":"User does not have the correct permissions","message":"User does not have the correct permissions"}
2026-04-13 16:15:08 - coinbase.RESTClient - ERROR - HTTP Error: 403 Client Error: Forbidden {"error":"PERMISSION_DENIED","error_details":"User does not have the correct permissions","message":"User does not have the correct permissions"}
16:15:08 coinbase.RESTClient     ERROR | HTTP Error: 403 Client Error: Forbidden {"error":"PERMISSION_DENIED","error_details":"User does not have the correct permissions","message":"User does not have the correct permissions"}
16:15:08 backend.server.coinbase_order_manager  WARNING | CoinbaseOrderManager: COINBASE_INTX_PORTFOLIO_UUID invalid or list_perps failed — falling back to auto-discovery
Traceback (most recent call last):
  File "C:\Users\daroo\Desktop\Repos\tradingbot-1\backend\server\coinbase_order_manager.py", line 1668, in _discover_intx_portfolio_uuid
    if str(getattr(self._scalp_cfg, "venue", "") or "").strip().lower() != "coinbase_perps":
                ^^^^^^^^^^^^^^^^^^^^^^^^^^^^^^^^^^^^^^^^^^^
  File "C:\Python314\Lib\asyncio\threads.py", line 25, in to_thread
    return await loop.run_in_executor(None, func_call)
           ^^^^^^^^^^^^^^^^^^^^^^^^^^^^^^^^^^^^^^^^^^^
  File "C:\Python314\Lib\concurrent\futures\thread.py", line 86, in run
    result = ctx.run(self.task)
  File "C:\Python314\Lib\concurrent\futures\thread.py", line 73, in run
    return fn(*args, **kwargs)
  File "C:\Users\daroo\Desktop\Repos\tradingbot-1\backend\server\coinbase_order_manager.py", line 1668, in <lambda>
    if str(getattr(self._scalp_cfg, "venue", "") or "").strip().lower() != "coinbase_perps":
                                                ^^^^^^^^^^
  File "C:\Users\daroo\AppData\Roaming\Python\Python314\site-packages\coinbase\rest\perpetuals.py", line 92, in list_perps_positions
    return ListPerpetualsPositionsResponse(self.get(endpoint, **kwargs))
                                           ~~~~~~~~^^^^^^^^^^^^^^^^^^^^
  File "C:\Users\daroo\AppData\Roaming\Python\Python314\site-packages\coinbase\rest\rest_base.py", line 101, in get
    return self.prepare_and_send_request(
           ~~~~~~~~~~~~~~~~~~~~~~~~~~~~~^
        "GET", url_path, params, data=None, public=public
        ^^^^^^^^^^^^^^^^^^^^^^^^^^^^^^^^^^^^^^^^^^^^^^^^^
    )
    ^
  File "C:\Users\daroo\AppData\Roaming\Python\Python314\site-packages\coinbase\rest\rest_base.py", line 207, in prepare_and_send_request
    return self.send_request(http_method, url_path, params, headers, data=data)
           ~~~~~~~~~~~~~~~~~^^^^^^^^^^^^^^^^^^^^^^^^^^^^^^^^^^^^^^^^^^^^^^^^^^^
  File "C:\Users\daroo\AppData\Roaming\Python\Python314\site-packages\coinbase\rest\rest_base.py", line 228, in send_request
    handle_exception(response)  # Raise an HTTPError for bad responses
    ~~~~~~~~~~~~~~~~^^^^^^^^^^
  File "C:\Users\daroo\AppData\Roaming\Python\Python314\site-packages\coinbase\rest\rest_base.py", line 47, in handle_exception
    raise HTTPError(http_error_msg, response=response)
requests.exceptions.HTTPError: 403 Client Error: Forbidden {"error":"PERMISSION_DENIED","error_details":"User does not have the correct permissions","message":"User does not have the correct permissions"}
2026-04-13 16:15:09 - coinbase.RESTClient - ERROR - HTTP Error: 403 Client Error: Forbidden {"error":"PERMISSION_DENIED","error_details":"User does not have the correct permissions","message":"User does not have the correct permissions"}
16:15:09 coinbase.RESTClient     ERROR | HTTP Error: 403 Client Error: Forbidden {"error":"PERMISSION_DENIED","error_details":"User does not have the correct permissions","message":"User does not have the correct permissions"}
2026-04-13 16:15:11 - coinbase.RESTClient - ERROR - HTTP Error: 403 Client Error: Forbidden {"error":"PERMISSION_DENIED","error_details":"User does not have the correct permissions","message":"User does not have the correct permissions"}
16:15:11 coinbase.RESTClient     ERROR | HTTP Error: 403 Client Error: Forbidden {"error":"PERMISSION_DENIED","error_details":"User does not have the correct permissions","message":"User does not have the correct permissions"}
16:15:11 backend.server.coinbase_order_manager  WARNING | CoinbaseOrderManager: COINBASE_INTX_PORTFOLIO_UUID invalid or list_perps failed — falling back to auto-discovery
Traceback (most recent call last):
  File "C:\Users\daroo\Desktop\Repos\tradingbot-1\backend\server\coinbase_order_manager.py", line 1668, in _discover_intx_portfolio_uuid
    if str(getattr(self._scalp_cfg, "venue", "") or "").strip().lower() != "coinbase_perps":
                ^^^^^^^^^^^^^^^^^^^^^^^^^^^^^^^^^^^^^^^^^^^
  File "C:\Python314\Lib\asyncio\threads.py", line 25, in to_thread
    return await loop.run_in_executor(None, func_call)
           ^^^^^^^^^^^^^^^^^^^^^^^^^^^^^^^^^^^^^^^^^^^
  File "C:\Python314\Lib\concurrent\futures\thread.py", line 86, in run
    result = ctx.run(self.task)
  File "C:\Python314\Lib\concurrent\futures\thread.py", line 73, in run
    return fn(*args, **kwargs)
  File "C:\Users\daroo\Desktop\Repos\tradingbot-1\backend\server\coinbase_order_manager.py", line 1668, in <lambda>
    if str(getattr(self._scalp_cfg, "venue", "") or "").strip().lower() != "coinbase_perps":
                                                ^^^^^^^^^^
  File "C:\Users\daroo\AppData\Roaming\Python\Python314\site-packages\coinbase\rest\perpetuals.py", line 92, in list_perps_positions
    return ListPerpetualsPositionsResponse(self.get(endpoint, **kwargs))
                                           ~~~~~~~~^^^^^^^^^^^^^^^^^^^^
  File "C:\Users\daroo\AppData\Roaming\Python\Python314\site-packages\coinbase\rest\rest_base.py", line 101, in get
    return self.prepare_and_send_request(
           ~~~~~~~~~~~~~~~~~~~~~~~~~~~~~^
        "GET", url_path, params, data=None, public=public
        ^^^^^^^^^^^^^^^^^^^^^^^^^^^^^^^^^^^^^^^^^^^^^^^^^
    )
    ^
  File "C:\Users\daroo\AppData\Roaming\Python\Python314\site-packages\coinbase\rest\rest_base.py", line 207, in prepare_and_send_request
    return self.send_request(http_method, url_path, params, headers, data=data)
           ~~~~~~~~~~~~~~~~~^^^^^^^^^^^^^^^^^^^^^^^^^^^^^^^^^^^^^^^^^^^^^^^^^^^
  File "C:\Users\daroo\AppData\Roaming\Python\Python314\site-packages\coinbase\rest\rest_base.py", line 228, in send_request
    handle_exception(response)  # Raise an HTTPError for bad responses
    ~~~~~~~~~~~~~~~~^^^^^^^^^^
  File "C:\Users\daroo\AppData\Roaming\Python\Python314\site-packages\coinbase\rest\rest_base.py", line 47, in handle_exception
    raise HTTPError(http_error_msg, response=response)
requests.exceptions.HTTPError: 403 Client Error: Forbidden {"error":"PERMISSION_DENIED","error_details":"User does not have the correct permissions","message":"User does not have the correct permissions"}
2026-04-13 16:15:11 - coinbase.RESTClient - ERROR - HTTP Error: 403 Client Error: Forbidden {"error":"PERMISSION_DENIED","error_details":"User does not have the correct permissions","message":"User does not have the correct permissions"}
16:15:11 coinbase.RESTClient     ERROR | HTTP Error: 403 Client Error: Forbidden {"error":"PERMISSION_DENIED","error_details":"User does not have the correct permissions","message":"User does not have the correct permissions"}
2026-04-13 16:15:14 - coinbase.RESTClient - ERROR - HTTP Error: 403 Client Error: Forbidden {"error":"PERMISSION_DENIED","error_details":"User does not have the correct permissions","message":"User does not have the correct permissions"}
16:15:14 coinbase.RESTClient     ERROR | HTTP Error: 403 Client Error: Forbidden {"error":"PERMISSION_DENIED","error_details":"User does not have the correct permissions","message":"User does not have the correct permissions"}
16:15:14 backend.server.coinbase_order_manager  WARNING | CoinbaseOrderManager: COINBASE_INTX_PORTFOLIO_UUID invalid or list_perps failed — falling back to auto-discovery
Traceback (most recent call last):
  File "C:\Users\daroo\Desktop\Repos\tradingbot-1\backend\server\coinbase_order_manager.py", line 1668, in _discover_intx_portfolio_uuid
    if str(getattr(self._scalp_cfg, "venue", "") or "").strip().lower() != "coinbase_perps":
                ^^^^^^^^^^^^^^^^^^^^^^^^^^^^^^^^^^^^^^^^^^^
  File "C:\Python314\Lib\asyncio\threads.py", line 25, in to_thread
    return await loop.run_in_executor(None, func_call)
           ^^^^^^^^^^^^^^^^^^^^^^^^^^^^^^^^^^^^^^^^^^^
  File "C:\Python314\Lib\concurrent\futures\thread.py", line 86, in run
    result = ctx.run(self.task)
  File "C:\Python314\Lib\concurrent\futures\thread.py", line 73, in run
    return fn(*args, **kwargs)
  File "C:\Users\daroo\Desktop\Repos\tradingbot-1\backend\server\coinbase_order_manager.py", line 1668, in <lambda>
    if str(getattr(self._scalp_cfg, "venue", "") or "").strip().lower() != "coinbase_perps":
                                                ^^^^^^^^^^
  File "C:\Users\daroo\AppData\Roaming\Python\Python314\site-packages\coinbase\rest\perpetuals.py", line 92, in list_perps_positions
    return ListPerpetualsPositionsResponse(self.get(endpoint, **kwargs))
                                           ~~~~~~~~^^^^^^^^^^^^^^^^^^^^
  File "C:\Users\daroo\AppData\Roaming\Python\Python314\site-packages\coinbase\rest\rest_base.py", line 101, in get
    return self.prepare_and_send_request(
           ~~~~~~~~~~~~~~~~~~~~~~~~~~~~~^
        "GET", url_path, params, data=None, public=public
        ^^^^^^^^^^^^^^^^^^^^^^^^^^^^^^^^^^^^^^^^^^^^^^^^^
    )
    ^
  File "C:\Users\daroo\AppData\Roaming\Python\Python314\site-packages\coinbase\rest\rest_base.py", line 207, in prepare_and_send_request
    return self.send_request(http_method, url_path, params, headers, data=data)
           ~~~~~~~~~~~~~~~~~^^^^^^^^^^^^^^^^^^^^^^^^^^^^^^^^^^^^^^^^^^^^^^^^^^^
  File "C:\Users\daroo\AppData\Roaming\Python\Python314\site-packages\coinbase\rest\rest_base.py", line 228, in send_request
    handle_exception(response)  # Raise an HTTPError for bad responses
    ~~~~~~~~~~~~~~~~^^^^^^^^^^
  File "C:\Users\daroo\AppData\Roaming\Python\Python314\site-packages\coinbase\rest\rest_base.py", line 47, in handle_exception
    raise HTTPError(http_error_msg, response=response)
requests.exceptions.HTTPError: 403 Client Error: Forbidden {"error":"PERMISSION_DENIED","error_details":"User does not have the correct permissions","message":"User does not have the correct permissions"}
2026-04-13 16:15:14 - coinbase.RESTClient - ERROR - HTTP Error: 403 Client Error: Forbidden {"error":"PERMISSION_DENIED","error_details":"User does not have the correct permissions","message":"User does not have the correct permissions"}
16:15:14 coinbase.RESTClient     ERROR | HTTP Error: 403 Client Error: Forbidden {"error":"PERMISSION_DENIED","error_details":"User does not have the correct permissions","message":"User does not have the correct permissions"}
16:15:14 backend.server.coinbase_order_manager  WARNING | CoinbaseOrderManager: COINBASE_INTX_PORTFOLIO_UUID invalid or list_perps failed — falling back to auto-discovery
Traceback (most recent call last):
  File "C:\Users\daroo\Desktop\Repos\tradingbot-1\backend\server\coinbase_order_manager.py", line 1668, in _discover_intx_portfolio_uuid
    if str(getattr(self._scalp_cfg, "venue", "") or "").strip().lower() != "coinbase_perps":
                ^^^^^^^^^^^^^^^^^^^^^^^^^^^^^^^^^^^^^^^^^^^
  File "C:\Python314\Lib\asyncio\threads.py", line 25, in to_thread
    return await loop.run_in_executor(None, func_call)
           ^^^^^^^^^^^^^^^^^^^^^^^^^^^^^^^^^^^^^^^^^^^
  File "C:\Python314\Lib\concurrent\futures\thread.py", line 86, in run
    result = ctx.run(self.task)
  File "C:\Python314\Lib\concurrent\futures\thread.py", line 73, in run
    return fn(*args, **kwargs)
  File "C:\Users\daroo\Desktop\Repos\tradingbot-1\backend\server\coinbase_order_manager.py", line 1668, in <lambda>
    if str(getattr(self._scalp_cfg, "venue", "") or "").strip().lower() != "coinbase_perps":
                                                ^^^^^^^^^^
  File "C:\Users\daroo\AppData\Roaming\Python\Python314\site-packages\coinbase\rest\perpetuals.py", line 92, in list_perps_positions
    return ListPerpetualsPositionsResponse(self.get(endpoint, **kwargs))
                                           ~~~~~~~~^^^^^^^^^^^^^^^^^^^^
  File "C:\Users\daroo\AppData\Roaming\Python\Python314\site-packages\coinbase\rest\rest_base.py", line 101, in get
    return self.prepare_and_send_request(
           ~~~~~~~~~~~~~~~~~~~~~~~~~~~~~^
        "GET", url_path, params, data=None, public=public
        ^^^^^^^^^^^^^^^^^^^^^^^^^^^^^^^^^^^^^^^^^^^^^^^^^
    )
    ^
  File "C:\Users\daroo\AppData\Roaming\Python\Python314\site-packages\coinbase\rest\rest_base.py", line 207, in prepare_and_send_request
    return self.send_request(http_method, url_path, params, headers, data=data)
           ~~~~~~~~~~~~~~~~~^^^^^^^^^^^^^^^^^^^^^^^^^^^^^^^^^^^^^^^^^^^^^^^^^^^
  File "C:\Users\daroo\AppData\Roaming\Python\Python314\site-packages\coinbase\rest\rest_base.py", line 228, in send_request
    handle_exception(response)  # Raise an HTTPError for bad responses
    ~~~~~~~~~~~~~~~~^^^^^^^^^^
  File "C:\Users\daroo\AppData\Roaming\Python\Python314\site-packages\coinbase\rest\rest_base.py", line 47, in handle_exception
    raise HTTPError(http_error_msg, response=response)
requests.exceptions.HTTPError: 403 Client Error: Forbidden {"error":"PERMISSION_DENIED","error_details":"User does not have the correct permissions","message":"User does not have the correct permissions"}
2026-04-13 16:15:14 - coinbase.RESTClient - ERROR - HTTP Error: 403 Client Error: Forbidden {"error":"PERMISSION_DENIED","error_details":"User does not have the correct permissions","message":"User does not have the correct permissions"}
16:15:14 coinbase.RESTClient     ERROR | HTTP Error: 403 Client Error: Forbidden {"error":"PERMISSION_DENIED","error_details":"User does not have the correct permissions","message":"User does not have the correct permissions"}
2026-04-13 16:15:14 - coinbase.RESTClient - ERROR - HTTP Error: 403 Client Error: Forbidden {"error":"PERMISSION_DENIED","error_details":"User does not have the correct permissions","message":"User does not have the correct permissions"}
16:15:14 coinbase.RESTClient     ERROR | HTTP Error: 403 Client Error: Forbidden {"error":"PERMISSION_DENIED","error_details":"User does not have the correct permissions","message":"User does not have the correct permissions"}
2026-04-13 16:15:16 - coinbase.RESTClient - ERROR - HTTP Error: 403 Client Error: Forbidden {"error":"PERMISSION_DENIED","error_details":"User does not have the correct permissions","message":"User does not have the correct permissions"}
16:15:16 coinbase.RESTClient     ERROR | HTTP Error: 403 Client Error: Forbidden {"error":"PERMISSION_DENIED","error_details":"User does not have the correct permissions","message":"User does not have the correct permissions"}
16:15:16 backend.server.coinbase_order_manager  WARNING | CoinbaseOrderManager: COINBASE_INTX_PORTFOLIO_UUID invalid or list_perps failed — falling back to auto-discovery
Traceback (most recent call last):
  File "C:\Users\daroo\Desktop\Repos\tradingbot-1\backend\server\coinbase_order_manager.py", line 1668, in _discover_intx_portfolio_uuid
    if str(getattr(self._scalp_cfg, "venue", "") or "").strip().lower() != "coinbase_perps":
                ^^^^^^^^^^^^^^^^^^^^^^^^^^^^^^^^^^^^^^^^^^^
  File "C:\Python314\Lib\asyncio\threads.py", line 25, in to_thread
    return await loop.run_in_executor(None, func_call)
           ^^^^^^^^^^^^^^^^^^^^^^^^^^^^^^^^^^^^^^^^^^^
  File "C:\Python314\Lib\concurrent\futures\thread.py", line 86, in run
    result = ctx.run(self.task)
  File "C:\Python314\Lib\concurrent\futures\thread.py", line 73, in run
    return fn(*args, **kwargs)
  File "C:\Users\daroo\Desktop\Repos\tradingbot-1\backend\server\coinbase_order_manager.py", line 1668, in <lambda>
    if str(getattr(self._scalp_cfg, "venue", "") or "").strip().lower() != "coinbase_perps":
                                                ^^^^^^^^^^
  File "C:\Users\daroo\AppData\Roaming\Python\Python314\site-packages\coinbase\rest\perpetuals.py", line 92, in list_perps_positions
    return ListPerpetualsPositionsResponse(self.get(endpoint, **kwargs))
                                           ~~~~~~~~^^^^^^^^^^^^^^^^^^^^
  File "C:\Users\daroo\AppData\Roaming\Python\Python314\site-packages\coinbase\rest\rest_base.py", line 101, in get
    return self.prepare_and_send_request(
           ~~~~~~~~~~~~~~~~~~~~~~~~~~~~~^
        "GET", url_path, params, data=None, public=public
        ^^^^^^^^^^^^^^^^^^^^^^^^^^^^^^^^^^^^^^^^^^^^^^^^^
    )
    ^
  File "C:\Users\daroo\AppData\Roaming\Python\Python314\site-packages\coinbase\rest\rest_base.py", line 207, in prepare_and_send_request
    return self.send_request(http_method, url_path, params, headers, data=data)
           ~~~~~~~~~~~~~~~~~^^^^^^^^^^^^^^^^^^^^^^^^^^^^^^^^^^^^^^^^^^^^^^^^^^^
  File "C:\Users\daroo\AppData\Roaming\Python\Python314\site-packages\coinbase\rest\rest_base.py", line 228, in send_request
    handle_exception(response)  # Raise an HTTPError for bad responses
    ~~~~~~~~~~~~~~~~^^^^^^^^^^
  File "C:\Users\daroo\AppData\Roaming\Python\Python314\site-packages\coinbase\rest\rest_base.py", line 47, in handle_exception
    raise HTTPError(http_error_msg, response=response)
requests.exceptions.HTTPError: 403 Client Error: Forbidden {"error":"PERMISSION_DENIED","error_details":"User does not have the correct permissions","message":"User does not have the correct permissions"}
2026-04-13 16:15:17 - coinbase.RESTClient - ERROR - HTTP Error: 403 Client Error: Forbidden {"error":"PERMISSION_DENIED","error_details":"User does not have the correct permissions","message":"User does not have the correct permissions"}
16:15:17 coinbase.RESTClient     ERROR | HTTP Error: 403 Client Error: Forbidden {"error":"PERMISSION_DENIED","error_details":"User does not have the correct permissions","message":"User does not have the correct permissions"}
16:15:17 aiohttp.access           INFO | 127.0.0.1 [13/Apr/2026:16:15:17 -0400] "GET / HTTP/1.1" 200 288 "-" "Mozilla/5.0 (Windows NT 10.0; Win64; x64) AppleWebKit/537.36 (KHTML, like Gecko) Chrome/147.0.0.0 Safari/537.36"
16:15:17 backend.server.ws_server     INFO | Dashboard client disconnected (2 remaining)
16:15:17 aiohttp.access           INFO | 127.0.0.1 [13/Apr/2026:16:13:10 -0400] "GET /ws HTTP/1.1" 101 0 "-" "Mozilla/5.0 (Windows NT 10.0; Win64; x64) AppleWebKit/537.36 (KHTML, like Gecko) Chrome/147.0.0.0 Safari/537.36"
16:15:18 aiohttp.access           INFO | 127.0.0.1 [13/Apr/2026:16:15:17 -0400] "GET /assets/index-fui93DU7.js HTTP/1.1" 200 247 "http://localhost:8080/" "Mozilla/5.0 (Windows NT 10.0; Win64; x64) AppleWebKit/537.36 (KHTML, like Gecko) Chrome/147.0.0.0 Safari/537.36"
16:15:18 backend.server.ws_server     INFO | Dashboard client connected from 127.0.0.1 (3 total)
2026-04-13 16:15:19 - coinbase.RESTClient - ERROR - HTTP Error: 403 Client Error: Forbidden {"error":"PERMISSION_DENIED","error_details":"User does not have the correct permissions","message":"User does not have the correct permissions"}
16:15:19 coinbase.RESTClient     ERROR | HTTP Error: 403 Client Error: Forbidden {"error":"PERMISSION_DENIED","error_details":"User does not have the correct permissions","message":"User does not have the correct permissions"}
16:15:19 backend.server.coinbase_order_manager  WARNING | CoinbaseOrderManager: COINBASE_INTX_PORTFOLIO_UUID invalid or list_perps failed — falling back to auto-discovery
Traceback (most recent call last):
  File "C:\Users\daroo\Desktop\Repos\tradingbot-1\backend\server\coinbase_order_manager.py", line 1668, in _discover_intx_portfolio_uuid
    if str(getattr(self._scalp_cfg, "venue", "") or "").strip().lower() != "coinbase_perps":
                ^^^^^^^^^^^^^^^^^^^^^^^^^^^^^^^^^^^^^^^^^^^
  File "C:\Python314\Lib\asyncio\threads.py", line 25, in to_thread
    return await loop.run_in_executor(None, func_call)
           ^^^^^^^^^^^^^^^^^^^^^^^^^^^^^^^^^^^^^^^^^^^
  File "C:\Python314\Lib\concurrent\futures\thread.py", line 86, in run
    result = ctx.run(self.task)
  File "C:\Python314\Lib\concurrent\futures\thread.py", line 73, in run
    return fn(*args, **kwargs)
  File "C:\Users\daroo\Desktop\Repos\tradingbot-1\backend\server\coinbase_order_manager.py", line 1668, in <lambda>
    if str(getattr(self._scalp_cfg, "venue", "") or "").strip().lower() != "coinbase_perps":
                                                ^^^^^^^^^^
  File "C:\Users\daroo\AppData\Roaming\Python\Python314\site-packages\coinbase\rest\perpetuals.py", line 92, in list_perps_positions
    return ListPerpetualsPositionsResponse(self.get(endpoint, **kwargs))
                                           ~~~~~~~~^^^^^^^^^^^^^^^^^^^^
  File "C:\Users\daroo\AppData\Roaming\Python\Python314\site-packages\coinbase\rest\rest_base.py", line 101, in get
    return self.prepare_and_send_request(
           ~~~~~~~~~~~~~~~~~~~~~~~~~~~~~^
        "GET", url_path, params, data=None, public=public
        ^^^^^^^^^^^^^^^^^^^^^^^^^^^^^^^^^^^^^^^^^^^^^^^^^
    )
    ^
  File "C:\Users\daroo\AppData\Roaming\Python\Python314\site-packages\coinbase\rest\rest_base.py", line 207, in prepare_and_send_request
    return self.send_request(http_method, url_path, params, headers, data=data)
           ~~~~~~~~~~~~~~~~~^^^^^^^^^^^^^^^^^^^^^^^^^^^^^^^^^^^^^^^^^^^^^^^^^^^
  File "C:\Users\daroo\AppData\Roaming\Python\Python314\site-packages\coinbase\rest\rest_base.py", line 228, in send_request
    handle_exception(response)  # Raise an HTTPError for bad responses
    ~~~~~~~~~~~~~~~~^^^^^^^^^^
  File "C:\Users\daroo\AppData\Roaming\Python\Python314\site-packages\coinbase\rest\rest_base.py", line 47, in handle_exception
    raise HTTPError(http_error_msg, response=response)
requests.exceptions.HTTPError: 403 Client Error: Forbidden {"error":"PERMISSION_DENIED","error_details":"User does not have the correct permissions","message":"User does not have the correct permissions"}
2026-04-13 16:15:19 - coinbase.RESTClient - ERROR - HTTP Error: 403 Client Error: Forbidden {"error":"PERMISSION_DENIED","error_details":"User does not have the correct permissions","message":"User does not have the correct permissions"}
16:15:19 coinbase.RESTClient     ERROR | HTTP Error: 403 Client Error: Forbidden {"error":"PERMISSION_DENIED","error_details":"User does not have the correct permissions","message":"User does not have the correct permissions"}
2026-04-13 16:15:19 - coinbase.RESTClient - ERROR - HTTP Error: 403 Client Error: Forbidden {"error":"PERMISSION_DENIED","error_details":"User does not have the correct permissions","message":"User does not have the correct permissions"}
16:15:19 coinbase.RESTClient     ERROR | HTTP Error: 403 Client Error: Forbidden {"error":"PERMISSION_DENIED","error_details":"User does not have the correct permissions","message":"User does not have the correct permissions"}
16:15:19 backend.server.coinbase_order_manager  WARNING | CoinbaseOrderManager: COINBASE_INTX_PORTFOLIO_UUID invalid or list_perps failed — falling back to auto-discovery
Traceback (most recent call last):
  File "C:\Users\daroo\Desktop\Repos\tradingbot-1\backend\server\coinbase_order_manager.py", line 1668, in _discover_intx_portfolio_uuid
    if str(getattr(self._scalp_cfg, "venue", "") or "").strip().lower() != "coinbase_perps":
                ^^^^^^^^^^^^^^^^^^^^^^^^^^^^^^^^^^^^^^^^^^^
  File "C:\Python314\Lib\asyncio\threads.py", line 25, in to_thread
    return await loop.run_in_executor(None, func_call)
           ^^^^^^^^^^^^^^^^^^^^^^^^^^^^^^^^^^^^^^^^^^^
  File "C:\Python314\Lib\concurrent\futures\thread.py", line 86, in run
    result = ctx.run(self.task)
  File "C:\Python314\Lib\concurrent\futures\thread.py", line 73, in run
    return fn(*args, **kwargs)
  File "C:\Users\daroo\Desktop\Repos\tradingbot-1\backend\server\coinbase_order_manager.py", line 1668, in <lambda>
    if str(getattr(self._scalp_cfg, "venue", "") or "").strip().lower() != "coinbase_perps":
                                                ^^^^^^^^^^
  File "C:\Users\daroo\AppData\Roaming\Python\Python314\site-packages\coinbase\rest\perpetuals.py", line 92, in list_perps_positions
    return ListPerpetualsPositionsResponse(self.get(endpoint, **kwargs))
                                           ~~~~~~~~^^^^^^^^^^^^^^^^^^^^
  File "C:\Users\daroo\AppData\Roaming\Python\Python314\site-packages\coinbase\rest\rest_base.py", line 101, in get
    return self.prepare_and_send_request(
           ~~~~~~~~~~~~~~~~~~~~~~~~~~~~~^
        "GET", url_path, params, data=None, public=public
        ^^^^^^^^^^^^^^^^^^^^^^^^^^^^^^^^^^^^^^^^^^^^^^^^^
    )
    ^
  File "C:\Users\daroo\AppData\Roaming\Python\Python314\site-packages\coinbase\rest\rest_base.py", line 207, in prepare_and_send_request
    return self.send_request(http_method, url_path, params, headers, data=data)
           ~~~~~~~~~~~~~~~~~^^^^^^^^^^^^^^^^^^^^^^^^^^^^^^^^^^^^^^^^^^^^^^^^^^^
  File "C:\Users\daroo\AppData\Roaming\Python\Python314\site-packages\coinbase\rest\rest_base.py", line 228, in send_request
    handle_exception(response)  # Raise an HTTPError for bad responses
    ~~~~~~~~~~~~~~~~^^^^^^^^^^
  File "C:\Users\daroo\AppData\Roaming\Python\Python314\site-packages\coinbase\rest\rest_base.py", line 47, in handle_exception
    raise HTTPError(http_error_msg, response=response)
requests.exceptions.HTTPError: 403 Client Error: Forbidden {"error":"PERMISSION_DENIED","error_details":"User does not have the correct permissions","message":"User does not have the correct permissions"}
2026-04-13 16:15:19 - coinbase.RESTClient - ERROR - HTTP Error: 403 Client Error: Forbidden {"error":"PERMISSION_DENIED","error_details":"User does not have the correct permissions","message":"User does not have the correct permissions"}
16:15:19 coinbase.RESTClient     ERROR | HTTP Error: 403 Client Error: Forbidden {"error":"PERMISSION_DENIED","error_details":"User does not have the correct permissions","message":"User does not have the correct permissions"}
2026-04-13 16:15:22 - coinbase.RESTClient - ERROR - HTTP Error: 403 Client Error: Forbidden {"error":"PERMISSION_DENIED","error_details":"User does not have the correct permissions","message":"User does not have the correct permissions"}
16:15:22 coinbase.RESTClient     ERROR | HTTP Error: 403 Client Error: Forbidden {"error":"PERMISSION_DENIED","error_details":"User does not have the correct permissions","message":"User does not have the correct permissions"}
16:15:22 backend.server.coinbase_order_manager  WARNING | CoinbaseOrderManager: COINBASE_INTX_PORTFOLIO_UUID invalid or list_perps failed — falling back to auto-discovery
Traceback (most recent call last):
  File "C:\Users\daroo\Desktop\Repos\tradingbot-1\backend\server\coinbase_order_manager.py", line 1668, in _discover_intx_portfolio_uuid
    if str(getattr(self._scalp_cfg, "venue", "") or "").strip().lower() != "coinbase_perps":
                ^^^^^^^^^^^^^^^^^^^^^^^^^^^^^^^^^^^^^^^^^^^
  File "C:\Python314\Lib\asyncio\threads.py", line 25, in to_thread
    return await loop.run_in_executor(None, func_call)
           ^^^^^^^^^^^^^^^^^^^^^^^^^^^^^^^^^^^^^^^^^^^
  File "C:\Python314\Lib\concurrent\futures\thread.py", line 86, in run
    result = ctx.run(self.task)
  File "C:\Python314\Lib\concurrent\futures\thread.py", line 73, in run
    return fn(*args, **kwargs)
  File "C:\Users\daroo\Desktop\Repos\tradingbot-1\backend\server\coinbase_order_manager.py", line 1668, in <lambda>
    if str(getattr(self._scalp_cfg, "venue", "") or "").strip().lower() != "coinbase_perps":
                                                ^^^^^^^^^^
  File "C:\Users\daroo\AppData\Roaming\Python\Python314\site-packages\coinbase\rest\perpetuals.py", line 92, in list_perps_positions
    return ListPerpetualsPositionsResponse(self.get(endpoint, **kwargs))
                                           ~~~~~~~~^^^^^^^^^^^^^^^^^^^^
  File "C:\Users\daroo\AppData\Roaming\Python\Python314\site-packages\coinbase\rest\rest_base.py", line 101, in get
    return self.prepare_and_send_request(
           ~~~~~~~~~~~~~~~~~~~~~~~~~~~~~^
        "GET", url_path, params, data=None, public=public
        ^^^^^^^^^^^^^^^^^^^^^^^^^^^^^^^^^^^^^^^^^^^^^^^^^
    )
    ^
  File "C:\Users\daroo\AppData\Roaming\Python\Python314\site-packages\coinbase\rest\rest_base.py", line 207, in prepare_and_send_request
    return self.send_request(http_method, url_path, params, headers, data=data)
           ~~~~~~~~~~~~~~~~~^^^^^^^^^^^^^^^^^^^^^^^^^^^^^^^^^^^^^^^^^^^^^^^^^^^
  File "C:\Users\daroo\AppData\Roaming\Python\Python314\site-packages\coinbase\rest\rest_base.py", line 228, in send_request
    handle_exception(response)  # Raise an HTTPError for bad responses
    ~~~~~~~~~~~~~~~~^^^^^^^^^^
  File "C:\Users\daroo\AppData\Roaming\Python\Python314\site-packages\coinbase\rest\rest_base.py", line 47, in handle_exception
    raise HTTPError(http_error_msg, response=response)
requests.exceptions.HTTPError: 403 Client Error: Forbidden {"error":"PERMISSION_DENIED","error_details":"User does not have the correct permissions","message":"User does not have the correct permissions"}
2026-04-13 16:15:22 - coinbase.RESTClient - ERROR - HTTP Error: 403 Client Error: Forbidden {"error":"PERMISSION_DENIED","error_details":"User does not have the correct permissions","message":"User does not have the correct permissions"}
16:15:22 coinbase.RESTClient     ERROR | HTTP Error: 403 Client Error: Forbidden {"error":"PERMISSION_DENIED","error_details":"User does not have the correct permissions","message":"User does not have the correct permissions"}
2026-04-13 16:15:24 - coinbase.RESTClient - ERROR - HTTP Error: 403 Client Error: Forbidden {"error":"PERMISSION_DENIED","error_details":"User does not have the correct permissions","message":"User does not have the correct permissions"}
16:15:24 coinbase.RESTClient     ERROR | HTTP Error: 403 Client Error: Forbidden {"error":"PERMISSION_DENIED","error_details":"User does not have the correct permissions","message":"User does not have the correct permissions"}
16:15:24 backend.server.coinbase_order_manager  WARNING | CoinbaseOrderManager: COINBASE_INTX_PORTFOLIO_UUID invalid or list_perps failed — falling back to auto-discovery
Traceback (most recent call last):
  File "C:\Users\daroo\Desktop\Repos\tradingbot-1\backend\server\coinbase_order_manager.py", line 1668, in _discover_intx_portfolio_uuid
    if str(getattr(self._scalp_cfg, "venue", "") or "").strip().lower() != "coinbase_perps":
                ^^^^^^^^^^^^^^^^^^^^^^^^^^^^^^^^^^^^^^^^^^^
  File "C:\Python314\Lib\asyncio\threads.py", line 25, in to_thread
    return await loop.run_in_executor(None, func_call)
           ^^^^^^^^^^^^^^^^^^^^^^^^^^^^^^^^^^^^^^^^^^^
  File "C:\Python314\Lib\concurrent\futures\thread.py", line 86, in run
    result = ctx.run(self.task)
  File "C:\Python314\Lib\concurrent\futures\thread.py", line 73, in run
    return fn(*args, **kwargs)
  File "C:\Users\daroo\Desktop\Repos\tradingbot-1\backend\server\coinbase_order_manager.py", line 1668, in <lambda>
    if str(getattr(self._scalp_cfg, "venue", "") or "").strip().lower() != "coinbase_perps":
                                                ^^^^^^^^^^
  File "C:\Users\daroo\AppData\Roaming\Python\Python314\site-packages\coinbase\rest\perpetuals.py", line 92, in list_perps_positions
    return ListPerpetualsPositionsResponse(self.get(endpoint, **kwargs))
                                           ~~~~~~~~^^^^^^^^^^^^^^^^^^^^
  File "C:\Users\daroo\AppData\Roaming\Python\Python314\site-packages\coinbase\rest\rest_base.py", line 101, in get
    return self.prepare_and_send_request(
           ~~~~~~~~~~~~~~~~~~~~~~~~~~~~~^
        "GET", url_path, params, data=None, public=public
        ^^^^^^^^^^^^^^^^^^^^^^^^^^^^^^^^^^^^^^^^^^^^^^^^^
    )
    ^
  File "C:\Users\daroo\AppData\Roaming\Python\Python314\site-packages\coinbase\rest\rest_base.py", line 207, in prepare_and_send_request
    return self.send_request(http_method, url_path, params, headers, data=data)
           ~~~~~~~~~~~~~~~~~^^^^^^^^^^^^^^^^^^^^^^^^^^^^^^^^^^^^^^^^^^^^^^^^^^^
  File "C:\Users\daroo\AppData\Roaming\Python\Python314\site-packages\coinbase\rest\rest_base.py", line 228, in send_request
    handle_exception(response)  # Raise an HTTPError for bad responses
    ~~~~~~~~~~~~~~~~^^^^^^^^^^
  File "C:\Users\daroo\AppData\Roaming\Python\Python314\site-packages\coinbase\rest\rest_base.py", line 47, in handle_exception
    raise HTTPError(http_error_msg, response=response)
requests.exceptions.HTTPError: 403 Client Error: Forbidden {"error":"PERMISSION_DENIED","error_details":"User does not have the correct permissions","message":"User does not have the correct permissions"}
2026-04-13 16:15:24 - coinbase.RESTClient - ERROR - HTTP Error: 403 Client Error: Forbidden {"error":"PERMISSION_DENIED","error_details":"User does not have the correct permissions","message":"User does not have the correct permissions"}
16:15:24 coinbase.RESTClient     ERROR | HTTP Error: 403 Client Error: Forbidden {"error":"PERMISSION_DENIED","error_details":"User does not have the correct permissions","message":"User does not have the correct permissions"}
