16:15:30 backend.server.windows_power     INFO | Windows: preventing system idle sleep while bot runs
16:15:30 backend.server.session_logger     INFO | Session log: C:\Users\daroo\Desktop\Repos\tradingbot-1\data\session_20260413_201530.jsonl
2026-04-13 16:15:31 - coinbase.RESTClient - ERROR - HTTP Error: 403 Client Error: Forbidden {"error":"PERMISSION_DENIED","error_details":"User does not have the correct permissions","message":"User does not have the correct permissions"}
16:15:31 coinbase.RESTClient     ERROR | HTTP Error: 403 Client Error: Forbidden {"error":"PERMISSION_DENIED","error_details":"User does not have the correct permissions","message":"User does not have the correct permissions"}
16:15:31 backend.server.coinbase_order_manager  WARNING | CoinbaseOrderManager: COINBASE_INTX_PORTFOLIO_UUID invalid or list_perps failed — falling back to auto-discovery
Traceback (most recent call last):
  File "C:\Users\daroo\Desktop\Repos\tradingbot-1\backend\server\coinbase_order_manager.py", line 1690, in _discover_intx_portfolio_uuid
    await asyncio.to_thread(lambda: lp(forced))
  File "C:\Python314\Lib\asyncio\threads.py", line 25, in to_thread
    return await loop.run_in_executor(None, func_call)
           ^^^^^^^^^^^^^^^^^^^^^^^^^^^^^^^^^^^^^^^^^^^
  File "C:\Python314\Lib\concurrent\futures\thread.py", line 86, in run
    result = ctx.run(self.task)
  File "C:\Python314\Lib\concurrent\futures\thread.py", line 73, in run
    return fn(*args, **kwargs)
  File "C:\Users\daroo\Desktop\Repos\tradingbot-1\backend\server\coinbase_order_manager.py", line 1690, in <lambda>
    await asyncio.to_thread(lambda: lp(forced))
                                    ~~^^^^^^^^
  File "C:\Users\daroo\AppData\Roaming\Python\Python314\site-packages\coinbase\rest\perpetuals.py", line 92, in list_perps_positions
    return ListPerpetualsPositionsResponse(self.get(endpoint, **kwargs))
                                           ~~~~~~~~^^^^^^^^^^^^^^^^^^^^
  File "C:\Users\daroo\AppData\Roaming\Python\Python314\site-packages\coinbase\rest\rest_base.py", line 101, in get
    return self.prepare_and_send_request(
           ~~~~~~~~~~~~~~~~~~~~~~~~~~~~~^
        "GET", url_path, params, data=None, public=public
        ^^^^^^^^^^^^^^^^^^^^^^^^^^^^^^^^^^^^^^^^^^^^^^^^^
    )
    ^
  File "C:\Users\daroo\AppData\Roaming\Python\Python314\site-packages\coinbase\rest\rest_base.py", line 207, in prepare_and_send_request
    return self.send_request(http_method, url_path, params, headers, data=data)
           ~~~~~~~~~~~~~~~~~^^^^^^^^^^^^^^^^^^^^^^^^^^^^^^^^^^^^^^^^^^^^^^^^^^^
  File "C:\Users\daroo\AppData\Roaming\Python\Python314\site-packages\coinbase\rest\rest_base.py", line 228, in send_request
    handle_exception(response)  # Raise an HTTPError for bad responses
    ~~~~~~~~~~~~~~~~^^^^^^^^^^
  File "C:\Users\daroo\AppData\Roaming\Python\Python314\site-packages\coinbase\rest\rest_base.py", line 47, in handle_exception
    raise HTTPError(http_error_msg, response=response)
requests.exceptions.HTTPError: 403 Client Error: Forbidden {"error":"PERMISSION_DENIED","error_details":"User does not have the correct permissions","message":"User does not have the correct permissions"}
2026-04-13 16:15:31 - coinbase.RESTClient - ERROR - HTTP Error: 403 Client Error: Forbidden {"error":"PERMISSION_DENIED","error_details":"User does not have the correct permissions","message":"User does not have the correct permissions"}
16:15:31 coinbase.RESTClient     ERROR | HTTP Error: 403 Client Error: Forbidden {"error":"PERMISSION_DENIED","error_details":"User does not have the correct permissions","message":"User does not have the correct permissions"}
2026-04-13 16:15:32 - coinbase.RESTClient - ERROR - HTTP Error: 400 Client Error: Bad Request {"error":"INVALID_ARGUMENT","error_details":"Cannot pass multiple statuses with OPEN","message":"Cannot pass multiple statuses with OPEN"}
16:15:32 coinbase.RESTClient     ERROR | HTTP Error: 400 Client Error: Bad Request {"error":"INVALID_ARGUMENT","error_details":"Cannot pass multiple statuses with OPEN","message":"Cannot pass multiple statuses with OPEN"}
16:15:32 backend.server.coinbase_order_manager  WARNING | CoinbaseOrderManager: startup cancel sweep failed
Traceback (most recent call last):
  File "C:\Users\daroo\Desktop\Repos\tradingbot-1\backend\server\coinbase_order_manager.py", line 702, in _cancel_open_scalp_orders
    resp = await asyncio.to_thread(lambda kw=o_kw: lo(**kw))
           ^^^^^^^^^^^^^^^^^^^^^^^^^^^^^^^^^^^^^^^^^^^^^^^^^
  File "C:\Python314\Lib\asyncio\threads.py", line 25, in to_thread
    return await loop.run_in_executor(None, func_call)
           ^^^^^^^^^^^^^^^^^^^^^^^^^^^^^^^^^^^^^^^^^^^
  File "C:\Python314\Lib\concurrent\futures\thread.py", line 86, in run
    result = ctx.run(self.task)
  File "C:\Python314\Lib\concurrent\futures\thread.py", line 73, in run
    return fn(*args, **kwargs)
  File "C:\Users\daroo\Desktop\Repos\tradingbot-1\backend\server\coinbase_order_manager.py", line 702, in <lambda>
    resp = await asyncio.to_thread(lambda kw=o_kw: lo(**kw))
                                                   ~~^^^^^^
  File "C:\Users\daroo\AppData\Roaming\Python\Python314\site-packages\coinbase\rest\orders.py", line 1503, in list_orders
    return ListOrdersResponse(self.get(endpoint, params=params, **kwargs))
                              ~~~~~~~~^^^^^^^^^^^^^^^^^^^^^^^^^^^^^^^^^^^
  File "C:\Users\daroo\AppData\Roaming\Python\Python314\site-packages\coinbase\rest\rest_base.py", line 101, in get
    return self.prepare_and_send_request(
           ~~~~~~~~~~~~~~~~~~~~~~~~~~~~~^
        "GET", url_path, params, data=None, public=public
        ^^^^^^^^^^^^^^^^^^^^^^^^^^^^^^^^^^^^^^^^^^^^^^^^^
    )
    ^
  File "C:\Users\daroo\AppData\Roaming\Python\Python314\site-packages\coinbase\rest\rest_base.py", line 207, in prepare_and_send_request
    return self.send_request(http_method, url_path, params, headers, data=data)
           ~~~~~~~~~~~~~~~~~^^^^^^^^^^^^^^^^^^^^^^^^^^^^^^^^^^^^^^^^^^^^^^^^^^^
  File "C:\Users\daroo\AppData\Roaming\Python\Python314\site-packages\coinbase\rest\rest_base.py", line 228, in send_request
    handle_exception(response)  # Raise an HTTPError for bad responses
    ~~~~~~~~~~~~~~~~^^^^^^^^^^
  File "C:\Users\daroo\AppData\Roaming\Python\Python314\site-packages\coinbase\rest\rest_base.py", line 47, in handle_exception
    raise HTTPError(http_error_msg, response=response)
requests.exceptions.HTTPError: 400 Client Error: Bad Request {"error":"INVALID_ARGUMENT","error_details":"Cannot pass multiple statuses with OPEN","message":"Cannot pass multiple statuses with OPEN"}
16:15:32 backend.server.coinbase_order_manager     INFO | CoinbaseOrderManager: initialized (fill polling started)
16:15:32 mitch                    INFO | Coinbase Advanced Trade: scalp execution manager initialized
16:15:32 backend.server.coinbase_order_manager     INFO | CoinbaseOrderManager: scalp registered pair_keys=['BTC_USD', 'SOL_USD', 'XRP_USD'] products=['BIP-20DEC30-CDE', 'SLP-20DEC30-CDE', 'XPP-20DEC30-CDE']
16:15:32 backend.server.scalp_bot.scalp_runtime     INFO | ScalpRuntime: started for pairs ['BTC_USD', 'SOL_USD', 'XRP_USD']
16:15:32 backend.server.scalp_bot.scalp_runtime     INFO | ScalpRuntime: seeding candle feed from REST...
16:15:32 backend.server.scalp_bot.scalp_fee_assumptions  WARNING | scalp_fee_assumptions: fee/tier assumptions changed vs scalp_fee_assumption_state.json (revision 0\u21920 maker_bps 0.0\u21926.5 taker_bps 7.0\u21927.0 order_type limit\u2192hybrid). Rerun WFO after fee tier updates.
16:15:32 backend.server.scalp_bot.scalp_wfo     INFO | scalp_wfo: removed champion for BIP-20DEC30-CDE (2 symbols remain)
16:15:32 backend.server.scalp_bot.scalp_wfo     INFO | scalp_wfo: removed champion for SLP-20DEC30-CDE (1 symbols remain)
16:15:32 backend.server.scalp_bot.scalp_wfo     INFO | scalp_wfo: removed champion for XPP-20DEC30-CDE (0 symbols remain)
16:15:32 backend.server.scalp_bot.scalp_fee_assumptions  WARNING | scalp_fee_assumptions: removed champion row(s) after fee assumption change
16:15:32 backend.server.scalp_bot.scalp_fee_assumptions     INFO | scalp_fee_assumptions: wrote scalp_fee_assumption_state.json
16:15:32 backend.server.scalp_bot.bar_store     INFO | bar_store: Coinbase REST using API credentials from environment
16:15:32 backend.server.ws_server     INFO | Dashboard static UI: frontend-new/dist (scalp UI)
16:15:32 backend.server.ws_server     INFO | Dashboard running at http://127.0.0.1:8080
16:15:32 mitch                    INFO | Dashboard up on port 8080 — Coinbase scalp mode.
16:15:33 backend.server.coinbase_order_manager     INFO | CoinbaseOrderManager: first fill poll result — 100 fills, keys=['fills', 'cursor', 'proof_token_required'], sample=[{'entry_id': '4ef0332d4507fccf36172d220db0da0f2bac2067dc28b08b6770066b57c428d3', 'trade_id': '36184986-e7c8-49bd-ae73-163ab59ba252', 'order_id': '955451f5-7ce9-476a-81a0-8ecb1ee31a20', 'trade_time': '2026-04-13T20:01:38.306312Z', 'trade_type': 'FILL', 'price': '1.3554', 'size': '1', 'commission': '0.62439', 'product_id': 'XPP-20DEC30-CDE', 'sequence_timestamp': '2026-04-13T20:01:38.318384Z', 'liquidity_indicator': 'TAKER', 'size_in_quote': False, 'user_id': '232a88f7-6fa9-53d4-a46e-e8007c1ca2d5', 'side': 'BUY', 'retail_portfolio_id': '232a88f7-6fa9-53d4-a46e-e8007c1ca2d5', 'fillSource': 'FILL_SOURCE_CLOB', 'commission_detail_total': {'total_commission': '0.62', 'gst_commission': '', 'withholding_commission': '', 'client_commission': '0.47439', 'venue_commission': '0.1', 'regulatory_commission': '0.02', 'clearing_commission': '0.03'}}, {'entry_id': '7a417d08bb2905844535d6fa837c55aeec56cafd20458d832b5246f74ba508cb', 'trade_id': 'd6c7bfbe-9985-475d-a872-c9eeb45a0cb5', 'order_id': '3e0abbe0-cb69-4b8f-91e3-77a4a5491cad', 'trade_time': '2026-04-13T20:00:57.322072Z', 'trade_type': 'FILL', 'price': '73395', 'size': '1', 'commission': '0.663765', 'product_id': 'BIP-20DEC30-CDE', 'sequence_timestamp': '2026-04-13T20:00:57.332702Z', 'liquidity_indicator': 'TAKER', 'size_in_quote': False, 'user_id': '232a88f7-6fa9-53d4-a46e-e8007c1ca2d5', 'side': 'BUY', 'retail_portfolio_id': '232a88f7-6fa9-53d4-a46e-e8007c1ca2d5', 'fillSource': 'FILL_SOURCE_CLOB', 'commission_detail_total': {'total_commission': '0.66', 'gst_commission': '', 'withholding_commission': '', 'client_commission': '0.513765', 'venue_commission': '0.1', 'regulatory_commission': '0.02', 'clearing_commission': '0.03'}}, {'entry_id': '6e039b725b4c4eb97304f2677d693078fdb2a588134117d578c9d43c8fe050a2', 'trade_id': '705da43f-0369-4529-9216-243df30e63f1', 'order_id': '177ae182-fa5f-4b44-b5d0-ecbf3902ec78', 'trade_time': '2026-04-12T16:07:25.008505Z', 'trade_type': 'FILL', 'price': '1.3259', 'size': '1', 'commission': '0.614065', 'product_id': 'XPP-20DEC30-CDE', 'sequence_timestamp': '2026-04-12T16:07:25.020121Z', 'liquidity_indicator': 'TAKER', 'size_in_quote': False, 'user_id': '232a88f7-6fa9-53d4-a46e-e8007c1ca2d5', 'side': 'BUY', 'retail_portfolio_id': '232a88f7-6fa9-53d4-a46e-e8007c1ca2d5', 'fillSource': 'FILL_SOURCE_CLOB', 'commission_detail_total': {'total_commission': '0.61', 'gst_commission': '', 'withholding_commission': '', 'client_commission': '0.464065', 'venue_commission': '0.1', 'regulatory_commission': '0.02', 'clearing_commission': '0.03'}}]
16:15:33 backend.server.scalp_bot.coinbase_candle_feed     INFO | CoinbaseCandleFeed: seeded 0 candles for BIP-20DEC30-CDE
16:15:33 backend.server.ws_server     INFO | Dashboard client connected from 127.0.0.1 (1 total)
16:15:33 backend.server.ws_server     INFO | Dashboard client connected from 127.0.0.1 (2 total)
16:15:33 backend.server.ws_server     INFO | Dashboard client connected from 127.0.0.1 (3 total)
16:15:33 backend.server.scalp_bot.bar_store     INFO | bar_store: Coinbase REST using API credentials from environment
16:15:33 backend.server.scalp_bot.coinbase_candle_feed     INFO | CoinbaseCandleFeed: seeded 0 candles for SLP-20DEC30-CDE
16:15:34 backend.server.scalp_bot.bar_store     INFO | bar_store: Coinbase REST using API credentials from environment
16:15:34 backend.server.scalp_bot.coinbase_candle_feed     INFO | CoinbaseCandleFeed: seeded 0 candles for XPP-20DEC30-CDE
16:15:34 backend.server.scalp_bot.scalp_runtime     INFO | ScalpRuntime: replaying 0 REST candles into BTC_USD indicators
16:15:34 backend.server.scalp_bot.scalp_runtime     INFO | ScalpRuntime: replaying 0 REST candles into SOL_USD indicators
16:15:34 backend.server.scalp_bot.scalp_runtime     INFO | ScalpRuntime: replaying 0 REST candles into XRP_USD indicators
16:15:35 backend.server.scalp_bot.scalp_runtime     INFO | ScalpRuntime: WARMUP started — collecting bars (need 100 per pair), current: {'BTC_USD': 14257, 'SOL_USD': 14032, 'XRP_USD': 13939}
16:15:35 backend.server.scalp_bot.scalp_runtime     INFO | ScalpRuntime: candle feed live — backfilling historical bars for WFO...
16:15:35 backend.server.scalp_bot.bar_store     INFO | bar_store: Coinbase REST using API credentials from environment
16:15:35 backend.server.scalp_bot.coinbase_candle_feed     INFO | CoinbaseCandleFeed: subscribed candles BIP-20DEC30-CDE FIFTEEN_MINUTE
16:15:35 backend.server.scalp_bot.coinbase_candle_feed     INFO | CoinbaseCandleFeed: subscribed candles SLP-20DEC30-CDE FIFTEEN_MINUTE
16:15:35 backend.server.scalp_bot.bar_store     INFO | bar_store Coinbase backfill: BIP-20DEC30-CDE/15m page=1 rows=300 new=1 oldest=2026-04-10 16:30
16:15:35 backend.server.scalp_bot.coinbase_candle_feed     INFO | CoinbaseCandleFeed: subscribed candles XPP-20DEC30-CDE FIFTEEN_MINUTE
16:15:35 backend.server.scalp_bot.coinbase_candle_feed     INFO | CoinbaseCandleFeed: subscribed ticker ['XPP-20DEC30-CDE', 'SLP-20DEC30-CDE', 'BIP-20DEC30-CDE']
16:15:36 backend.server.scalp_bot.bar_store     INFO | bar_store Coinbase backfill: BIP-20DEC30-CDE/15m page=2 rows=300 new=0 oldest=2026-04-07 13:30
16:15:36 backend.server.scalp_bot.coinbase_candle_feed     INFO | CoinbaseCandleFeed: subscribed level2 ['XPP-20DEC30-CDE', 'SLP-20DEC30-CDE', 'BIP-20DEC30-CDE']
16:15:36 backend.server.scalp_bot.coinbase_candle_feed     INFO | CoinbaseCandleFeed BTC_USD: CLOSED @ 70755.000000 vol=696.0000 (n=1)
16:15:36 backend.server.scalp_bot.scalp_runtime     INFO | ScalpRuntime BTC_USD: candle close=70755.000000 ema_f=0.000000 ema_s=0.000000 rsi=50.0 atr=0.000000 vwap=70756.666667 vol_ok=False ready=False
16:15:36 backend.server.scalp_bot.coinbase_candle_feed     INFO | CoinbaseCandleFeed BTC_USD: CLOSED @ 70835.000000 vol=162.0000 (n=2)
16:15:36 backend.server.scalp_bot.scalp_runtime     INFO | ScalpRuntime BTC_USD: candle close=70835.000000 ema_f=0.000000 ema_s=0.000000 rsi=50.0 atr=0.000000 vwap=70764.219114 vol_ok=False ready=False
16:15:36 backend.server.scalp_bot.coinbase_candle_feed     INFO | CoinbaseCandleFeed BTC_USD: CLOSED @ 70815.000000 vol=39.0000 (n=3)
16:15:36 backend.server.scalp_bot.scalp_runtime     INFO | ScalpRuntime BTC_USD: candle close=70815.000000 ema_f=0.000000 ema_s=0.000000 rsi=50.0 atr=0.000000 vwap=70766.716834 vol_ok=False ready=False
16:15:36 backend.server.scalp_bot.coinbase_candle_feed     INFO | CoinbaseCandleFeed BTC_USD: CLOSED @ 70825.000000 vol=449.0000 (n=4)
16:15:36 backend.server.scalp_bot.scalp_runtime     INFO | ScalpRuntime BTC_USD: candle close=70825.000000 ema_f=0.000000 ema_s=0.000000 rsi=50.0 atr=0.000000 vwap=70788.938831 vol_ok=False ready=False
16:15:36 backend.server.scalp_bot.coinbase_candle_feed     INFO | CoinbaseCandleFeed BTC_USD: CLOSED @ 70845.000000 vol=127.0000 (n=5)
16:15:36 backend.server.scalp_bot.scalp_runtime     INFO | ScalpRuntime BTC_USD: candle close=70845.000000 ema_f=0.000000 ema_s=0.000000 rsi=50.0 atr=0.000000 vwap=70794.490835 vol_ok=False ready=False
16:15:36 backend.server.scalp_bot.coinbase_candle_feed     INFO | CoinbaseCandleFeed BTC_USD: CLOSED @ 70890.000000 vol=38.0000 (n=6)
16:15:36 backend.server.scalp_bot.scalp_runtime     INFO | ScalpRuntime BTC_USD: candle close=70890.000000 ema_f=0.000000 ema_s=0.000000 rsi=50.0 atr=0.000000 vwap=70796.389808 vol_ok=False ready=False
16:15:36 backend.server.scalp_bot.coinbase_candle_feed     INFO | CoinbaseCandleFeed BTC_USD: CLOSED @ 70795.000000 vol=190.0000 (n=7)
16:15:36 backend.server.scalp_bot.scalp_runtime     INFO | ScalpRuntime BTC_USD: candle close=70795.000000 ema_f=0.000000 ema_s=0.000000 rsi=50.0 atr=0.000000 vwap=70799.771703 vol_ok=False ready=False
16:15:36 backend.server.scalp_bot.coinbase_candle_feed     INFO | CoinbaseCandleFeed BTC_USD: CLOSED @ 70770.000000 vol=200.0000 (n=8)
16:15:36 backend.server.scalp_bot.scalp_runtime     INFO | ScalpRuntime BTC_USD: candle close=70770.000000 ema_f=70816.250000 ema_s=0.000000 rsi=50.0 atr=0.000000 vwap=70798.042258 vol_ok=False ready=False
16:15:36 backend.server.scalp_bot.coinbase_candle_feed     INFO | CoinbaseCandleFeed BTC_USD: CLOSED @ 70810.000000 vol=53.0000 (n=9)
16:15:36 backend.server.scalp_bot.scalp_runtime     INFO | ScalpRuntime BTC_USD: candle close=70810.000000 ema_f=70814.861100 ema_s=0.000000 rsi=50.0 atr=0.000000 vwap=70797.688502 vol_ok=False ready=False
16:15:36 backend.server.scalp_bot.coinbase_candle_feed     INFO | CoinbaseCandleFeed BTC_USD: CLOSED @ 70805.000000 vol=310.0000 (n=10)
16:15:36 backend.server.scalp_bot.scalp_runtime     INFO | ScalpRuntime BTC_USD: candle close=70805.000000 ema_f=70812.669700 ema_s=0.000000 rsi=50.0 atr=0.000000 vwap=70801.884570 vol_ok=False ready=False
16:15:36 backend.server.scalp_bot.coinbase_candle_feed     INFO | CoinbaseCandleFeed BTC_USD: CLOSED @ 70775.000000 vol=293.0000 (n=11)
16:15:36 backend.server.scalp_bot.scalp_runtime     INFO | ScalpRuntime BTC_USD: candle close=70775.000000 ema_f=70804.298700 ema_s=0.000000 rsi=50.0 atr=0.000000 vwap=70799.758832 vol_ok=False ready=False
16:15:36 backend.server.scalp_bot.scalp_runtime     INFO | ScalpRuntime BTC_USD: regime risk-on LIVE reasons=['live_volume_spike', 'live_velocity_bps'] until_ts=1776111456
16:15:36 backend.server.scalp_bot.coinbase_candle_feed     INFO | CoinbaseCandleFeed BTC_USD: CLOSED @ 70645.000000 vol=1387.0000 (n=12)
16:15:36 backend.server.scalp_bot.scalp_runtime     INFO | ScalpRuntime BTC_USD: candle close=70645.000000 ema_f=70768.899000 ema_s=0.000000 rsi=50.0 atr=0.000000 vwap=70755.298343 vol_ok=True ready=False
16:15:36 backend.server.scalp_bot.coinbase_candle_feed     INFO | CoinbaseCandleFeed BTC_USD: CLOSED @ 70655.000000 vol=1590.0000 (n=13)
16:15:36 backend.server.scalp_bot.scalp_runtime     INFO | ScalpRuntime BTC_USD: candle close=70655.000000 ema_f=70743.588100 ema_s=0.000000 rsi=50.0 atr=0.000000 vwap=70723.607999 vol_ok=True ready=False
16:15:36 backend.server.scalp_bot.coinbase_candle_feed     INFO | CoinbaseCandleFeed BTC_USD: CLOSED @ 70690.000000 vol=484.0000 (n=14)
16:15:36 backend.server.scalp_bot.scalp_runtime     INFO | ScalpRuntime BTC_USD: candle close=70690.000000 ema_f=70731.679600 ema_s=0.000000 rsi=50.0 atr=0.000000 vwap=70719.162512 vol_ok=False ready=False
16:15:36 backend.server.scalp_bot.coinbase_candle_feed     INFO | CoinbaseCandleFeed BTC_USD: CLOSED @ 70765.000000 vol=187.0000 (n=15)
16:15:36 backend.server.scalp_bot.scalp_runtime     INFO | ScalpRuntime BTC_USD: candle close=70765.000000 ema_f=70739.084100 ema_s=0.000000 rsi=50.8 atr=75.714300 vwap=70720.543916 vol_ok=False ready=False
16:15:36 backend.server.scalp_bot.coinbase_candle_feed     INFO | CoinbaseCandleFeed BTC_USD: CLOSED @ 70790.000000 vol=615.0000 (n=16)
16:15:36 backend.server.scalp_bot.scalp_runtime     INFO | ScalpRuntime BTC_USD: candle close=70790.000000 ema_f=70750.398700 ema_s=0.000000 rsi=52.9 atr=73.877600 vwap=70725.604839 vol_ok=False ready=False
16:15:36 backend.server.scalp_bot.coinbase_candle_feed     INFO | CoinbaseCandleFeed BTC_USD: CLOSED @ 70830.000000 vol=650.0000 (n=17)
16:15:36 backend.server.scalp_bot.scalp_runtime     INFO | ScalpRuntime BTC_USD: candle close=70830.000000 ema_f=70768.087900 ema_s=0.000000 rsi=56.0 atr=74.672100 vwap=70734.833780 vol_ok=False ready=False
16:15:36 backend.server.scalp_bot.coinbase_candle_feed     INFO | CoinbaseCandleFeed BTC_USD: CLOSED @ 70815.000000 vol=1164.0000 (n=18)
16:15:36 backend.server.scalp_bot.scalp_runtime     INFO | ScalpRuntime BTC_USD: candle close=70815.000000 ema_f=70778.512800 ema_s=0.000000 rsi=54.5 atr=72.909800 vwap=70744.068605 vol_ok=True ready=False
16:15:36 backend.server.scalp_bot.coinbase_candle_feed     INFO | CoinbaseCandleFeed BTC_USD: CLOSED @ 70825.000000 vol=175.0000 (n=19)
16:15:36 backend.server.scalp_bot.scalp_runtime     INFO | ScalpRuntime BTC_USD: candle close=70825.000000 ema_f=70788.843300 ema_s=0.000000 rsi=55.4 atr=69.487700 vwap=70745.775722 vol_ok=False ready=False
16:15:36 backend.server.scalp_bot.coinbase_candle_feed     INFO | CoinbaseCandleFeed BTC_USD: CLOSED @ 70820.000000 vol=294.0000 (n=20)
16:15:36 backend.server.scalp_bot.scalp_runtime     INFO | ScalpRuntime BTC_USD: candle close=70820.000000 ema_f=70795.767000 ema_s=0.000000 rsi=54.8 atr=69.167200 vwap=70748.226775 vol_ok=False ready=False
16:15:36 backend.server.scalp_bot.coinbase_candle_feed     INFO | CoinbaseCandleFeed BTC_USD: CLOSED @ 70870.000000 vol=60.0000 (n=21)
16:15:36 backend.server.scalp_bot.scalp_runtime     INFO | ScalpRuntime BTC_USD: candle close=70870.000000 ema_f=70812.263200 ema_s=70791.666700 rsi=59.2 atr=68.869500 vwap=70749.002328 vol_ok=False ready=False
16:15:36 backend.server.scalp_bot.coinbase_candle_feed     INFO | CoinbaseCandleFeed BTC_USD: CLOSED @ 70855.000000 vol=73.0000 (n=22)
16:15:36 backend.server.scalp_bot.scalp_runtime     INFO | ScalpRuntime BTC_USD: candle close=70855.000000 ema_f=70821.760300 ema_s=70797.424300 rsi=57.4 atr=66.093100 vwap=70749.826945 vol_ok=False ready=False
16:15:36 backend.server.scalp_bot.coinbase_candle_feed     INFO | CoinbaseCandleFeed BTC_USD: CLOSED @ 70795.000000 vol=255.0000 (n=23)
16:15:36 backend.server.scalp_bot.scalp_runtime     INFO | ScalpRuntime BTC_USD: candle close=70795.000000 ema_f=70815.813600 ema_s=70797.203900 rsi=50.8 atr=69.229300 vwap=70750.592842 vol_ok=False ready=False
16:15:36 backend.server.scalp_bot.coinbase_candle_feed     INFO | CoinbaseCandleFeed BTC_USD: CLOSED @ 70865.000000 vol=205.0000 (n=24)
16:15:36 backend.server.scalp_bot.scalp_runtime     INFO | ScalpRuntime BTC_USD: candle close=70865.000000 ema_f=70826.743900 ema_s=70803.367200 rsi=57.0 atr=73.212900 vwap=70752.130776 vol_ok=False ready=False
16:15:36 backend.server.scalp_bot.coinbase_candle_feed     INFO | CoinbaseCandleFeed BTC_USD: CLOSED @ 70815.000000 vol=16.0000 (n=25)
16:15:36 backend.server.scalp_bot.scalp_runtime     INFO | ScalpRuntime BTC_USD: candle close=70815.000000 ema_f=70824.134100 ema_s=70804.424700 rsi=52.0 atr=71.912000 vwap=70752.231604 vol_ok=False ready=False
16:15:36 backend.server.scalp_bot.coinbase_candle_feed     INFO | CoinbaseCandleFeed BTC_USD: CLOSED @ 70745.000000 vol=573.0000 (n=26)
16:15:36 backend.server.scalp_bot.scalp_runtime     INFO | ScalpRuntime BTC_USD: candle close=70745.000000 ema_f=70806.548700 ema_s=70799.022500 rsi=45.8 atr=74.275400 vwap=70753.778642 vol_ok=False ready=False
16:15:36 backend.server.scalp_bot.coinbase_candle_feed     INFO | CoinbaseCandleFeed BTC_USD: CLOSED @ 70770.000000 vol=316.0000 (n=27)
16:15:36 backend.server.scalp_bot.scalp_runtime     INFO | ScalpRuntime BTC_USD: candle close=70770.000000 ema_f=70798.426800 ema_s=70796.384100 rsi=48.2 atr=73.970000 vwap=70754.560262 vol_ok=False ready=False
16:15:36 backend.server.scalp_bot.coinbase_candle_feed     INFO | CoinbaseCandleFeed BTC_USD: CLOSED @ 70880.000000 vol=2400.0000 (n=28)
16:15:36 backend.server.scalp_bot.scalp_runtime     INFO | ScalpRuntime BTC_USD: candle close=70880.000000 ema_f=70816.554200 ema_s=70803.985500 rsi=57.0 atr=76.900700 vwap=70771.255544 vol_ok=True ready=False
16:15:36 backend.server.scalp_bot.coinbase_candle_feed     INFO | CoinbaseCandleFeed BTC_USD: CLOSED @ 70900.000000 vol=231.0000 (n=29)
16:15:36 backend.server.scalp_bot.scalp_runtime     INFO | ScalpRuntime BTC_USD: candle close=70900.000000 ema_f=70835.097700 ema_s=70812.714100 rsi=58.4 atr=74.264900 vwap=70773.590412 vol_ok=False ready=False
16:15:36 backend.server.scalp_bot.coinbase_candle_feed     INFO | CoinbaseCandleFeed BTC_USD: CLOSED @ 70900.000000 vol=47.0000 (n=30)
16:15:36 backend.server.scalp_bot.scalp_runtime     INFO | ScalpRuntime BTC_USD: candle close=70900.000000 ema_f=70849.520400 ema_s=70820.649200 rsi=58.4 atr=71.817400 vwap=70774.073223 vol_ok=False ready=True
16:15:36 backend.server.scalp_bot.coinbase_candle_feed     INFO | CoinbaseCandleFeed BTC_USD: CLOSED @ 70895.000000 vol=438.0000 (n=31)
16:15:36 backend.server.scalp_bot.scalp_runtime     INFO | ScalpRuntime BTC_USD: candle close=70895.000000 ema_f=70859.627000 ema_s=70827.408400 rsi=57.9 atr=71.330400 vwap=70778.626400 vol_ok=False ready=True
16:15:36 backend.server.scalp_bot.coinbase_candle_feed     INFO | CoinbaseCandleFeed BTC_USD: CLOSED @ 70870.000000 vol=385.0000 (n=32)
16:15:36 backend.server.scalp_bot.scalp_runtime     INFO | ScalpRuntime BTC_USD: candle close=70870.000000 ema_f=70861.932100 ema_s=70831.280400 rsi=55.1 atr=70.878200 vwap=70781.712523 vol_ok=False ready=True
16:15:36 backend.server.scalp_bot.coinbase_candle_feed     INFO | CoinbaseCandleFeed BTC_USD: CLOSED @ 70955.000000 vol=726.0000 (n=33)
16:15:36 backend.server.scalp_bot.scalp_runtime     INFO | ScalpRuntime BTC_USD: candle close=70955.000000 ema_f=70882.613900 ema_s=70842.527600 rsi=61.8 atr=75.458300 vwap=70790.768141 vol_ok=True ready=True
16:15:36 backend.server.scalp_bot.coinbase_candle_feed     INFO | CoinbaseCandleFeed BTC_USD: CLOSED @ 70960.000000 vol=1389.0000 (n=34)
16:15:36 backend.server.scalp_bot.scalp_runtime     INFO | ScalpRuntime BTC_USD: candle close=70960.000000 ema_f=70899.810800 ema_s=70853.206900 rsi=62.1 atr=72.925600 vwap=70806.262256 vol_ok=True ready=True
16:15:36 backend.server.scalp_bot.coinbase_candle_feed     INFO | CoinbaseCandleFeed BTC_USD: CLOSED @ 70890.000000 vol=1406.0000 (n=35)
16:15:36 backend.server.scalp_bot.scalp_runtime     INFO | ScalpRuntime BTC_USD: candle close=70890.000000 ema_f=70897.630600 ema_s=70856.551700 rsi=54.5 atr=74.859500 vwap=70813.208969 vol_ok=True ready=True
16:15:36 backend.server.scalp_bot.coinbase_candle_feed     INFO | CoinbaseCandleFeed BTC_USD: CLOSED @ 71040.000000 vol=2807.0000 (n=36)
16:15:36 backend.server.scalp_bot.scalp_runtime     INFO | ScalpRuntime BTC_USD: candle close=71040.000000 ema_f=70929.268200 ema_s=70873.228800 rsi=64.5 atr=84.512400 vwap=70841.621227 vol_ok=True ready=True
16:15:36 backend.server.scalp_bot.coinbase_candle_feed     INFO | CoinbaseCandleFeed BTC_USD: CLOSED @ 70990.000000 vol=473.0000 (n=37)
16:15:36 backend.server.scalp_bot.scalp_runtime     INFO | ScalpRuntime BTC_USD: candle close=70990.000000 ema_f=70942.764200 ema_s=70883.844400 rsi=59.8 atr=85.261500 vwap=70845.695355 vol_ok=False ready=True
16:15:36 backend.server.scalp_bot.coinbase_candle_feed     INFO | CoinbaseCandleFeed BTC_USD: CLOSED @ 70960.000000 vol=941.0000 (n=38)
16:15:36 backend.server.scalp_bot.scalp_runtime     INFO | ScalpRuntime BTC_USD: candle close=70960.000000 ema_f=70946.594400 ema_s=70890.767600 rsi=57.1 atr=83.100000 vwap=70850.834783 vol_ok=False ready=True
16:15:36 backend.server.scalp_bot.coinbase_candle_feed     INFO | CoinbaseCandleFeed BTC_USD: CLOSED @ 70820.000000 vol=653.0000 (n=39)
16:15:36 backend.server.scalp_bot.scalp_runtime     INFO | ScalpRuntime BTC_USD: candle close=70820.000000 ema_f=70918.462300 ema_s=70884.334200 rsi=46.5 atr=88.950000 vwap=70850.084900 vol_ok=False ready=True
16:15:36 backend.server.scalp_bot.coinbase_candle_feed     INFO | CoinbaseCandleFeed BTC_USD: CLOSED @ 70860.000000 vol=1373.0000 (n=40)
16:15:36 backend.server.scalp_bot.scalp_runtime     INFO | ScalpRuntime BTC_USD: candle close=70860.000000 ema_f=70905.470700 ema_s=70882.122000 rsi=49.4 atr=87.953600 vwap=70849.217218 vol_ok=True ready=True
16:15:36 backend.server.scalp_bot.coinbase_candle_feed     INFO | CoinbaseCandleFeed BTC_USD: CLOSED @ 71110.000000 vol=1385.0000 (n=41)
16:15:36 backend.server.scalp_bot.scalp_runtime     INFO | ScalpRuntime BTC_USD: candle close=71110.000000 ema_f=70950.921700 ema_s=70902.838200 rsi=62.9 atr=109.885500 vwap=70866.169339 vol_ok=True ready=True
16:15:36 backend.server.scalp_bot.coinbase_candle_feed     INFO | CoinbaseCandleFeed BTC_USD: CLOSED @ 71125.000000 vol=523.0000 (n=42)
16:15:36 backend.server.scalp_bot.scalp_runtime     INFO | ScalpRuntime BTC_USD: candle close=71125.000000 ema_f=70989.605800 ema_s=70923.034700 rsi=63.5 atr=108.108000 vwap=70871.792614 vol_ok=False ready=True
16:15:36 backend.server.scalp_bot.coinbase_candle_feed     INFO | CoinbaseCandleFeed BTC_USD: CLOSED @ 71250.000000 vol=905.0000 (n=43)
16:15:36 backend.server.scalp_bot.scalp_runtime     INFO | ScalpRuntime BTC_USD: candle close=71250.000000 ema_f=71047.471200 ema_s=70952.758800 rsi=68.3 atr=109.314600 vwap=70883.489613 vol_ok=False ready=True
16:15:36 backend.server.scalp_bot.coinbase_candle_feed     INFO | CoinbaseCandleFeed BTC_USD: CLOSED @ 71210.000000 vol=734.0000 (n=44)
16:15:36 backend.server.scalp_bot.scalp_runtime     INFO | ScalpRuntime BTC_USD: candle close=71210.000000 ema_f=71083.588700 ema_s=70976.144400 rsi=65.4 atr=108.292100 vwap=70891.963137 vol_ok=False ready=True
16:15:36 backend.server.scalp_bot.coinbase_candle_feed     INFO | CoinbaseCandleFeed BTC_USD: CLOSED @ 71120.000000 vol=2003.0000 (n=45)
16:15:36 backend.server.scalp_bot.scalp_runtime     INFO | ScalpRuntime BTC_USD: candle close=71120.000000 ema_f=71091.680100 ema_s=70989.222200 rsi=59.1 atr=113.771200 vwap=70908.736744 vol_ok=True ready=True
16:15:36 backend.server.scalp_bot.coinbase_candle_feed     INFO | CoinbaseCandleFeed BTC_USD: CLOSED @ 70880.000000 vol=4108.0000 (n=46)
16:15:36 backend.server.scalp_bot.scalp_runtime     INFO | ScalpRuntime BTC_USD: candle close=70880.000000 ema_f=71044.640100 ema_s=70979.292900 rsi=46.4 atr=124.930400 vwap=70913.792502 vol_ok=True ready=True
16:15:36 backend.server.scalp_bot.coinbase_candle_feed     INFO | CoinbaseCandleFeed BTC_USD: CLOSED @ 71060.000000 vol=4084.0000 (n=47)
16:15:36 backend.server.scalp_bot.scalp_runtime     INFO | ScalpRuntime BTC_USD: candle close=71060.000000 ema_f=71048.053400 ema_s=70986.629900 rsi=54.3 atr=135.292500 vwap=70923.515057 vol_ok=True ready=True
16:15:36 backend.server.scalp_bot.coinbase_candle_feed     INFO | CoinbaseCandleFeed BTC_USD: CLOSED @ 71630.000000 vol=6818.0000 (n=48)
16:15:36 backend.server.scalp_bot.scalp_runtime     INFO | ScalpRuntime BTC_USD: candle close=71630.000000 ema_f=71177.374900 ema_s=71045.118100 rsi=69.7 atr=173.843000 vwap=70997.401268 vol_ok=True ready=True
16:15:36 backend.server.scalp_bot.coinbase_candle_feed     INFO | CoinbaseCandleFeed BTC_USD: CLOSED @ 71480.000000 vol=10857.0000 (n=49)
16:15:36 backend.server.scalp_bot.scalp_runtime     INFO | ScalpRuntime BTC_USD: candle close=71480.000000 ema_f=71244.624900 ema_s=71084.652800 rsi=63.6 atr=190.354200 vwap=71097.735694 vol_ok=True ready=True
16:15:36 backend.server.scalp_bot.coinbase_candle_feed     INFO | CoinbaseCandleFeed BTC_USD: CLOSED @ 71550.000000 vol=12589.0000 (n=50)
16:15:36 backend.server.scalp_bot.scalp_runtime     INFO | ScalpRuntime BTC_USD: candle close=71550.000000 ema_f=71312.486000 ema_s=71126.957100 rsi=65.1 atr=199.614600 vwap=71193.363879 vol_ok=True ready=True
16:15:36 backend.server.scalp_bot.coinbase_candle_feed     INFO | CoinbaseCandleFeed BTC_USD: CLOSED @ 71520.000000 vol=4727.0000 (n=51)
16:15:36 backend.server.scalp_bot.scalp_runtime     INFO | ScalpRuntime BTC_USD: candle close=71520.000000 ema_f=71358.600200 ema_s=71162.688300 rsi=63.9 atr=196.785000 vwap=71216.583566 vol_ok=True ready=True
16:15:36 backend.server.scalp_bot.coinbase_candle_feed     INFO | CoinbaseCandleFeed BTC_USD: CLOSED @ 71530.000000 vol=4630.0000 (n=52)
16:15:36 backend.server.scalp_bot.scalp_runtime     INFO | ScalpRuntime BTC_USD: candle close=71530.000000 ema_f=71396.689000 ema_s=71196.080300 rsi=64.1 atr=203.800400 vwap=71238.669567 vol_ok=False ready=True
16:15:36 backend.server.scalp_bot.coinbase_candle_feed     INFO | CoinbaseCandleFeed BTC_USD: CLOSED @ 71665.000000 vol=2455.0000 (n=53)
16:15:36 backend.server.scalp_bot.scalp_runtime     INFO | ScalpRuntime BTC_USD: candle close=71665.000000 ema_f=71456.313700 ema_s=71238.709400 rsi=67.3 atr=207.814700 vwap=71249.339194 vol_ok=False ready=True
16:15:36 backend.server.scalp_bot.coinbase_candle_feed     INFO | CoinbaseCandleFeed BTC_USD: CLOSED @ 71675.000000 vol=3644.0000 (n=54)
16:15:36 backend.server.scalp_bot.scalp_runtime     INFO | ScalpRuntime BTC_USD: candle close=71675.000000 ema_f=71504.910700 ema_s=71278.372200 rsi=67.6 atr=203.327900 vwap=71268.025668 vol_ok=False ready=True
16:15:36 backend.server.scalp_bot.coinbase_candle_feed     INFO | CoinbaseCandleFeed BTC_USD: CLOSED @ 72000.000000 vol=9487.0000 (n=55)
16:15:36 backend.server.scalp_bot.scalp_runtime     INFO | ScalpRuntime BTC_USD: candle close=72000.000000 ema_f=71614.930500 ema_s=71343.974700 rsi=74.0 atr=229.161600 vwap=71350.335905 vol_ok=True ready=True
16:15:36 backend.server.scalp_bot.coinbase_candle_feed     INFO | CoinbaseCandleFeed BTC_USD: CLOSED @ 72425.000000 vol=15780.0000 (n=56)
16:15:36 backend.server.scalp_bot.scalp_runtime     INFO | ScalpRuntime BTC_USD: candle close=72425.000000 ema_f=71794.945900 ema_s=71442.249700 rsi=79.7 atr=244.935800 vwap=71489.053567 vol_ok=True ready=True
16:15:36 backend.server.scalp_bot.coinbase_candle_feed     INFO | CoinbaseCandleFeed BTC_USD: CLOSED @ 72070.000000 vol=18592.0000 (n=57)
16:15:36 backend.server.scalp_bot.scalp_runtime     INFO | ScalpRuntime BTC_USD: candle close=72070.000000 ema_f=71856.069000 ema_s=71499.317900 rsi=66.6 atr=256.726100 vwap=71593.949847 vol_ok=True ready=True
16:15:36 backend.server.scalp_bot.coinbase_candle_feed     INFO | CoinbaseCandleFeed BTC_USD: CLOSED @ 72015.000000 vol=5581.0000 (n=58)
16:15:36 backend.server.scalp_bot.scalp_runtime     INFO | ScalpRuntime BTC_USD: candle close=72015.000000 ema_f=71891.387000 ema_s=71546.198100 rsi=64.8 atr=255.888500 vwap=71613.119671 vol_ok=False ready=True
16:15:36 backend.server.scalp_bot.coinbase_candle_feed     INFO | CoinbaseCandleFeed BTC_USD: CLOSED @ 71990.000000 vol=7500.0000 (n=59)
16:15:36 backend.server.scalp_bot.scalp_runtime     INFO | ScalpRuntime BTC_USD: candle close=71990.000000 ema_f=71913.301000 ema_s=71586.543700 rsi=64.0 atr=250.110700 vwap=71632.290300 vol_ok=False ready=True
16:15:36 backend.server.scalp_bot.coinbase_candle_feed     INFO | CoinbaseCandleFeed BTC_USD: CLOSED @ 71790.000000 vol=8675.0000 (n=60)
16:15:36 backend.server.scalp_bot.scalp_runtime     INFO | ScalpRuntime BTC_USD: candle close=71790.000000 ema_f=71885.900800 ema_s=71605.039700 rsi=57.6 atr=250.102800 vwap=71644.387769 vol_ok=False ready=True
16:15:36 backend.server.scalp_bot.coinbase_candle_feed     INFO | CoinbaseCandleFeed BTC_USD: CLOSED @ 71755.000000 vol=7266.0000 (n=61)
16:15:36 backend.server.scalp_bot.scalp_runtime     INFO | ScalpRuntime BTC_USD: candle close=71755.000000 ema_f=71856.811700 ema_s=71618.672500 rsi=56.5 atr=243.309700 vwap=71649.455199 vol_ok=False ready=True
16:15:36 backend.server.scalp_bot.coinbase_candle_feed     INFO | CoinbaseCandleFeed BTC_USD: CLOSED @ 71825.000000 vol=5954.0000 (n=62)
16:15:36 backend.server.scalp_bot.scalp_runtime     INFO | ScalpRuntime BTC_USD: candle close=71825.000000 ema_f=71849.742400 ema_s=71637.429500 rsi=58.2 atr=234.859000 vwap=71655.900368 vol_ok=False ready=True
16:15:36 backend.server.scalp_bot.coinbase_candle_feed     INFO | CoinbaseCandleFeed BTC_USD: CLOSED @ 71915.000000 vol=2723.0000 (n=63)
16:15:36 backend.server.scalp_bot.scalp_runtime     INFO | ScalpRuntime BTC_USD: candle close=71915.000000 ema_f=71864.244100 ema_s=71662.663200 rsi=60.3 atr=227.011900 vwap=71659.491065 vol_ok=False ready=True
16:15:36 backend.server.scalp_bot.coinbase_candle_feed     INFO | CoinbaseCandleFeed BTC_USD: CLOSED @ 72060.000000 vol=4306.0000 (n=64)
16:15:36 backend.server.scalp_bot.scalp_runtime     INFO | ScalpRuntime BTC_USD: candle close=72060.000000 ema_f=71907.745400 ema_s=71698.784700 rsi=63.5 atr=222.225300 vwap=71669.090099 vol_ok=False ready=True
16:15:36 backend.server.scalp_bot.coinbase_candle_feed     INFO | CoinbaseCandleFeed BTC_USD: CLOSED @ 72145.000000 vol=1589.0000 (n=65)
16:15:36 backend.server.scalp_bot.scalp_runtime     INFO | ScalpRuntime BTC_USD: candle close=72145.000000 ema_f=71960.468600 ema_s=71739.349700 rsi=65.2 atr=220.994900 vwap=71673.006285 vol_ok=False ready=True
16:15:36 backend.server.scalp_bot.coinbase_candle_feed     INFO | CoinbaseCandleFeed BTC_USD: CLOSED @ 72240.000000 vol=7270.0000 (n=66)
16:15:36 backend.server.scalp_bot.scalp_runtime     INFO | ScalpRuntime BTC_USD: candle close=72240.000000 ema_f=72022.586700 ema_s=71784.863400 rsi=67.2 atr=216.995300 vwap=71693.911029 vol_ok=False ready=True
16:15:36 backend.server.scalp_bot.coinbase_candle_feed     INFO | CoinbaseCandleFeed BTC_USD: CLOSED @ 72305.000000 vol=5765.0000 (n=67)
16:15:37 backend.server.scalp_bot.scalp_runtime     INFO | ScalpRuntime BTC_USD: candle close=72305.000000 ema_f=72085.345200 ema_s=71832.148500 rsi=68.4 atr=212.209900 vwap=71712.344340 vol_ok=False ready=True
16:15:37 backend.server.scalp_bot.coinbase_candle_feed     INFO | CoinbaseCandleFeed BTC_USD: CLOSED @ 72115.000000 vol=3769.0000 (n=68)
16:15:37 backend.server.scalp_bot.scalp_runtime     INFO | ScalpRuntime BTC_USD: candle close=72115.000000 ema_f=72091.935200 ema_s=71857.862300 rsi=61.0 atr=222.052100 vwap=71722.443596 vol_ok=False ready=True
16:15:37 backend.server.scalp_bot.coinbase_candle_feed     INFO | CoinbaseCandleFeed BTC_USD: CLOSED @ 72335.000000 vol=3240.0000 (n=69)
16:15:37 backend.server.scalp_bot.scalp_runtime     INFO | ScalpRuntime BTC_USD: candle close=72335.000000 ema_f=72145.949600 ema_s=71901.238500 rsi=65.6 atr=230.834100 vwap=71733.409868 vol_ok=False ready=True
16:15:37 backend.server.scalp_bot.coinbase_candle_feed     INFO | CoinbaseCandleFeed BTC_USD: CLOSED @ 72405.000000 vol=1680.0000 (n=70)
16:15:37 backend.server.scalp_bot.scalp_runtime     INFO | ScalpRuntime BTC_USD: candle close=72405.000000 ema_f=72203.516400 ema_s=71947.035000 rsi=67.0 atr=221.845900 vwap=71738.994393 vol_ok=False ready=True
16:15:37 backend.server.scalp_bot.coinbase_candle_feed     INFO | CoinbaseCandleFeed BTC_USD: CLOSED @ 72455.000000 vol=6062.0000 (n=71)
16:15:37 backend.server.scalp_bot.scalp_runtime     INFO | ScalpRuntime BTC_USD: candle close=72455.000000 ema_f=72259.401600 ema_s=71993.213600 rsi=68.0 atr=215.999800 vwap=71759.428055 vol_ok=False ready=True
16:15:37 backend.server.scalp_bot.coinbase_candle_feed     INFO | CoinbaseCandleFeed BTC_USD: CLOSED @ 72485.000000 vol=11782.0000 (n=72)
16:15:37 backend.server.scalp_bot.scalp_runtime     INFO | ScalpRuntime BTC_USD: candle close=72485.000000 ema_f=72309.534600 ema_s=72037.921500 rsi=68.6 atr=211.999800 vwap=71802.401558 vol_ok=True ready=True
16:15:37 backend.server.scalp_bot.coinbase_candle_feed     INFO | CoinbaseCandleFeed BTC_USD: CLOSED @ 72435.000000 vol=817.0000 (n=73)
16:15:37 backend.server.scalp_bot.scalp_runtime     INFO | ScalpRuntime BTC_USD: candle close=72435.000000 ema_f=72337.415800 ema_s=72074.019500 rsi=66.3 atr=202.214100 vwap=71804.894169 vol_ok=False ready=True
16:15:37 backend.server.scalp_bot.coinbase_candle_feed     INFO | CoinbaseCandleFeed BTC_USD: CLOSED @ 72415.000000 vol=2159.0000 (n=74)
16:15:37 backend.server.scalp_bot.scalp_runtime     INFO | ScalpRuntime BTC_USD: candle close=72415.000000 ema_f=72354.656700 ema_s=72105.017700 rsi=65.4 atr=195.270200 vwap=71811.422974 vol_ok=False ready=True
16:15:37 backend.server.scalp_bot.coinbase_candle_feed     INFO | CoinbaseCandleFeed BTC_USD: CLOSED @ 72210.000000 vol=11582.0000 (n=75)
16:15:37 backend.server.scalp_bot.scalp_runtime     INFO | ScalpRuntime BTC_USD: candle close=72210.000000 ema_f=72322.510800 ema_s=72114.561500 rsi=56.8 atr=199.536600 vwap=71834.780343 vol_ok=True ready=True
16:15:37 backend.server.scalp_bot.coinbase_candle_feed     INFO | CoinbaseCandleFeed BTC_USD: CLOSED @ 72180.000000 vol=4584.0000 (n=76)
16:15:37 backend.server.scalp_bot.scalp_runtime     INFO | ScalpRuntime BTC_USD: candle close=72180.000000 ema_f=72290.841700 ema_s=72120.510500 rsi=55.6 atr=193.141100 vwap=71841.276375 vol_ok=False ready=True
16:15:37 backend.server.scalp_bot.coinbase_candle_feed     INFO | CoinbaseCandleFeed BTC_USD: CLOSED @ 72185.000000 vol=4567.0000 (n=77)
16:15:37 backend.server.scalp_bot.scalp_runtime     INFO | ScalpRuntime BTC_USD: candle close=72185.000000 ema_f=72267.321300 ema_s=72126.373200 rsi=55.8 atr=183.988200 vwap=71847.560326 vol_ok=False ready=True
16:15:37 backend.server.scalp_bot.coinbase_candle_feed     INFO | CoinbaseCandleFeed BTC_USD: CLOSED @ 72240.000000 vol=7195.0000 (n=78)
16:15:37 backend.server.scalp_bot.scalp_runtime     INFO | ScalpRuntime BTC_USD: candle close=72240.000000 ema_f=72261.249900 ema_s=72136.702900 rsi=57.6 atr=180.131900 vwap=71858.568173 vol_ok=False ready=True
16:15:37 backend.server.scalp_bot.coinbase_candle_feed     INFO | CoinbaseCandleFeed BTC_USD: CLOSED @ 72225.000000 vol=1483.0000 (n=79)
16:15:37 backend.server.scalp_bot.scalp_runtime     INFO | ScalpRuntime BTC_USD: candle close=72225.000000 ema_f=72253.194400 ema_s=72144.729900 rsi=56.9 atr=171.551100 vwap=71860.745764 vol_ok=False ready=True
16:15:37 backend.server.scalp_bot.coinbase_candle_feed     INFO | CoinbaseCandleFeed BTC_USD: CLOSED @ 72215.000000 vol=1505.0000 (n=80)
16:15:37 backend.server.scalp_bot.scalp_runtime     INFO | ScalpRuntime BTC_USD: candle close=72215.000000 ema_f=72244.706800 ema_s=72151.118100 rsi=56.5 atr=168.226000 vwap=71862.692419 vol_ok=False ready=True
16:15:37 backend.server.scalp_bot.coinbase_candle_feed     INFO | CoinbaseCandleFeed BTC_USD: CLOSED @ 72390.000000 vol=992.0000 (n=81)
16:15:37 backend.server.scalp_bot.scalp_runtime     INFO | ScalpRuntime BTC_USD: candle close=72390.000000 ema_f=72276.994200 ema_s=72172.834600 rsi=62.5 atr=169.067000 vwap=71864.609677 vol_ok=False ready=True
16:15:37 backend.server.scalp_bot.coinbase_candle_feed     INFO | CoinbaseCandleFeed BTC_USD: CLOSED @ 72345.000000 vol=737.0000 (n=82)
16:15:37 backend.server.scalp_bot.scalp_runtime     INFO | ScalpRuntime BTC_USD: candle close=72345.000000 ema_f=72292.106600 ema_s=72188.486000 rsi=60.2 atr=162.347900 vwap=71866.123953 vol_ok=False ready=True
16:15:37 backend.server.scalp_bot.coinbase_candle_feed     INFO | CoinbaseCandleFeed BTC_USD: CLOSED @ 72415.000000 vol=498.0000 (n=83)
16:15:37 backend.server.scalp_bot.scalp_runtime     INFO | ScalpRuntime BTC_USD: candle close=72415.000000 ema_f=72319.416200 ema_s=72209.078200 rsi=62.5 atr=156.823000 vwap=71867.182452 vol_ok=False ready=True
16:15:37 backend.server.scalp_bot.coinbase_candle_feed     INFO | CoinbaseCandleFeed BTC_USD: CLOSED @ 72455.000000 vol=4881.0000 (n=84)
16:15:37 backend.server.scalp_bot.scalp_runtime     INFO | ScalpRuntime BTC_USD: candle close=72455.000000 ema_f=72349.545900 ema_s=72231.434700 rsi=63.8 atr=152.049900 vwap=71878.661955 vol_ok=False ready=True
16:15:37 backend.server.scalp_bot.coinbase_candle_feed     INFO | CoinbaseCandleFeed BTC_USD: CLOSED @ 72385.000000 vol=1373.0000 (n=85)
16:15:37 backend.server.scalp_bot.scalp_runtime     INFO | ScalpRuntime BTC_USD: candle close=72385.000000 ema_f=72357.424600 ema_s=72245.395200 rsi=59.9 atr=147.617800 vwap=71881.575751 vol_ok=False ready=True
16:15:37 backend.server.scalp_bot.coinbase_candle_feed     INFO | CoinbaseCandleFeed BTC_USD: CLOSED @ 72340.000000 vol=1314.0000 (n=86)
16:15:37 backend.server.scalp_bot.scalp_runtime     INFO | ScalpRuntime BTC_USD: candle close=72340.000000 ema_f=72353.552500 ema_s=72253.995600 rsi=57.5 atr=142.073700 vwap=71884.067601 vol_ok=False ready=True
16:15:37 backend.server.scalp_bot.coinbase_candle_feed     INFO | CoinbaseCandleFeed BTC_USD: CLOSED @ 72350.000000 vol=2082.0000 (n=87)
16:15:37 backend.server.scalp_bot.scalp_runtime     INFO | ScalpRuntime BTC_USD: candle close=72350.000000 ema_f=72352.763100 ema_s=72262.723300 rsi=57.9 atr=137.282700 vwap=71887.922878 vol_ok=False ready=True
16:15:37 backend.server.scalp_bot.coinbase_candle_feed     INFO | CoinbaseCandleFeed BTC_USD: CLOSED @ 72560.000000 vol=8086.0000 (n=88)
16:15:37 backend.server.scalp_bot.scalp_runtime     INFO | ScalpRuntime BTC_USD: candle close=72560.000000 ema_f=72398.815700 ema_s=72289.748500 rsi=65.4 atr=146.405400 vwap=71907.267393 vol_ok=True ready=True
16:15:37 backend.server.scalp_bot.coinbase_candle_feed     INFO | CoinbaseCandleFeed BTC_USD: CLOSED @ 72760.000000 vol=19014.0000 (n=89)
16:15:37 backend.server.scalp_bot.scalp_runtime     INFO | ScalpRuntime BTC_USD: candle close=72760.000000 ema_f=72479.078900 ema_s=72332.498600 rsi=70.8 atr=155.590700 vwap=71960.822865 vol_ok=True ready=True
16:15:37 backend.server.scalp_bot.coinbase_candle_feed     INFO | CoinbaseCandleFeed BTC_USD: CLOSED @ 72845.000000 vol=12302.0000 (n=90)
16:15:37 backend.server.scalp_bot.scalp_runtime     INFO | ScalpRuntime BTC_USD: candle close=72845.000000 ema_f=72560.394700 ema_s=72379.089600 rsi=72.7 atr=159.119900 vwap=71996.310960 vol_ok=True ready=True
16:15:37 backend.server.scalp_bot.coinbase_candle_feed     INFO | CoinbaseCandleFeed BTC_USD: CLOSED @ 73075.000000 vol=21342.0000 (n=91)
16:15:37 backend.server.scalp_bot.scalp_runtime     INFO | ScalpRuntime BTC_USD: candle close=73075.000000 ema_f=72674.751400 ema_s=72442.354200 rsi=77.1 atr=170.254200 vwap=72064.137333 vol_ok=True ready=True
16:15:37 backend.server.scalp_bot.coinbase_candle_feed     INFO | CoinbaseCandleFeed BTC_USD: CLOSED @ 73130.000000 vol=21525.0000 (n=92)
16:15:37 backend.server.scalp_bot.scalp_runtime     INFO | ScalpRuntime BTC_USD: candle close=73130.000000 ema_f=72775.917800 ema_s=72504.867500 rsi=78.1 atr=173.450300 vwap=72129.710350 vol_ok=True ready=True
16:15:37 backend.server.scalp_bot.coinbase_candle_feed     INFO | CoinbaseCandleFeed BTC_USD: CLOSED @ 73030.000000 vol=4488.0000 (n=93)
16:15:37 backend.server.scalp_bot.scalp_runtime     INFO | ScalpRuntime BTC_USD: candle close=73030.000000 ema_f=72832.380500 ema_s=72552.606800 rsi=72.4 atr=172.846700 vwap=72141.777989 vol_ok=False ready=True
16:15:37 backend.server.scalp_bot.coinbase_candle_feed     INFO | CoinbaseCandleFeed BTC_USD: CLOSED @ 73250.000000 vol=9519.0000 (n=94)
16:15:37 backend.server.scalp_bot.scalp_runtime     INFO | ScalpRuntime BTC_USD: candle close=73250.000000 ema_f=72925.184800 ema_s=72616.006200 rsi=76.4 atr=179.786200 vwap=72170.362757 vol_ok=False ready=True
16:15:37 backend.server.scalp_bot.coinbase_candle_feed     INFO | CoinbaseCandleFeed BTC_USD: CLOSED @ 73460.000000 vol=12390.0000 (n=95)
16:15:37 backend.server.scalp_bot.scalp_runtime     INFO | ScalpRuntime BTC_USD: candle close=73460.000000 ema_f=73044.032600 ema_s=72692.732900 rsi=79.5 atr=183.730000 vwap=72212.240521 vol_ok=True ready=True
16:15:37 backend.server.scalp_bot.coinbase_candle_feed     INFO | CoinbaseCandleFeed BTC_USD: CLOSED @ 73345.000000 vol=14062.0000 (n=96)
16:15:37 backend.server.scalp_bot.scalp_runtime     INFO | ScalpRuntime BTC_USD: candle close=73345.000000 ema_f=73110.914200 ema_s=72752.029900 rsi=73.8 atr=182.035000 vwap=72256.017980 vol_ok=True ready=True
16:15:37 backend.server.scalp_bot.coinbase_candle_feed     INFO | CoinbaseCandleFeed BTC_USD: CLOSED @ 73340.000000 vol=17055.0000 (n=97)
16:15:37 backend.server.scalp_bot.scalp_runtime     INFO | ScalpRuntime BTC_USD: candle close=73340.000000 ema_f=73161.822200 ema_s=72805.481700 rsi=73.6 atr=177.246800 vwap=72303.934875 vol_ok=True ready=True
16:15:37 backend.server.scalp_bot.coinbase_candle_feed     INFO | CoinbaseCandleFeed BTC_USD: CLOSED @ 73330.000000 vol=8312.0000 (n=98)
16:15:37 backend.server.scalp_bot.scalp_runtime     INFO | ScalpRuntime BTC_USD: candle close=73330.000000 ema_f=73199.195000 ema_s=72853.165200 rsi=73.0 atr=176.372000 vwap=72325.273974 vol_ok=False ready=True
16:15:37 backend.server.scalp_bot.coinbase_candle_feed     INFO | CoinbaseCandleFeed BTC_USD: CLOSED @ 73150.000000 vol=7045.0000 (n=99)
16:15:37 backend.server.scalp_bot.scalp_runtime     INFO | ScalpRuntime BTC_USD: candle close=73150.000000 ema_f=73188.262800 ema_s=72880.150200 rsi=64.1 atr=178.059700 vwap=72340.372407 vol_ok=False ready=True
16:15:37 backend.server.scalp_bot.coinbase_candle_feed     INFO | CoinbaseCandleFeed SOL_USD: CLOSED @ 82.090000 vol=112.0000 (n=1)
16:15:37 backend.server.scalp_bot.scalp_runtime     INFO | ScalpRuntime SOL_USD: candle close=82.090000 ema_f=0.000000 ema_s=0.000000 rsi=50.0 atr=0.000000 vwap=82.070000 vol_ok=False ready=False
16:15:37 backend.server.scalp_bot.scalp_runtime     INFO | ScalpRuntime SOL_USD: regime risk-on LIVE reasons=['live_volume_spike'] until_ts=1776111458
16:15:37 backend.server.scalp_bot.coinbase_candle_feed     INFO | CoinbaseCandleFeed SOL_USD: CLOSED @ 82.370000 vol=2093.0000 (n=2)
16:15:37 backend.server.scalp_bot.scalp_runtime     INFO | ScalpRuntime SOL_USD: candle close=82.370000 ema_f=0.000000 ema_s=0.000000 rsi=50.0 atr=0.000000 vwap=82.285153 vol_ok=True ready=False
16:15:37 backend.server.scalp_bot.coinbase_candle_feed     INFO | CoinbaseCandleFeed SOL_USD: CLOSED @ 82.400000 vol=790.0000 (n=3)
16:15:37 backend.server.scalp_bot.scalp_runtime     INFO | ScalpRuntime SOL_USD: candle close=82.400000 ema_f=0.000000 ema_s=0.000000 rsi=50.0 atr=0.000000 vwap=82.307534 vol_ok=False ready=False
16:15:37 backend.server.scalp_bot.coinbase_candle_feed     INFO | CoinbaseCandleFeed SOL_USD: CLOSED @ 82.390000 vol=905.0000 (n=4)
16:15:37 backend.server.scalp_bot.scalp_runtime     INFO | ScalpRuntime SOL_USD: candle close=82.390000 ema_f=0.000000 ema_s=0.000000 rsi=50.0 atr=0.000000 vwap=82.313521 vol_ok=False ready=False
16:15:37 backend.server.scalp_bot.coinbase_candle_feed     INFO | CoinbaseCandleFeed SOL_USD: CLOSED @ 82.390000 vol=425.0000 (n=5)
16:15:37 backend.server.scalp_bot.scalp_runtime     INFO | ScalpRuntime SOL_USD: candle close=82.390000 ema_f=0.000000 ema_s=0.000000 rsi=50.0 atr=0.000000 vwap=82.319398 vol_ok=False ready=False
16:15:37 backend.server.scalp_bot.coinbase_candle_feed     INFO | CoinbaseCandleFeed SOL_USD: CLOSED @ 82.390000 vol=32.0000 (n=6)
16:15:37 backend.server.scalp_bot.scalp_runtime     INFO | ScalpRuntime SOL_USD: candle close=82.390000 ema_f=0.000000 ema_s=0.000000 rsi=50.0 atr=0.000000 vwap=82.320137 vol_ok=False ready=False
16:15:37 backend.server.scalp_bot.coinbase_candle_feed     INFO | CoinbaseCandleFeed SOL_USD: CLOSED @ 82.380000 vol=246.0000 (n=7)
16:15:37 backend.server.scalp_bot.scalp_runtime     INFO | ScalpRuntime SOL_USD: candle close=82.380000 ema_f=0.000000 ema_s=0.000000 rsi=50.0 atr=0.000000 vwap=82.323693 vol_ok=False ready=False
16:15:37 backend.server.scalp_bot.coinbase_candle_feed     INFO | CoinbaseCandleFeed SOL_USD: CLOSED @ 82.230000 vol=16.0000 (n=8)
16:15:37 backend.server.scalp_bot.scalp_runtime     INFO | ScalpRuntime SOL_USD: candle close=82.230000 ema_f=82.330000 ema_s=0.000000 rsi=50.0 atr=0.000000 vwap=82.323472 vol_ok=False ready=False
16:15:37 backend.server.scalp_bot.coinbase_candle_feed     INFO | CoinbaseCandleFeed SOL_USD: CLOSED @ 82.220000 vol=136.0000 (n=9)
16:15:37 backend.server.scalp_bot.scalp_runtime     INFO | ScalpRuntime SOL_USD: candle close=82.220000 ema_f=82.305600 ema_s=0.000000 rsi=50.0 atr=0.000000 vwap=82.321084 vol_ok=False ready=False
16:15:37 backend.server.scalp_bot.coinbase_candle_feed     INFO | CoinbaseCandleFeed SOL_USD: CLOSED @ 82.030000 vol=41.0000 (n=10)
16:15:37 backend.server.scalp_bot.scalp_runtime     INFO | ScalpRuntime SOL_USD: candle close=82.030000 ema_f=82.244400 ema_s=0.000000 rsi=50.0 atr=0.000000 vwap=82.318397 vol_ok=False ready=False
16:15:37 backend.server.scalp_bot.coinbase_candle_feed     INFO | CoinbaseCandleFeed SOL_USD: CLOSED @ 82.100000 vol=151.0000 (n=11)
16:15:37 backend.server.scalp_bot.scalp_runtime     INFO | ScalpRuntime SOL_USD: candle close=82.100000 ema_f=82.212300 ema_s=0.000000 rsi=50.0 atr=0.000000 vwap=82.310509 vol_ok=False ready=False
16:15:37 backend.server.scalp_bot.coinbase_candle_feed     INFO | CoinbaseCandleFeed SOL_USD: CLOSED @ 82.100000 vol=165.0000 (n=12)
16:15:37 backend.server.scalp_bot.scalp_runtime     INFO | ScalpRuntime SOL_USD: candle close=82.100000 ema_f=82.187300 ema_s=0.000000 rsi=50.0 atr=0.000000 vwap=82.303392 vol_ok=False ready=False
16:15:37 backend.server.scalp_bot.coinbase_candle_feed     INFO | CoinbaseCandleFeed SOL_USD: CLOSED @ 82.190000 vol=53.0000 (n=13)
16:15:37 backend.server.scalp_bot.scalp_runtime     INFO | ScalpRuntime SOL_USD: candle close=82.190000 ema_f=82.187900 ema_s=0.000000 rsi=50.0 atr=0.000000 vwap=82.302228 vol_ok=False ready=False
16:15:37 backend.server.scalp_bot.coinbase_candle_feed     INFO | CoinbaseCandleFeed SOL_USD: CLOSED @ 82.210000 vol=47.0000 (n=14)
16:15:37 backend.server.scalp_bot.scalp_runtime     INFO | ScalpRuntime SOL_USD: candle close=82.210000 ema_f=82.192800 ema_s=0.000000 rsi=50.0 atr=0.000000 vwap=82.301277 vol_ok=False ready=False
16:15:37 backend.server.scalp_bot.coinbase_candle_feed     INFO | CoinbaseCandleFeed SOL_USD: CLOSED @ 82.090000 vol=1478.0000 (n=15)
16:15:37 backend.server.scalp_bot.scalp_runtime     INFO | ScalpRuntime SOL_USD: candle close=82.090000 ema_f=82.170000 ema_s=0.000000 rsi=50.0 atr=0.150000 vwap=82.263437 vol_ok=True ready=False
16:15:37 backend.server.scalp_bot.coinbase_candle_feed     INFO | CoinbaseCandleFeed SOL_USD: CLOSED @ 81.930000 vol=56.0000 (n=16)
16:15:37 backend.server.scalp_bot.scalp_runtime     INFO | ScalpRuntime SOL_USD: candle close=81.930000 ema_f=82.116700 ema_s=0.000000 rsi=42.5 atr=0.150700 vwap=82.260890 vol_ok=False ready=False
16:15:37 backend.server.scalp_bot.coinbase_candle_feed     INFO | CoinbaseCandleFeed SOL_USD: CLOSED @ 81.940000 vol=93.0000 (n=17)
16:15:37 backend.server.scalp_bot.scalp_runtime     INFO | ScalpRuntime SOL_USD: candle close=81.940000 ema_f=82.077400 ema_s=0.000000 rsi=43.1 atr=0.141400 vwap=82.256527 vol_ok=False ready=False
16:15:37 backend.server.scalp_bot.coinbase_candle_feed     INFO | CoinbaseCandleFeed SOL_USD: CLOSED @ 81.950000 vol=98.0000 (n=18)
16:15:37 backend.server.scalp_bot.scalp_runtime     INFO | ScalpRuntime SOL_USD: candle close=81.950000 ema_f=82.049100 ema_s=0.000000 rsi=43.7 atr=0.138400 vwap=82.252196 vol_ok=False ready=False
16:15:37 backend.server.scalp_bot.coinbase_candle_feed     INFO | CoinbaseCandleFeed SOL_USD: CLOSED @ 81.920000 vol=50.0000 (n=19)
16:15:37 backend.server.scalp_bot.scalp_runtime     INFO | ScalpRuntime SOL_USD: candle close=81.920000 ema_f=82.020400 ema_s=0.000000 rsi=42.3 atr=0.132100 vwap=82.249938 vol_ok=False ready=False
16:15:37 backend.server.scalp_bot.coinbase_candle_feed     INFO | CoinbaseCandleFeed SOL_USD: CLOSED @ 81.850000 vol=153.0000 (n=20)
16:15:37 backend.server.scalp_bot.scalp_runtime     INFO | ScalpRuntime SOL_USD: candle close=81.850000 ema_f=81.982500 ema_s=0.000000 rsi=39.0 atr=0.130500 vwap=82.241154 vol_ok=False ready=False
16:15:37 backend.server.scalp_bot.coinbase_candle_feed     INFO | CoinbaseCandleFeed SOL_USD: CLOSED @ 81.890000 vol=82.0000 (n=21)
16:15:37 backend.server.scalp_bot.scalp_runtime     INFO | ScalpRuntime SOL_USD: candle close=81.890000 ema_f=81.961900 ema_s=82.145700 rsi=41.8 atr=0.126200 vwap=82.237205 vol_ok=False ready=False
16:15:37 backend.server.scalp_bot.coinbase_candle_feed     INFO | CoinbaseCandleFeed SOL_USD: CLOSED @ 81.980000 vol=190.0000 (n=22)
16:15:37 backend.server.scalp_bot.scalp_runtime     INFO | ScalpRuntime SOL_USD: candle close=81.980000 ema_f=81.965900 ema_s=82.130600 rsi=47.5 atr=0.133600 vwap=82.231808 vol_ok=False ready=False
16:15:37 backend.server.scalp_bot.coinbase_candle_feed     INFO | CoinbaseCandleFeed SOL_USD: CLOSED @ 82.020000 vol=959.0000 (n=23)
16:15:37 backend.server.scalp_bot.scalp_runtime     INFO | ScalpRuntime SOL_USD: candle close=82.020000 ema_f=81.977900 ema_s=82.120500 rsi=49.9 atr=0.139800 vwap=82.203724 vol_ok=True ready=False
16:15:37 backend.server.scalp_bot.coinbase_candle_feed     INFO | CoinbaseCandleFeed SOL_USD: CLOSED @ 82.030000 vol=74.0000 (n=24)
16:15:37 backend.server.scalp_bot.scalp_runtime     INFO | ScalpRuntime SOL_USD: candle close=82.030000 ema_f=81.989500 ema_s=82.112300 rsi=50.5 atr=0.133400 vwap=82.202172 vol_ok=False ready=False
16:15:37 backend.server.scalp_bot.coinbase_candle_feed     INFO | CoinbaseCandleFeed SOL_USD: CLOSED @ 82.020000 vol=90.0000 (n=25)
16:15:37 backend.server.scalp_bot.scalp_runtime     INFO | ScalpRuntime SOL_USD: candle close=82.020000 ema_f=81.996300 ema_s=82.103900 rsi=49.8 atr=0.126700 vwap=82.200252 vol_ok=False ready=False
16:15:37 backend.server.scalp_bot.coinbase_candle_feed     INFO | CoinbaseCandleFeed SOL_USD: CLOSED @ 81.900000 vol=9.0000 (n=26)
16:15:37 backend.server.scalp_bot.scalp_runtime     INFO | ScalpRuntime SOL_USD: candle close=81.900000 ema_f=81.974900 ema_s=82.085400 rsi=42.8 atr=0.126900 vwap=82.199935 vol_ok=False ready=False
16:15:37 backend.server.scalp_bot.coinbase_candle_feed     INFO | CoinbaseCandleFeed SOL_USD: CLOSED @ 81.900000 vol=15.0000 (n=27)
16:15:37 backend.server.scalp_bot.scalp_runtime     INFO | ScalpRuntime SOL_USD: candle close=81.900000 ema_f=81.958300 ema_s=82.068500 rsi=42.8 atr=0.118500 vwap=82.199415 vol_ok=False ready=False
16:15:37 backend.server.scalp_bot.coinbase_candle_feed     INFO | CoinbaseCandleFeed SOL_USD: CLOSED @ 81.880000 vol=100.0000 (n=28)
16:15:37 backend.server.scalp_bot.scalp_runtime     INFO | ScalpRuntime SOL_USD: candle close=81.880000 ema_f=81.940900 ema_s=82.051400 rsi=41.6 atr=0.111500 vwap=82.195765 vol_ok=False ready=False
16:15:37 backend.server.scalp_bot.coinbase_candle_feed     INFO | CoinbaseCandleFeed SOL_USD: CLOSED @ 81.770000 vol=47.0000 (n=29)
16:15:38 backend.server.scalp_bot.scalp_runtime     INFO | ScalpRuntime SOL_USD: candle close=81.770000 ema_f=81.902900 ema_s=82.025800 rsi=36.0 atr=0.111400 vwap=82.193539 vol_ok=False ready=False
16:15:38 backend.server.scalp_bot.coinbase_candle_feed     INFO | CoinbaseCandleFeed SOL_USD: CLOSED @ 81.820000 vol=3.0000 (n=30)
16:15:38 backend.server.scalp_bot.scalp_runtime     INFO | ScalpRuntime SOL_USD: candle close=81.820000 ema_f=81.884500 ema_s=82.007100 rsi=40.0 atr=0.107000 vwap=82.193410 vol_ok=False ready=True
16:15:38 backend.server.scalp_bot.coinbase_candle_feed     INFO | CoinbaseCandleFeed SOL_USD: CLOSED @ 81.850000 vol=798.0000 (n=31)
16:15:38 backend.server.scalp_bot.scalp_runtime     INFO | ScalpRuntime SOL_USD: candle close=81.850000 ema_f=81.876800 ema_s=81.992800 rsi=42.3 atr=0.112200 vwap=82.161787 vol_ok=True ready=True
16:15:38 backend.server.scalp_bot.coinbase_candle_feed     INFO | CoinbaseCandleFeed SOL_USD: CLOSED @ 81.890000 vol=205.0000 (n=32)
16:15:38 backend.server.scalp_bot.scalp_runtime     INFO | ScalpRuntime SOL_USD: candle close=81.890000 ema_f=81.879700 ema_s=81.983500 rsi=45.3 atr=0.109900 vwap=82.156331 vol_ok=False ready=True
16:15:38 backend.server.scalp_bot.coinbase_candle_feed     INFO | CoinbaseCandleFeed SOL_USD: CLOSED @ 81.930000 vol=3.0000 (n=33)
16:15:38 backend.server.scalp_bot.scalp_runtime     INFO | ScalpRuntime SOL_USD: candle close=81.930000 ema_f=81.890900 ema_s=81.978600 rsi=48.3 atr=0.104900 vwap=82.156259 vol_ok=False ready=True
16:15:38 backend.server.scalp_bot.coinbase_candle_feed     INFO | CoinbaseCandleFeed SOL_USD: CLOSED @ 81.920000 vol=5.0000 (n=34)
16:15:38 backend.server.scalp_bot.scalp_runtime     INFO | ScalpRuntime SOL_USD: candle close=81.920000 ema_f=81.897400 ema_s=81.973300 rsi=47.6 atr=0.098100 vwap=82.156138 vol_ok=False ready=True
16:15:38 backend.server.scalp_bot.coinbase_candle_feed     INFO | CoinbaseCandleFeed SOL_USD: CLOSED @ 81.840000 vol=10.0000 (n=35)
16:15:38 backend.server.scalp_bot.scalp_runtime     INFO | ScalpRuntime SOL_USD: candle close=81.840000 ema_f=81.884600 ema_s=81.961200 rsi=42.4 atr=0.096800 vwap=82.155816 vol_ok=False ready=True
16:15:38 backend.server.scalp_bot.coinbase_candle_feed     INFO | CoinbaseCandleFeed SOL_USD: CLOSED @ 82.000000 vol=6.0000 (n=36)
16:15:38 backend.server.scalp_bot.scalp_runtime     INFO | ScalpRuntime SOL_USD: candle close=82.000000 ema_f=81.910200 ema_s=81.964700 rsi=53.4 atr=0.101300 vwap=82.155712 vol_ok=False ready=True
16:15:38 backend.server.scalp_bot.coinbase_candle_feed     INFO | CoinbaseCandleFeed SOL_USD: CLOSED @ 81.840000 vol=758.0000 (n=37)
16:15:38 backend.server.scalp_bot.scalp_runtime     INFO | ScalpRuntime SOL_USD: candle close=81.840000 ema_f=81.894600 ema_s=81.953400 rsi=44.3 atr=0.111900 vwap=82.137001 vol_ok=True ready=True
16:15:38 backend.server.scalp_bot.coinbase_candle_feed     INFO | CoinbaseCandleFeed SOL_USD: CLOSED @ 81.880000 vol=121.0000 (n=38)
16:15:38 backend.server.scalp_bot.scalp_runtime     INFO | ScalpRuntime SOL_USD: candle close=81.880000 ema_f=81.891400 ema_s=81.946700 rsi=46.7 atr=0.110300 vwap=82.133729 vol_ok=False ready=True
16:15:38 backend.server.scalp_bot.coinbase_candle_feed     INFO | CoinbaseCandleFeed SOL_USD: CLOSED @ 81.910000 vol=1.0000 (n=39)
16:15:38 backend.server.scalp_bot.scalp_runtime     INFO | ScalpRuntime SOL_USD: candle close=81.910000 ema_f=81.895500 ema_s=81.943400 rsi=48.6 atr=0.104600 vwap=82.133708 vol_ok=False ready=True
16:15:38 backend.server.scalp_bot.coinbase_candle_feed     INFO | CoinbaseCandleFeed SOL_USD: CLOSED @ 81.860000 vol=91.0000 (n=40)
16:15:38 backend.server.scalp_bot.scalp_runtime     INFO | ScalpRuntime SOL_USD: candle close=81.860000 ema_f=81.887600 ema_s=81.935800 rsi=45.7 atr=0.103600 vwap=82.131410 vol_ok=False ready=True
16:15:38 backend.server.scalp_bot.coinbase_candle_feed     INFO | CoinbaseCandleFeed SOL_USD: CLOSED @ 82.170000 vol=188.0000 (n=41)
16:15:38 backend.server.scalp_bot.scalp_runtime     INFO | ScalpRuntime SOL_USD: candle close=82.170000 ema_f=81.950400 ema_s=81.957100 rsi=60.9 atr=0.118300 vwap=82.130926 vol_ok=False ready=True
16:15:38 backend.server.scalp_bot.coinbase_candle_feed     INFO | CoinbaseCandleFeed SOL_USD: CLOSED @ 82.110000 vol=89.0000 (n=42)
16:15:38 backend.server.scalp_bot.scalp_runtime     INFO | ScalpRuntime SOL_USD: candle close=82.110000 ema_f=81.985900 ema_s=81.971000 rsi=57.5 atr=0.114100 vwap=82.130891 vol_ok=False ready=True
16:15:38 backend.server.scalp_bot.coinbase_candle_feed     INFO | CoinbaseCandleFeed SOL_USD: CLOSED @ 82.170000 vol=29.0000 (n=43)
16:15:38 backend.server.scalp_bot.scalp_runtime     INFO | ScalpRuntime SOL_USD: candle close=82.170000 ema_f=82.026800 ema_s=81.989100 rsi=59.9 atr=0.112400 vwap=82.130915 vol_ok=False ready=True
16:15:38 backend.server.scalp_bot.coinbase_candle_feed     INFO | CoinbaseCandleFeed SOL_USD: CLOSED @ 82.060000 vol=8.0000 (n=44)
16:15:38 backend.server.scalp_bot.scalp_runtime     INFO | ScalpRuntime SOL_USD: candle close=82.060000 ema_f=82.034200 ema_s=81.995500 rsi=53.9 atr=0.115100 vwap=82.130854 vol_ok=False ready=True
16:15:38 backend.server.scalp_bot.coinbase_candle_feed     INFO | CoinbaseCandleFeed SOL_USD: CLOSED @ 82.110000 vol=207.0000 (n=45)
16:15:38 backend.server.scalp_bot.scalp_runtime     INFO | ScalpRuntime SOL_USD: candle close=82.110000 ema_f=82.051000 ema_s=82.005900 rsi=56.1 atr=0.111900 vwap=82.130162 vol_ok=True ready=True
16:15:38 backend.server.scalp_bot.coinbase_candle_feed     INFO | CoinbaseCandleFeed SOL_USD: CLOSED @ 82.320000 vol=148.0000 (n=46)
16:15:38 backend.server.scalp_bot.scalp_runtime     INFO | ScalpRuntime SOL_USD: candle close=82.320000 ema_f=82.110800 ema_s=82.034500 rsi=63.7 atr=0.118900 vwap=82.131982 vol_ok=False ready=True
16:15:38 backend.server.scalp_bot.coinbase_candle_feed     INFO | CoinbaseCandleFeed SOL_USD: CLOSED @ 82.630000 vol=197.0000 (n=47)
16:15:38 backend.server.scalp_bot.scalp_runtime     INFO | ScalpRuntime SOL_USD: candle close=82.630000 ema_f=82.226200 ema_s=82.088600 rsi=71.5 atr=0.136800 vwap=82.140402 vol_ok=False ready=True
16:15:38 backend.server.scalp_bot.coinbase_candle_feed     INFO | CoinbaseCandleFeed SOL_USD: CLOSED @ 82.620000 vol=1402.0000 (n=48)
16:15:38 backend.server.scalp_bot.scalp_runtime     INFO | ScalpRuntime SOL_USD: candle close=82.620000 ema_f=82.313700 ema_s=82.136900 rsi=71.0 atr=0.132700 vwap=82.192225 vol_ok=True ready=True
16:15:38 backend.server.scalp_bot.coinbase_candle_feed     INFO | CoinbaseCandleFeed SOL_USD: CLOSED @ 82.530000 vol=23.0000 (n=49)
16:15:38 backend.server.scalp_bot.scalp_runtime     INFO | ScalpRuntime SOL_USD: candle close=82.530000 ema_f=82.361800 ema_s=82.172600 rsi=66.2 atr=0.133200 vwap=82.192793 vol_ok=False ready=True
16:15:38 backend.server.scalp_bot.coinbase_candle_feed     INFO | CoinbaseCandleFeed SOL_USD: CLOSED @ 82.590000 vol=818.0000 (n=50)
16:15:38 backend.server.scalp_bot.scalp_runtime     INFO | ScalpRuntime SOL_USD: candle close=82.590000 ema_f=82.412500 ema_s=82.210500 rsi=67.8 atr=0.138000 vwap=82.217100 vol_ok=True ready=True
16:15:38 backend.server.scalp_bot.coinbase_candle_feed     INFO | CoinbaseCandleFeed SOL_USD: CLOSED @ 83.480000 vol=2753.0000 (n=51)
16:15:38 backend.server.scalp_bot.scalp_runtime     INFO | ScalpRuntime SOL_USD: candle close=83.480000 ema_f=82.649700 ema_s=82.325900 rsi=81.4 atr=0.203900 vwap=82.372658 vol_ok=True ready=True
16:15:38 backend.server.scalp_bot.coinbase_candle_feed     INFO | CoinbaseCandleFeed SOL_USD: CLOSED @ 83.300000 vol=1219.0000 (n=52)
16:15:38 backend.server.scalp_bot.scalp_runtime     INFO | ScalpRuntime SOL_USD: candle close=83.300000 ema_f=82.794200 ema_s=82.414500 rsi=74.6 atr=0.225100 vwap=82.435752 vol_ok=True ready=True
16:15:38 backend.server.scalp_bot.coinbase_candle_feed     INFO | CoinbaseCandleFeed SOL_USD: CLOSED @ 82.950000 vol=504.0000 (n=53)
16:15:38 backend.server.scalp_bot.scalp_runtime     INFO | ScalpRuntime SOL_USD: candle close=82.950000 ema_f=82.828800 ema_s=82.463200 rsi=63.3 atr=0.238300 vwap=82.452492 vol_ok=False ready=True
16:15:38 backend.server.scalp_bot.coinbase_candle_feed     INFO | CoinbaseCandleFeed SOL_USD: CLOSED @ 83.350000 vol=306.0000 (n=54)
16:15:38 backend.server.scalp_bot.scalp_runtime     INFO | ScalpRuntime SOL_USD: candle close=83.350000 ema_f=82.944600 ema_s=82.543800 rsi=69.1 atr=0.249800 vwap=82.466217 vol_ok=False ready=True
16:15:38 backend.server.scalp_bot.coinbase_candle_feed     INFO | CoinbaseCandleFeed SOL_USD: CLOSED @ 83.500000 vol=687.0000 (n=55)
16:15:38 backend.server.scalp_bot.scalp_runtime     INFO | ScalpRuntime SOL_USD: candle close=83.500000 ema_f=83.068000 ema_s=82.630700 rsi=70.9 atr=0.252700 vwap=82.500313 vol_ok=False ready=True
16:15:38 backend.server.scalp_bot.coinbase_candle_feed     INFO | CoinbaseCandleFeed SOL_USD: CLOSED @ 83.300000 vol=291.0000 (n=56)
16:15:38 backend.server.scalp_bot.scalp_runtime     INFO | ScalpRuntime SOL_USD: candle close=83.300000 ema_f=83.119600 ema_s=82.691500 rsi=65.3 atr=0.260400 vwap=82.513984 vol_ok=False ready=True
16:15:38 backend.server.scalp_bot.coinbase_candle_feed     INFO | CoinbaseCandleFeed SOL_USD: CLOSED @ 83.410000 vol=1397.0000 (n=57)
16:15:38 backend.server.scalp_bot.scalp_runtime     INFO | ScalpRuntime SOL_USD: candle close=83.410000 ema_f=83.184100 ema_s=82.756800 rsi=66.9 atr=0.279700 vwap=82.582993 vol_ok=True ready=True
16:15:38 backend.server.scalp_bot.coinbase_candle_feed     INFO | CoinbaseCandleFeed SOL_USD: CLOSED @ 83.140000 vol=967.0000 (n=58)
16:15:38 backend.server.scalp_bot.scalp_runtime     INFO | ScalpRuntime SOL_USD: candle close=83.140000 ema_f=83.174300 ema_s=82.791600 rsi=59.8 atr=0.279000 vwap=82.610187 vol_ok=True ready=True
16:15:38 backend.server.scalp_bot.coinbase_candle_feed     INFO | CoinbaseCandleFeed SOL_USD: CLOSED @ 82.450000 vol=716.0000 (n=59)
16:15:38 backend.server.scalp_bot.scalp_runtime     INFO | ScalpRuntime SOL_USD: candle close=82.450000 ema_f=83.013300 ema_s=82.760500 rsi=46.4 atr=0.313400 vwap=82.606073 vol_ok=False ready=True
16:15:38 backend.server.scalp_bot.coinbase_candle_feed     INFO | CoinbaseCandleFeed SOL_USD: CLOSED @ 82.560000 vol=253.0000 (n=60)
16:15:38 backend.server.scalp_bot.scalp_runtime     INFO | ScalpRuntime SOL_USD: candle close=82.560000 ema_f=82.912600 ema_s=82.742300 rsi=48.4 atr=0.300300 vwap=82.605086 vol_ok=False ready=True
16:15:38 backend.server.scalp_bot.coinbase_candle_feed     INFO | CoinbaseCandleFeed SOL_USD: CLOSED @ 82.710000 vol=232.0000 (n=61)
16:15:38 backend.server.scalp_bot.scalp_runtime     INFO | ScalpRuntime SOL_USD: candle close=82.710000 ema_f=82.867600 ema_s=82.739400 rsi=51.1 atr=0.289600 vwap=82.605904 vol_ok=False ready=True
16:15:38 backend.server.scalp_bot.coinbase_candle_feed     INFO | CoinbaseCandleFeed SOL_USD: CLOSED @ 82.650000 vol=376.0000 (n=62)
16:15:38 backend.server.scalp_bot.scalp_runtime     INFO | ScalpRuntime SOL_USD: candle close=82.650000 ema_f=82.819200 ema_s=82.731300 rsi=50.0 atr=0.282500 vwap=82.607088 vol_ok=False ready=True
16:15:38 backend.server.scalp_bot.coinbase_candle_feed     INFO | CoinbaseCandleFeed SOL_USD: CLOSED @ 82.830000 vol=986.0000 (n=63)
16:15:38 backend.server.scalp_bot.scalp_runtime     INFO | ScalpRuntime SOL_USD: candle close=82.830000 ema_f=82.821600 ema_s=82.740300 rsi=53.2 atr=0.288800 vwap=82.611095 vol_ok=False ready=True
16:15:38 backend.server.scalp_bot.coinbase_candle_feed     INFO | CoinbaseCandleFeed SOL_USD: CLOSED @ 82.910000 vol=174.0000 (n=64)
16:15:38 backend.server.scalp_bot.scalp_runtime     INFO | ScalpRuntime SOL_USD: candle close=82.910000 ema_f=82.841200 ema_s=82.755700 rsi=54.7 atr=0.276700 vwap=82.613226 vol_ok=False ready=True
16:15:38 backend.server.scalp_bot.coinbase_candle_feed     INFO | CoinbaseCandleFeed SOL_USD: CLOSED @ 83.050000 vol=140.0000 (n=65)
16:15:38 backend.server.scalp_bot.scalp_runtime     INFO | ScalpRuntime SOL_USD: candle close=83.050000 ema_f=82.887600 ema_s=82.782500 rsi=57.1 atr=0.276900 vwap=82.615389 vol_ok=False ready=True
16:15:38 backend.server.scalp_bot.coinbase_candle_feed     INFO | CoinbaseCandleFeed SOL_USD: CLOSED @ 83.410000 vol=1168.0000 (n=66)
16:15:38 backend.server.scalp_bot.scalp_runtime     INFO | ScalpRuntime SOL_USD: candle close=83.410000 ema_f=83.003700 ema_s=82.839500 rsi=62.7 atr=0.290700 vwap=82.651556 vol_ok=True ready=True
16:15:38 backend.server.scalp_bot.coinbase_candle_feed     INFO | CoinbaseCandleFeed SOL_USD: CLOSED @ 83.290000 vol=168.0000 (n=67)
16:15:38 backend.server.scalp_bot.scalp_runtime     INFO | ScalpRuntime SOL_USD: candle close=83.290000 ema_f=83.067300 ema_s=82.880500 rsi=59.9 atr=0.285600 vwap=82.656128 vol_ok=False ready=True
16:15:38 backend.server.scalp_bot.coinbase_candle_feed     INFO | CoinbaseCandleFeed SOL_USD: CLOSED @ 83.530000 vol=155.0000 (n=68)
16:15:38 backend.server.scalp_bot.scalp_runtime     INFO | ScalpRuntime SOL_USD: candle close=83.530000 ema_f=83.170100 ema_s=82.939500 rsi=63.5 atr=0.286600 vwap=82.660845 vol_ok=False ready=True
16:15:38 backend.server.scalp_bot.coinbase_candle_feed     INFO | CoinbaseCandleFeed SOL_USD: CLOSED @ 83.430000 vol=447.0000 (n=69)
16:15:38 backend.server.scalp_bot.scalp_runtime     INFO | ScalpRuntime SOL_USD: candle close=83.430000 ema_f=83.227900 ema_s=82.984100 rsi=61.0 atr=0.283300 vwap=82.675032 vol_ok=False ready=True
16:15:38 backend.server.scalp_bot.coinbase_candle_feed     INFO | CoinbaseCandleFeed SOL_USD: CLOSED @ 83.230000 vol=776.0000 (n=70)
16:15:38 backend.server.scalp_bot.scalp_runtime     INFO | ScalpRuntime SOL_USD: candle close=83.230000 ema_f=83.228400 ema_s=83.006500 rsi=56.4 atr=0.284500 vwap=82.692178 vol_ok=False ready=True
16:15:38 backend.server.scalp_bot.coinbase_candle_feed     INFO | CoinbaseCandleFeed SOL_USD: CLOSED @ 83.340000 vol=359.0000 (n=71)
16:15:38 backend.server.scalp_bot.scalp_runtime     INFO | ScalpRuntime SOL_USD: candle close=83.340000 ema_f=83.253200 ema_s=83.036800 rsi=58.3 atr=0.273500 vwap=82.699959 vol_ok=False ready=True
16:15:38 backend.server.scalp_bot.coinbase_candle_feed     INFO | CoinbaseCandleFeed SOL_USD: CLOSED @ 83.470000 vol=45.0000 (n=72)
16:15:38 backend.server.scalp_bot.scalp_runtime     INFO | ScalpRuntime SOL_USD: candle close=83.470000 ema_f=83.301400 ema_s=83.076200 rsi=60.5 atr=0.268300 vwap=82.701092 vol_ok=False ready=True
16:15:38 backend.server.scalp_bot.coinbase_candle_feed     INFO | CoinbaseCandleFeed SOL_USD: CLOSED @ 83.390000 vol=41.0000 (n=73)
16:15:38 backend.server.scalp_bot.scalp_runtime     INFO | ScalpRuntime SOL_USD: candle close=83.390000 ema_f=83.321100 ema_s=83.104700 rsi=58.4 atr=0.255600 vwap=82.702126 vol_ok=False ready=True
16:15:38 backend.server.scalp_bot.coinbase_candle_feed     INFO | CoinbaseCandleFeed SOL_USD: CLOSED @ 83.620000 vol=389.0000 (n=74)
16:15:38 backend.server.scalp_bot.scalp_runtime     INFO | ScalpRuntime SOL_USD: candle close=83.620000 ema_f=83.387500 ema_s=83.151500 rsi=62.3 atr=0.260200 vwap=82.713708 vol_ok=False ready=True
16:15:38 backend.server.scalp_bot.coinbase_candle_feed     INFO | CoinbaseCandleFeed SOL_USD: CLOSED @ 83.680000 vol=554.0000 (n=75)
16:15:38 backend.server.scalp_bot.scalp_runtime     INFO | ScalpRuntime SOL_USD: candle close=83.680000 ema_f=83.452500 ema_s=83.199500 rsi=63.3 atr=0.258800 vwap=82.733177 vol_ok=False ready=True
16:15:38 backend.server.scalp_bot.coinbase_candle_feed     INFO | CoinbaseCandleFeed SOL_USD: CLOSED @ 83.540000 vol=265.0000 (n=76)
16:15:38 backend.server.scalp_bot.scalp_runtime     INFO | ScalpRuntime SOL_USD: candle close=83.540000 ema_f=83.471900 ema_s=83.230500 rsi=59.5 atr=0.250300 vwap=82.740836 vol_ok=False ready=True
16:15:38 backend.server.scalp_bot.coinbase_candle_feed     INFO | CoinbaseCandleFeed SOL_USD: CLOSED @ 83.340000 vol=171.0000 (n=77)
16:15:38 backend.server.scalp_bot.scalp_runtime     INFO | ScalpRuntime SOL_USD: candle close=83.340000 ema_f=83.442600 ema_s=83.240500 rsi=54.4 atr=0.247400 vwap=82.744734 vol_ok=False ready=True
16:15:38 backend.server.scalp_bot.coinbase_candle_feed     INFO | CoinbaseCandleFeed SOL_USD: CLOSED @ 83.080000 vol=1035.0000 (n=78)
16:15:38 backend.server.scalp_bot.scalp_runtime     INFO | ScalpRuntime SOL_USD: candle close=83.080000 ema_f=83.362000 ema_s=83.225900 rsi=48.6 atr=0.250400 vwap=82.756493 vol_ok=True ready=True
16:15:38 backend.server.scalp_bot.coinbase_candle_feed     INFO | CoinbaseCandleFeed SOL_USD: CLOSED @ 83.040000 vol=257.0000 (n=79)
16:15:38 backend.server.scalp_bot.scalp_runtime     INFO | ScalpRuntime SOL_USD: candle close=83.040000 ema_f=83.290400 ema_s=83.209000 rsi=47.8 atr=0.239700 vwap=82.758926 vol_ok=False ready=True
16:15:38 backend.server.scalp_bot.coinbase_candle_feed     INFO | CoinbaseCandleFeed SOL_USD: CLOSED @ 83.130000 vol=184.0000 (n=80)
16:15:38 backend.server.scalp_bot.scalp_runtime     INFO | ScalpRuntime SOL_USD: candle close=83.130000 ema_f=83.254800 ema_s=83.201800 rsi=49.9 atr=0.229000 vwap=82.761001 vol_ok=False ready=True
16:15:38 backend.server.scalp_bot.coinbase_candle_feed     INFO | CoinbaseCandleFeed SOL_USD: CLOSED @ 82.790000 vol=1031.0000 (n=81)
16:15:38 backend.server.scalp_bot.scalp_runtime     INFO | ScalpRuntime SOL_USD: candle close=82.790000 ema_f=83.151500 ema_s=83.164400 rsi=42.9 atr=0.246900 vwap=82.760969 vol_ok=True ready=True
16:15:38 backend.server.scalp_bot.coinbase_candle_feed     INFO | CoinbaseCandleFeed SOL_USD: CLOSED @ 82.990000 vol=280.0000 (n=82)
16:15:38 backend.server.scalp_bot.scalp_runtime     INFO | ScalpRuntime SOL_USD: candle close=82.990000 ema_f=83.115600 ema_s=83.148500 rsi=47.6 atr=0.245000 vwap=82.762442 vol_ok=False ready=True
16:15:38 backend.server.scalp_bot.coinbase_candle_feed     INFO | CoinbaseCandleFeed SOL_USD: CLOSED @ 83.010000 vol=618.0000 (n=83)
16:15:38 backend.server.scalp_bot.scalp_runtime     INFO | ScalpRuntime SOL_USD: candle close=83.010000 ema_f=83.092100 ema_s=83.135900 rsi=48.0 atr=0.233900 vwap=82.767489 vol_ok=False ready=True
16:15:38 backend.server.scalp_bot.coinbase_candle_feed     INFO | CoinbaseCandleFeed SOL_USD: CLOSED @ 83.170000 vol=87.0000 (n=84)
16:15:38 backend.server.scalp_bot.scalp_runtime     INFO | ScalpRuntime SOL_USD: candle close=83.170000 ema_f=83.109400 ema_s=83.139000 rsi=51.7 atr=0.232200 vwap=82.768555 vol_ok=False ready=True
16:15:38 backend.server.scalp_bot.coinbase_candle_feed     INFO | CoinbaseCandleFeed SOL_USD: CLOSED @ 83.190000 vol=240.0000 (n=85)
16:15:38 backend.server.scalp_bot.scalp_runtime     INFO | ScalpRuntime SOL_USD: candle close=83.190000 ema_f=83.127300 ema_s=83.143600 rsi=52.1 atr=0.222000 vwap=82.771685 vol_ok=False ready=True
16:15:38 backend.server.scalp_bot.coinbase_candle_feed     INFO | CoinbaseCandleFeed SOL_USD: CLOSED @ 83.210000 vol=13.0000 (n=86)
16:15:39 backend.server.scalp_bot.scalp_runtime     INFO | ScalpRuntime SOL_USD: candle close=83.210000 ema_f=83.145700 ema_s=83.149600 rsi=52.6 atr=0.209700 vwap=82.771850 vol_ok=False ready=True
16:15:39 backend.server.scalp_bot.coinbase_candle_feed     INFO | CoinbaseCandleFeed SOL_USD: CLOSED @ 83.270000 vol=8.0000 (n=87)
16:15:39 backend.server.scalp_bot.scalp_runtime     INFO | ScalpRuntime SOL_USD: candle close=83.270000 ema_f=83.173300 ema_s=83.160500 rsi=54.1 atr=0.201900 vwap=82.771972 vol_ok=False ready=True
16:15:39 backend.server.scalp_bot.coinbase_candle_feed     INFO | CoinbaseCandleFeed SOL_USD: CLOSED @ 83.160000 vol=8.0000 (n=88)
16:15:39 backend.server.scalp_bot.scalp_runtime     INFO | ScalpRuntime SOL_USD: candle close=83.160000 ema_f=83.170300 ema_s=83.160500 rsi=50.9 atr=0.195300 vwap=82.772071 vol_ok=False ready=True
16:15:39 backend.server.scalp_bot.coinbase_candle_feed     INFO | CoinbaseCandleFeed SOL_USD: CLOSED @ 83.160000 vol=432.0000 (n=89)
16:15:39 backend.server.scalp_bot.scalp_runtime     INFO | ScalpRuntime SOL_USD: candle close=83.160000 ema_f=83.168000 ema_s=83.160500 rsi=50.9 atr=0.185600 vwap=82.777152 vol_ok=False ready=True
16:15:39 backend.server.scalp_bot.coinbase_candle_feed     INFO | CoinbaseCandleFeed SOL_USD: CLOSED @ 83.460000 vol=921.0000 (n=90)
16:15:39 backend.server.scalp_bot.scalp_runtime     INFO | ScalpRuntime SOL_USD: candle close=83.460000 ema_f=83.232900 ema_s=83.187700 rsi=58.5 atr=0.200900 vwap=82.794952 vol_ok=True ready=True
16:15:39 backend.server.scalp_bot.coinbase_candle_feed     INFO | CoinbaseCandleFeed SOL_USD: CLOSED @ 83.540000 vol=793.0000 (n=91)
16:15:39 backend.server.scalp_bot.scalp_runtime     INFO | ScalpRuntime SOL_USD: candle close=83.540000 ema_f=83.301100 ema_s=83.219700 rsi=60.3 atr=0.196500 vwap=82.811108 vol_ok=True ready=True
16:15:39 backend.server.scalp_bot.coinbase_candle_feed     INFO | CoinbaseCandleFeed SOL_USD: CLOSED @ 83.840000 vol=3033.0000 (n=92)
16:15:39 backend.server.scalp_bot.scalp_runtime     INFO | ScalpRuntime SOL_USD: candle close=83.840000 ema_f=83.420900 ema_s=83.276100 rsi=66.1 atr=0.203900 vwap=82.884677 vol_ok=True ready=True
16:15:39 backend.server.scalp_bot.coinbase_candle_feed     INFO | CoinbaseCandleFeed SOL_USD: CLOSED @ 83.840000 vol=1413.0000 (n=93)
16:15:39 backend.server.scalp_bot.scalp_runtime     INFO | ScalpRuntime SOL_USD: candle close=83.840000 ema_f=83.514000 ema_s=83.327400 rsi=66.1 atr=0.206500 vwap=82.915825 vol_ok=True ready=True
16:15:39 backend.server.scalp_bot.coinbase_candle_feed     INFO | CoinbaseCandleFeed SOL_USD: CLOSED @ 83.750000 vol=1106.0000 (n=94)
16:15:39 backend.server.scalp_bot.scalp_runtime     INFO | ScalpRuntime SOL_USD: candle close=83.750000 ema_f=83.566400 ema_s=83.365800 rsi=62.9 atr=0.204600 vwap=82.938611 vol_ok=True ready=True
16:15:39 backend.server.scalp_bot.coinbase_candle_feed     INFO | CoinbaseCandleFeed SOL_USD: CLOSED @ 83.930000 vol=1542.0000 (n=95)
16:15:39 backend.server.scalp_bot.scalp_runtime     INFO | ScalpRuntime SOL_USD: candle close=83.930000 ema_f=83.647200 ema_s=83.417100 rsi=66.4 atr=0.208600 vwap=82.973853 vol_ok=True ready=True
16:15:39 backend.server.scalp_bot.coinbase_candle_feed     INFO | CoinbaseCandleFeed SOL_USD: CLOSED @ 84.220000 vol=1057.0000 (n=96)
16:15:39 backend.server.scalp_bot.scalp_runtime     INFO | ScalpRuntime SOL_USD: candle close=84.220000 ema_f=83.774500 ema_s=83.490100 rsi=71.2 atr=0.214400 vwap=83.001840 vol_ok=False ready=True
16:15:39 backend.server.scalp_bot.coinbase_candle_feed     INFO | CoinbaseCandleFeed SOL_USD: CLOSED @ 84.150000 vol=1790.0000 (n=97)
16:15:39 backend.server.scalp_bot.scalp_runtime     INFO | ScalpRuntime SOL_USD: candle close=84.150000 ema_f=83.857900 ema_s=83.550100 rsi=68.6 atr=0.214100 vwap=83.048494 vol_ok=True ready=True
16:15:39 backend.server.scalp_bot.coinbase_candle_feed     INFO | CoinbaseCandleFeed SOL_USD: CLOSED @ 84.050000 vol=1253.0000 (n=98)
16:15:39 backend.server.scalp_bot.scalp_runtime     INFO | ScalpRuntime SOL_USD: candle close=84.050000 ema_f=83.900600 ema_s=83.595500 rsi=65.1 atr=0.214500 vwap=83.077485 vol_ok=True ready=True
16:15:39 backend.server.scalp_bot.coinbase_candle_feed     INFO | CoinbaseCandleFeed SOL_USD: CLOSED @ 84.140000 vol=1366.0000 (n=99)
16:15:39 backend.server.scalp_bot.scalp_runtime     INFO | ScalpRuntime SOL_USD: candle close=84.140000 ema_f=83.953800 ema_s=83.645000 rsi=66.8 atr=0.210600 vwap=83.106692 vol_ok=True ready=True
16:15:39 backend.server.scalp_bot.coinbase_candle_feed     INFO | CoinbaseCandleFeed XRP_USD: CLOSED @ 1.336000 vol=604.0000 (n=1)
16:15:39 backend.server.scalp_bot.scalp_runtime     INFO | ScalpRuntime XRP_USD: candle close=1.336000 ema_f=0.000000 ema_s=0.000000 rsi=50.0 atr=0.000000 vwap=1.335633 vol_ok=False ready=False
16:15:39 backend.server.scalp_bot.coinbase_candle_feed     INFO | CoinbaseCandleFeed XRP_USD: CLOSED @ 1.337400 vol=400.0000 (n=2)
16:15:39 backend.server.scalp_bot.scalp_runtime     INFO | ScalpRuntime XRP_USD: candle close=1.337400 ema_f=0.000000 ema_s=0.000000 rsi=50.0 atr=0.000000 vwap=1.336271 vol_ok=False ready=False
16:15:39 backend.server.scalp_bot.scalp_runtime     INFO | ScalpRuntime XRP_USD: regime risk-on LIVE reasons=['live_volume_spike'] until_ts=1776111459
16:15:39 backend.server.scalp_bot.coinbase_candle_feed     INFO | CoinbaseCandleFeed XRP_USD: CLOSED @ 1.335700 vol=2311.0000 (n=3)
16:15:39 backend.server.scalp_bot.scalp_runtime     INFO | ScalpRuntime XRP_USD: candle close=1.335700 ema_f=0.000000 ema_s=0.000000 rsi=50.0 atr=0.000000 vwap=1.335594 vol_ok=True ready=False
16:15:39 backend.server.scalp_bot.coinbase_candle_feed     INFO | CoinbaseCandleFeed XRP_USD: CLOSED @ 1.335700 vol=692.0000 (n=4)
16:15:39 backend.server.scalp_bot.scalp_runtime     INFO | ScalpRuntime XRP_USD: candle close=1.335700 ema_f=0.000000 ema_s=0.000000 rsi=50.0 atr=0.000000 vwap=1.335463 vol_ok=False ready=False
16:15:39 backend.server.scalp_bot.coinbase_candle_feed     INFO | CoinbaseCandleFeed XRP_USD: CLOSED @ 1.334900 vol=385.0000 (n=5)
16:15:39 backend.server.scalp_bot.scalp_runtime     INFO | ScalpRuntime XRP_USD: candle close=1.334900 ema_f=0.000000 ema_s=0.000000 rsi=50.0 atr=0.000000 vwap=1.335440 vol_ok=False ready=False
16:15:39 backend.server.scalp_bot.coinbase_candle_feed     INFO | CoinbaseCandleFeed XRP_USD: CLOSED @ 1.333500 vol=43.0000 (n=6)
16:15:39 backend.server.scalp_bot.scalp_runtime     INFO | ScalpRuntime XRP_USD: candle close=1.333500 ema_f=0.000000 ema_s=0.000000 rsi=50.0 atr=0.000000 vwap=1.335420 vol_ok=False ready=False
16:15:39 backend.server.scalp_bot.coinbase_candle_feed     INFO | CoinbaseCandleFeed XRP_USD: CLOSED @ 1.330100 vol=122.0000 (n=7)
16:15:39 backend.server.scalp_bot.scalp_runtime     INFO | ScalpRuntime XRP_USD: candle close=1.330100 ema_f=0.000000 ema_s=0.000000 rsi=50.0 atr=0.000000 vwap=1.335273 vol_ok=False ready=False
16:15:39 backend.server.scalp_bot.coinbase_candle_feed     INFO | CoinbaseCandleFeed XRP_USD: CLOSED @ 1.329000 vol=176.0000 (n=8)
16:15:39 backend.server.scalp_bot.scalp_runtime     INFO | ScalpRuntime XRP_USD: candle close=1.329000 ema_f=1.334000 ema_s=0.000000 rsi=50.0 atr=0.000000 vwap=1.335046 vol_ok=False ready=False
16:15:39 backend.server.scalp_bot.coinbase_candle_feed     INFO | CoinbaseCandleFeed XRP_USD: CLOSED @ 1.328100 vol=511.0000 (n=9)
16:15:39 backend.server.scalp_bot.scalp_runtime     INFO | ScalpRuntime XRP_USD: candle close=1.328100 ema_f=1.332700 ema_s=0.000000 rsi=50.0 atr=0.000000 vwap=1.334392 vol_ok=False ready=False
16:15:39 backend.server.scalp_bot.coinbase_candle_feed     INFO | CoinbaseCandleFeed XRP_USD: CLOSED @ 1.328700 vol=370.0000 (n=10)
16:15:39 backend.server.scalp_bot.scalp_runtime     INFO | ScalpRuntime XRP_USD: candle close=1.328700 ema_f=1.331800 ema_s=0.000000 rsi=50.0 atr=0.000000 vwap=1.334008 vol_ok=False ready=False
16:15:39 backend.server.scalp_bot.coinbase_candle_feed     INFO | CoinbaseCandleFeed XRP_USD: CLOSED @ 1.326200 vol=125.0000 (n=11)
16:15:39 backend.server.scalp_bot.scalp_runtime     INFO | ScalpRuntime XRP_USD: candle close=1.326200 ema_f=1.330600 ema_s=0.000000 rsi=50.0 atr=0.000000 vwap=1.333847 vol_ok=False ready=False
16:15:39 backend.server.scalp_bot.coinbase_candle_feed     INFO | CoinbaseCandleFeed XRP_USD: CLOSED @ 1.328600 vol=1194.0000 (n=12)
16:15:39 backend.server.scalp_bot.scalp_runtime     INFO | ScalpRuntime XRP_USD: candle close=1.328600 ema_f=1.330200 ema_s=0.000000 rsi=50.0 atr=0.000000 vwap=1.332685 vol_ok=True ready=False
16:15:39 backend.server.scalp_bot.coinbase_candle_feed     INFO | CoinbaseCandleFeed XRP_USD: CLOSED @ 1.327100 vol=693.0000 (n=13)
16:15:39 backend.server.scalp_bot.scalp_runtime     INFO | ScalpRuntime XRP_USD: candle close=1.327100 ema_f=1.329500 ema_s=0.000000 rsi=50.0 atr=0.000000 vwap=1.332220 vol_ok=False ready=False
16:15:39 backend.server.scalp_bot.coinbase_candle_feed     INFO | CoinbaseCandleFeed XRP_USD: CLOSED @ 1.327300 vol=376.0000 (n=14)
16:15:39 backend.server.scalp_bot.scalp_runtime     INFO | ScalpRuntime XRP_USD: candle close=1.327300 ema_f=1.329000 ema_s=0.000000 rsi=50.0 atr=0.000000 vwap=1.332012 vol_ok=False ready=False
16:15:39 backend.server.scalp_bot.coinbase_candle_feed     INFO | CoinbaseCandleFeed XRP_USD: CLOSED @ 1.326100 vol=673.0000 (n=15)
16:15:39 backend.server.scalp_bot.scalp_runtime     INFO | ScalpRuntime XRP_USD: candle close=1.326100 ema_f=1.328400 ema_s=0.000000 rsi=24.1 atr=0.002400 vwap=1.331582 vol_ok=False ready=False
16:15:39 backend.server.scalp_bot.coinbase_candle_feed     INFO | CoinbaseCandleFeed XRP_USD: CLOSED @ 1.326900 vol=265.0000 (n=16)
16:15:39 backend.server.scalp_bot.scalp_runtime     INFO | ScalpRuntime XRP_USD: candle close=1.326900 ema_f=1.328100 ema_s=0.000000 rsi=27.4 atr=0.002400 vwap=1.331448 vol_ok=False ready=False
16:15:39 backend.server.scalp_bot.coinbase_candle_feed     INFO | CoinbaseCandleFeed XRP_USD: CLOSED @ 1.325600 vol=732.0000 (n=17)
16:15:39 backend.server.scalp_bot.scalp_runtime     INFO | ScalpRuntime XRP_USD: candle close=1.325600 ema_f=1.327500 ema_s=0.000000 rsi=25.4 atr=0.002400 vwap=1.330968 vol_ok=False ready=False
16:15:39 backend.server.scalp_bot.coinbase_candle_feed     INFO | CoinbaseCandleFeed XRP_USD: CLOSED @ 1.326500 vol=119.0000 (n=18)
16:15:39 backend.server.scalp_bot.scalp_runtime     INFO | ScalpRuntime XRP_USD: candle close=1.326500 ema_f=1.327300 ema_s=0.000000 rsi=29.1 atr=0.002300 vwap=1.330911 vol_ok=False ready=False
16:15:39 backend.server.scalp_bot.coinbase_candle_feed     INFO | CoinbaseCandleFeed XRP_USD: CLOSED @ 1.331500 vol=1393.0000 (n=19)
16:15:39 backend.server.scalp_bot.scalp_runtime     INFO | ScalpRuntime XRP_USD: candle close=1.331500 ema_f=1.328200 ema_s=0.000000 rsi=45.4 atr=0.002500 vwap=1.330789 vol_ok=True ready=False
16:15:39 backend.server.scalp_bot.coinbase_candle_feed     INFO | CoinbaseCandleFeed XRP_USD: CLOSED @ 1.328400 vol=92.0000 (n=20)
16:15:39 backend.server.scalp_bot.scalp_runtime     INFO | ScalpRuntime XRP_USD: candle close=1.328400 ema_f=1.328200 ema_s=0.000000 rsi=39.4 atr=0.002500 vwap=1.330775 vol_ok=False ready=False
16:15:39 backend.server.scalp_bot.coinbase_candle_feed     INFO | CoinbaseCandleFeed XRP_USD: CLOSED @ 1.328200 vol=896.0000 (n=21)
16:15:39 backend.server.scalp_bot.scalp_runtime     INFO | ScalpRuntime XRP_USD: candle close=1.328200 ema_f=1.328200 ema_s=1.330100 rsi=39.0 atr=0.002400 vwap=1.330608 vol_ok=True ready=False
16:15:39 backend.server.scalp_bot.coinbase_candle_feed     INFO | CoinbaseCandleFeed XRP_USD: CLOSED @ 1.326800 vol=92.0000 (n=22)
16:15:39 backend.server.scalp_bot.scalp_runtime     INFO | ScalpRuntime XRP_USD: candle close=1.326800 ema_f=1.327900 ema_s=1.329800 rsi=36.5 atr=0.002400 vwap=1.330584 vol_ok=False ready=False
16:15:39 backend.server.scalp_bot.coinbase_candle_feed     INFO | CoinbaseCandleFeed XRP_USD: CLOSED @ 1.327900 vol=188.0000 (n=23)
16:15:39 backend.server.scalp_bot.scalp_runtime     INFO | ScalpRuntime XRP_USD: candle close=1.327900 ema_f=1.327900 ema_s=1.329600 rsi=39.8 atr=0.002400 vwap=1.330542 vol_ok=False ready=False
16:15:39 backend.server.scalp_bot.coinbase_candle_feed     INFO | CoinbaseCandleFeed XRP_USD: CLOSED @ 1.328900 vol=144.0000 (n=24)
16:15:39 backend.server.scalp_bot.scalp_runtime     INFO | ScalpRuntime XRP_USD: candle close=1.328900 ema_f=1.328100 ema_s=1.329500 rsi=42.7 atr=0.002300 vwap=1.330522 vol_ok=False ready=False
16:15:39 backend.server.scalp_bot.coinbase_candle_feed     INFO | CoinbaseCandleFeed XRP_USD: CLOSED @ 1.327700 vol=28.0000 (n=25)
16:15:39 backend.server.scalp_bot.scalp_runtime     INFO | ScalpRuntime XRP_USD: candle close=1.327700 ema_f=1.328000 ema_s=1.329300 rsi=40.2 atr=0.002200 vwap=1.330516 vol_ok=False ready=False
16:15:39 backend.server.scalp_bot.coinbase_candle_feed     INFO | CoinbaseCandleFeed XRP_USD: CLOSED @ 1.327100 vol=25.0000 (n=26)
16:15:39 backend.server.scalp_bot.scalp_runtime     INFO | ScalpRuntime XRP_USD: candle close=1.327100 ema_f=1.327800 ema_s=1.329100 rsi=39.0 atr=0.002100 vwap=1.330509 vol_ok=False ready=False
16:15:39 backend.server.scalp_bot.coinbase_candle_feed     INFO | CoinbaseCandleFeed XRP_USD: CLOSED @ 1.325900 vol=195.0000 (n=27)
16:15:39 backend.server.scalp_bot.scalp_runtime     INFO | ScalpRuntime XRP_USD: candle close=1.325900 ema_f=1.327400 ema_s=1.328800 rsi=36.5 atr=0.002000 vwap=1.330442 vol_ok=False ready=False
16:15:39 backend.server.scalp_bot.coinbase_candle_feed     INFO | CoinbaseCandleFeed XRP_USD: CLOSED @ 1.325400 vol=25.0000 (n=28)
16:15:39 backend.server.scalp_bot.scalp_runtime     INFO | ScalpRuntime XRP_USD: candle close=1.325400 ema_f=1.327000 ema_s=1.328500 rsi=35.6 atr=0.001900 vwap=1.330433 vol_ok=False ready=False
16:15:39 backend.server.scalp_bot.coinbase_candle_feed     INFO | CoinbaseCandleFeed XRP_USD: CLOSED @ 1.325200 vol=48.0000 (n=29)
16:15:39 backend.server.scalp_bot.scalp_runtime     INFO | ScalpRuntime XRP_USD: candle close=1.325200 ema_f=1.326600 ema_s=1.328200 rsi=35.1 atr=0.001900 vwap=1.330415 vol_ok=False ready=False
16:15:39 backend.server.scalp_bot.coinbase_candle_feed     INFO | CoinbaseCandleFeed XRP_USD: CLOSED @ 1.326200 vol=146.0000 (n=30)
16:15:39 backend.server.scalp_bot.scalp_runtime     INFO | ScalpRuntime XRP_USD: candle close=1.326200 ema_f=1.326500 ema_s=1.328000 rsi=38.9 atr=0.001900 vwap=1.330364 vol_ok=False ready=True
16:15:39 backend.server.scalp_bot.coinbase_candle_feed     INFO | CoinbaseCandleFeed XRP_USD: CLOSED @ 1.326900 vol=40.0000 (n=31)
16:15:39 backend.server.scalp_bot.scalp_runtime     INFO | ScalpRuntime XRP_USD: candle close=1.326900 ema_f=1.326600 ema_s=1.327900 rsi=41.5 atr=0.001800 vwap=1.330353 vol_ok=False ready=True
16:15:39 backend.server.scalp_bot.coinbase_candle_feed     INFO | CoinbaseCandleFeed XRP_USD: CLOSED @ 1.326100 vol=48.0000 (n=32)
16:15:39 backend.server.scalp_bot.scalp_runtime     INFO | ScalpRuntime XRP_USD: candle close=1.326100 ema_f=1.326500 ema_s=1.327700 rsi=39.5 atr=0.001800 vwap=1.330336 vol_ok=False ready=True
16:15:39 backend.server.scalp_bot.coinbase_candle_feed     INFO | CoinbaseCandleFeed XRP_USD: CLOSED @ 1.327100 vol=407.0000 (n=33)
16:15:39 backend.server.scalp_bot.scalp_runtime     INFO | ScalpRuntime XRP_USD: candle close=1.327100 ema_f=1.326600 ema_s=1.327600 rsi=43.2 atr=0.001800 vwap=1.330235 vol_ok=False ready=True
16:15:39 backend.server.scalp_bot.coinbase_candle_feed     INFO | CoinbaseCandleFeed XRP_USD: CLOSED @ 1.327400 vol=82.0000 (n=34)
16:15:39 backend.server.scalp_bot.scalp_runtime     INFO | ScalpRuntime XRP_USD: candle close=1.327400 ema_f=1.326800 ema_s=1.327600 rsi=44.3 atr=0.001700 vwap=1.330218 vol_ok=False ready=True
16:15:39 backend.server.scalp_bot.coinbase_candle_feed     INFO | CoinbaseCandleFeed XRP_USD: CLOSED @ 1.326700 vol=9.0000 (n=35)
16:15:39 backend.server.scalp_bot.scalp_runtime     INFO | ScalpRuntime XRP_USD: candle close=1.326700 ema_f=1.326800 ema_s=1.327500 rsi=42.2 atr=0.001600 vwap=1.330215 vol_ok=False ready=True
16:15:39 backend.server.scalp_bot.coinbase_candle_feed     INFO | CoinbaseCandleFeed XRP_USD: CLOSED @ 1.327600 vol=26.0000 (n=36)
16:15:39 backend.server.scalp_bot.scalp_runtime     INFO | ScalpRuntime XRP_USD: candle close=1.327600 ema_f=1.327000 ema_s=1.327500 rsi=45.8 atr=0.001500 vwap=1.330210 vol_ok=False ready=True
16:15:39 backend.server.scalp_bot.coinbase_candle_feed     INFO | CoinbaseCandleFeed XRP_USD: CLOSED @ 1.326900 vol=33.0000 (n=37)
16:15:39 backend.server.scalp_bot.scalp_runtime     INFO | ScalpRuntime XRP_USD: candle close=1.326900 ema_f=1.327000 ema_s=1.327400 rsi=43.6 atr=0.001500 vwap=1.330202 vol_ok=False ready=True
16:15:39 backend.server.scalp_bot.coinbase_candle_feed     INFO | CoinbaseCandleFeed XRP_USD: CLOSED @ 1.328300 vol=280.0000 (n=38)
16:15:39 backend.server.scalp_bot.scalp_runtime     INFO | ScalpRuntime XRP_USD: candle close=1.328300 ema_f=1.327300 ema_s=1.327500 rsi=48.9 atr=0.001500 vwap=1.330165 vol_ok=False ready=True
16:15:39 backend.server.scalp_bot.coinbase_candle_feed     INFO | CoinbaseCandleFeed XRP_USD: CLOSED @ 1.328200 vol=210.0000 (n=39)
16:15:39 backend.server.scalp_bot.scalp_runtime     INFO | ScalpRuntime XRP_USD: candle close=1.328200 ema_f=1.327500 ema_s=1.327600 rsi=48.6 atr=0.001500 vwap=1.330132 vol_ok=False ready=True
16:15:39 backend.server.scalp_bot.coinbase_candle_feed     INFO | CoinbaseCandleFeed XRP_USD: CLOSED @ 1.326500 vol=50.0000 (n=40)
16:15:39 backend.server.scalp_bot.scalp_runtime     INFO | ScalpRuntime XRP_USD: candle close=1.326500 ema_f=1.327300 ema_s=1.327500 rsi=42.9 atr=0.001500 vwap=1.330119 vol_ok=False ready=True
16:15:39 backend.server.scalp_bot.coinbase_candle_feed     INFO | CoinbaseCandleFeed XRP_USD: CLOSED @ 1.324800 vol=422.0000 (n=41)
16:15:39 backend.server.scalp_bot.scalp_runtime     INFO | ScalpRuntime XRP_USD: candle close=1.324800 ema_f=1.326700 ema_s=1.327300 rsi=38.1 atr=0.001500 vwap=1.329971 vol_ok=True ready=True
16:15:39 backend.server.scalp_bot.coinbase_candle_feed     INFO | CoinbaseCandleFeed XRP_USD: CLOSED @ 1.326900 vol=198.0000 (n=42)
16:15:39 backend.server.scalp_bot.scalp_runtime     INFO | ScalpRuntime XRP_USD: candle close=1.326900 ema_f=1.326700 ema_s=1.327300 rsi=46.1 atr=0.001600 vwap=1.329920 vol_ok=True ready=True
16:15:39 backend.server.scalp_bot.coinbase_candle_feed     INFO | CoinbaseCandleFeed XRP_USD: CLOSED @ 1.326200 vol=249.0000 (n=43)
16:15:39 backend.server.scalp_bot.scalp_runtime     INFO | ScalpRuntime XRP_USD: candle close=1.326200 ema_f=1.326600 ema_s=1.327200 rsi=44.0 atr=0.001600 vwap=1.329859 vol_ok=True ready=True
16:15:39 backend.server.scalp_bot.coinbase_candle_feed     INFO | CoinbaseCandleFeed XRP_USD: CLOSED @ 1.334400 vol=397.0000 (n=44)
16:15:39 backend.server.scalp_bot.scalp_runtime     INFO | ScalpRuntime XRP_USD: candle close=1.334400 ema_f=1.328300 ema_s=1.327900 rsi=64.2 atr=0.002100 vwap=1.329939 vol_ok=True ready=True
16:15:39 backend.server.scalp_bot.coinbase_candle_feed     INFO | CoinbaseCandleFeed XRP_USD: CLOSED @ 1.333500 vol=742.0000 (n=45)
16:15:39 backend.server.scalp_bot.scalp_runtime     INFO | ScalpRuntime XRP_USD: candle close=1.333500 ema_f=1.329500 ema_s=1.328400 rsi=61.6 atr=0.002100 vwap=1.330089 vol_ok=True ready=True
16:15:39 backend.server.scalp_bot.coinbase_candle_feed     INFO | CoinbaseCandleFeed XRP_USD: CLOSED @ 1.332000 vol=50.0000 (n=46)
16:15:39 backend.server.scalp_bot.scalp_runtime     INFO | ScalpRuntime XRP_USD: candle close=1.332000 ema_f=1.330100 ema_s=1.328700 rsi=57.4 atr=0.002100 vwap=1.330096 vol_ok=False ready=True
16:15:39 backend.server.scalp_bot.coinbase_candle_feed     INFO | CoinbaseCandleFeed XRP_USD: CLOSED @ 1.334100 vol=136.0000 (n=47)
16:15:39 backend.server.scalp_bot.scalp_runtime     INFO | ScalpRuntime XRP_USD: candle close=1.334100 ema_f=1.331000 ema_s=1.329200 rsi=61.3 atr=0.002100 vwap=1.330129 vol_ok=False ready=True
16:15:39 backend.server.scalp_bot.coinbase_candle_feed     INFO | CoinbaseCandleFeed XRP_USD: CLOSED @ 1.333700 vol=920.0000 (n=48)
16:15:39 backend.server.scalp_bot.scalp_runtime     INFO | ScalpRuntime XRP_USD: candle close=1.333700 ema_f=1.331600 ema_s=1.329600 rsi=60.2 atr=0.002200 vwap=1.330309 vol_ok=True ready=True
16:15:39 backend.server.scalp_bot.coinbase_candle_feed     INFO | CoinbaseCandleFeed XRP_USD: CLOSED @ 1.340800 vol=1551.0000 (n=49)
16:15:39 backend.server.scalp_bot.scalp_runtime     INFO | ScalpRuntime XRP_USD: candle close=1.340800 ema_f=1.333600 ema_s=1.330600 rsi=70.7 atr=0.002900 vwap=1.330836 vol_ok=True ready=True
16:15:39 backend.server.scalp_bot.coinbase_candle_feed     INFO | CoinbaseCandleFeed XRP_USD: CLOSED @ 1.340900 vol=468.0000 (n=50)
16:15:39 backend.server.scalp_bot.scalp_runtime     INFO | ScalpRuntime XRP_USD: candle close=1.340900 ema_f=1.335200 ema_s=1.331500 rsi=70.8 atr=0.002900 vwap=1.331058 vol_ok=False ready=True
16:15:39 backend.server.scalp_bot.coinbase_candle_feed     INFO | CoinbaseCandleFeed XRP_USD: CLOSED @ 1.336900 vol=228.0000 (n=51)
16:15:39 backend.server.scalp_bot.scalp_runtime     INFO | ScalpRuntime XRP_USD: candle close=1.336900 ema_f=1.335600 ema_s=1.332000 rsi=60.4 atr=0.003000 vwap=1.331131 vol_ok=False ready=True
16:15:39 backend.server.scalp_bot.coinbase_candle_feed     INFO | CoinbaseCandleFeed XRP_USD: CLOSED @ 1.338600 vol=439.0000 (n=52)
16:15:39 backend.server.scalp_bot.scalp_runtime     INFO | ScalpRuntime XRP_USD: candle close=1.338600 ema_f=1.336300 ema_s=1.332600 rsi=62.9 atr=0.003000 vwap=1.331285 vol_ok=False ready=True
16:15:39 backend.server.scalp_bot.coinbase_candle_feed     INFO | CoinbaseCandleFeed XRP_USD: CLOSED @ 1.337000 vol=140.0000 (n=53)
16:15:39 backend.server.scalp_bot.scalp_runtime     INFO | ScalpRuntime XRP_USD: candle close=1.337000 ema_f=1.336500 ema_s=1.333000 rsi=59.2 atr=0.003000 vwap=1.331329 vol_ok=False ready=True
16:15:39 backend.server.scalp_bot.coinbase_candle_feed     INFO | CoinbaseCandleFeed XRP_USD: CLOSED @ 1.336700 vol=111.0000 (n=54)
16:15:39 backend.server.scalp_bot.scalp_runtime     INFO | ScalpRuntime XRP_USD: candle close=1.336700 ema_f=1.336500 ema_s=1.333300 rsi=58.4 atr=0.002900 vwap=1.331358 vol_ok=False ready=True
16:15:39 backend.server.scalp_bot.coinbase_candle_feed     INFO | CoinbaseCandleFeed XRP_USD: CLOSED @ 1.342000 vol=470.0000 (n=55)
16:15:39 backend.server.scalp_bot.scalp_runtime     INFO | ScalpRuntime XRP_USD: candle close=1.342000 ema_f=1.337700 ema_s=1.334100 rsi=66.1 atr=0.003100 vwap=1.331559 vol_ok=False ready=True
16:15:39 backend.server.scalp_bot.coinbase_candle_feed     INFO | CoinbaseCandleFeed XRP_USD: CLOSED @ 1.343700 vol=791.0000 (n=56)
16:15:40 backend.server.scalp_bot.scalp_runtime     INFO | ScalpRuntime XRP_USD: candle close=1.343700 ema_f=1.339000 ema_s=1.335000 rsi=68.2 atr=0.003200 vwap=1.331950 vol_ok=True ready=True
16:15:40 backend.server.scalp_bot.coinbase_candle_feed     INFO | CoinbaseCandleFeed XRP_USD: CLOSED @ 1.342700 vol=1003.0000 (n=57)
16:15:40 backend.server.scalp_bot.scalp_runtime     INFO | ScalpRuntime XRP_USD: candle close=1.342700 ema_f=1.339800 ema_s=1.335700 rsi=65.7 atr=0.003200 vwap=1.332402 vol_ok=True ready=True
16:15:40 backend.server.scalp_bot.coinbase_candle_feed     INFO | CoinbaseCandleFeed XRP_USD: CLOSED @ 1.347000 vol=1040.0000 (n=58)
16:15:40 backend.server.scalp_bot.scalp_runtime     INFO | ScalpRuntime XRP_USD: candle close=1.347000 ema_f=1.341400 ema_s=1.336700 rsi=70.7 atr=0.003400 vwap=1.332976 vol_ok=True ready=True
16:15:40 backend.server.scalp_bot.coinbase_candle_feed     INFO | CoinbaseCandleFeed XRP_USD: CLOSED @ 1.339900 vol=243.0000 (n=59)
16:15:40 backend.server.scalp_bot.scalp_runtime     INFO | ScalpRuntime XRP_USD: candle close=1.339900 ema_f=1.341100 ema_s=1.337000 rsi=56.2 atr=0.003700 vwap=1.333053 vol_ok=False ready=True
16:15:40 backend.server.scalp_bot.coinbase_candle_feed     INFO | CoinbaseCandleFeed XRP_USD: CLOSED @ 1.340100 vol=136.0000 (n=60)
16:15:40 backend.server.scalp_bot.scalp_runtime     INFO | ScalpRuntime XRP_USD: candle close=1.340100 ema_f=1.340900 ema_s=1.337300 rsi=56.4 atr=0.003600 vwap=1.333095 vol_ok=False ready=True
16:15:40 backend.server.scalp_bot.coinbase_candle_feed     INFO | CoinbaseCandleFeed XRP_USD: CLOSED @ 1.337900 vol=490.0000 (n=61)
16:15:40 backend.server.scalp_bot.scalp_runtime     INFO | ScalpRuntime XRP_USD: candle close=1.337900 ema_f=1.340200 ema_s=1.337400 rsi=52.6 atr=0.003600 vwap=1.333192 vol_ok=False ready=True
16:15:40 backend.server.scalp_bot.coinbase_candle_feed     INFO | CoinbaseCandleFeed XRP_USD: CLOSED @ 1.333600 vol=223.0000 (n=62)
16:15:40 backend.server.scalp_bot.scalp_runtime     INFO | ScalpRuntime XRP_USD: candle close=1.333600 ema_f=1.338700 ema_s=1.337100 rsi=46.0 atr=0.003700 vwap=1.333196 vol_ok=False ready=True
16:15:40 backend.server.scalp_bot.coinbase_candle_feed     INFO | CoinbaseCandleFeed XRP_USD: CLOSED @ 1.333700 vol=187.0000 (n=63)
16:15:40 backend.server.scalp_bot.scalp_runtime     INFO | ScalpRuntime XRP_USD: candle close=1.333700 ema_f=1.337600 ema_s=1.336800 rsi=46.1 atr=0.003500 vwap=1.333199 vol_ok=False ready=True
16:15:40 backend.server.scalp_bot.coinbase_candle_feed     INFO | CoinbaseCandleFeed XRP_USD: CLOSED @ 1.335300 vol=1005.0000 (n=64)
16:15:40 backend.server.scalp_bot.scalp_runtime     INFO | ScalpRuntime XRP_USD: candle close=1.335300 ema_f=1.337100 ema_s=1.336700 rsi=48.9 atr=0.003600 vwap=1.333221 vol_ok=True ready=True
16:15:40 backend.server.scalp_bot.coinbase_candle_feed     INFO | CoinbaseCandleFeed XRP_USD: CLOSED @ 1.336600 vol=93.0000 (n=65)
16:15:40 backend.server.scalp_bot.scalp_runtime     INFO | ScalpRuntime XRP_USD: candle close=1.336600 ema_f=1.337000 ema_s=1.336700 rsi=51.1 atr=0.003400 vwap=1.333232 vol_ok=False ready=True
16:15:40 backend.server.scalp_bot.coinbase_candle_feed     INFO | CoinbaseCandleFeed XRP_USD: CLOSED @ 1.338600 vol=741.0000 (n=66)
16:15:40 backend.server.scalp_bot.scalp_runtime     INFO | ScalpRuntime XRP_USD: candle close=1.338600 ema_f=1.337400 ema_s=1.336900 rsi=54.3 atr=0.003400 vwap=1.333379 vol_ok=False ready=True
16:15:40 backend.server.scalp_bot.coinbase_candle_feed     INFO | CoinbaseCandleFeed XRP_USD: CLOSED @ 1.341200 vol=204.0000 (n=67)
16:15:40 backend.server.scalp_bot.scalp_runtime     INFO | ScalpRuntime XRP_USD: candle close=1.341200 ema_f=1.338200 ema_s=1.337300 rsi=58.2 atr=0.003400 vwap=1.333431 vol_ok=False ready=True
16:15:40 backend.server.scalp_bot.coinbase_candle_feed     INFO | CoinbaseCandleFeed XRP_USD: CLOSED @ 1.342100 vol=855.0000 (n=68)
16:15:40 backend.server.scalp_bot.scalp_runtime     INFO | ScalpRuntime XRP_USD: candle close=1.342100 ema_f=1.339100 ema_s=1.337700 rsi=59.5 atr=0.003400 vwap=1.333687 vol_ok=True ready=True
16:15:40 backend.server.scalp_bot.coinbase_candle_feed     INFO | CoinbaseCandleFeed XRP_USD: CLOSED @ 1.340900 vol=21.0000 (n=69)
16:15:40 backend.server.scalp_bot.scalp_runtime     INFO | ScalpRuntime XRP_USD: candle close=1.340900 ema_f=1.339500 ema_s=1.338000 rsi=57.0 atr=0.003400 vwap=1.333692 vol_ok=False ready=True
16:15:40 backend.server.scalp_bot.coinbase_candle_feed     INFO | CoinbaseCandleFeed XRP_USD: CLOSED @ 1.340600 vol=97.0000 (n=70)
16:15:40 backend.server.scalp_bot.scalp_runtime     INFO | ScalpRuntime XRP_USD: candle close=1.340600 ema_f=1.339700 ema_s=1.338200 rsi=56.4 atr=0.003300 vwap=1.333715 vol_ok=False ready=True
16:15:40 backend.server.scalp_bot.coinbase_candle_feed     INFO | CoinbaseCandleFeed XRP_USD: CLOSED @ 1.339900 vol=139.0000 (n=71)
16:15:40 backend.server.scalp_bot.scalp_runtime     INFO | ScalpRuntime XRP_USD: candle close=1.339900 ema_f=1.339700 ema_s=1.338400 rsi=54.8 atr=0.003200 vwap=1.333743 vol_ok=False ready=True
16:15:40 backend.server.scalp_bot.coinbase_candle_feed     INFO | CoinbaseCandleFeed XRP_USD: CLOSED @ 1.339800 vol=756.0000 (n=72)
16:15:40 backend.server.scalp_bot.scalp_runtime     INFO | ScalpRuntime XRP_USD: candle close=1.339800 ema_f=1.339700 ema_s=1.338500 rsi=54.6 atr=0.003200 vwap=1.333927 vol_ok=True ready=True
16:15:40 backend.server.scalp_bot.coinbase_candle_feed     INFO | CoinbaseCandleFeed XRP_USD: CLOSED @ 1.341700 vol=199.0000 (n=73)
16:15:40 backend.server.scalp_bot.scalp_runtime     INFO | ScalpRuntime XRP_USD: candle close=1.341700 ema_f=1.340100 ema_s=1.338800 rsi=58.2 atr=0.003100 vwap=1.333978 vol_ok=False ready=True
16:15:40 backend.server.scalp_bot.coinbase_candle_feed     INFO | CoinbaseCandleFeed XRP_USD: CLOSED @ 1.344000 vol=709.0000 (n=74)
16:15:40 backend.server.scalp_bot.scalp_runtime     INFO | ScalpRuntime XRP_USD: candle close=1.344000 ema_f=1.341000 ema_s=1.339300 rsi=62.1 atr=0.003200 vwap=1.334229 vol_ok=True ready=True
16:15:40 backend.server.scalp_bot.coinbase_candle_feed     INFO | CoinbaseCandleFeed XRP_USD: CLOSED @ 1.343500 vol=58.0000 (n=75)
16:15:40 backend.server.scalp_bot.scalp_runtime     INFO | ScalpRuntime XRP_USD: candle close=1.343500 ema_f=1.341600 ema_s=1.339700 rsi=60.8 atr=0.003000 vwap=1.334248 vol_ok=False ready=True
16:15:40 backend.server.scalp_bot.coinbase_candle_feed     INFO | CoinbaseCandleFeed XRP_USD: CLOSED @ 1.342300 vol=284.0000 (n=76)
16:15:40 backend.server.scalp_bot.scalp_runtime     INFO | ScalpRuntime XRP_USD: candle close=1.342300 ema_f=1.341800 ema_s=1.339900 rsi=57.6 atr=0.003000 vwap=1.334333 vol_ok=False ready=True
16:15:40 backend.server.scalp_bot.coinbase_candle_feed     INFO | CoinbaseCandleFeed XRP_USD: CLOSED @ 1.340400 vol=979.0000 (n=77)
16:15:40 backend.server.scalp_bot.scalp_runtime     INFO | ScalpRuntime XRP_USD: candle close=1.340400 ema_f=1.341500 ema_s=1.339900 rsi=52.8 atr=0.003000 vwap=1.334535 vol_ok=True ready=True
16:15:40 backend.server.scalp_bot.coinbase_candle_feed     INFO | CoinbaseCandleFeed XRP_USD: CLOSED @ 1.339000 vol=142.0000 (n=78)
16:15:40 backend.server.scalp_bot.scalp_runtime     INFO | ScalpRuntime XRP_USD: candle close=1.339000 ema_f=1.340900 ema_s=1.339800 rsi=49.6 atr=0.002900 vwap=1.334555 vol_ok=False ready=True
16:15:40 backend.server.scalp_bot.coinbase_candle_feed     INFO | CoinbaseCandleFeed XRP_USD: CLOSED @ 1.338900 vol=219.0000 (n=79)
16:15:40 backend.server.scalp_bot.scalp_runtime     INFO | ScalpRuntime XRP_USD: candle close=1.338900 ema_f=1.340500 ema_s=1.339700 rsi=49.4 atr=0.002800 vwap=1.334583 vol_ok=False ready=True
16:15:40 backend.server.scalp_bot.coinbase_candle_feed     INFO | CoinbaseCandleFeed XRP_USD: CLOSED @ 1.338600 vol=89.0000 (n=80)
16:15:40 backend.server.scalp_bot.scalp_runtime     INFO | ScalpRuntime XRP_USD: candle close=1.338600 ema_f=1.340100 ema_s=1.339600 rsi=48.6 atr=0.002700 vwap=1.334593 vol_ok=False ready=True
16:15:40 backend.server.scalp_bot.coinbase_candle_feed     INFO | CoinbaseCandleFeed XRP_USD: CLOSED @ 1.338500 vol=79.0000 (n=81)
16:15:40 backend.server.scalp_bot.scalp_runtime     INFO | ScalpRuntime XRP_USD: candle close=1.338500 ema_f=1.339700 ema_s=1.339500 rsi=48.4 atr=0.002600 vwap=1.334602 vol_ok=False ready=True
16:15:40 backend.server.scalp_bot.coinbase_candle_feed     INFO | CoinbaseCandleFeed XRP_USD: CLOSED @ 1.336300 vol=432.0000 (n=82)
16:15:40 backend.server.scalp_bot.scalp_runtime     INFO | ScalpRuntime XRP_USD: candle close=1.336300 ema_f=1.338900 ema_s=1.339200 rsi=42.9 atr=0.002700 vwap=1.334640 vol_ok=False ready=True
16:15:40 backend.server.scalp_bot.coinbase_candle_feed     INFO | CoinbaseCandleFeed XRP_USD: CLOSED @ 1.341000 vol=496.0000 (n=83)
16:15:40 backend.server.scalp_bot.scalp_runtime     INFO | ScalpRuntime XRP_USD: candle close=1.341000 ema_f=1.339400 ema_s=1.339400 rsi=54.6 atr=0.002900 vwap=1.334737 vol_ok=False ready=True
16:15:40 backend.server.scalp_bot.coinbase_candle_feed     INFO | CoinbaseCandleFeed XRP_USD: CLOSED @ 1.340200 vol=169.0000 (n=84)
16:15:40 backend.server.scalp_bot.scalp_runtime     INFO | ScalpRuntime XRP_USD: candle close=1.340200 ema_f=1.339600 ema_s=1.339500 rsi=52.7 atr=0.002800 vwap=1.334766 vol_ok=False ready=True
16:15:40 backend.server.scalp_bot.coinbase_candle_feed     INFO | CoinbaseCandleFeed XRP_USD: CLOSED @ 1.340200 vol=149.0000 (n=85)
16:15:40 backend.server.scalp_bot.scalp_runtime     INFO | ScalpRuntime XRP_USD: candle close=1.340200 ema_f=1.339700 ema_s=1.339600 rsi=52.7 atr=0.002700 vwap=1.334789 vol_ok=False ready=True
16:15:40 backend.server.scalp_bot.coinbase_candle_feed     INFO | CoinbaseCandleFeed XRP_USD: CLOSED @ 1.340800 vol=638.0000 (n=86)
16:15:40 backend.server.scalp_bot.scalp_runtime     INFO | ScalpRuntime XRP_USD: candle close=1.340800 ema_f=1.339900 ema_s=1.339700 rsi=54.1 atr=0.002600 vwap=1.334909 vol_ok=True ready=True
16:15:40 backend.server.scalp_bot.coinbase_candle_feed     INFO | CoinbaseCandleFeed XRP_USD: CLOSED @ 1.340700 vol=81.0000 (n=87)
16:15:40 backend.server.scalp_bot.scalp_runtime     INFO | ScalpRuntime XRP_USD: candle close=1.340700 ema_f=1.340100 ema_s=1.339800 rsi=53.8 atr=0.002400 vwap=1.334923 vol_ok=False ready=True
16:15:40 backend.server.scalp_bot.coinbase_candle_feed     INFO | CoinbaseCandleFeed XRP_USD: CLOSED @ 1.340100 vol=242.0000 (n=88)
16:15:40 backend.server.scalp_bot.scalp_runtime     INFO | ScalpRuntime XRP_USD: candle close=1.340100 ema_f=1.340100 ema_s=1.339800 rsi=52.0 atr=0.002300 vwap=1.334962 vol_ok=False ready=True
16:15:40 backend.server.scalp_bot.coinbase_candle_feed     INFO | CoinbaseCandleFeed XRP_USD: CLOSED @ 1.343300 vol=683.0000 (n=89)
16:15:40 backend.server.scalp_bot.scalp_runtime     INFO | ScalpRuntime XRP_USD: candle close=1.343300 ema_f=1.340800 ema_s=1.340100 rsi=59.8 atr=0.002500 vwap=1.335120 vol_ok=True ready=True
16:15:40 backend.server.scalp_bot.coinbase_candle_feed     INFO | CoinbaseCandleFeed XRP_USD: CLOSED @ 1.345700 vol=746.0000 (n=90)
16:15:40 backend.server.scalp_bot.scalp_runtime     INFO | ScalpRuntime XRP_USD: candle close=1.345700 ema_f=1.341900 ema_s=1.340600 rsi=64.5 atr=0.002600 vwap=1.335336 vol_ok=True ready=True
16:15:40 backend.server.scalp_bot.coinbase_candle_feed     INFO | CoinbaseCandleFeed XRP_USD: CLOSED @ 1.345700 vol=624.0000 (n=91)
16:15:40 backend.server.scalp_bot.scalp_runtime     INFO | ScalpRuntime XRP_USD: candle close=1.345700 ema_f=1.342700 ema_s=1.341100 rsi=64.5 atr=0.002600 vwap=1.335531 vol_ok=True ready=True
16:15:40 backend.server.scalp_bot.coinbase_candle_feed     INFO | CoinbaseCandleFeed XRP_USD: CLOSED @ 1.349600 vol=801.0000 (n=92)
16:15:40 backend.server.scalp_bot.scalp_runtime     INFO | ScalpRuntime XRP_USD: candle close=1.349600 ema_f=1.344200 ema_s=1.341900 rsi=70.9 atr=0.002700 vwap=1.335822 vol_ok=True ready=True
16:15:40 backend.server.scalp_bot.coinbase_candle_feed     INFO | CoinbaseCandleFeed XRP_USD: CLOSED @ 1.349900 vol=908.0000 (n=93)
16:15:40 backend.server.scalp_bot.scalp_runtime     INFO | ScalpRuntime XRP_USD: candle close=1.349900 ema_f=1.345500 ema_s=1.342600 rsi=71.4 atr=0.002700 vwap=1.336139 vol_ok=True ready=True
16:15:40 backend.server.scalp_bot.coinbase_candle_feed     INFO | CoinbaseCandleFeed XRP_USD: CLOSED @ 1.348900 vol=173.0000 (n=94)
16:15:40 backend.server.scalp_bot.scalp_runtime     INFO | ScalpRuntime XRP_USD: candle close=1.348900 ema_f=1.346300 ema_s=1.343200 rsi=67.8 atr=0.002600 vwap=1.336199 vol_ok=False ready=True
16:15:40 backend.server.scalp_bot.coinbase_candle_feed     INFO | CoinbaseCandleFeed XRP_USD: CLOSED @ 1.352500 vol=1012.0000 (n=95)
16:15:40 backend.server.scalp_bot.scalp_runtime     INFO | ScalpRuntime XRP_USD: candle close=1.352500 ema_f=1.347700 ema_s=1.344000 rsi=73.0 atr=0.002800 vwap=1.336608 vol_ok=True ready=True
16:15:40 backend.server.scalp_bot.coinbase_candle_feed     INFO | CoinbaseCandleFeed XRP_USD: CLOSED @ 1.354600 vol=683.0000 (n=96)
16:15:40 backend.server.scalp_bot.scalp_runtime     INFO | ScalpRuntime XRP_USD: candle close=1.354600 ema_f=1.349200 ema_s=1.345000 rsi=75.5 atr=0.002800 vwap=1.336914 vol_ok=False ready=True
16:15:40 backend.server.scalp_bot.coinbase_candle_feed     INFO | CoinbaseCandleFeed XRP_USD: CLOSED @ 1.354500 vol=1076.0000 (n=97)
16:15:40 backend.server.scalp_bot.scalp_runtime     INFO | ScalpRuntime XRP_USD: candle close=1.354500 ema_f=1.350400 ema_s=1.345900 rsi=75.2 atr=0.002800 vwap=1.337397 vol_ok=True ready=True
16:15:40 backend.server.scalp_bot.coinbase_candle_feed     INFO | CoinbaseCandleFeed XRP_USD: CLOSED @ 1.355800 vol=1044.0000 (n=98)
16:15:40 backend.server.scalp_bot.scalp_runtime     INFO | ScalpRuntime XRP_USD: candle close=1.355800 ema_f=1.351600 ema_s=1.346800 rsi=76.7 atr=0.002800 vwap=1.337852 vol_ok=True ready=True
16:15:40 backend.server.scalp_bot.coinbase_candle_feed     INFO | CoinbaseCandleFeed XRP_USD: CLOSED @ 1.355600 vol=263.0000 (n=99)
16:15:40 backend.server.scalp_bot.scalp_runtime     INFO | ScalpRuntime XRP_USD: candle close=1.355600 ema_f=1.352500 ema_s=1.347600 rsi=75.9 atr=0.002700 vwap=1.337962 vol_ok=False ready=True
16:15:41 backend.server.scalp_bot.bar_store     INFO | bar_store Coinbase backfill: BIP-20DEC30-CDE/15m page=3 rows=300 new=0 oldest=2026-04-04 10:30
16:15:42 backend.server.scalp_bot.bar_store     INFO | bar_store Coinbase backfill: BIP-20DEC30-CDE/15m page=4 rows=300 new=0 oldest=2026-04-01 06:30
16:15:42 backend.server.scalp_bot.bar_store     INFO | bar_store Coinbase backfill: BIP-20DEC30-CDE/15m page=5 rows=300 new=0 oldest=2026-03-29 03:30
16:15:43 backend.server.scalp_bot.bar_store     INFO | bar_store Coinbase backfill: BIP-20DEC30-CDE/15m page=6 rows=300 new=0 oldest=2026-03-25 23:30
16:15:43 backend.server.scalp_bot.bar_store     INFO | bar_store Coinbase backfill: BIP-20DEC30-CDE/15m page=7 rows=300 new=0 oldest=2026-03-22 20:30
16:15:44 backend.server.scalp_bot.bar_store     INFO | bar_store Coinbase backfill: BIP-20DEC30-CDE/15m page=8 rows=300 new=0 oldest=2026-03-19 16:30
16:15:44 backend.server.scalp_bot.bar_store     INFO | bar_store Coinbase backfill: BIP-20DEC30-CDE/15m page=9 rows=300 new=0 oldest=2026-03-16 13:30
16:15:44 backend.server.scalp_bot.bar_store     INFO | bar_store Coinbase backfill: BIP-20DEC30-CDE/15m page=10 rows=72 new=0 oldest=2026-03-15 19:30
16:15:44 backend.server.scalp_bot.bar_store     INFO | bar_store Coinbase backfill: BIP-20DEC30-CDE/15m — wrote 1 new candles
16:15:44 backend.server.scalp_bot.scalp_runtime     INFO | ScalpRuntime: backfill done for BTC_USD — new_rows=1 total_in_store=14258 (hours_needed=697.0)
16:15:44 backend.server.scalp_bot.bar_store     INFO | bar_store: Coinbase REST using API credentials from environment
16:15:45 backend.server.scalp_bot.bar_store     INFO | bar_store Coinbase backfill: SLP-20DEC30-CDE/15m page=1 rows=300 new=0 oldest=2026-04-10 15:15
16:15:45 backend.server.scalp_bot.bar_store     INFO | bar_store Coinbase backfill: SLP-20DEC30-CDE/15m page=2 rows=300 new=0 oldest=2026-04-07 12:15
16:15:46 backend.server.scalp_bot.bar_store     INFO | bar_store Coinbase backfill: SLP-20DEC30-CDE/15m page=3 rows=300 new=0 oldest=2026-04-04 06:45
16:15:46 backend.server.scalp_bot.coinbase_candle_feed     INFO | CoinbaseCandleFeed XRP_USD: CLOSED @ 1.351700 vol=1152.0000 (n=100)
16:15:46 backend.server.scalp_bot.scalp_runtime     INFO | ScalpRuntime XRP_USD: candle close=1.351700 ema_f=1.352300 ema_s=1.348000 rsi=62.5 atr=0.002800 vwap=1.338345 vol_ok=True ready=True
16:15:46 backend.server.scalp_bot.bar_store     INFO | bar_store Coinbase backfill: SLP-20DEC30-CDE/15m page=4 rows=300 new=0 oldest=2026-04-01 01:45
16:15:47 backend.server.scalp_bot.bar_store     INFO | bar_store Coinbase backfill: SLP-20DEC30-CDE/15m page=5 rows=300 new=0 oldest=2026-03-28 22:00
16:15:47 backend.server.scalp_bot.bar_store     INFO | bar_store Coinbase backfill: SLP-20DEC30-CDE/15m page=6 rows=300 new=0 oldest=2026-03-25 17:15
16:15:48 backend.server.scalp_bot.bar_store     INFO | bar_store Coinbase backfill: SLP-20DEC30-CDE/15m page=7 rows=300 new=0 oldest=2026-03-22 14:15
16:15:48 backend.server.scalp_bot.bar_store     INFO | bar_store Coinbase backfill: SLP-20DEC30-CDE/15m page=8 rows=300 new=0 oldest=2026-03-19 08:45
16:15:49 backend.server.scalp_bot.bar_store     INFO | bar_store Coinbase backfill: SLP-20DEC30-CDE/15m page=9 rows=300 new=0 oldest=2026-03-16 05:45
16:15:49 backend.server.scalp_bot.bar_store     INFO | bar_store Coinbase backfill: SLP-20DEC30-CDE/15m page=10 rows=41 new=0 oldest=2026-03-15 19:30
16:15:49 backend.server.scalp_bot.bar_store     INFO | bar_store Coinbase backfill: SLP-20DEC30-CDE/15m — wrote 0 new candles
16:15:49 backend.server.scalp_bot.scalp_runtime     INFO | ScalpRuntime: backfill done for SOL_USD — new_rows=0 total_in_store=14032 (hours_needed=697.0)
16:15:49 backend.server.scalp_bot.bar_store     INFO | bar_store: Coinbase REST using API credentials from environment
16:15:50 backend.server.scalp_bot.bar_store     INFO | bar_store Coinbase backfill: XPP-20DEC30-CDE/15m page=1 rows=300 new=1 oldest=2026-04-10 14:15
16:15:50 backend.server.scalp_bot.bar_store     INFO | bar_store Coinbase backfill: XPP-20DEC30-CDE/15m page=2 rows=300 new=0 oldest=2026-04-07 11:15
16:15:51 backend.server.scalp_bot.bar_store     INFO | bar_store Coinbase backfill: XPP-20DEC30-CDE/15m page=3 rows=300 new=0 oldest=2026-04-04 03:45
16:15:51 backend.server.scalp_bot.bar_store     INFO | bar_store Coinbase backfill: XPP-20DEC30-CDE/15m page=4 rows=300 new=0 oldest=2026-03-31 23:15
16:15:52 backend.server.scalp_bot.bar_store     INFO | bar_store Coinbase backfill: XPP-20DEC30-CDE/15m page=5 rows=300 new=0 oldest=2026-03-28 16:45
16:15:52 backend.server.scalp_bot.bar_store     INFO | bar_store Coinbase backfill: XPP-20DEC30-CDE/15m page=6 rows=300 new=0 oldest=2026-03-25 10:30
16:15:53 backend.server.scalp_bot.bar_store     INFO | bar_store Coinbase backfill: XPP-20DEC30-CDE/15m page=7 rows=300 new=0 oldest=2026-03-22 07:00
16:15:53 backend.server.scalp_bot.bar_store     INFO | bar_store Coinbase backfill: XPP-20DEC30-CDE/15m page=8 rows=300 new=0 oldest=2026-03-19 00:30
16:15:54 backend.server.scalp_bot.bar_store     INFO | bar_store Coinbase backfill: XPP-20DEC30-CDE/15m page=9 rows=300 new=0 oldest=2026-03-15 21:30
16:15:54 backend.server.scalp_bot.bar_store     INFO | bar_store Coinbase backfill: XPP-20DEC30-CDE/15m page=10 rows=8 new=0 oldest=2026-03-15 19:30
16:15:54 backend.server.scalp_bot.bar_store     INFO | bar_store Coinbase backfill: XPP-20DEC30-CDE/15m — wrote 1 new candles
16:15:54 backend.server.scalp_bot.scalp_runtime     INFO | ScalpRuntime: backfill done for XRP_USD — new_rows=1 total_in_store=13941 (hours_needed=697.0)
16:15:54 backend.server.scalp_bot.scalp_runtime     INFO | ScalpRuntime: STANDBY — candle feed live, waiting for operator to click Begin Warmup.
16:16:56 backend.server.scalp_bot.coinbase_candle_feed     INFO | CoinbaseCandleFeed SOL_USD: CLOSED @ 83.950000 vol=514.0000 (n=100)
16:16:56 backend.server.scalp_bot.scalp_runtime     INFO | ScalpRuntime SOL_USD: candle close=83.950000 ema_f=83.953000 ema_s=83.672700 rsi=60.2 atr=0.213400 vwap=83.115837 vol_ok=False ready=True
16:17:22 backend.server.scalp_bot.scalp_runtime     INFO | ScalpRuntime: regime risk-on RELAX after 30s calm (all pairs below triggers)
2026-04-13 16:17:32 - coinbase.RESTClient - ERROR - HTTP Error: 403 Client Error: Forbidden {"error":"PERMISSION_DENIED","error_details":"User does not have the correct permissions","message":"User does not have the correct permissions"}
16:17:32 coinbase.RESTClient     ERROR | HTTP Error: 403 Client Error: Forbidden {"error":"PERMISSION_DENIED","error_details":"User does not have the correct permissions","message":"User does not have the correct permissions"}
16:17:32 backend.server.coinbase_order_manager  WARNING | CoinbaseOrderManager: COINBASE_INTX_PORTFOLIO_UUID invalid or list_perps failed — falling back to auto-discovery
Traceback (most recent call last):
  File "C:\Users\daroo\Desktop\Repos\tradingbot-1\backend\server\coinbase_order_manager.py", line 1690, in _discover_intx_portfolio_uuid
    await asyncio.to_thread(lambda: lp(forced))
  File "C:\Python314\Lib\asyncio\threads.py", line 25, in to_thread
    return await loop.run_in_executor(None, func_call)
           ^^^^^^^^^^^^^^^^^^^^^^^^^^^^^^^^^^^^^^^^^^^
  File "C:\Python314\Lib\concurrent\futures\thread.py", line 86, in run
    result = ctx.run(self.task)
  File "C:\Python314\Lib\concurrent\futures\thread.py", line 73, in run
    return fn(*args, **kwargs)
  File "C:\Users\daroo\Desktop\Repos\tradingbot-1\backend\server\coinbase_order_manager.py", line 1690, in <lambda>
    await asyncio.to_thread(lambda: lp(forced))
                                    ~~^^^^^^^^
  File "C:\Users\daroo\AppData\Roaming\Python\Python314\site-packages\coinbase\rest\perpetuals.py", line 92, in list_perps_positions
    return ListPerpetualsPositionsResponse(self.get(endpoint, **kwargs))
                                           ~~~~~~~~^^^^^^^^^^^^^^^^^^^^
  File "C:\Users\daroo\AppData\Roaming\Python\Python314\site-packages\coinbase\rest\rest_base.py", line 101, in get
    return self.prepare_and_send_request(
           ~~~~~~~~~~~~~~~~~~~~~~~~~~~~~^
        "GET", url_path, params, data=None, public=public
        ^^^^^^^^^^^^^^^^^^^^^^^^^^^^^^^^^^^^^^^^^^^^^^^^^
    )
    ^
  File "C:\Users\daroo\AppData\Roaming\Python\Python314\site-packages\coinbase\rest\rest_base.py", line 207, in prepare_and_send_request
    return self.send_request(http_method, url_path, params, headers, data=data)
           ~~~~~~~~~~~~~~~~~^^^^^^^^^^^^^^^^^^^^^^^^^^^^^^^^^^^^^^^^^^^^^^^^^^^
  File "C:\Users\daroo\AppData\Roaming\Python\Python314\site-packages\coinbase\rest\rest_base.py", line 228, in send_request
    handle_exception(response)  # Raise an HTTPError for bad responses
    ~~~~~~~~~~~~~~~~^^^^^^^^^^
  File "C:\Users\daroo\AppData\Roaming\Python\Python314\site-packages\coinbase\rest\rest_base.py", line 47, in handle_exception
    raise HTTPError(http_error_msg, response=response)
requests.exceptions.HTTPError: 403 Client Error: Forbidden {"error":"PERMISSION_DENIED","error_details":"User does not have the correct permissions","message":"User does not have the correct permissions"}
2026-04-13 16:17:32 - coinbase.RESTClient - ERROR - HTTP Error: 403 Client Error: Forbidden {"error":"PERMISSION_DENIED","error_details":"User does not have the correct permissions","message":"User does not have the correct permissions"}
16:17:32 coinbase.RESTClient     ERROR | HTTP Error: 403 Client Error: Forbidden {"error":"PERMISSION_DENIED","error_details":"User does not have the correct permissions","message":"User does not have the correct permissions"}
16:18:09 aiohttp.access           INFO | 127.0.0.1 [13/Apr/2026:16:18:09 -0400] "GET / HTTP/1.1" 200 288 "-" "Mozilla/5.0 (Windows NT 10.0; Win64; x64) AppleWebKit/537.36 (KHTML, like Gecko) Chrome/147.0.0.0 Safari/537.36"
16:18:09 aiohttp.access           INFO | 127.0.0.1 [13/Apr/2026:16:18:09 -0400] "GET /assets/index-fui93DU7.js HTTP/1.1" 200 247 "http://127.0.0.1:8080/" "Mozilla/5.0 (Windows NT 10.0; Win64; x64) AppleWebKit/537.36 (KHTML, like Gecko) Chrome/147.0.0.0 Safari/537.36"
16:18:09 aiohttp.access           INFO | 127.0.0.1 [13/Apr/2026:16:18:09 -0400] "GET /assets/index-CAhIl4Xv.css HTTP/1.1" 200 239 "http://127.0.0.1:8080/" "Mozilla/5.0 (Windows NT 10.0; Win64; x64) AppleWebKit/537.36 (KHTML, like Gecko) Chrome/147.0.0.0 Safari/537.36"
16:18:09 backend.server.ws_server     INFO | Dashboard client connected from 127.0.0.1 (4 total)
2026-04-13 16:19:34 - coinbase.RESTClient - ERROR - HTTP Error: 403 Client Error: Forbidden {"error":"PERMISSION_DENIED","error_details":"User does not have the correct permissions","message":"User does not have the correct permissions"}
16:19:34 coinbase.RESTClient     ERROR | HTTP Error: 403 Client Error: Forbidden {"error":"PERMISSION_DENIED","error_details":"User does not have the correct permissions","message":"User does not have the correct permissions"}
16:19:34 backend.server.coinbase_order_manager  WARNING | CoinbaseOrderManager: COINBASE_INTX_PORTFOLIO_UUID invalid or list_perps failed — falling back to auto-discovery
Traceback (most recent call last):
  File "C:\Users\daroo\Desktop\Repos\tradingbot-1\backend\server\coinbase_order_manager.py", line 1690, in _discover_intx_portfolio_uuid
    await asyncio.to_thread(lambda: lp(forced))
  File "C:\Python314\Lib\asyncio\threads.py", line 25, in to_thread
    return await loop.run_in_executor(None, func_call)
           ^^^^^^^^^^^^^^^^^^^^^^^^^^^^^^^^^^^^^^^^^^^
  File "C:\Python314\Lib\concurrent\futures\thread.py", line 86, in run
    result = ctx.run(self.task)
  File "C:\Python314\Lib\concurrent\futures\thread.py", line 73, in run
    return fn(*args, **kwargs)
  File "C:\Users\daroo\Desktop\Repos\tradingbot-1\backend\server\coinbase_order_manager.py", line 1690, in <lambda>
    await asyncio.to_thread(lambda: lp(forced))
                                    ~~^^^^^^^^
  File "C:\Users\daroo\AppData\Roaming\Python\Python314\site-packages\coinbase\rest\perpetuals.py", line 92, in list_perps_positions
    return ListPerpetualsPositionsResponse(self.get(endpoint, **kwargs))
                                           ~~~~~~~~^^^^^^^^^^^^^^^^^^^^
  File "C:\Users\daroo\AppData\Roaming\Python\Python314\site-packages\coinbase\rest\rest_base.py", line 101, in get
    return self.prepare_and_send_request(
           ~~~~~~~~~~~~~~~~~~~~~~~~~~~~~^
        "GET", url_path, params, data=None, public=public
        ^^^^^^^^^^^^^^^^^^^^^^^^^^^^^^^^^^^^^^^^^^^^^^^^^
    )
    ^
  File "C:\Users\daroo\AppData\Roaming\Python\Python314\site-packages\coinbase\rest\rest_base.py", line 207, in prepare_and_send_request
    return self.send_request(http_method, url_path, params, headers, data=data)
           ~~~~~~~~~~~~~~~~~^^^^^^^^^^^^^^^^^^^^^^^^^^^^^^^^^^^^^^^^^^^^^^^^^^^
  File "C:\Users\daroo\AppData\Roaming\Python\Python314\site-packages\coinbase\rest\rest_base.py", line 228, in send_request
    handle_exception(response)  # Raise an HTTPError for bad responses
    ~~~~~~~~~~~~~~~~^^^^^^^^^^
  File "C:\Users\daroo\AppData\Roaming\Python\Python314\site-packages\coinbase\rest\rest_base.py", line 47, in handle_exception
    raise HTTPError(http_error_msg, response=response)
requests.exceptions.HTTPError: 403 Client Error: Forbidden {"error":"PERMISSION_DENIED","error_details":"User does not have the correct permissions","message":"User does not have the correct permissions"}
2026-04-13 16:19:34 - coinbase.RESTClient - ERROR - HTTP Error: 403 Client Error: Forbidden {"error":"PERMISSION_DENIED","error_details":"User does not have the correct permissions","message":"User does not have the correct permissions"}
16:19:34 coinbase.RESTClient     ERROR | HTTP Error: 403 Client Error: Forbidden {"error":"PERMISSION_DENIED","error_details":"User does not have the correct permissions","message":"User does not have the correct permissions"}
16:19:42 backend.server.ws_server     INFO | WS recv action=scalp_begin_warmup keys=['action']
16:19:42 backend.server.scalp_bot.scalp_runtime     INFO | ScalpRuntime: cleared stale champion file — WFO will select fresh champion
16:19:42 backend.server.state     INFO | ALERT [scalp_warmup] Warmup Started — Bar backfill and walk-forward optimization in progress…
16:19:42 backend.server.scalp_bot.scalp_runtime     INFO | ScalpRuntime: operator_begin_warmup — warmup sequence started
16:19:42 backend.server.scalp_bot.scalp_runtime     INFO | ScalpRuntime: Begin Warmup received — starting warmup sequence.
16:19:42 backend.server.scalp_bot.bar_store     INFO | bar_store: Coinbase REST using API credentials from environment
16:19:42 backend.server.scalp_bot.bar_store     INFO | bar_store Coinbase backfill: BIP-20DEC30-CDE/15m page=1 rows=300 new=0 oldest=2026-04-10 16:30
16:19:43 backend.server.scalp_bot.bar_store     INFO | bar_store Coinbase backfill: BIP-20DEC30-CDE/15m page=2 rows=300 new=0 oldest=2026-04-07 13:30
16:19:43 backend.server.scalp_bot.bar_store     INFO | bar_store Coinbase backfill: BIP-20DEC30-CDE/15m page=3 rows=300 new=0 oldest=2026-04-04 10:30
16:19:44 backend.server.scalp_bot.bar_store     INFO | bar_store Coinbase backfill: BIP-20DEC30-CDE/15m page=4 rows=300 new=0 oldest=2026-04-01 06:30
16:19:44 backend.server.scalp_bot.bar_store     INFO | bar_store Coinbase backfill: BIP-20DEC30-CDE/15m page=5 rows=300 new=0 oldest=2026-03-29 03:30
16:19:45 backend.server.scalp_bot.bar_store     INFO | bar_store Coinbase backfill: BIP-20DEC30-CDE/15m page=6 rows=300 new=0 oldest=2026-03-25 23:30
16:19:45 backend.server.scalp_bot.bar_store     INFO | bar_store Coinbase backfill: BIP-20DEC30-CDE/15m page=7 rows=300 new=0 oldest=2026-03-22 20:30
16:19:46 backend.server.scalp_bot.bar_store     INFO | bar_store Coinbase backfill: BIP-20DEC30-CDE/15m page=8 rows=300 new=0 oldest=2026-03-19 16:30
16:19:46 backend.server.scalp_bot.bar_store     INFO | bar_store Coinbase backfill: BIP-20DEC30-CDE/15m page=9 rows=300 new=0 oldest=2026-03-16 13:30
16:19:46 backend.server.scalp_bot.bar_store     INFO | bar_store Coinbase backfill: BIP-20DEC30-CDE/15m page=10 rows=72 new=0 oldest=2026-03-15 19:30
16:19:46 backend.server.scalp_bot.bar_store     INFO | bar_store Coinbase backfill: BIP-20DEC30-CDE/15m — wrote 0 new candles
16:19:46 backend.server.scalp_bot.scalp_runtime     INFO | ScalpRuntime: backfill done for BTC_USD — new_rows=0 total_in_store=14258
16:19:47 backend.server.scalp_bot.bar_store     INFO | bar_store: Coinbase REST using API credentials from environment
16:19:47 backend.server.scalp_bot.bar_store     INFO | bar_store Coinbase backfill: SLP-20DEC30-CDE/15m page=1 rows=300 new=1 oldest=2026-04-10 15:30
16:19:48 backend.server.scalp_bot.bar_store     INFO | bar_store Coinbase backfill: SLP-20DEC30-CDE/15m page=2 rows=300 new=0 oldest=2026-04-07 12:30
16:19:48 backend.server.scalp_bot.bar_store     INFO | bar_store Coinbase backfill: SLP-20DEC30-CDE/15m page=3 rows=300 new=0 oldest=2026-04-04 07:00
16:19:49 backend.server.scalp_bot.bar_store     INFO | bar_store Coinbase backfill: SLP-20DEC30-CDE/15m page=4 rows=300 new=0 oldest=2026-04-01 02:00
16:19:49 backend.server.scalp_bot.bar_store     INFO | bar_store Coinbase backfill: SLP-20DEC30-CDE/15m page=5 rows=300 new=0 oldest=2026-03-28 22:15
16:19:50 backend.server.scalp_bot.bar_store     INFO | bar_store Coinbase backfill: SLP-20DEC30-CDE/15m page=6 rows=300 new=0 oldest=2026-03-25 17:30
16:19:50 backend.server.scalp_bot.bar_store     INFO | bar_store Coinbase backfill: SLP-20DEC30-CDE/15m page=7 rows=300 new=0 oldest=2026-03-22 14:30
16:19:50 backend.server.scalp_bot.bar_store     INFO | bar_store Coinbase backfill: SLP-20DEC30-CDE/15m page=8 rows=300 new=0 oldest=2026-03-19 09:00
16:19:51 backend.server.scalp_bot.bar_store     INFO | bar_store Coinbase backfill: SLP-20DEC30-CDE/15m page=9 rows=300 new=0 oldest=2026-03-16 06:00
16:19:51 backend.server.scalp_bot.bar_store     INFO | bar_store Coinbase backfill: SLP-20DEC30-CDE/15m page=10 rows=42 new=0 oldest=2026-03-15 19:30
16:19:51 backend.server.scalp_bot.bar_store     INFO | bar_store Coinbase backfill: SLP-20DEC30-CDE/15m — wrote 1 new candles
16:19:51 backend.server.scalp_bot.scalp_runtime     INFO | ScalpRuntime: backfill done for SOL_USD — new_rows=1 total_in_store=14034
16:19:51 backend.server.scalp_bot.bar_store     INFO | bar_store: Coinbase REST using API credentials from environment
16:19:52 backend.server.scalp_bot.bar_store     INFO | bar_store Coinbase backfill: XPP-20DEC30-CDE/15m page=1 rows=300 new=0 oldest=2026-04-10 14:15
16:19:53 backend.server.scalp_bot.bar_store     INFO | bar_store Coinbase backfill: XPP-20DEC30-CDE/15m page=2 rows=300 new=0 oldest=2026-04-07 11:15
16:19:53 backend.server.scalp_bot.bar_store     INFO | bar_store Coinbase backfill: XPP-20DEC30-CDE/15m page=3 rows=300 new=0 oldest=2026-04-04 03:45
16:19:53 backend.server.scalp_bot.bar_store     INFO | bar_store Coinbase backfill: XPP-20DEC30-CDE/15m page=4 rows=300 new=0 oldest=2026-03-31 23:15
16:19:54 backend.server.scalp_bot.bar_store     INFO | bar_store Coinbase backfill: XPP-20DEC30-CDE/15m page=5 rows=300 new=0 oldest=2026-03-28 16:45
16:19:54 backend.server.scalp_bot.bar_store     INFO | bar_store Coinbase backfill: XPP-20DEC30-CDE/15m page=6 rows=300 new=0 oldest=2026-03-25 10:30
16:19:55 backend.server.scalp_bot.bar_store     INFO | bar_store Coinbase backfill: XPP-20DEC30-CDE/15m page=7 rows=300 new=0 oldest=2026-03-22 07:00
16:19:55 backend.server.scalp_bot.bar_store     INFO | bar_store Coinbase backfill: XPP-20DEC30-CDE/15m page=8 rows=300 new=0 oldest=2026-03-19 00:30
16:19:56 backend.server.scalp_bot.bar_store     INFO | bar_store Coinbase backfill: XPP-20DEC30-CDE/15m page=9 rows=300 new=0 oldest=2026-03-15 21:30
16:19:56 backend.server.scalp_bot.bar_store     INFO | bar_store Coinbase backfill: XPP-20DEC30-CDE/15m page=10 rows=8 new=0 oldest=2026-03-15 19:30
16:19:56 backend.server.scalp_bot.bar_store     INFO | bar_store Coinbase backfill: XPP-20DEC30-CDE/15m — wrote 0 new candles
16:19:56 backend.server.scalp_bot.scalp_runtime     INFO | ScalpRuntime: backfill done for XRP_USD — new_rows=0 total_in_store=13941
16:19:56 backend.server.scalp_bot.scalp_runtime     INFO | ScalpRuntime: running startup WFO pass (trading held until complete)…
16:19:56 backend.server.scalp_bot.scalp_wfo     INFO | ScalpWFO: run_once start — pairs=['BTC_USD', 'SOL_USD', 'XRP_USD'] train=168.0h holdout=48.0h step=24.0h objective=total_pnl
16:19:56 backend.server.scalp_bot.scalp_wfo     INFO | scalp_wfo: BIP-20DEC30-CDE/15m — grid=2886 combos (daviddtech_scalp:243, ema_momentum:1080, ema_scalp:144, hull_suite:81, macd_scalp:96, qqe_mod:162, rsi_reversion:432, squeeze_momentum:162, supertrend:243, utbot_alert:243), windows=21, span=697.0h roll=697.0h objective=total_pnl
C:\Users\daroo\Desktop\Repos\tradingbot-1\backend\server\scalp_bot\scalp_vec_backtest.py:1350: RuntimeWarning: Mean of empty slice
  seed = np.nanmean(abs_diff[:wilders_period])
16:20:20 backend.server.scalp_bot.scalp_wfo     INFO | scalp_wfo: BIP-20DEC30-CDE/15m window[0] — 2886/2886 scored (daviddtech_scalp:243, ema_momentum:1080, ema_scalp:144, hull_suite:81, macd_scalp:96, qqe_mod:162, rsi_reversion:432, squeeze_momentum:162, supertrend:243, utbot_alert:243)
16:20:27 backend.server.scalp_bot.coinbase_candle_feed     INFO | CoinbaseCandleFeed BTC_USD: CLOSED @ 73140.000000 vol=1740.0000 (n=100)
16:20:27 backend.server.scalp_bot.scalp_runtime     INFO | ScalpRuntime BTC_USD: candle close=73140.000000 ema_f=73177.537700 ema_s=72903.772900 rsi=63.7 atr=173.912600 vwap=72343.811499 vol_ok=False ready=True
16:20:29 backend.server.scalp_bot.coinbase_candle_feed     INFO | CoinbaseCandleFeed SOL_USD: CLOSED @ 83.950000 vol=39.0000 (n=101)
16:20:29 backend.server.scalp_bot.scalp_runtime     INFO | ScalpRuntime SOL_USD: candle close=83.950000 ema_f=83.952300 ema_s=83.697900 rsi=60.2 atr=0.200300 vwap=83.116501 vol_ok=False ready=True
16:20:44 backend.server.scalp_bot.scalp_wfo     INFO | scalp_wfo: BIP-20DEC30-CDE/15m window[1] — 2886/2886 scored (daviddtech_scalp:243, ema_momentum:1080, ema_scalp:144, hull_suite:81, macd_scalp:96, qqe_mod:162, rsi_reversion:432, squeeze_momentum:162, supertrend:243, utbot_alert:243)
16:20:51 backend.server.scalp_bot.coinbase_candle_feed     INFO | CoinbaseCandleFeed XRP_USD: CLOSED @ 1.352600 vol=123.0000 (n=101)
16:20:51 backend.server.scalp_bot.scalp_runtime     INFO | ScalpRuntime XRP_USD: candle close=1.352600 ema_f=1.352400 ema_s=1.348400 rsi=64.1 atr=0.002700 vwap=1.338385 vol_ok=False ready=True
16:21:08 backend.server.scalp_bot.scalp_wfo     INFO | scalp_wfo: BIP-20DEC30-CDE/15m window[2] — 2886/2886 scored (daviddtech_scalp:243, ema_momentum:1080, ema_scalp:144, hull_suite:81, macd_scalp:96, qqe_mod:162, rsi_reversion:432, squeeze_momentum:162, supertrend:243, utbot_alert:243)
16:21:08 backend.server.scalp_bot.scalp_wfo     INFO | scalp_wfo: BIP-20DEC30-CDE/15m window[2] — holdout skipped 31/80 candidates (need >=2 trades on holdout)
16:21:31 backend.server.scalp_bot.scalp_wfo     INFO | scalp_wfo: BIP-20DEC30-CDE/15m window[3] — 2886/2886 scored (daviddtech_scalp:243, ema_momentum:1080, ema_scalp:144, hull_suite:81, macd_scalp:96, qqe_mod:162, rsi_reversion:432, squeeze_momentum:162, supertrend:243, utbot_alert:243)
16:21:31 backend.server.scalp_bot.scalp_wfo     INFO | scalp_wfo: BIP-20DEC30-CDE/15m window[3] — holdout skipped 52/80 candidates (need >=2 trades on holdout)
2026-04-13 16:21:42 - coinbase.RESTClient - ERROR - HTTP Error: 403 Client Error: Forbidden {"error":"PERMISSION_DENIED","error_details":"User does not have the correct permissions","message":"User does not have the correct permissions"}
16:21:42 coinbase.RESTClient     ERROR | HTTP Error: 403 Client Error: Forbidden {"error":"PERMISSION_DENIED","error_details":"User does not have the correct permissions","message":"User does not have the correct permissions"}
16:21:42 backend.server.coinbase_order_manager  WARNING | CoinbaseOrderManager: COINBASE_INTX_PORTFOLIO_UUID invalid or list_perps failed — falling back to auto-discovery
Traceback (most recent call last):
  File "C:\Users\daroo\Desktop\Repos\tradingbot-1\backend\server\coinbase_order_manager.py", line 1690, in _discover_intx_portfolio_uuid
    await asyncio.to_thread(lambda: lp(forced))
  File "C:\Python314\Lib\asyncio\threads.py", line 25, in to_thread
    return await loop.run_in_executor(None, func_call)
           ^^^^^^^^^^^^^^^^^^^^^^^^^^^^^^^^^^^^^^^^^^^
  File "C:\Python314\Lib\concurrent\futures\thread.py", line 86, in run
    result = ctx.run(self.task)
  File "C:\Python314\Lib\concurrent\futures\thread.py", line 73, in run
    return fn(*args, **kwargs)
  File "C:\Users\daroo\Desktop\Repos\tradingbot-1\backend\server\coinbase_order_manager.py", line 1690, in <lambda>
    await asyncio.to_thread(lambda: lp(forced))
                                    ~~^^^^^^^^
  File "C:\Users\daroo\AppData\Roaming\Python\Python314\site-packages\coinbase\rest\perpetuals.py", line 92, in list_perps_positions
    return ListPerpetualsPositionsResponse(self.get(endpoint, **kwargs))
                                           ~~~~~~~~^^^^^^^^^^^^^^^^^^^^
  File "C:\Users\daroo\AppData\Roaming\Python\Python314\site-packages\coinbase\rest\rest_base.py", line 101, in get
    return self.prepare_and_send_request(
           ~~~~~~~~~~~~~~~~~~~~~~~~~~~~~^
        "GET", url_path, params, data=None, public=public
        ^^^^^^^^^^^^^^^^^^^^^^^^^^^^^^^^^^^^^^^^^^^^^^^^^
    )
    ^
  File "C:\Users\daroo\AppData\Roaming\Python\Python314\site-packages\coinbase\rest\rest_base.py", line 207, in prepare_and_send_request
    return self.send_request(http_method, url_path, params, headers, data=data)
           ~~~~~~~~~~~~~~~~~^^^^^^^^^^^^^^^^^^^^^^^^^^^^^^^^^^^^^^^^^^^^^^^^^^^
  File "C:\Users\daroo\AppData\Roaming\Python\Python314\site-packages\coinbase\rest\rest_base.py", line 228, in send_request
    handle_exception(response)  # Raise an HTTPError for bad responses
    ~~~~~~~~~~~~~~~~^^^^^^^^^^
  File "C:\Users\daroo\AppData\Roaming\Python\Python314\site-packages\coinbase\rest\rest_base.py", line 47, in handle_exception
    raise HTTPError(http_error_msg, response=response)
requests.exceptions.HTTPError: 403 Client Error: Forbidden {"error":"PERMISSION_DENIED","error_details":"User does not have the correct permissions","message":"User does not have the correct permissions"}
2026-04-13 16:21:43 - coinbase.RESTClient - ERROR - HTTP Error: 403 Client Error: Forbidden {"error":"PERMISSION_DENIED","error_details":"User does not have the correct permissions","message":"User does not have the correct permissions"}
16:21:43 coinbase.RESTClient     ERROR | HTTP Error: 403 Client Error: Forbidden {"error":"PERMISSION_DENIED","error_details":"User does not have the correct permissions","message":"User does not have the correct permissions"}
16:21:56 backend.server.scalp_bot.scalp_wfo     INFO | scalp_wfo: BIP-20DEC30-CDE/15m window[4] — 2886/2886 scored (daviddtech_scalp:243, ema_momentum:1080, ema_scalp:144, hull_suite:81, macd_scalp:96, qqe_mod:162, rsi_reversion:432, squeeze_momentum:162, supertrend:243, utbot_alert:243)
16:21:56 backend.server.scalp_bot.scalp_wfo     INFO | scalp_wfo: BIP-20DEC30-CDE/15m window[4] — holdout skipped 6/80 candidates (need >=2 trades on holdout)
16:22:20 backend.server.scalp_bot.scalp_wfo     INFO | scalp_wfo: BIP-20DEC30-CDE/15m window[5] — 2886/2886 scored (daviddtech_scalp:243, ema_momentum:1080, ema_scalp:144, hull_suite:81, macd_scalp:96, qqe_mod:162, rsi_reversion:432, squeeze_momentum:162, supertrend:243, utbot_alert:243)
16:22:21 backend.server.scalp_bot.scalp_wfo     INFO | scalp_wfo: BIP-20DEC30-CDE/15m window[5] — holdout skipped 37/80 candidates (need >=2 trades on holdout)
16:22:45 backend.server.scalp_bot.scalp_wfo     INFO | scalp_wfo: BIP-20DEC30-CDE/15m window[6] — 2859/2886 scored (daviddtech_scalp:243, ema_momentum:1080, ema_scalp:144, hull_suite:81, macd_scalp:96, qqe_mod:135, rsi_reversion:432, squeeze_momentum:162, supertrend:243, utbot_alert:243)
16:22:45 backend.server.scalp_bot.scalp_wfo     INFO | scalp_wfo: BIP-20DEC30-CDE/15m window[6] — holdout skipped 45/80 candidates (need >=2 trades on holdout)
16:23:09 backend.server.scalp_bot.scalp_wfo     INFO | scalp_wfo: BIP-20DEC30-CDE/15m window[7] — 2886/2886 scored (daviddtech_scalp:243, ema_momentum:1080, ema_scalp:144, hull_suite:81, macd_scalp:96, qqe_mod:162, rsi_reversion:432, squeeze_momentum:162, supertrend:243, utbot_alert:243)
16:23:09 backend.server.scalp_bot.scalp_wfo     INFO | scalp_wfo: BIP-20DEC30-CDE/15m window[7] — holdout skipped 18/80 candidates (need >=2 trades on holdout)
16:23:33 backend.server.scalp_bot.scalp_wfo     INFO | scalp_wfo: BIP-20DEC30-CDE/15m window[8] — 2886/2886 scored (daviddtech_scalp:243, ema_momentum:1080, ema_scalp:144, hull_suite:81, macd_scalp:96, qqe_mod:162, rsi_reversion:432, squeeze_momentum:162, supertrend:243, utbot_alert:243)
16:23:33 backend.server.scalp_bot.scalp_wfo     INFO | scalp_wfo: BIP-20DEC30-CDE/15m window[8] — holdout skipped 39/80 candidates (need >=2 trades on holdout)
2026-04-13 16:23:45 - coinbase.RESTClient - ERROR - HTTP Error: 403 Client Error: Forbidden {"error":"PERMISSION_DENIED","error_details":"User does not have the correct permissions","message":"User does not have the correct permissions"}
16:23:45 coinbase.RESTClient     ERROR | HTTP Error: 403 Client Error: Forbidden {"error":"PERMISSION_DENIED","error_details":"User does not have the correct permissions","message":"User does not have the correct permissions"}
16:23:45 backend.server.coinbase_order_manager  WARNING | CoinbaseOrderManager: COINBASE_INTX_PORTFOLIO_UUID invalid or list_perps failed — falling back to auto-discovery
Traceback (most recent call last):
  File "C:\Users\daroo\Desktop\Repos\tradingbot-1\backend\server\coinbase_order_manager.py", line 1690, in _discover_intx_portfolio_uuid
    await asyncio.to_thread(lambda: lp(forced))
  File "C:\Python314\Lib\asyncio\threads.py", line 25, in to_thread
    return await loop.run_in_executor(None, func_call)
           ^^^^^^^^^^^^^^^^^^^^^^^^^^^^^^^^^^^^^^^^^^^
  File "C:\Python314\Lib\concurrent\futures\thread.py", line 86, in run
    result = ctx.run(self.task)
  File "C:\Python314\Lib\concurrent\futures\thread.py", line 73, in run
    return fn(*args, **kwargs)
  File "C:\Users\daroo\Desktop\Repos\tradingbot-1\backend\server\coinbase_order_manager.py", line 1690, in <lambda>
    await asyncio.to_thread(lambda: lp(forced))
                                    ~~^^^^^^^^
  File "C:\Users\daroo\AppData\Roaming\Python\Python314\site-packages\coinbase\rest\perpetuals.py", line 92, in list_perps_positions
    return ListPerpetualsPositionsResponse(self.get(endpoint, **kwargs))
                                           ~~~~~~~~^^^^^^^^^^^^^^^^^^^^
  File "C:\Users\daroo\AppData\Roaming\Python\Python314\site-packages\coinbase\rest\rest_base.py", line 101, in get
    return self.prepare_and_send_request(
           ~~~~~~~~~~~~~~~~~~~~~~~~~~~~~^
        "GET", url_path, params, data=None, public=public
        ^^^^^^^^^^^^^^^^^^^^^^^^^^^^^^^^^^^^^^^^^^^^^^^^^
    )
    ^
  File "C:\Users\daroo\AppData\Roaming\Python\Python314\site-packages\coinbase\rest\rest_base.py", line 207, in prepare_and_send_request
    return self.send_request(http_method, url_path, params, headers, data=data)
           ~~~~~~~~~~~~~~~~~^^^^^^^^^^^^^^^^^^^^^^^^^^^^^^^^^^^^^^^^^^^^^^^^^^^
  File "C:\Users\daroo\AppData\Roaming\Python\Python314\site-packages\coinbase\rest\rest_base.py", line 228, in send_request
    handle_exception(response)  # Raise an HTTPError for bad responses
    ~~~~~~~~~~~~~~~~^^^^^^^^^^
  File "C:\Users\daroo\AppData\Roaming\Python\Python314\site-packages\coinbase\rest\rest_base.py", line 47, in handle_exception
    raise HTTPError(http_error_msg, response=response)
requests.exceptions.HTTPError: 403 Client Error: Forbidden {"error":"PERMISSION_DENIED","error_details":"User does not have the correct permissions","message":"User does not have the correct permissions"}
2026-04-13 16:23:45 - coinbase.RESTClient - ERROR - HTTP Error: 403 Client Error: Forbidden {"error":"PERMISSION_DENIED","error_details":"User does not have the correct permissions","message":"User does not have the correct permissions"}
16:23:45 coinbase.RESTClient     ERROR | HTTP Error: 403 Client Error: Forbidden {"error":"PERMISSION_DENIED","error_details":"User does not have the correct permissions","message":"User does not have the correct permissions"}
16:23:58 backend.server.scalp_bot.scalp_wfo     INFO | scalp_wfo: BIP-20DEC30-CDE/15m window[9] — 2886/2886 scored (daviddtech_scalp:243, ema_momentum:1080, ema_scalp:144, hull_suite:81, macd_scalp:96, qqe_mod:162, rsi_reversion:432, squeeze_momentum:162, supertrend:243, utbot_alert:243)
16:24:23 backend.server.scalp_bot.scalp_wfo     INFO | scalp_wfo: BIP-20DEC30-CDE/15m window[10] — 2886/2886 scored (daviddtech_scalp:243, ema_momentum:1080, ema_scalp:144, hull_suite:81, macd_scalp:96, qqe_mod:162, rsi_reversion:432, squeeze_momentum:162, supertrend:243, utbot_alert:243)
16:24:47 backend.server.scalp_bot.scalp_wfo     INFO | scalp_wfo: BIP-20DEC30-CDE/15m window[11] — 2886/2886 scored (daviddtech_scalp:243, ema_momentum:1080, ema_scalp:144, hull_suite:81, macd_scalp:96, qqe_mod:162, rsi_reversion:432, squeeze_momentum:162, supertrend:243, utbot_alert:243)
16:24:47 backend.server.scalp_bot.scalp_wfo     INFO | scalp_wfo: BIP-20DEC30-CDE/15m window[11] — holdout skipped 33/80 candidates (need >=2 trades on holdout)
16:25:11 backend.server.scalp_bot.scalp_wfo     INFO | scalp_wfo: BIP-20DEC30-CDE/15m window[12] — 2886/2886 scored (daviddtech_scalp:243, ema_momentum:1080, ema_scalp:144, hull_suite:81, macd_scalp:96, qqe_mod:162, rsi_reversion:432, squeeze_momentum:162, supertrend:243, utbot_alert:243)
16:25:11 backend.server.scalp_bot.scalp_wfo     INFO | scalp_wfo: BIP-20DEC30-CDE/15m window[12] — holdout skipped 30/80 candidates (need >=2 trades on holdout)
16:25:11 backend.server.scalp_bot.coinbase_candle_feed     INFO | CoinbaseCandleFeed BTC_USD: CLOSED @ 73080.000000 vol=1395.0000 (n=101)
16:25:11 backend.server.scalp_bot.scalp_runtime     INFO | ScalpRuntime BTC_USD: candle close=73080.000000 ema_f=73155.862700 ema_s=72919.793500 rsi=60.8 atr=170.061700 vwap=72346.390748 vol_ok=False ready=True
16:25:21 backend.server.scalp_bot.coinbase_candle_feed     INFO | CoinbaseCandleFeed XRP_USD: CLOSED @ 1.350400 vol=57.0000 (n=102)
16:25:21 backend.server.scalp_bot.scalp_runtime     INFO | ScalpRuntime XRP_USD: candle close=1.350400 ema_f=1.352000 ema_s=1.348600 rsi=57.7 atr=0.002700 vwap=1.338402 vol_ok=False ready=True
16:25:27 backend.server.scalp_bot.coinbase_candle_feed     INFO | CoinbaseCandleFeed SOL_USD: CLOSED @ 83.900000 vol=57.0000 (n=102)
16:25:28 backend.server.scalp_bot.scalp_runtime     INFO | ScalpRuntime SOL_USD: candle close=83.900000 ema_f=83.940700 ema_s=83.716300 rsi=58.5 atr=0.190300 vwap=83.117447 vol_ok=False ready=True
16:25:35 backend.server.scalp_bot.scalp_wfo     INFO | scalp_wfo: BIP-20DEC30-CDE/15m window[13] — 2886/2886 scored (daviddtech_scalp:243, ema_momentum:1080, ema_scalp:144, hull_suite:81, macd_scalp:96, qqe_mod:162, rsi_reversion:432, squeeze_momentum:162, supertrend:243, utbot_alert:243)
2026-04-13 16:25:46 - coinbase.RESTClient - ERROR - HTTP Error: 403 Client Error: Forbidden {"error":"PERMISSION_DENIED","error_details":"User does not have the correct permissions","message":"User does not have the correct permissions"}
16:25:46 coinbase.RESTClient     ERROR | HTTP Error: 403 Client Error: Forbidden {"error":"PERMISSION_DENIED","error_details":"User does not have the correct permissions","message":"User does not have the correct permissions"}
16:25:46 backend.server.coinbase_order_manager  WARNING | CoinbaseOrderManager: COINBASE_INTX_PORTFOLIO_UUID invalid or list_perps failed — falling back to auto-discovery
Traceback (most recent call last):
  File "C:\Users\daroo\Desktop\Repos\tradingbot-1\backend\server\coinbase_order_manager.py", line 1690, in _discover_intx_portfolio_uuid
    await asyncio.to_thread(lambda: lp(forced))
  File "C:\Python314\Lib\asyncio\threads.py", line 25, in to_thread
    return await loop.run_in_executor(None, func_call)
           ^^^^^^^^^^^^^^^^^^^^^^^^^^^^^^^^^^^^^^^^^^^
  File "C:\Python314\Lib\concurrent\futures\thread.py", line 86, in run
    result = ctx.run(self.task)
  File "C:\Python314\Lib\concurrent\futures\thread.py", line 73, in run
    return fn(*args, **kwargs)
  File "C:\Users\daroo\Desktop\Repos\tradingbot-1\backend\server\coinbase_order_manager.py", line 1690, in <lambda>
    await asyncio.to_thread(lambda: lp(forced))
                                    ~~^^^^^^^^
  File "C:\Users\daroo\AppData\Roaming\Python\Python314\site-packages\coinbase\rest\perpetuals.py", line 92, in list_perps_positions
    return ListPerpetualsPositionsResponse(self.get(endpoint, **kwargs))
                                           ~~~~~~~~^^^^^^^^^^^^^^^^^^^^
  File "C:\Users\daroo\AppData\Roaming\Python\Python314\site-packages\coinbase\rest\rest_base.py", line 101, in get
    return self.prepare_and_send_request(
           ~~~~~~~~~~~~~~~~~~~~~~~~~~~~~^
        "GET", url_path, params, data=None, public=public
        ^^^^^^^^^^^^^^^^^^^^^^^^^^^^^^^^^^^^^^^^^^^^^^^^^
    )
    ^
  File "C:\Users\daroo\AppData\Roaming\Python\Python314\site-packages\coinbase\rest\rest_base.py", line 207, in prepare_and_send_request
    return self.send_request(http_method, url_path, params, headers, data=data)
           ~~~~~~~~~~~~~~~~~^^^^^^^^^^^^^^^^^^^^^^^^^^^^^^^^^^^^^^^^^^^^^^^^^^^
  File "C:\Users\daroo\AppData\Roaming\Python\Python314\site-packages\coinbase\rest\rest_base.py", line 228, in send_request
    handle_exception(response)  # Raise an HTTPError for bad responses
    ~~~~~~~~~~~~~~~~^^^^^^^^^^
  File "C:\Users\daroo\AppData\Roaming\Python\Python314\site-packages\coinbase\rest\rest_base.py", line 47, in handle_exception
    raise HTTPError(http_error_msg, response=response)
requests.exceptions.HTTPError: 403 Client Error: Forbidden {"error":"PERMISSION_DENIED","error_details":"User does not have the correct permissions","message":"User does not have the correct permissions"}
2026-04-13 16:25:47 - coinbase.RESTClient - ERROR - HTTP Error: 403 Client Error: Forbidden {"error":"PERMISSION_DENIED","error_details":"User does not have the correct permissions","message":"User does not have the correct permissions"}
16:25:47 coinbase.RESTClient     ERROR | HTTP Error: 403 Client Error: Forbidden {"error":"PERMISSION_DENIED","error_details":"User does not have the correct permissions","message":"User does not have the correct permissions"}
16:25:59 backend.server.scalp_bot.scalp_wfo     INFO | scalp_wfo: BIP-20DEC30-CDE/15m window[14] — 2886/2886 scored (daviddtech_scalp:243, ema_momentum:1080, ema_scalp:144, hull_suite:81, macd_scalp:96, qqe_mod:162, rsi_reversion:432, squeeze_momentum:162, supertrend:243, utbot_alert:243)
16:26:29 backend.server.scalp_bot.scalp_wfo     INFO | scalp_wfo: BIP-20DEC30-CDE/15m window[15] — 2886/2886 scored (daviddtech_scalp:243, ema_momentum:1080, ema_scalp:144, hull_suite:81, macd_scalp:96, qqe_mod:162, rsi_reversion:432, squeeze_momentum:162, supertrend:243, utbot_alert:243)
16:27:07 backend.server.scalp_bot.scalp_wfo     INFO | scalp_wfo: BIP-20DEC30-CDE/15m window[16] — 2886/2886 scored (daviddtech_scalp:243, ema_momentum:1080, ema_scalp:144, hull_suite:81, macd_scalp:96, qqe_mod:162, rsi_reversion:432, squeeze_momentum:162, supertrend:243, utbot_alert:243)
2026-04-13 16:27:49 - coinbase.RESTClient - ERROR - HTTP Error: 403 Client Error: Forbidden {"error":"PERMISSION_DENIED","error_details":"User does not have the correct permissions","message":"User does not have the correct permissions"}
16:27:49 coinbase.RESTClient     ERROR | HTTP Error: 403 Client Error: Forbidden {"error":"PERMISSION_DENIED","error_details":"User does not have the correct permissions","message":"User does not have the correct permissions"}
16:27:49 backend.server.coinbase_order_manager  WARNING | CoinbaseOrderManager: COINBASE_INTX_PORTFOLIO_UUID invalid or list_perps failed — falling back to auto-discovery
Traceback (most recent call last):
  File "C:\Users\daroo\Desktop\Repos\tradingbot-1\backend\server\coinbase_order_manager.py", line 1690, in _discover_intx_portfolio_uuid
    await asyncio.to_thread(lambda: lp(forced))
  File "C:\Python314\Lib\asyncio\threads.py", line 25, in to_thread
    return await loop.run_in_executor(None, func_call)
           ^^^^^^^^^^^^^^^^^^^^^^^^^^^^^^^^^^^^^^^^^^^
  File "C:\Python314\Lib\concurrent\futures\thread.py", line 86, in run
    result = ctx.run(self.task)
  File "C:\Python314\Lib\concurrent\futures\thread.py", line 73, in run
    return fn(*args, **kwargs)
  File "C:\Users\daroo\Desktop\Repos\tradingbot-1\backend\server\coinbase_order_manager.py", line 1690, in <lambda>
    await asyncio.to_thread(lambda: lp(forced))
                                    ~~^^^^^^^^
  File "C:\Users\daroo\AppData\Roaming\Python\Python314\site-packages\coinbase\rest\perpetuals.py", line 92, in list_perps_positions
    return ListPerpetualsPositionsResponse(self.get(endpoint, **kwargs))
                                           ~~~~~~~~^^^^^^^^^^^^^^^^^^^^
  File "C:\Users\daroo\AppData\Roaming\Python\Python314\site-packages\coinbase\rest\rest_base.py", line 101, in get
    return self.prepare_and_send_request(
           ~~~~~~~~~~~~~~~~~~~~~~~~~~~~~^
        "GET", url_path, params, data=None, public=public
        ^^^^^^^^^^^^^^^^^^^^^^^^^^^^^^^^^^^^^^^^^^^^^^^^^
    )
    ^
  File "C:\Users\daroo\AppData\Roaming\Python\Python314\site-packages\coinbase\rest\rest_base.py", line 207, in prepare_and_send_request
    return self.send_request(http_method, url_path, params, headers, data=data)
           ~~~~~~~~~~~~~~~~~^^^^^^^^^^^^^^^^^^^^^^^^^^^^^^^^^^^^^^^^^^^^^^^^^^^
  File "C:\Users\daroo\AppData\Roaming\Python\Python314\site-packages\coinbase\rest\rest_base.py", line 228, in send_request
    handle_exception(response)  # Raise an HTTPError for bad responses
    ~~~~~~~~~~~~~~~~^^^^^^^^^^
  File "C:\Users\daroo\AppData\Roaming\Python\Python314\site-packages\coinbase\rest\rest_base.py", line 47, in handle_exception
    raise HTTPError(http_error_msg, response=response)
requests.exceptions.HTTPError: 403 Client Error: Forbidden {"error":"PERMISSION_DENIED","error_details":"User does not have the correct permissions","message":"User does not have the correct permissions"}
2026-04-13 16:27:50 - coinbase.RESTClient - ERROR - HTTP Error: 403 Client Error: Forbidden {"error":"PERMISSION_DENIED","error_details":"User does not have the correct permissions","message":"User does not have the correct permissions"}
16:27:50 coinbase.RESTClient     ERROR | HTTP Error: 403 Client Error: Forbidden {"error":"PERMISSION_DENIED","error_details":"User does not have the correct permissions","message":"User does not have the correct permissions"}
16:27:50 backend.server.scalp_bot.scalp_wfo     INFO | scalp_wfo: BIP-20DEC30-CDE/15m window[17] — 2886/2886 scored (daviddtech_scalp:243, ema_momentum:1080, ema_scalp:144, hull_suite:81, macd_scalp:96, qqe_mod:162, rsi_reversion:432, squeeze_momentum:162, supertrend:243, utbot_alert:243)
16:28:33 backend.server.scalp_bot.scalp_wfo     INFO | scalp_wfo: BIP-20DEC30-CDE/15m window[18] — 2886/2886 scored (daviddtech_scalp:243, ema_momentum:1080, ema_scalp:144, hull_suite:81, macd_scalp:96, qqe_mod:162, rsi_reversion:432, squeeze_momentum:162, supertrend:243, utbot_alert:243)
16:29:22 backend.server.scalp_bot.scalp_wfo     INFO | scalp_wfo: BIP-20DEC30-CDE/15m window[19] — 2886/2886 scored (daviddtech_scalp:243, ema_momentum:1080, ema_scalp:144, hull_suite:81, macd_scalp:96, qqe_mod:162, rsi_reversion:432, squeeze_momentum:162, supertrend:243, utbot_alert:243)
2026-04-13 16:29:51 - coinbase.RESTClient - ERROR - HTTP Error: 403 Client Error: Forbidden {"error":"PERMISSION_DENIED","error_details":"User does not have the correct permissions","message":"User does not have the correct permissions"}
16:29:51 coinbase.RESTClient     ERROR | HTTP Error: 403 Client Error: Forbidden {"error":"PERMISSION_DENIED","error_details":"User does not have the correct permissions","message":"User does not have the correct permissions"}
16:29:51 backend.server.coinbase_order_manager  WARNING | CoinbaseOrderManager: COINBASE_INTX_PORTFOLIO_UUID invalid or list_perps failed — falling back to auto-discovery
Traceback (most recent call last):
  File "C:\Users\daroo\Desktop\Repos\tradingbot-1\backend\server\coinbase_order_manager.py", line 1690, in _discover_intx_portfolio_uuid
    await asyncio.to_thread(lambda: lp(forced))
  File "C:\Python314\Lib\asyncio\threads.py", line 25, in to_thread
    return await loop.run_in_executor(None, func_call)
           ^^^^^^^^^^^^^^^^^^^^^^^^^^^^^^^^^^^^^^^^^^^
  File "C:\Python314\Lib\concurrent\futures\thread.py", line 86, in run
    result = ctx.run(self.task)
  File "C:\Python314\Lib\concurrent\futures\thread.py", line 73, in run
    return fn(*args, **kwargs)
  File "C:\Users\daroo\Desktop\Repos\tradingbot-1\backend\server\coinbase_order_manager.py", line 1690, in <lambda>
    await asyncio.to_thread(lambda: lp(forced))
                                    ~~^^^^^^^^
  File "C:\Users\daroo\AppData\Roaming\Python\Python314\site-packages\coinbase\rest\perpetuals.py", line 92, in list_perps_positions
    return ListPerpetualsPositionsResponse(self.get(endpoint, **kwargs))
                                           ~~~~~~~~^^^^^^^^^^^^^^^^^^^^
  File "C:\Users\daroo\AppData\Roaming\Python\Python314\site-packages\coinbase\rest\rest_base.py", line 101, in get
    return self.prepare_and_send_request(
           ~~~~~~~~~~~~~~~~~~~~~~~~~~~~~^
        "GET", url_path, params, data=None, public=public
        ^^^^^^^^^^^^^^^^^^^^^^^^^^^^^^^^^^^^^^^^^^^^^^^^^
    )
    ^
  File "C:\Users\daroo\AppData\Roaming\Python\Python314\site-packages\coinbase\rest\rest_base.py", line 207, in prepare_and_send_request
    return self.send_request(http_method, url_path, params, headers, data=data)
           ~~~~~~~~~~~~~~~~~^^^^^^^^^^^^^^^^^^^^^^^^^^^^^^^^^^^^^^^^^^^^^^^^^^^
  File "C:\Users\daroo\AppData\Roaming\Python\Python314\site-packages\coinbase\rest\rest_base.py", line 228, in send_request
    handle_exception(response)  # Raise an HTTPError for bad responses
    ~~~~~~~~~~~~~~~~^^^^^^^^^^
  File "C:\Users\daroo\AppData\Roaming\Python\Python314\site-packages\coinbase\rest\rest_base.py", line 47, in handle_exception
    raise HTTPError(http_error_msg, response=response)
requests.exceptions.HTTPError: 403 Client Error: Forbidden {"error":"PERMISSION_DENIED","error_details":"User does not have the correct permissions","message":"User does not have the correct permissions"}
2026-04-13 16:29:52 - coinbase.RESTClient - ERROR - HTTP Error: 403 Client Error: Forbidden {"error":"PERMISSION_DENIED","error_details":"User does not have the correct permissions","message":"User does not have the correct permissions"}
16:29:52 coinbase.RESTClient     ERROR | HTTP Error: 403 Client Error: Forbidden {"error":"PERMISSION_DENIED","error_details":"User does not have the correct permissions","message":"User does not have the correct permissions"}
16:30:16 backend.server.scalp_bot.coinbase_candle_feed     INFO | CoinbaseCandleFeed BTC_USD: CLOSED @ 73170.000000 vol=3048.0000 (n=102)
16:30:16 backend.server.scalp_bot.scalp_runtime     INFO | ScalpRuntime BTC_USD: candle close=73170.000000 ema_f=73159.004300 ema_s=72942.539500 rsi=63.5 atr=166.485900 vwap=72352.258349 vol_ok=False ready=True
16:30:17 backend.server.scalp_bot.coinbase_candle_feed     INFO | CoinbaseCandleFeed SOL_USD: CLOSED @ 84.110000 vol=630.0000 (n=103)
16:30:17 backend.server.scalp_bot.scalp_runtime     INFO | ScalpRuntime SOL_USD: candle close=84.110000 ema_f=83.978300 ema_s=83.752100 rsi=63.3 atr=0.191700 vwap=83.129293 vol_ok=False ready=True
16:30:18 backend.server.scalp_bot.scalp_wfo     INFO | scalp_wfo: BIP-20DEC30-CDE/15m window[20] — 2886/2886 scored (daviddtech_scalp:243, ema_momentum:1080, ema_scalp:144, hull_suite:81, macd_scalp:96, qqe_mod:162, rsi_reversion:432, squeeze_momentum:162, supertrend:243, utbot_alert:243)
16:30:21 backend.server.scalp_bot.scalp_wfo     INFO | scalp_wfo: BIP-20DEC30-CDE/15m — champion mode=qqe_mod score=-5.5700 windows=21
16:30:21 backend.server.scalp_bot.scalp_wfo     INFO | scalp_wfo: saved champion for BIP-20DEC30-CDE to C:\Users\daroo\Desktop\Repos\tradingbot-1\data\scalp_champion.json (1 symbols)
16:30:21 backend.server.scalp_bot.scalp_wfo     INFO | scalp_wfo: SLP-20DEC30-CDE/15m — grid=2886 combos (daviddtech_scalp:243, ema_momentum:1080, ema_scalp:144, hull_suite:81, macd_scalp:96, qqe_mod:162, rsi_reversion:432, squeeze_momentum:162, supertrend:243, utbot_alert:243), windows=21, span=696.9h roll=697.0h objective=total_pnl
16:30:45 backend.server.scalp_bot.scalp_wfo     INFO | scalp_wfo: SLP-20DEC30-CDE/15m window[0] — 2859/2886 scored (daviddtech_scalp:243, ema_momentum:1080, ema_scalp:144, hull_suite:81, macd_scalp:96, qqe_mod:135, rsi_reversion:432, squeeze_momentum:162, supertrend:243, utbot_alert:243)
16:30:45 backend.server.scalp_bot.scalp_wfo     INFO | scalp_wfo: SLP-20DEC30-CDE/15m window[0] — holdout skipped 6/80 candidates (need >=2 trades on holdout)
16:31:09 backend.server.scalp_bot.scalp_wfo     INFO | scalp_wfo: SLP-20DEC30-CDE/15m window[1] — 2805/2886 scored (daviddtech_scalp:162, ema_momentum:1080, ema_scalp:144, hull_suite:81, macd_scalp:96, qqe_mod:162, rsi_reversion:432, squeeze_momentum:162, supertrend:243, utbot_alert:243)
16:31:09 backend.server.scalp_bot.scalp_wfo     INFO | scalp_wfo: SLP-20DEC30-CDE/15m window[1] — holdout skipped 20/80 candidates (need >=2 trades on holdout)
16:31:33 backend.server.scalp_bot.scalp_wfo     INFO | scalp_wfo: SLP-20DEC30-CDE/15m window[2] — 2805/2886 scored (daviddtech_scalp:162, ema_momentum:1080, ema_scalp:144, hull_suite:81, macd_scalp:96, qqe_mod:162, rsi_reversion:432, squeeze_momentum:162, supertrend:243, utbot_alert:243)
16:31:33 backend.server.scalp_bot.scalp_wfo     INFO | scalp_wfo: SLP-20DEC30-CDE/15m window[2] — holdout skipped 21/80 candidates (need >=2 trades on holdout)
2026-04-13 16:31:55 - coinbase.RESTClient - ERROR - HTTP Error: 403 Client Error: Forbidden {"error":"PERMISSION_DENIED","error_details":"User does not have the correct permissions","message":"User does not have the correct permissions"}
16:31:55 coinbase.RESTClient     ERROR | HTTP Error: 403 Client Error: Forbidden {"error":"PERMISSION_DENIED","error_details":"User does not have the correct permissions","message":"User does not have the correct permissions"}
16:31:55 backend.server.coinbase_order_manager  WARNING | CoinbaseOrderManager: COINBASE_INTX_PORTFOLIO_UUID invalid or list_perps failed — falling back to auto-discovery
Traceback (most recent call last):
  File "C:\Users\daroo\Desktop\Repos\tradingbot-1\backend\server\coinbase_order_manager.py", line 1690, in _discover_intx_portfolio_uuid
    await asyncio.to_thread(lambda: lp(forced))
  File "C:\Python314\Lib\asyncio\threads.py", line 25, in to_thread
    return await loop.run_in_executor(None, func_call)
           ^^^^^^^^^^^^^^^^^^^^^^^^^^^^^^^^^^^^^^^^^^^
  File "C:\Python314\Lib\concurrent\futures\thread.py", line 86, in run
    result = ctx.run(self.task)
  File "C:\Python314\Lib\concurrent\futures\thread.py", line 73, in run
    return fn(*args, **kwargs)
  File "C:\Users\daroo\Desktop\Repos\tradingbot-1\backend\server\coinbase_order_manager.py", line 1690, in <lambda>
    await asyncio.to_thread(lambda: lp(forced))
                                    ~~^^^^^^^^
  File "C:\Users\daroo\AppData\Roaming\Python\Python314\site-packages\coinbase\rest\perpetuals.py", line 92, in list_perps_positions
    return ListPerpetualsPositionsResponse(self.get(endpoint, **kwargs))
                                           ~~~~~~~~^^^^^^^^^^^^^^^^^^^^
  File "C:\Users\daroo\AppData\Roaming\Python\Python314\site-packages\coinbase\rest\rest_base.py", line 101, in get
    return self.prepare_and_send_request(
           ~~~~~~~~~~~~~~~~~~~~~~~~~~~~~^
        "GET", url_path, params, data=None, public=public
        ^^^^^^^^^^^^^^^^^^^^^^^^^^^^^^^^^^^^^^^^^^^^^^^^^
    )
    ^
  File "C:\Users\daroo\AppData\Roaming\Python\Python314\site-packages\coinbase\rest\rest_base.py", line 207, in prepare_and_send_request
    return self.send_request(http_method, url_path, params, headers, data=data)
           ~~~~~~~~~~~~~~~~~^^^^^^^^^^^^^^^^^^^^^^^^^^^^^^^^^^^^^^^^^^^^^^^^^^^
  File "C:\Users\daroo\AppData\Roaming\Python\Python314\site-packages\coinbase\rest\rest_base.py", line 228, in send_request
    handle_exception(response)  # Raise an HTTPError for bad responses
    ~~~~~~~~~~~~~~~~^^^^^^^^^^
  File "C:\Users\daroo\AppData\Roaming\Python\Python314\site-packages\coinbase\rest\rest_base.py", line 47, in handle_exception
    raise HTTPError(http_error_msg, response=response)
requests.exceptions.HTTPError: 403 Client Error: Forbidden {"error":"PERMISSION_DENIED","error_details":"User does not have the correct permissions","message":"User does not have the correct permissions"}
2026-04-13 16:31:56 - coinbase.RESTClient - ERROR - HTTP Error: 403 Client Error: Forbidden {"error":"PERMISSION_DENIED","error_details":"User does not have the correct permissions","message":"User does not have the correct permissions"}
16:31:56 coinbase.RESTClient     ERROR | HTTP Error: 403 Client Error: Forbidden {"error":"PERMISSION_DENIED","error_details":"User does not have the correct permissions","message":"User does not have the correct permissions"}
16:31:56 backend.server.scalp_bot.coinbase_candle_feed     INFO | CoinbaseCandleFeed XRP_USD: CLOSED @ 1.350600 vol=505.0000 (n=103)
16:31:56 backend.server.scalp_bot.scalp_runtime     INFO | ScalpRuntime XRP_USD: candle close=1.350600 ema_f=1.351700 ema_s=1.348800 rsi=58.1 atr=0.002600 vwap=1.338548 vol_ok=False ready=True
16:31:57 backend.server.scalp_bot.scalp_wfo     INFO | scalp_wfo: SLP-20DEC30-CDE/15m window[3] — 2805/2886 scored (daviddtech_scalp:162, ema_momentum:1080, ema_scalp:144, hull_suite:81, macd_scalp:96, qqe_mod:162, rsi_reversion:432, squeeze_momentum:162, supertrend:243, utbot_alert:243)
16:31:57 backend.server.scalp_bot.scalp_wfo     INFO | scalp_wfo: SLP-20DEC30-CDE/15m window[3] — holdout skipped 7/80 candidates (need >=2 trades on holdout)
16:32:21 backend.server.scalp_bot.scalp_wfo     INFO | scalp_wfo: SLP-20DEC30-CDE/15m window[4] — 2886/2886 scored (daviddtech_scalp:243, ema_momentum:1080, ema_scalp:144, hull_suite:81, macd_scalp:96, qqe_mod:162, rsi_reversion:432, squeeze_momentum:162, supertrend:243, utbot_alert:243)
16:32:21 backend.server.scalp_bot.scalp_wfo     INFO | scalp_wfo: SLP-20DEC30-CDE/15m window[4] — holdout skipped 15/80 candidates (need >=2 trades on holdout)
16:32:45 backend.server.scalp_bot.scalp_wfo     INFO | scalp_wfo: SLP-20DEC30-CDE/15m window[5] — 2886/2886 scored (daviddtech_scalp:243, ema_momentum:1080, ema_scalp:144, hull_suite:81, macd_scalp:96, qqe_mod:162, rsi_reversion:432, squeeze_momentum:162, supertrend:243, utbot_alert:243)
16:32:45 backend.server.scalp_bot.scalp_wfo     INFO | scalp_wfo: SLP-20DEC30-CDE/15m window[5] — holdout skipped 36/80 candidates (need >=2 trades on holdout)
16:33:09 backend.server.scalp_bot.scalp_wfo     INFO | scalp_wfo: SLP-20DEC30-CDE/15m window[6] — 2859/2886 scored (daviddtech_scalp:243, ema_momentum:1080, ema_scalp:144, hull_suite:81, macd_scalp:96, qqe_mod:135, rsi_reversion:432, squeeze_momentum:162, supertrend:243, utbot_alert:243)
16:33:35 backend.server.scalp_bot.scalp_wfo     INFO | scalp_wfo: SLP-20DEC30-CDE/15m window[7] — 2886/2886 scored (daviddtech_scalp:243, ema_momentum:1080, ema_scalp:144, hull_suite:81, macd_scalp:96, qqe_mod:162, rsi_reversion:432, squeeze_momentum:162, supertrend:243, utbot_alert:243)
2026-04-13 16:33:59 - coinbase.RESTClient - ERROR - HTTP Error: 403 Client Error: Forbidden {"error":"PERMISSION_DENIED","error_details":"User does not have the correct permissions","message":"User does not have the correct permissions"}
16:33:59 coinbase.RESTClient     ERROR | HTTP Error: 403 Client Error: Forbidden {"error":"PERMISSION_DENIED","error_details":"User does not have the correct permissions","message":"User does not have the correct permissions"}
16:33:59 backend.server.coinbase_order_manager  WARNING | CoinbaseOrderManager: COINBASE_INTX_PORTFOLIO_UUID invalid or list_perps failed — falling back to auto-discovery
Traceback (most recent call last):
  File "C:\Users\daroo\Desktop\Repos\tradingbot-1\backend\server\coinbase_order_manager.py", line 1690, in _discover_intx_portfolio_uuid
    await asyncio.to_thread(lambda: lp(forced))
  File "C:\Python314\Lib\asyncio\threads.py", line 25, in to_thread
    return await loop.run_in_executor(None, func_call)
           ^^^^^^^^^^^^^^^^^^^^^^^^^^^^^^^^^^^^^^^^^^^
  File "C:\Python314\Lib\concurrent\futures\thread.py", line 86, in run
    result = ctx.run(self.task)
  File "C:\Python314\Lib\concurrent\futures\thread.py", line 73, in run
    return fn(*args, **kwargs)
  File "C:\Users\daroo\Desktop\Repos\tradingbot-1\backend\server\coinbase_order_manager.py", line 1690, in <lambda>
    await asyncio.to_thread(lambda: lp(forced))
                                    ~~^^^^^^^^
  File "C:\Users\daroo\AppData\Roaming\Python\Python314\site-packages\coinbase\rest\perpetuals.py", line 92, in list_perps_positions
    return ListPerpetualsPositionsResponse(self.get(endpoint, **kwargs))
                                           ~~~~~~~~^^^^^^^^^^^^^^^^^^^^
  File "C:\Users\daroo\AppData\Roaming\Python\Python314\site-packages\coinbase\rest\rest_base.py", line 101, in get
    return self.prepare_and_send_request(
           ~~~~~~~~~~~~~~~~~~~~~~~~~~~~~^
        "GET", url_path, params, data=None, public=public
        ^^^^^^^^^^^^^^^^^^^^^^^^^^^^^^^^^^^^^^^^^^^^^^^^^
    )
    ^
  File "C:\Users\daroo\AppData\Roaming\Python\Python314\site-packages\coinbase\rest\rest_base.py", line 207, in prepare_and_send_request
    return self.send_request(http_method, url_path, params, headers, data=data)
           ~~~~~~~~~~~~~~~~~^^^^^^^^^^^^^^^^^^^^^^^^^^^^^^^^^^^^^^^^^^^^^^^^^^^
  File "C:\Users\daroo\AppData\Roaming\Python\Python314\site-packages\coinbase\rest\rest_base.py", line 228, in send_request
    handle_exception(response)  # Raise an HTTPError for bad responses
    ~~~~~~~~~~~~~~~~^^^^^^^^^^
  File "C:\Users\daroo\AppData\Roaming\Python\Python314\site-packages\coinbase\rest\rest_base.py", line 47, in handle_exception
    raise HTTPError(http_error_msg, response=response)
requests.exceptions.HTTPError: 403 Client Error: Forbidden {"error":"PERMISSION_DENIED","error_details":"User does not have the correct permissions","message":"User does not have the correct permissions"}
2026-04-13 16:34:00 - coinbase.RESTClient - ERROR - HTTP Error: 403 Client Error: Forbidden {"error":"PERMISSION_DENIED","error_details":"User does not have the correct permissions","message":"User does not have the correct permissions"}
16:34:00 coinbase.RESTClient     ERROR | HTTP Error: 403 Client Error: Forbidden {"error":"PERMISSION_DENIED","error_details":"User does not have the correct permissions","message":"User does not have the correct permissions"}
16:34:00 backend.server.coinbase_order_manager  WARNING | CoinbaseOrderManager: COINBASE_INTX_PORTFOLIO_UUID invalid or list_perps failed — falling back to auto-discovery
Traceback (most recent call last):
  File "C:\Users\daroo\Desktop\Repos\tradingbot-1\backend\server\coinbase_order_manager.py", line 1690, in _discover_intx_portfolio_uuid
    await asyncio.to_thread(lambda: lp(forced))
  File "C:\Python314\Lib\asyncio\threads.py", line 25, in to_thread
    return await loop.run_in_executor(None, func_call)
           ^^^^^^^^^^^^^^^^^^^^^^^^^^^^^^^^^^^^^^^^^^^
  File "C:\Python314\Lib\concurrent\futures\thread.py", line 86, in run
    result = ctx.run(self.task)
  File "C:\Python314\Lib\concurrent\futures\thread.py", line 73, in run
    return fn(*args, **kwargs)
  File "C:\Users\daroo\Desktop\Repos\tradingbot-1\backend\server\coinbase_order_manager.py", line 1690, in <lambda>
    await asyncio.to_thread(lambda: lp(forced))
                                    ~~^^^^^^^^
  File "C:\Users\daroo\AppData\Roaming\Python\Python314\site-packages\coinbase\rest\perpetuals.py", line 92, in list_perps_positions
    return ListPerpetualsPositionsResponse(self.get(endpoint, **kwargs))
                                           ~~~~~~~~^^^^^^^^^^^^^^^^^^^^
  File "C:\Users\daroo\AppData\Roaming\Python\Python314\site-packages\coinbase\rest\rest_base.py", line 101, in get
    return self.prepare_and_send_request(
           ~~~~~~~~~~~~~~~~~~~~~~~~~~~~~^
        "GET", url_path, params, data=None, public=public
        ^^^^^^^^^^^^^^^^^^^^^^^^^^^^^^^^^^^^^^^^^^^^^^^^^
    )
    ^
  File "C:\Users\daroo\AppData\Roaming\Python\Python314\site-packages\coinbase\rest\rest_base.py", line 207, in prepare_and_send_request
    return self.send_request(http_method, url_path, params, headers, data=data)
           ~~~~~~~~~~~~~~~~~^^^^^^^^^^^^^^^^^^^^^^^^^^^^^^^^^^^^^^^^^^^^^^^^^^^
  File "C:\Users\daroo\AppData\Roaming\Python\Python314\site-packages\coinbase\rest\rest_base.py", line 228, in send_request
    handle_exception(response)  # Raise an HTTPError for bad responses
    ~~~~~~~~~~~~~~~~^^^^^^^^^^
  File "C:\Users\daroo\AppData\Roaming\Python\Python314\site-packages\coinbase\rest\rest_base.py", line 47, in handle_exception
    raise HTTPError(http_error_msg, response=response)
requests.exceptions.HTTPError: 403 Client Error: Forbidden {"error":"PERMISSION_DENIED","error_details":"User does not have the correct permissions","message":"User does not have the correct permissions"}
2026-04-13 16:34:00 - coinbase.RESTClient - ERROR - HTTP Error: 403 Client Error: Forbidden {"error":"PERMISSION_DENIED","error_details":"User does not have the correct permissions","message":"User does not have the correct permissions"}
16:34:00 coinbase.RESTClient     ERROR | HTTP Error: 403 Client Error: Forbidden {"error":"PERMISSION_DENIED","error_details":"User does not have the correct permissions","message":"User does not have the correct permissions"}
2026-04-13 16:34:00 - coinbase.RESTClient - ERROR - HTTP Error: 403 Client Error: Forbidden {"error":"PERMISSION_DENIED","error_details":"User does not have the correct permissions","message":"User does not have the correct permissions"}
16:34:00 coinbase.RESTClient     ERROR | HTTP Error: 403 Client Error: Forbidden {"error":"PERMISSION_DENIED","error_details":"User does not have the correct permissions","message":"User does not have the correct permissions"}
16:34:02 backend.server.scalp_bot.scalp_wfo     INFO | scalp_wfo: SLP-20DEC30-CDE/15m window[8] — 2886/2886 scored (daviddtech_scalp:243, ema_momentum:1080, ema_scalp:144, hull_suite:81, macd_scalp:96, qqe_mod:162, rsi_reversion:432, squeeze_momentum:162, supertrend:243, utbot_alert:243)
16:34:27 backend.server.scalp_bot.scalp_wfo     INFO | scalp_wfo: SLP-20DEC30-CDE/15m window[9] — 2886/2886 scored (daviddtech_scalp:243, ema_momentum:1080, ema_scalp:144, hull_suite:81, macd_scalp:96, qqe_mod:162, rsi_reversion:432, squeeze_momentum:162, supertrend:243, utbot_alert:243)
16:34:50 backend.server.scalp_bot.scalp_wfo     INFO | scalp_wfo: SLP-20DEC30-CDE/15m window[10] — 2886/2886 scored (daviddtech_scalp:243, ema_momentum:1080, ema_scalp:144, hull_suite:81, macd_scalp:96, qqe_mod:162, rsi_reversion:432, squeeze_momentum:162, supertrend:243, utbot_alert:243)
16:35:11 backend.server.scalp_bot.scalp_wfo     INFO | scalp_wfo: SLP-20DEC30-CDE/15m window[11] — 2886/2886 scored (daviddtech_scalp:243, ema_momentum:1080, ema_scalp:144, hull_suite:81, macd_scalp:96, qqe_mod:162, rsi_reversion:432, squeeze_momentum:162, supertrend:243, utbot_alert:243)
16:35:22 backend.server.scalp_bot.coinbase_candle_feed     INFO | CoinbaseCandleFeed BTC_USD: CLOSED @ 73280.000000 vol=997.0000 (n=103)
16:35:22 backend.server.scalp_bot.scalp_runtime     INFO | ScalpRuntime BTC_USD: candle close=73280.000000 ema_f=73185.892200 ema_s=72973.217700 rsi=66.4 atr=167.451200 vwap=72354.357641 vol_ok=False ready=True
16:35:28 backend.server.scalp_bot.coinbase_candle_feed     INFO | CoinbaseCandleFeed SOL_USD: CLOSED @ 84.180000 vol=104.0000 (n=104)
16:35:28 backend.server.scalp_bot.scalp_runtime     INFO | ScalpRuntime SOL_USD: candle close=84.180000 ema_f=84.023100 ema_s=83.791000 rsi=64.8 atr=0.185200 vwap=83.131474 vol_ok=False ready=True
16:35:31 backend.server.scalp_bot.scalp_wfo     INFO | scalp_wfo: SLP-20DEC30-CDE/15m window[12] — 2886/2886 scored (daviddtech_scalp:243, ema_momentum:1080, ema_scalp:144, hull_suite:81, macd_scalp:96, qqe_mod:162, rsi_reversion:432, squeeze_momentum:162, supertrend:243, utbot_alert:243)
16:35:31 backend.server.scalp_bot.scalp_wfo     INFO | scalp_wfo: SLP-20DEC30-CDE/15m window[12] — holdout skipped 28/80 candidates (need >=2 trades on holdout)
16:35:52 backend.server.scalp_bot.scalp_wfo     INFO | scalp_wfo: SLP-20DEC30-CDE/15m window[13] — 2886/2886 scored (daviddtech_scalp:243, ema_momentum:1080, ema_scalp:144, hull_suite:81, macd_scalp:96, qqe_mod:162, rsi_reversion:432, squeeze_momentum:162, supertrend:243, utbot_alert:243)
2026-04-13 16:36:01 - coinbase.RESTClient - ERROR - HTTP Error: 403 Client Error: Forbidden {"error":"PERMISSION_DENIED","error_details":"User does not have the correct permissions","message":"User does not have the correct permissions"}
16:36:01 coinbase.RESTClient     ERROR | HTTP Error: 403 Client Error: Forbidden {"error":"PERMISSION_DENIED","error_details":"User does not have the correct permissions","message":"User does not have the correct permissions"}
16:36:02 backend.server.coinbase_order_manager  WARNING | CoinbaseOrderManager: COINBASE_INTX_PORTFOLIO_UUID invalid or list_perps failed — falling back to auto-discovery
Traceback (most recent call last):
  File "C:\Users\daroo\Desktop\Repos\tradingbot-1\backend\server\coinbase_order_manager.py", line 1690, in _discover_intx_portfolio_uuid
    await asyncio.to_thread(lambda: lp(forced))
  File "C:\Python314\Lib\asyncio\threads.py", line 25, in to_thread
    return await loop.run_in_executor(None, func_call)
           ^^^^^^^^^^^^^^^^^^^^^^^^^^^^^^^^^^^^^^^^^^^
  File "C:\Python314\Lib\concurrent\futures\thread.py", line 86, in run
    result = ctx.run(self.task)
  File "C:\Python314\Lib\concurrent\futures\thread.py", line 73, in run
    return fn(*args, **kwargs)
  File "C:\Users\daroo\Desktop\Repos\tradingbot-1\backend\server\coinbase_order_manager.py", line 1690, in <lambda>
    await asyncio.to_thread(lambda: lp(forced))
                                    ~~^^^^^^^^
  File "C:\Users\daroo\AppData\Roaming\Python\Python314\site-packages\coinbase\rest\perpetuals.py", line 92, in list_perps_positions
    return ListPerpetualsPositionsResponse(self.get(endpoint, **kwargs))
                                           ~~~~~~~~^^^^^^^^^^^^^^^^^^^^
  File "C:\Users\daroo\AppData\Roaming\Python\Python314\site-packages\coinbase\rest\rest_base.py", line 101, in get
    return self.prepare_and_send_request(
           ~~~~~~~~~~~~~~~~~~~~~~~~~~~~~^
        "GET", url_path, params, data=None, public=public
        ^^^^^^^^^^^^^^^^^^^^^^^^^^^^^^^^^^^^^^^^^^^^^^^^^
    )
    ^
  File "C:\Users\daroo\AppData\Roaming\Python\Python314\site-packages\coinbase\rest\rest_base.py", line 207, in prepare_and_send_request
    return self.send_request(http_method, url_path, params, headers, data=data)
           ~~~~~~~~~~~~~~~~~^^^^^^^^^^^^^^^^^^^^^^^^^^^^^^^^^^^^^^^^^^^^^^^^^^^
  File "C:\Users\daroo\AppData\Roaming\Python\Python314\site-packages\coinbase\rest\rest_base.py", line 228, in send_request
    handle_exception(response)  # Raise an HTTPError for bad responses
    ~~~~~~~~~~~~~~~~^^^^^^^^^^
  File "C:\Users\daroo\AppData\Roaming\Python\Python314\site-packages\coinbase\rest\rest_base.py", line 47, in handle_exception
    raise HTTPError(http_error_msg, response=response)
requests.exceptions.HTTPError: 403 Client Error: Forbidden {"error":"PERMISSION_DENIED","error_details":"User does not have the correct permissions","message":"User does not have the correct permissions"}
2026-04-13 16:36:03 - coinbase.RESTClient - ERROR - HTTP Error: 403 Client Error: Forbidden {"error":"PERMISSION_DENIED","error_details":"User does not have the correct permissions","message":"User does not have the correct permissions"}
16:36:03 coinbase.RESTClient     ERROR | HTTP Error: 403 Client Error: Forbidden {"error":"PERMISSION_DENIED","error_details":"User does not have the correct permissions","message":"User does not have the correct permissions"}
16:36:13 backend.server.scalp_bot.scalp_wfo     INFO | scalp_wfo: SLP-20DEC30-CDE/15m window[14] — 2886/2886 scored (daviddtech_scalp:243, ema_momentum:1080, ema_scalp:144, hull_suite:81, macd_scalp:96, qqe_mod:162, rsi_reversion:432, squeeze_momentum:162, supertrend:243, utbot_alert:243)
16:36:22 backend.server.scalp_bot.coinbase_candle_feed     INFO | CoinbaseCandleFeed XRP_USD: CLOSED @ 1.351600 vol=181.0000 (n=104)
16:36:22 backend.server.scalp_bot.scalp_runtime     INFO | ScalpRuntime XRP_USD: candle close=1.351600 ema_f=1.351700 ema_s=1.349100 rsi=60.2 atr=0.002500 vwap=1.338600 vol_ok=False ready=True
16:36:39 backend.server.scalp_bot.scalp_wfo     INFO | scalp_wfo: SLP-20DEC30-CDE/15m window[15] — 2886/2886 scored (daviddtech_scalp:243, ema_momentum:1080, ema_scalp:144, hull_suite:81, macd_scalp:96, qqe_mod:162, rsi_reversion:432, squeeze_momentum:162, supertrend:243, utbot_alert:243)
