
--- restart 2026-04-05T04:06:09.901490+00:00 ---
00:06:10 mitch                    INFO | Loading config: 11 pairs, trading=['USDG_USDC'], mode=paper
00:06:10 mitch                 WARNING | SAFE STARTUP active: forcing paper mode, disabling live API keys, and using scalp sim mode when enabled. Engine remains stopped until START.
00:06:10 backend.server.windows_power     INFO | Windows: preventing system idle sleep while bot runs
00:06:10 backend.server.session_logger     INFO | Session log: C:\Users\daroo\Desktop\Repos\tradingbot-1\data\session_20260405_040610.jsonl
00:06:10 backend.server.pnl    WARNING | Skipping bad trade record: Extra data: line 1 column 2 (char 1)
00:06:10 backend.server.pnl       INFO | [PAPER] Replayed 4898 fills | P&L: $54.3619 | Sells: 2447 | Win: 100.0% | 30d vol: $23197 | Fee: 20 bps
00:06:10 backend.server.pnl       INFO | Next fee tier at $50000 (need $26803 more, 33.0% progress)
00:06:10 backend.server.strategy_learner     INFO | Learner USDG_USDC: starting at config spread_bps=1, pain_floor=0, regime_pain=none
00:06:10 backend.server.scalp_bot.scalp_runtime     INFO | ScalpRuntime: started for pairs ['SOL_USD', 'XRP_USD']
00:06:10 backend.server.scalp_bot.scalp_runtime     INFO | ScalpRuntime: seeding candle feed from REST...
00:06:10 backend.server.ws_server     INFO | Dashboard running at http://0.0.0.0:8093
00:06:10 mitch                    INFO | Connecting to Kraken order book...
00:06:10 backend.server.book_client     INFO | Starting order book client for ['USDG/USDC']
00:06:10 kraken.spot.websocket.connectors     INFO | Websocket start connect/reconnect
00:06:10 backend.server.scalp_bot.candle_feed     INFO | CandleFeed: seeded 200 candles for SOL/USD from REST
00:06:12 backend.server.scalp_bot.candle_feed     INFO | CandleFeed: seeded 200 candles for XRP/USD from REST
00:06:12 kraken.spot.websocket.connectors     INFO | Recover public subscriptions []: waiting
00:06:13 kraken.spot.websocket.connectors     INFO | Websocket start connect/reconnect
00:06:14 kraken.spot.websocket.connectors     INFO | Websocket connection established!
00:06:14 kraken.spot.websocket.connectors     INFO | Recover public subscriptions []: done
00:06:15 kraken.spot.websocket.connectors     INFO | Recover public subscriptions []: waiting
00:06:16 kraken.spot.websocket.connectors     INFO | Websocket connection established!
00:06:16 kraken.spot.websocket.connectors     INFO | Recover public subscriptions []: done
00:06:16 backend.server.scalp_bot.candle_feed     INFO | CandleFeed: subscribed to ohlc SOL/USD interval=1m
00:06:17 mitch                    INFO | Ready — engine paused. Press START on the dashboard to begin trading.
00:06:17 backend.server.scalp_bot.candle_feed     INFO | CandleFeed: subscribed to ohlc XRP/USD interval=1m
00:06:17 backend.server.scalp_bot.scalp_runtime     INFO | ScalpRuntime: replaying 200 REST candles into SOL_USD indicators
00:06:17 backend.server.scalp_bot.scalp_runtime     INFO | ScalpRuntime: replaying 200 REST candles into XRP_USD indicators
00:06:18 backend.server.scalp_bot.scalp_runtime     INFO | ScalpRuntime: WARMUP COMPLETE after 0.0 minutes — trading enabled. bars={'SOL_USD': 200, 'XRP_USD': 200} champion=False
00:06:18 backend.server.state     INFO | ALERT [scalp_warmup] Scalp Warmup Complete — Self-learning phase finished after 0m. Champion strategy found: False. Trading enabled.
00:06:18 backend.server.scalp_bot.scalp_runtime     INFO | ScalpRuntime: warmup skipped — sufficient data and champion already exist
00:06:18 backend.server.scalp_bot.scalp_runtime     INFO | ScalpRuntime: candle feed live, waiting for signals...
00:06:18 backend.server.scalp_bot.scalp_wfo     INFO | ScalpWFO: started (interval=3600s)
00:07:09 backend.server.scalp_bot.candle_feed     INFO | CandleFeed XRP_USD: CLOSED candle @ 1.311760 vol=6515.9 trades=13 (n=201)
00:07:09 backend.server.scalp_bot.scalp_runtime     INFO | ScalpRuntime XRP_USD: candle close=1.311760 ema_f=1.312100 ema_s=1.312700 rsi=15.5 atr=0.000700 vwap=1.314045 vol_ok=True ready=True
00:07:18 backend.server.scalp_bot.scalp_runtime     INFO | ScalpRuntime SOL_USD [auto]: rsi=33.0 ema=bear vwap=False vol=False | open_pos=0 | daily_pnl=0.0000
00:07:18 backend.server.scalp_bot.scalp_runtime     INFO | ScalpRuntime XRP_USD [auto]: rsi=15.5 ema=bear vwap=False vol=True | open_pos=0 | daily_pnl=0.0000
00:07:27 backend.server.scalp_bot.candle_feed     INFO | CandleFeed SOL_USD: CLOSED candle @ 80.440000 vol=3.4 trades=9 (n=201)
00:07:27 backend.server.scalp_bot.scalp_runtime     INFO | ScalpRuntime SOL_USD: candle close=80.440000 ema_f=80.443400 ema_s=80.464400 rsi=33.0 atr=0.014500 vwap=80.544371 vol_ok=False ready=True
00:08:06 backend.server.scalp_bot.candle_feed     INFO | CandleFeed XRP_USD: CLOSED candle @ 1.311760 vol=1029.7 trades=15 (n=202)
00:08:06 backend.server.scalp_bot.scalp_runtime     INFO | ScalpRuntime XRP_USD: candle close=1.311760 ema_f=1.312000 ema_s=1.312600 rsi=15.5 atr=0.000700 vwap=1.314039 vol_ok=False ready=True
00:08:18 backend.server.scalp_bot.scalp_runtime     INFO | ScalpRuntime SOL_USD [auto]: rsi=33.0 ema=bear vwap=False vol=False | open_pos=0 | daily_pnl=0.0000
00:08:18 backend.server.scalp_bot.scalp_runtime     INFO | ScalpRuntime XRP_USD [auto]: rsi=15.5 ema=bear vwap=False vol=False | open_pos=0 | daily_pnl=0.0000
00:08:25 backend.server.scalp_bot.candle_feed     INFO | CandleFeed SOL_USD: CLOSED candle @ 80.440000 vol=9.6 trades=9 (n=202)
00:08:25 backend.server.scalp_bot.scalp_runtime     INFO | ScalpRuntime SOL_USD: candle close=80.440000 ema_f=80.442300 ema_s=80.460900 rsi=33.0 atr=0.014900 vwap=80.544239 vol_ok=False ready=True
00:09:03 backend.server.scalp_bot.candle_feed     INFO | CandleFeed XRP_USD: CLOSED candle @ 1.311750 vol=962.6 trades=5 (n=203)
00:09:03 backend.server.scalp_bot.scalp_runtime     INFO | ScalpRuntime XRP_USD: candle close=1.311750 ema_f=1.311900 ema_s=1.312500 rsi=15.3 atr=0.000700 vwap=1.314033 vol_ok=False ready=True
00:09:13 backend.server.scalp_bot.candle_feed     INFO | CandleFeed SOL_USD: CLOSED candle @ 80.420000 vol=10.2 trades=6 (n=203)
00:09:13 backend.server.scalp_bot.scalp_runtime     INFO | ScalpRuntime SOL_USD: candle close=80.420000 ema_f=80.434900 ema_s=80.455100 rsi=26.3 atr=0.015300 vwap=80.544092 vol_ok=False ready=True
00:09:18 backend.server.scalp_bot.scalp_runtime     INFO | ScalpRuntime SOL_USD [auto]: rsi=26.3 ema=bear vwap=False vol=False | open_pos=0 | daily_pnl=0.0000
00:09:18 backend.server.scalp_bot.scalp_runtime     INFO | ScalpRuntime XRP_USD [auto]: rsi=15.3 ema=bear vwap=False vol=False | open_pos=0 | daily_pnl=0.0000
00:10:00 backend.server.scalp_bot.candle_feed     INFO | CandleFeed XRP_USD: CLOSED candle @ 1.311350 vol=228.4 trades=8 (n=204)
00:10:00 backend.server.scalp_bot.scalp_runtime     INFO | ScalpRuntime XRP_USD: candle close=1.311350 ema_f=1.311700 ema_s=1.312300 rsi=11.5 atr=0.000700 vwap=1.314031 vol_ok=False ready=True
00:10:13 backend.server.scalp_bot.candle_feed     INFO | CandleFeed SOL_USD: CLOSED candle @ 80.440000 vol=0.7 trades=3 (n=204)
00:10:13 backend.server.scalp_bot.scalp_runtime     INFO | ScalpRuntime SOL_USD: candle close=80.440000 ema_f=80.436600 ema_s=80.452900 rsi=39.9 atr=0.015600 vwap=80.544083 vol_ok=False ready=True
00:10:18 backend.server.scalp_bot.scalp_runtime     INFO | ScalpRuntime SOL_USD [auto]: rsi=39.9 ema=bear vwap=False vol=False | open_pos=0 | daily_pnl=0.0000
00:10:18 backend.server.scalp_bot.scalp_runtime     INFO | ScalpRuntime XRP_USD [auto]: rsi=11.5 ema=bear vwap=False vol=False | open_pos=0 | daily_pnl=0.0000
00:11:03 backend.server.scalp_bot.candle_feed     INFO | CandleFeed XRP_USD: CLOSED candle @ 1.311500 vol=382.3 trades=10 (n=205)
00:11:03 backend.server.scalp_bot.scalp_runtime     INFO | ScalpRuntime XRP_USD: candle close=1.311500 ema_f=1.311600 ema_s=1.312200 rsi=19.9 atr=0.000700 vwap=1.314028 vol_ok=False ready=True
00:11:18 backend.server.scalp_bot.scalp_runtime     INFO | ScalpRuntime SOL_USD [auto]: rsi=39.9 ema=bear vwap=False vol=False | open_pos=0 | daily_pnl=0.0000
00:11:18 backend.server.scalp_bot.scalp_runtime     INFO | ScalpRuntime XRP_USD [auto]: rsi=19.9 ema=bear vwap=False vol=False | open_pos=0 | daily_pnl=0.0000
00:11:25 backend.server.scalp_bot.candle_feed     INFO | CandleFeed SOL_USD: CLOSED candle @ 80.430000 vol=4.6 trades=5 (n=205)
00:11:26 backend.server.scalp_bot.scalp_runtime     INFO | ScalpRuntime SOL_USD: candle close=80.430000 ema_f=80.434400 ema_s=80.449600 rsi=36.2 atr=0.015200 vwap=80.544021 vol_ok=False ready=True
00:12:11 backend.server.scalp_bot.candle_feed     INFO | CandleFeed XRP_USD: CLOSED candle @ 1.311250 vol=76.6 trades=6 (n=206)
00:12:11 backend.server.scalp_bot.scalp_runtime     INFO | ScalpRuntime XRP_USD: candle close=1.311250 ema_f=1.311500 ema_s=1.312100 rsi=16.9 atr=0.000700 vwap=1.314027 vol_ok=False ready=True
00:12:18 backend.server.scalp_bot.scalp_runtime     INFO | ScalpRuntime SOL_USD [auto]: rsi=36.2 ema=bear vwap=False vol=False | open_pos=0 | daily_pnl=0.0000
00:12:18 backend.server.scalp_bot.scalp_runtime     INFO | ScalpRuntime XRP_USD [auto]: rsi=16.9 ema=bear vwap=False vol=False | open_pos=0 | daily_pnl=0.0000
00:12:34 backend.server.scalp_bot.candle_feed     INFO | CandleFeed SOL_USD: CLOSED candle @ 80.430000 vol=0.3 trades=1 (n=206)
00:12:34 backend.server.scalp_bot.scalp_runtime     INFO | ScalpRuntime SOL_USD: candle close=80.430000 ema_f=80.432900 ema_s=80.446800 rsi=36.2 atr=0.014100 vwap=80.544017 vol_ok=False ready=True
00:13:07 backend.server.scalp_bot.candle_feed     INFO | CandleFeed SOL_USD: CLOSED candle @ 80.440000 vol=0.1 trades=1 (n=207)
00:13:07 backend.server.scalp_bot.scalp_runtime     INFO | ScalpRuntime SOL_USD: candle close=80.440000 ema_f=80.435300 ema_s=80.445800 rsi=43.0 atr=0.013800 vwap=80.544016 vol_ok=False ready=True
00:13:10 backend.server.scalp_bot.candle_feed     INFO | CandleFeed XRP_USD: CLOSED candle @ 1.310220 vol=200113.3 trades=60 (n=207)
00:13:10 backend.server.scalp_bot.scalp_runtime     INFO | ScalpRuntime XRP_USD: candle close=1.310220 ema_f=1.311100 ema_s=1.311800 rsi=10.0 atr=0.000700 vwap=1.312791 vol_ok=True ready=True
00:13:18 backend.server.scalp_bot.scalp_runtime     INFO | ScalpRuntime SOL_USD [auto]: rsi=43.0 ema=bear vwap=False vol=False | open_pos=0 | daily_pnl=0.0000
00:13:18 backend.server.scalp_bot.scalp_runtime     INFO | ScalpRuntime XRP_USD [auto]: rsi=10.0 ema=bear vwap=False vol=True | open_pos=0 | daily_pnl=0.0000
00:14:05 backend.server.scalp_bot.candle_feed     INFO | CandleFeed XRP_USD: CLOSED candle @ 1.311020 vol=4704.7 trades=16 (n=208)
00:14:05 backend.server.scalp_bot.scalp_runtime     INFO | ScalpRuntime XRP_USD: candle close=1.311020 ema_f=1.311100 ema_s=1.311700 rsi=33.8 atr=0.000700 vwap=1.312774 vol_ok=False ready=True
00:14:18 backend.server.scalp_bot.scalp_runtime     INFO | ScalpRuntime SOL_USD [auto]: rsi=43.0 ema=bear vwap=False vol=False | open_pos=0 | daily_pnl=0.0000
00:14:18 backend.server.scalp_bot.scalp_runtime     INFO | ScalpRuntime XRP_USD [auto]: rsi=33.8 ema=bear vwap=False vol=False | open_pos=0 | daily_pnl=0.0000
00:14:52 backend.server.scalp_bot.candle_feed     INFO | CandleFeed SOL_USD: CLOSED candle @ 80.440000 vol=26.0 trades=7 (n=208)
00:14:52 backend.server.scalp_bot.scalp_runtime     INFO | ScalpRuntime SOL_USD: candle close=80.440000 ema_f=80.436900 ema_s=80.445000 rsi=43.0 atr=0.013500 vwap=80.543696 vol_ok=False ready=True
00:15:03 backend.server.scalp_bot.candle_feed     INFO | CandleFeed XRP_USD: CLOSED candle @ 1.310950 vol=9224.7 trades=10 (n=209)
00:15:03 backend.server.scalp_bot.scalp_runtime     INFO | ScalpRuntime XRP_USD: candle close=1.310950 ema_f=1.311100 ema_s=1.311600 rsi=32.9 atr=0.000700 vwap=1.312746 vol_ok=False ready=True
00:15:04 backend.server.scalp_bot.candle_feed     INFO | CandleFeed SOL_USD: CLOSED candle @ 80.440000 vol=0.7 trades=3 (n=209)
00:15:04 backend.server.scalp_bot.scalp_runtime     INFO | ScalpRuntime SOL_USD: candle close=80.440000 ema_f=80.437900 ema_s=80.444300 rsi=43.0 atr=0.012500 vwap=80.543688 vol_ok=False ready=True
00:15:18 backend.server.scalp_bot.scalp_runtime     INFO | ScalpRuntime SOL_USD [auto]: rsi=43.0 ema=bear vwap=False vol=False | open_pos=0 | daily_pnl=0.0000
00:15:18 backend.server.scalp_bot.scalp_runtime     INFO | ScalpRuntime XRP_USD [auto]: rsi=32.9 ema=bear vwap=False vol=False | open_pos=0 | daily_pnl=0.0000
00:16:00 backend.server.scalp_bot.candle_feed     INFO | CandleFeed SOL_USD: CLOSED candle @ 80.440000 vol=29.9 trades=5 (n=210)
00:16:00 backend.server.scalp_bot.scalp_runtime     INFO | ScalpRuntime SOL_USD: candle close=80.440000 ema_f=80.438600 ema_s=80.443700 rsi=43.0 atr=0.012300 vwap=80.543298 vol_ok=False ready=True
00:16:01 backend.server.scalp_bot.candle_feed     INFO | CandleFeed XRP_USD: CLOSED candle @ 1.310930 vol=135.0 trades=4 (n=210)
00:16:01 backend.server.scalp_bot.scalp_runtime     INFO | ScalpRuntime XRP_USD: candle close=1.310930 ema_f=1.311000 ema_s=1.311500 rsi=32.6 atr=0.000700 vwap=1.312746 vol_ok=False ready=True
00:16:18 backend.server.scalp_bot.scalp_runtime     INFO | ScalpRuntime SOL_USD [auto]: rsi=43.0 ema=bear vwap=False vol=False | open_pos=0 | daily_pnl=0.0000
00:16:18 backend.server.scalp_bot.scalp_runtime     INFO | ScalpRuntime XRP_USD [auto]: rsi=32.6 ema=bear vwap=False vol=False | open_pos=0 | daily_pnl=0.0000
00:17:09 backend.server.scalp_bot.candle_feed     INFO | CandleFeed SOL_USD: CLOSED candle @ 80.440000 vol=8.8 trades=3 (n=211)
00:17:09 backend.server.scalp_bot.scalp_runtime     INFO | ScalpRuntime SOL_USD: candle close=80.440000 ema_f=80.439100 ema_s=80.443200 rsi=43.0 atr=0.011400 vwap=80.543188 vol_ok=False ready=True
00:17:09 backend.server.scalp_bot.candle_feed     INFO | CandleFeed XRP_USD: CLOSED candle @ 1.310720 vol=160.8 trades=8 (n=211)
00:17:09 backend.server.scalp_bot.scalp_runtime     INFO | ScalpRuntime XRP_USD: candle close=1.310720 ema_f=1.310900 ema_s=1.311400 rsi=29.8 atr=0.000700 vwap=1.312745 vol_ok=False ready=True
00:17:18 backend.server.scalp_bot.scalp_runtime     INFO | ScalpRuntime SOL_USD [auto]: rsi=43.0 ema=bear vwap=False vol=False | open_pos=0 | daily_pnl=0.0000
00:17:18 backend.server.scalp_bot.scalp_runtime     INFO | ScalpRuntime XRP_USD [auto]: rsi=29.8 ema=bear vwap=False vol=False | open_pos=0 | daily_pnl=0.0000
00:18:04 backend.server.scalp_bot.candle_feed     INFO | CandleFeed XRP_USD: CLOSED candle @ 1.310470 vol=1979.6 trades=15 (n=212)
00:18:04 backend.server.scalp_bot.scalp_runtime     INFO | ScalpRuntime XRP_USD: candle close=1.310470 ema_f=1.310800 ema_s=1.311300 rsi=26.7 atr=0.000700 vwap=1.312738 vol_ok=False ready=True
00:18:18 backend.server.scalp_bot.scalp_runtime     INFO | ScalpRuntime SOL_USD [auto]: rsi=43.0 ema=bear vwap=False vol=False | open_pos=0 | daily_pnl=0.0000
00:18:18 backend.server.scalp_bot.scalp_runtime     INFO | ScalpRuntime XRP_USD [auto]: rsi=26.7 ema=bear vwap=False vol=False | open_pos=0 | daily_pnl=0.0000
00:18:22 backend.server.scalp_bot.candle_feed     INFO | CandleFeed SOL_USD: CLOSED candle @ 80.410000 vol=4.0 trades=7 (n=212)
00:18:22 backend.server.scalp_bot.scalp_runtime     INFO | ScalpRuntime SOL_USD: candle close=80.410000 ema_f=80.429400 ema_s=80.438500 rsi=27.3 atr=0.012700 vwap=80.543129 vol_ok=False ready=True
00:19:01 backend.server.scalp_bot.candle_feed     INFO | CandleFeed XRP_USD: CLOSED candle @ 1.310840 vol=2725.9 trades=11 (n=213)
00:19:01 backend.server.scalp_bot.scalp_runtime     INFO | ScalpRuntime XRP_USD: candle close=1.310840 ema_f=1.310800 ema_s=1.311200 rsi=37.6 atr=0.000700 vwap=1.312728 vol_ok=False ready=True
00:19:10 backend.server.scalp_bot.candle_feed     INFO | CandleFeed SOL_USD: CLOSED candle @ 80.440000 vol=1.9 trades=2 (n=213)
00:19:10 backend.server.scalp_bot.scalp_runtime     INFO | ScalpRuntime SOL_USD: candle close=80.440000 ema_f=80.432900 ema_s=80.438700 rsi=48.5 atr=0.013900 vwap=80.543104 vol_ok=False ready=True
00:19:18 backend.server.scalp_bot.scalp_runtime     INFO | ScalpRuntime SOL_USD [auto]: rsi=48.5 ema=bear vwap=False vol=False | open_pos=0 | daily_pnl=0.0000
00:19:18 backend.server.scalp_bot.scalp_runtime     INFO | ScalpRuntime XRP_USD [auto]: rsi=37.6 ema=bear vwap=False vol=False | open_pos=0 | daily_pnl=0.0000
00:20:13 backend.server.scalp_bot.candle_feed     INFO | CandleFeed SOL_USD: CLOSED candle @ 80.440000 vol=3.9 trades=7 (n=214)
00:20:13 backend.server.scalp_bot.scalp_runtime     INFO | ScalpRuntime SOL_USD: candle close=80.440000 ema_f=80.435300 ema_s=80.438900 rsi=48.5 atr=0.013600 vwap=80.543056 vol_ok=False ready=True
00:20:17 backend.server.scalp_bot.candle_feed     INFO | CandleFeed XRP_USD: CLOSED candle @ 1.311320 vol=540.3 trades=14 (n=214)
00:20:17 backend.server.scalp_bot.scalp_runtime     INFO | ScalpRuntime XRP_USD: candle close=1.311320 ema_f=1.311000 ema_s=1.311200 rsi=48.7 atr=0.000700 vwap=1.312727 vol_ok=False ready=True
00:20:18 backend.server.scalp_bot.scalp_runtime     INFO | ScalpRuntime SOL_USD [auto]: rsi=48.5 ema=bear vwap=False vol=False | open_pos=0 | daily_pnl=0.0000
00:20:18 backend.server.scalp_bot.scalp_runtime     INFO | ScalpRuntime XRP_USD [auto]: rsi=48.7 ema=bear vwap=False vol=False | open_pos=0 | daily_pnl=0.0000
00:21:09 backend.server.scalp_bot.candle_feed     INFO | CandleFeed XRP_USD: CLOSED candle @ 1.311290 vol=67.5 trades=4 (n=215)
00:21:09 backend.server.scalp_bot.scalp_runtime     INFO | ScalpRuntime XRP_USD: candle close=1.311290 ema_f=1.311100 ema_s=1.311200 rsi=48.1 atr=0.000700 vwap=1.312726 vol_ok=False ready=True
00:21:16 backend.server.scalp_bot.candle_feed     INFO | CandleFeed SOL_USD: CLOSED candle @ 80.450000 vol=0.4 trades=4 (n=215)
00:21:16 backend.server.scalp_bot.scalp_runtime     INFO | ScalpRuntime SOL_USD: candle close=80.450000 ema_f=80.440200 ema_s=80.440500 rsi=54.1 atr=0.013300 vwap=80.543052 vol_ok=False ready=True
00:21:18 backend.server.scalp_bot.scalp_runtime     INFO | ScalpRuntime SOL_USD [auto]: rsi=54.1 ema=bear vwap=False vol=False | open_pos=0 | daily_pnl=0.0000
00:21:18 backend.server.scalp_bot.scalp_runtime     INFO | ScalpRuntime XRP_USD [auto]: rsi=48.1 ema=bear vwap=False vol=False | open_pos=0 | daily_pnl=0.0000
00:22:03 backend.server.scalp_bot.candle_feed     INFO | CandleFeed SOL_USD: CLOSED candle @ 80.450000 vol=23.6 trades=10 (n=216)
00:22:03 backend.server.scalp_bot.scalp_runtime     INFO | ScalpRuntime SOL_USD: candle close=80.450000 ema_f=80.443500 ema_s=80.441900 rsi=54.1 atr=0.013100 vwap=80.542776 vol_ok=True ready=True
00:22:03 backend.server.scalp_bot.signal_engine     INFO | SIGNAL [ema] SOL_USD: long @ 80.45000 | stop=80.43690 | tp=80.46965 | atr=0.01310 | signals=ema_cross+rsi+volume | conf=75%
00:22:03 backend.server.scalp_bot.scalp_trader     INFO | ScalpTrader SOL_USD: capped qty to capital (risk_qty=152.67 -> capped_qty=1.243008, notional=100.00)
00:22:03 backend.server.scalp_bot.scalp_trader     INFO | ScalpTrader SOL_USD: SIM entry (simulated) | qty=1.243008 @ 80.45000 | stop=80.43690 | tp=80.46965 | notional=100.00 | id=scalp_entry_793a713c
00:22:03 backend.server.scalp_bot.scalp_trader     INFO | ScalpTrader SOL_USD: SIM entry filled @ 80.45000 | stop=80.43690 | tp=80.46965
00:22:11 backend.server.scalp_bot.candle_feed     INFO | CandleFeed XRP_USD: CLOSED candle @ 1.310950 vol=105.4 trades=7 (n=216)
00:22:11 backend.server.scalp_bot.scalp_runtime     INFO | ScalpRuntime XRP_USD: candle close=1.310950 ema_f=1.311100 ema_s=1.311200 rsi=41.5 atr=0.000700 vwap=1.312726 vol_ok=False ready=True
00:22:18 backend.server.scalp_bot.scalp_runtime     INFO | ScalpRuntime SOL_USD [auto]: rsi=54.1 ema=UP vwap=False vol=True | open_pos=1 | daily_pnl=0.0000
00:22:18 backend.server.scalp_bot.scalp_runtime     INFO | ScalpRuntime XRP_USD [auto]: rsi=41.5 ema=bear vwap=False vol=False | open_pos=1 | daily_pnl=0.0000
00:23:08 backend.server.scalp_bot.candle_feed     INFO | CandleFeed XRP_USD: CLOSED candle @ 1.311540 vol=60.0 trades=3 (n=217)
00:23:08 backend.server.scalp_bot.bar_store  WARNING | bar_store: failed to read C:\Users\daroo\Desktop\Repos\tradingbot-1\data\kraken_bars\XRP_USD_1m.parquet
Traceback (most recent call last):
  File "C:\Users\daroo\Desktop\Repos\tradingbot-1\backend\server\scalp_bot\bar_store.py", line 64, in _load_table
    return pq.read_table(path)
           ~~~~~~~~~~~~~^^^^^^
  File "C:\Users\daroo\AppData\Roaming\Python\Python314\site-packages\pyarrow\parquet\core.py", line 1926, in read_table
    return dataset.read(columns=columns, use_threads=use_threads,
           ~~~~~~~~~~~~^^^^^^^^^^^^^^^^^^^^^^^^^^^^^^^^^^^^^^^^^^
                        use_pandas_metadata=use_pandas_metadata)
                        ^^^^^^^^^^^^^^^^^^^^^^^^^^^^^^^^^^^^^^^^
  File "C:\Users\daroo\AppData\Roaming\Python\Python314\site-packages\pyarrow\parquet\core.py", line 1552, in read
    table = self._dataset.to_table(
        columns=columns, filter=self._filter_expression,
        use_threads=use_threads
    )
  File "pyarrow/_dataset.pyx", line 589, in pyarrow._dataset.Dataset.to_table
  File "pyarrow/_dataset.pyx", line 3969, in pyarrow._dataset.Scanner.to_table
    return pyarrow_wrap_table(GetResultValue(result))
  File "pyarrow/error.pxi", line 155, in pyarrow.lib.pyarrow_internal_check_status
  File "pyarrow/error.pxi", line 92, in pyarrow.lib.check_status
    raise convert_status(status)
pyarrow.lib.ArrowInvalid: Could not open Parquet input source 'C:/Users/daroo/Desktop/Repos/tradingbot-1/data/kraken_bars/XRP_USD_1m.parquet': Parquet magic bytes not found in footer. Either the file is corrupted or this is not a parquet file.
00:23:08 backend.server.scalp_bot.scalp_runtime     INFO | ScalpRuntime XRP_USD: candle close=1.311540 ema_f=1.311200 ema_s=1.311200 rsi=53.8 atr=0.000700 vwap=1.312726 vol_ok=False ready=True
00:23:17 backend.server.scalp_bot.candle_feed     IN00:23:17 mitch                    INFO | Loading config: 11 pairs, trading=['USDG_USDC'], mode=paper
00:23:17 mitch                 WARNING | SAFE STARTUP active: forcing paper mode, disabling live API keys, and using scalp sim mode when enabled. Engine remains stopped until START.
00:23:17 backend.server.windows_power     INFO | Windows: preventing system idle sleep while bot runs
00:23:17 backend.server.session_logger     INFO | Session log: C:\Users\daroo\Desktop\Repos\tradingbot-1\data\session_20260405_042317.jsonl
00:23:17 backend.server.pnl    WARNING | Skipping bad trade record: Extra data: line 1 column 2 (char 1)
00:23:17 backend.server.pnl       INFO | [PAPER] Replayed 4950 fills | P&L: $54.3889 | Sells: 2474 | Win: 100.0% | 30d vol: $23717 | Fee: 20 bps
00:23:17 backend.server.pnl       INFO | Next fee tier at $50000 (need $26283 more, 34.3% progress)
00:23:17 backend.server.strategy_learner     INFO | Learner USDG_USDC: starting at config spread_bps=1, pain_floor=0, regime_pain=none
00:23:17 backend.server.scalp_bot.scalp_runtime     INFO | ScalpRuntime: started for pairs ['SOL_USD', 'XRP_USD']
00:23:17 backend.server.scalp_bot.scalp_runtime     INFO | ScalpRuntime: seeding cand00:23:18 backend.server.scalp_bot.scalp_runtime     INFO | ScalpRuntime SOL_USD [auto]: rsi=64.1 ema=bull vwap=False vol=True | open_pos=1 | daily_pnl=0.0244
00:23:18 backend.server.scalp_bot.scalp_runtime     INFO | ScalpRuntime XRP_USD [auto]: rsi=53.8 ema=bear vwap=False vol=False | open_pos=1 | daily_pnl=0.0244
00:24:03 backend.server.scalp_bot.candle_feed     INFO | CandleFeed XRP_USD: CLOSED candle @ 1.311130 vol=212.0 trades=11 (n=218)
00:24:03 backend.server.scalp_bot.scalp_runtime     INFO | ScalpRuntime XRP_USD: candle close=1.311130 ema_f=1.311200 ema_s=1.311200 rsi=46.2 atr=0.000700 vwap=1.312725 vol_ok=False ready=True
00:24:03 backend.server.scalp_bot.candle_feed     INFO | CandleFeed SOL_USD: CLOSED candle @ 80.460000 vol=11.3 trades=4 (n=218)
00:24:03 backend.server.scalp_bot.scalp_runtime     INFO | ScalpRuntime SOL_USD: candle close=80.460000 ema_f=80.454900 ema_s=80.447900 rsi=57.1 atr=0.014100 vwap=80.542566 vol_ok=True ready=True
00:24:03 backend.server.state  WARNING | ALERT [scalp] Scalp STOP: SOL_USD — Loss: $-0.0169 | entry=80.47000 exit=80.45640
00:24:03 backend.server.scalp_bot.scalp_trader     INFO | ScalpTrader SOL_USD: PAPER stop hit @ 80.45640 | pnl=-0.0169 | daily_pnl=0.0075
00:24:18 backend.server.scalp_bot.scalp_runtime     INFO | ScalpRuntime SOL_USD [auto]: rsi=57.1 ema=bull vwap=False vol=True | open_pos=0 | daily_pnl=0.0075
00:24:18 backend.server.scalp_bot.scalp_runtime     INFO | ScalpRuntime XRP_USD [auto]: rsi=46.2 ema=bear vwap=False vol=False | open_pos=0 | daily_pnl=0.0075
00:25:02 backend.server.scalp_bot.candle_feed     INFO | CandleFeed XRP_USD: CLOSED candle @ 1.310960 vol=11521.0 trades=13 (n=219)
00:25:02 backend.server.scalp_bot.scalp_runtime     INFO | ScalpRuntime XRP_USD: candle close=1.310960 ema_f=1.311100 ema_s=1.311200 rsi=43.4 atr=0.000700 vwap=1.312692 vol_ok=False ready=True
00:25:09 backend.server.scalp_bot.candle_feed     INFO | CandleFeed SOL_USD: CLOSED candle @ 80.460000 vol=2.1 trades=5 (n=219)
00:25:09 backend.server.scalp_bot.scalp_runtime     INFO | ScalpRuntime SOL_USD: candle close=80.460000 ema_f=80.456600 ema_s=80.449600 rsi=57.1 atr=0.013800 vwap=80.542544 vol_ok=False ready=True
00:25:09 backend.server.scalp_bot.signal_engine     INFO | SIGNAL [ema] SOL_USD: long @ 80.46000 | stop=80.44620 | tp=80.48070 | atr=0.01380 | signals=ema_trend+rsi | conf=50%
00:25:09 backend.server.scalp_bot.scalp_trader     INFO | ScalpTrader SOL_USD: capped qty to capital (risk_qty=144.93 -> capped_qty=1.242854, notional=100.00)
00:25:09 backend.server.scalp_bot.scalp_trader     INFO | ScalpTrader SOL_USD: SIM entry (simulated) | qty=1.242854 @ 80.46000 | stop=80.44620 | tp=80.48070 | notional=100.00 | id=scalp_entry_f0fe593c
00:25:09 backend.server.scalp_bot.scalp_trader     INFO | ScalpTrader SOL_USD: SIM entry filled @ 80.46000 | stop=80.44620 | tp=80.48070
00:25:18 backend.server.scalp_bot.scalp_runtime     INFO | ScalpRuntime SOL_USD [auto]: rsi=57.1 ema=bull vwap=False vol=False | open_pos=1 | daily_pnl=0.0075
00:25:18 backend.server.scalp_bot.scalp_runtime     INFO | ScalpRuntime XRP_USD [auto]: rsi=43.4 ema=bear vwap=False vol=False | open_pos=1 | daily_pnl=0.0075
00:26:01 backend.server.scalp_bot.candle_feed     INFO | CandleFeed SOL_USD: CLOSED candle @ 80.460000 vol=1.2 trades=5 (n=220)
00:26:01 backend.server.scalp_bot.scalp_runtime     INFO | ScalpRuntime SOL_USD: candle close=80.460000 ema_f=80.457700 ema_s=80.451100 rsi=57.1 atr=0.012800 vwap=80.542532 vol_ok=False ready=True
00:26:03 backend.server.scalp_bot.candle_feed     INFO | CandleFeed XRP_USD: CLOSED candle @ 1.311090 vol=816.0 trades=12 (n=220)
00:26:03 backend.server.scalp_bot.scalp_runtime     INFO | ScalpRuntime XRP_USD: candle close=1.311090 ema_f=1.311100 ema_s=1.311200 rsi=46.2 atr=0.000700 vwap=1.312689 vol_ok=False ready=True
00:26:18 backend.server.scalp_bot.scalp_runtime     INFO | ScalpRuntime SOL_USD [auto]: rsi=57.1 ema=bull vwap=False vol=False | open_pos=1 | daily_pnl=0.0075
00:26:18 backend.server.scalp_bot.scalp_runtime     INFO | ScalpRuntime XRP_USD [auto]: rsi=46.2 ema=bear vwap=False vol=False | open_pos=1 | daily_pnl=0.0075
00:27:00 backend.server.scalp_bot.candle_feed     INFO | CandleFeed XRP_USD: CLOSED candle @ 1.312430 vol=435194.7 trades=90 (n=221)
00:27:00 backend.server.scalp_bot.scalp_runtime     INFO | ScalpRuntime XRP_USD: candle close=1.312430 ema_f=1.311500 ema_s=1.311400 rsi=66.1 atr=0.000800 vwap=1.312329 vol_ok=True ready=True
00:27:00 backend.server.scalp_bot.signal_engine     INFO | SIGNAL [ema] XRP_USD: long @ 1.31243 | stop=1.31163 | tp=1.31363 | atr=0.00080 | signals=ema_cross+rsi+vwap+volume | conf=100%
00:27:00 backend.server.scalp_bot.scalp_trader     INFO | ScalpTrader: no free capital for XRP_USD
00:27:18 backend.server.scalp_bot.scalp_runtime     INFO | ScalpRuntime SOL_USD [auto]: rsi=57.1 ema=bull vwap=False vol=False | open_pos=1 | daily_pnl=0.0075
00:27:18 backend.server.scalp_bot.scalp_runtime     INFO | ScalpRuntime XRP_USD [auto]: rsi=66.1 ema=UP vwap=True vol=True | open_pos=1 | daily_pnl=0.0075
00:27:30 backend.server.scalp_bot.candle_feed     INFO | CandleFeed SOL_USD: CLOSED candle @ 80.460000 vol=1.3 trades=6 (n=221)
00:27:30 backend.server.scalp_bot.scalp_runtime     INFO | ScalpRuntime SOL_USD: candle close=80.460000 ema_f=80.458500 ema_s=80.452400 rsi=57.1 atr=0.014700 vwap=80.542520 vol_ok=False ready=True
00:27:30 backend.server.state     INFO | ALERT [scalp] Scalp TP: SOL_USD — Profit: $+0.0257 | entry=80.46000 exit=80.48070
00:27:30 backend.server.scalp_bot.scalp_trader     INFO | ScalpTrader SOL_USD: PAPER tp hit @ 80.48070 | pnl=0.0257 | daily_pnl=0.0333
00:27:30 backend.server.scalp_bot.signal_engine     INFO | SIGNAL [ema] SOL_USD: long @ 80.46000 | stop=80.44530 | tp=80.48205 | atr=0.01470 | signals=ema_trend+rsi | conf=50%
00:27:30 backend.server.scalp_bot.scalp_trader     INFO | ScalpTrader SOL_USD: capped qty to capital (risk_qty=136.05 -> capped_qty=1.242854, notional=100.00)
00:27:30 backend.server.scalp_bot.scalp_trader     INFO | ScalpTrader SOL_USD: SIM entry (simulated) | qty=1.242854 @ 80.46000 | stop=80.44530 | tp=80.48205 | notional=100.00 | id=scalp_entry_f52d798a
00:27:30 backend.server.scalp_bot.scalp_trader     INFO | ScalpTrader SOL_USD: SIM entry filled @ 80.46000 | stop=80.44530 | tp=80.48205
00:28:07 backend.server.scalp_bot.candle_feed     INFO | CandleFeed XRP_USD: CLOSED candle @ 1.314640 vol=58973.9 trades=46 (n=222)
00:28:07 backend.server.scalp_bot.scalp_runtime     INFO | ScalpRuntime XRP_USD: candle close=1.314640 ema_f=1.312500 ema_s=1.311900 rsi=79.9 atr=0.001000 vwap=1.312393 vol_ok=True ready=True
00:28:07 backend.server.scalp_bot.signal_engine     INFO | SIGNAL [ema] XRP_USD: long @ 1.31464 | stop=1.31364 | tp=1.31614 | atr=0.00100 | signals=ema_trend+vwap+volume | conf=75%
00:28:07 backend.server.scalp_bot.scalp_trader     INFO | ScalpTrader: no free capital for XRP_USD
00:28:18 backend.server.scalp_bot.scalp_runtime     INFO | ScalpRuntime SOL_USD [auto]: rsi=57.1 ema=bull vwap=False vol=False | open_pos=1 | daily_pnl=0.0333
00:28:18 backend.server.scalp_bot.scalp_runtime     INFO | ScalpRuntime XRP_USD [auto]: rsi=79.9 ema=bull vwap=True vol=True | open_pos=1 | daily_pnl=0.0333
00:28:37 backend.server.scalp_bot.candle_feed     INFO | CandleFeed SOL_USD: CLOSED candle @ 80.480000 vol=0.2 trades=1 (n=222)
00:28:37 backend.server.scalp_bot.scalp_runtime     INFO | ScalpRuntime SOL_USD: candle close=80.480000 ema_f=80.465700 ema_s=80.456300 rsi=68.2 atr=0.015100 vwap=80.542518 vol_ok=False ready=True
00:29:09 backend.server.scalp_bot.candle_feed     INFO | CandleFeed XRP_USD: CLOSED candle @ 1.314740 vol=253.1 trades=13 (n=223)
00:29:09 backend.server.scalp_bot.scalp_runtime     INFO | ScalpRuntime XRP_USD: candle close=1.314740 ema_f=1.313200 ema_s=1.312300 rsi=80.3 atr=0.001000 vwap=1.312394 vol_ok=False ready=True
00:29:09 backend.server.scalp_bot.signal_engine     INFO | SIGNAL [ema] XRP_USD: long @ 1.31474 | stop=1.31374 | tp=1.31624 | atr=0.00100 | signals=ema_trend+vwap | conf=50%
00:29:09 backend.server.scalp_bot.scalp_trader     INFO | ScalpTrader: no free capital for XRP_USD
00:29:18 backend.server.scalp_bot.scalp_runtime     INFO | ScalpRuntime SOL_USD [auto]: rsi=68.2 ema=bull vwap=False vol=False | open_pos=1 | daily_pnl=0.0333
00:29:18 backend.server.scalp_bot.scalp_runtime     INFO | ScalpRuntime XRP_USD [auto]: rsi=80.3 ema=bull vwap=True vol=False | open_pos=1 | daily_pnl=0.0333
00:29:22 backend.server.scalp_bot.candle_feed     INFO | CandleFeed SOL_USD: CLOSED candle @ 80.490000 vol=2.6 trades=2 (n=223)
00:29:22 backend.server.scalp_bot.scalp_runtime     INFO | ScalpRuntime SOL_USD: candle close=80.490000 ema_f=80.473800 ema_s=80.461100 rsi=72.2 atr=0.014700 vwap=80.542501 vol_ok=False ready=True
00:29:22 backend.server.state     INFO | ALERT [scalp] Scalp TP: SOL_USD — Profit: $+0.0274 | entry=80.46000 exit=80.48205
00:29:22 backend.server.scalp_bot.scalp_trader     INFO | ScalpTrader SOL_USD: PAPER tp hit @ 80.48205 | pnl=0.0274 | daily_pnl=0.0607
00:30:04 backend.server.scalp_bot.candle_feed     INFO | CandleFeed XRP_USD: CLOSED candle @ 1.314750 vol=169.0 trades=6 (n=224)
00:30:04 backend.server.scalp_bot.scalp_runtime     INFO | ScalpRuntime XRP_USD: candle close=1.314750 ema_f=1.313700 ema_s=1.312700 rsi=80.3 atr=0.000900 vwap=1.312394 vol_ok=False ready=True
00:30:04 backend.server.scalp_bot.signal_engine     INFO | SIGNAL [ema] XRP_USD: long @ 1.31475 | stop=1.31385 | tp=1.31610 | atr=0.00090 | signals=ema_trend+vwap | conf=50%
00:30:04 backend.server.scalp_bot.scalp_trader     INFO | ScalpTrader XRP_USD: capped qty to capital (risk_qty=2222.22 -> capped_qty=76.060087, notional=100.00)
00:30:04 backend.server.scalp_bot.scalp_trader     INFO | ScalpTrader XRP_USD: SIM entry (simulated) | qty=76.060087 @ 1.31475 | stop=1.31385 | tp=1.31610 | notional=100.00 | id=scalp_entry_c4478059
00:30:04 backend.server.scalp_bot.scalp_trader     INFO | ScalpTrader XRP_USD: SIM entry filled @ 1.31475 | stop=1.31385 | tp=1.31610
00:30:18 backend.server.scalp_bot.scalp_runtime     INFO | ScalpRuntime SOL_USD [auto]: rsi=72.2 ema=bull vwap=False vol=False | open_pos=1 | daily_pnl=0.0607
00:30:18 backend.server.scalp_bot.scalp_runtime     INFO | ScalpRuntime XRP_USD [auto]: rsi=80.3 ema=bull vwap=True vol=False | open_pos=1 | daily_pnl=0.0607
00:30:22 backend.server.scalp_bot.candle_feed     INFO | CandleFeed SOL_USD: CLOSED candle @ 80.510000 vol=1.2 trades=3 (n=224)
00:30:22 backend.server.scalp_bot.scalp_runtime     INFO | ScalpRuntime SOL_USD: candle close=80.510000 ema_f=80.485900 ema_s=80.468100 rsi=78.4 atr=0.015100 vwap=80.542496 vol_ok=False ready=True
00:31:01 backend.server.scalp_bot.candle_feed     INFO | CandleFeed SOL_USD: CLOSED candle @ 80.510000 vol=92.5 trades=8 (n=225)
00:31:01 backend.server.scalp_bot.scalp_runtime     INFO | ScalpRuntime SOL_USD: candle close=80.510000 ema_f=80.493900 ema_s=80.474100 rsi=78.4 atr=0.015400 vwap=80.542137 vol_ok=True ready=True
00:31:01 backend.server.scalp_bot.signal_engine     INFO | SIGNAL [ema] SOL_USD: long @ 80.51000 | stop=80.49460 | tp=80.53310 | atr=0.01540 | signals=ema_trend+volume | conf=50%
00:31:01 backend.server.scalp_bot.scalp_trader     INFO | ScalpTrader: no free capital for SOL_USD
00:31:03 backend.server.scalp_bot.candle_feed     INFO | CandleFeed XRP_USD: CLOSED candle @ 1.314330 vol=1637.1 trades=11 (n=225)
00:31:03 backend.server.scalp_bot.scalp_runtime     INFO | ScalpRuntime XRP_USD: candle close=1.314330 ema_f=1.313900 ema_s=1.312900 rsi=72.5 atr=0.000900 vwap=1.312397 vol_ok=False ready=True
00:31:18 backend.server.scalp_bot.scalp_runtime     INFO | ScalpRuntime SOL_USD [auto]: rsi=78.4 ema=bull vwap=False vol=True | open_pos=1 | daily_pnl=0.0607
00:31:18 backend.server.scalp_bot.scalp_runtime     INFO | ScalpRuntime XRP_USD [auto]: rsi=72.5 ema=bull vwap=True vol=False | open_pos=1 | daily_pnl=0.0607
00:32:14 backend.server.scalp_bot.candle_feed     INFO | CandleFeed SOL_USD: CLOSED candle @ 80.510000 vol=0.4 trades=2 (n=226)
00:32:14 backend.server.scalp_bot.scalp_runtime     INFO | ScalpRuntime SOL_USD: candle close=80.510000 ema_f=80.499300 ema_s=80.479200 rsi=78.4 atr=0.015000 vwap=80.542135 vol_ok=False ready=True
00:32:14 backend.server.scalp_bot.candle_feed     INFO | CandleFeed XRP_USD: CLOSED candle @ 1.314530 vol=915.2 trades=12 (n=226)
00:32:14 backend.server.scalp_bot.scalp_runtime     INFO | ScalpRuntime XRP_USD: candle close=1.314530 ema_f=1.314100 ema_s=1.313100 rsi=73.9 atr=0.000900 vwap=1.312399 vol_ok=False ready=True
00:32:18 backend.server.scalp_bot.scalp_runtime     INFO | ScalpRuntime SOL_USD [auto]: rsi=78.4 ema=bull vwap=False vol=False | open_pos=1 | daily_pnl=0.0607
00:32:18 backend.server.scalp_bot.scalp_runtime     INFO | ScalpRuntime XRP_USD [auto]: rsi=73.9 ema=bull vwap=True vol=False | open_pos=1 | daily_pnl=0.0607
00:33:10 backend.server.scalp_bot.candle_feed     INFO | CandleFeed XRP_USD: CLOSED candle @ 1.314970 vol=261.7 trades=9 (n=227)
00:33:10 backend.server.scalp_bot.scalp_runtime     INFO | ScalpRuntime XRP_USD: candle close=1.314970 ema_f=1.314400 ema_s=1.313400 rsi=76.7 atr=0.000900 vwap=1.312400 vol_ok=False ready=True
00:33:18 backend.server.scalp_bot.scalp_runtime     INFO | ScalpRuntime SOL_USD [auto]: rsi=78.4 ema=bull vwap=False vol=False | open_pos=1 | daily_pnl=0.0607
00:33:18 backend.server.scalp_bot.scalp_runtime     INFO | ScalpRuntime XRP_USD [auto]: rsi=76.7 ema=bull vwap=True vol=False | open_pos=1 | daily_pnl=0.0607
00:33:27 backend.server.scalp_bot.candle_feed     INFO | CandleFeed SOL_USD: CLOSED candle @ 80.500000 vol=0.8 trades=6 (n=227)
00:33:27 backend.server.scalp_bot.scalp_runtime     INFO | ScalpRuntime SOL_USD: candle close=80.500000 ema_f=80.499500 ema_s=80.482200 rsi=67.7 atr=0.014600 vwap=80.542132 vol_ok=False ready=True
00:33:27 backend.server.scalp_bot.signal_engine     INFO | SIGNAL [ema] SOL_USD: long @ 80.50000 | stop=80.48540 | tp=80.52190 | atr=0.01460 | signals=ema_trend+rsi | conf=50%
00:33:27 backend.server.scalp_bot.scalp_trader     INFO | ScalpTrader: no free capital for SOL_USD
00:34:11 backend.server.scalp_bot.candle_feed     INFO | CandleFeed SOL_USD: CLOSED candle @ 80.500000 vol=0.1 trades=1 (n=228)
00:34:11 backend.server.scalp_bot.scalp_runtime     INFO | ScalpRuntime SOL_USD: candle close=80.500000 ema_f=80.499700 ema_s=80.484700 rsi=67.7 atr=0.013600 vwap=80.542131 vol_ok=False ready=True
00:34:11 backend.server.scalp_bot.signal_engine     INFO | SIGNAL [ema] SOL_USD: long @ 80.50000 | stop=80.48640 | tp=80.52040 | atr=0.01360 | signals=ema_trend+rsi | conf=50%
00:34:11 backend.server.scalp_bot.scalp_trader     INFO | ScalpTrader: no free capital for SOL_USD
00:34:12 backend.server.scalp_bot.candle_feed     INFO | CandleFeed XRP_USD: CLOSED candle @ 1.314440 vol=127.1 trades=8 (n=228)
00:34:12 backend.server.scalp_bot.scalp_runtime     INFO | ScalpRuntime XRP_USD: candle close=1.314440 ema_f=1.314400 ema_s=1.313500 rsi=66.8 atr=0.000900 vwap=1.312400 vol_ok=False ready=True
00:34:18 backend.server.scalp_bot.scalp_runtime     INFO | ScalpRuntime SOL_USD [auto]: rsi=67.7 ema=bull vwap=False vol=False | open_pos=1 | daily_pnl=0.0607
00:34:18 backend.server.scalp_bot.scalp_runtime     INFO | ScalpRuntime XRP_USD [auto]: rsi=66.8 ema=bull vwap=True vol=False | open_pos=1 | daily_pnl=0.0607
00:35:01 backend.server.scalp_bot.candle_feed     INFO | CandleFeed SOL_USD: CLOSED candle @ 80.480000 vol=4.0 trades=8 (n=229)
00:35:01 backend.server.scalp_bot.scalp_runtime     INFO | ScalpRuntime SOL_USD: candle close=80.480000 ema_f=80.493100 ema_s=80.484000 rsi=50.3 atr=0.014800 vwap=80.542106 vol_ok=False ready=True
00:35:01 backend.server.scalp_bot.signal_engine     INFO | SIGNAL [ema] SOL_USD: long @ 80.48000 | stop=80.46520 | tp=80.50220 | atr=0.01480 | signals=ema_trend+rsi | conf=50%
00:35:01 backend.server.scalp_bot.scalp_trader     INFO | ScalpTrader: no free capital for SOL_USD
00:35:10 backend.server.scalp_bot.candle_feed     INFO | CandleFeed XRP_USD: CLOSED candle @ 1.313990 vol=130.0 trades=6 (n=229)
00:35:10 backend.server.scalp_bot.scalp_runtime     INFO | ScalpRuntime XRP_USD: candle close=1.313990 ema_f=1.314300 ema_s=1.313600 rsi=59.5 atr=0.000900 vwap=1.312400 vol_ok=False ready=True
00:35:18 backend.server.scalp_bot.scalp_runtime     INFO | ScalpRuntime SOL_USD [auto]: rsi=50.3 ema=bull vwap=False vol=False | open_pos=1 | daily_pnl=0.0607
00:35:18 backend.server.scalp_bot.scalp_runtime     INFO | ScalpRuntime XRP_USD [auto]: rsi=59.5 ema=bull vwap=True vol=False | open_pos=1 | daily_pnl=0.0607
00:36:07 backend.server.scalp_bot.candle_feed     INFO | CandleFeed XRP_USD: CLOSED candle @ 1.313700 vol=226.9 trades=10 (n=230)
00:36:07 backend.server.scalp_bot.scalp_runtime     INFO | ScalpRuntime XRP_USD: candle close=1.313700 ema_f=1.314100 ema_s=1.313600 rsi=55.2 atr=0.000900 vwap=1.312400 vol_ok=False ready=True
00:36:07 backend.server.state  WARNING | ALERT [scalp] Scalp STOP: XRP_USD — Loss: $-0.0685 | entry=1.31475 exit=1.31385
00:36:07 backend.server.scalp_bot.scalp_trader     INFO | ScalpTrader XRP_USD: PAPER stop hit @ 1.31385 | pnl=-0.0685 | daily_pnl=-0.0078
00:36:18 backend.server.scalp_bot.scalp_runtime     INFO | ScalpRuntime SOL_USD [auto]: rsi=50.3 ema=bull vwap=False vol=False | open_pos=0 | daily_pnl=-0.0078
00:36:18 backend.server.scalp_bot.scalp_runtime     INFO | ScalpRuntime XRP_USD [auto]: rsi=55.2 ema=bull vwap=True vol=False | open_pos=0 | daily_pnl=-0.0078
00:36:31 backend.server.scalp_bot.candle_feed     INFO | CandleFeed SOL_USD: CLOSED candle @ 80.470000 vol=47.2 trades=9 (n=230)
00:36:31 backend.server.scalp_bot.scalp_runtime     INFO | ScalpRuntime SOL_USD: candle close=80.470000 ema_f=80.485400 ema_s=80.482000 rsi=44.0 atr=0.015200 vwap=80.541684 vol_ok=True ready=True
00:36:31 backend.server.scalp_bot.signal_engine     INFO | SIGNAL [ema] SOL_USD: long @ 80.47000 | stop=80.45480 | tp=80.49280 | atr=0.01520 | signals=ema_trend+volume | conf=50%
00:36:31 backend.server.scalp_bot.scalp_trader     INFO | ScalpTrader SOL_USD: capped qty to capital (risk_qty=131.58 -> capped_qty=1.242699, notional=100.00)
00:36:31 backend.server.scalp_bot.scalp_trader     INFO | ScalpTrader SOL_USD: SIM entry (simulated) | qty=1.242699 @ 80.47000 | stop=80.45480 | tp=80.49280 | notional=100.00 | id=scalp_entry_fc7c753c
00:36:31 backend.server.scalp_bot.scalp_trader     INFO | ScalpTrader SOL_USD: SIM entry filled @ 80.47000 | stop=80.45480 | tp=80.49280
00:37:04 backend.server.scalp_bot.candle_feed     INFO | CandleFeed XRP_USD: CLOSED candle @ 1.313520 vol=69.9 trades=6 (n=231)
00:37:04 backend.server.scalp_bot.scalp_runtime     INFO | ScalpRuntime XRP_USD: candle close=1.313520 ema_f=1.313900 ema_s=1.313600 rsi=52.5 atr=0.000900 vwap=1.312401 vol_ok=False ready=True
00:37:04 backend.server.scalp_bot.signal_engine     INFO | SIGNAL [ema] XRP_USD: long @ 1.31352 | stop=1.31262 | tp=1.31487 | atr=0.00090 | signals=ema_trend+rsi+vwap | conf=75%
00:37:04 backend.server.scalp_bot.scalp_trader     INFO | ScalpTrader: no free capital for XRP_USD
00:37:11 backend.server.scalp_bot.candle_feed     INFO | CandleFeed SOL_USD: CLOSED candle @ 80.470000 vol=15.8 trades=6 (n=231)
00:37:11 backend.server.scalp_bot.scalp_runtime     INFO | ScalpRuntime SOL_USD: candle close=80.470000 ema_f=80.480300 ema_s=80.480300 rsi=44.0 atr=0.014800 vwap=80.541543 vol_ok=True ready=True
00:37:18 backend.server.scalp_bot.scalp_runtime     INFO | ScalpRuntime SOL_USD [auto]: rsi=44.0 ema=bear vwap=False vol=True | open_pos=1 | daily_pnl=-0.0078
00:37:18 backend.server.scalp_bot.scalp_runtime     INFO | ScalpRuntime XRP_USD [auto]: rsi=52.5 ema=bull vwap=True vol=False | open_pos=1 | daily_pnl=-0.0078
00:38:01 backend.server.scalp_bot.candle_feed     INFO | CandleFeed XRP_USD: CLOSED candle @ 1.313210 vol=735.6 trades=9 (n=232)
00:38:01 backend.server.scalp_bot.scalp_runtime     INFO | ScalpRuntime XRP_USD: candle close=1.313210 ema_f=1.313700 ema_s=1.313500 rsi=47.9 atr=0.000900 vwap=1.312401 vol_ok=False ready=True
00:38:01 backend.server.scalp_bot.signal_engine     INFO | SIGNAL [ema] XRP_USD: long @ 1.31321 | stop=1.31231 | tp=1.31456 | atr=0.00090 | signals=ema_trend+vwap | conf=50%
00:38:01 backend.server.scalp_bot.scalp_trader     INFO | ScalpTrader: no free capital for XRP_USD
00:38:18 backend.server.scalp_bot.scalp_runtime     INFO | ScalpRuntime SOL_USD [auto]: rsi=44.0 ema=bear vwap=False vol=True | open_pos=1 | daily_pnl=-0.0078
00:38:18 backend.server.scalp_bot.scalp_runtime     INFO | ScalpRuntime XRP_USD [auto]: rsi=47.9 ema=bull vwap=True vol=False | open_pos=1 | daily_pnl=-0.0078
00:38:43 backend.server.scalp_bot.candle_feed     INFO | CandleFeed SOL_USD: CLOSED candle @ 80.420000 vol=261.9 trades=9 (n=232)
00:38:43 backend.server.scalp_bot.scalp_runtime     INFO | ScalpRuntime SOL_USD: candle close=80.420000 ema_f=80.460200 ema_s=80.471700 rsi=24.4 atr=0.017300 vwap=80.538289 vol_ok=True ready=True
00:38:43 backend.server.state  WARNING | ALERT [scalp] Scalp STOP: SOL_USD — Loss: $-0.0189 | entry=80.47000 exit=80.45480
00:38:43 backend.server.scalp_bot.scalp_trader     INFO | ScalpTrader SOL_USD: PAPER stop hit @ 80.45480 | pnl=-0.0189 | daily_pnl=-0.0267
00:39:00 backend.server.scalp_bot.candle_feed     INFO | CandleFeed SOL_USD: CLOSED candle @ 80.440000 vol=0.1 trades=2 (n=233)
00:39:00 backend.server.scalp_bot.scalp_runtime     INFO | ScalpRuntime SOL_USD: candle close=80.440000 ema_f=80.453500 ema_s=80.467200 rsi=37.0 atr=0.017500 vwap=80.538288 vol_ok=False ready=True
00:39:08 backend.server.scalp_bot.candle_feed     INFO | CandleFeed XRP_USD: CLOSED candle @ 1.313030 vol=500.4 trades=15 (n=233)
00:39:08 backend.server.scalp_bot.scalp_runtime     INFO | ScalpRuntime XRP_USD: candle close=1.313030 ema_f=1.313500 ema_s=1.313400 rsi=45.4 atr=0.000900 vwap=1.312401 vol_ok=False ready=True
00:39:08 backend.server.scalp_bot.signal_engine     INFO | SIGNAL [ema] XRP_USD: long @ 1.31303 | stop=1.31213 | tp=1.31438 | atr=0.00090 | signals=ema_trend+vwap | conf=50%
00:39:08 backend.server.scalp_bot.scalp_trader     INFO | ScalpTrader XRP_USD: capped qty to capital (risk_qty=2222.22 -> capped_qty=76.159722, notional=100.00)
00:39:08 backend.server.scalp_bot.scalp_trader     INFO | ScalpTrader XRP_USD: SIM entry (simulated) | qty=76.159722 @ 1.31303 | stop=1.31213 | tp=1.31438 | notional=100.00 | id=scalp_entry_e41ed40b
00:39:08 backend.server.scalp_bot.scalp_trader     INFO | ScalpTrader XRP_USD: SIM entry filled @ 1.31303 | stop=1.31213 | tp=1.31438
00:39:18 backend.server.scalp_bot.scalp_runtime     INFO | ScalpRuntime SOL_USD [auto]: rsi=37.0 ema=bear vwap=False vol=False | open_pos=1 | daily_pnl=-0.0267
00:39:18 backend.server.scalp_bot.scalp_runtime     INFO | ScalpRuntime XRP_USD [auto]: rsi=45.4 ema=bull vwap=True vol=False | open_pos=1 | daily_pnl=-0.0267
00:40:05 backend.server.scalp_bot.candle_feed     INFO | CandleFeed SOL_USD: CLOSED candle @ 80.440000 vol=0.2 trades=1 (n=234)
00:40:05 backend.server.scalp_bot.scalp_runtime     INFO | ScalpRuntime SOL_USD: candle close=80.440000 ema_f=80.449000 ema_s=80.463300 rsi=37.0 atr=0.016300 vwap=80.538285 vol_ok=False ready=True
00:40:07 backend.server.scalp_bot.candle_feed     INFO | CandleFeed XRP_USD: CLOSED candle @ 1.313110 vol=165.6 trades=7 (n=234)
00:40:07 backend.server.scalp_bot.scalp_runtime     INFO | ScalpRuntime XRP_USD: candle close=1.313110 ema_f=1.313400 ema_s=1.313400 rsi=46.8 atr=0.000800 vwap=1.312402 vol_ok=False ready=True
00:40:18 backend.server.scalp_bot.scalp_runtime     INFO | ScalpRuntime SOL_USD [auto]: rsi=37.0 ema=bear vwap=False vol=False | open_pos=1 | daily_pnl=-0.0267
00:40:18 backend.server.scalp_bot.scalp_runtime     INFO | ScalpRuntime XRP_USD [auto]: rsi=46.8 ema=bear vwap=True vol=False | open_pos=1 | daily_pnl=-0.0267
00:41:02 backend.server.scalp_bot.candle_feed     INFO | CandleFeed SOL_USD: CLOSED candle @ 80.420000 vol=13.2 trades=7 (n=235)
00:41:02 backend.server.scalp_bot.scalp_runtime     INFO | ScalpRuntime SOL_USD: candle close=80.420000 ema_f=80.439300 ema_s=80.457100 rsi=30.6 atr=0.018000 vwap=80.538126 vol_ok=False ready=True
00:41:11 backend.server.scalp_bot.candle_feed     INFO | CandleFeed XRP_USD: CLOSED candle @ 1.312440 vol=24781.7 trades=20 (n=235)
00:41:11 backend.server.scalp_bot.scalp_runtime     INFO | ScalpRuntime XRP_USD: candle close=1.312440 ema_f=1.313100 ema_s=1.313300 rsi=37.6 atr=0.000800 vwap=1.312408 vol_ok=False ready=True
00:41:18 backend.server.scalp_bot.scalp_runtime     INFO | ScalpRuntime SOL_USD [auto]: rsi=30.6 ema=bear vwap=False vol=False | open_pos=1 | daily_pnl=-0.0267
00:41:18 backend.server.scalp_bot.scalp_runtime     INFO | ScalpRuntime XRP_USD [auto]: rsi=37.6 ema=bear vwap=True vol=False | open_pos=1 | daily_pnl=-0.0267
00:42:03 backend.server.scalp_bot.candle_feed     INFO | CandleFeed SOL_USD: CLOSED candle @ 80.440000 vol=10.6 trades=5 (n=236)
00:42:03 backend.server.scalp_bot.scalp_runtime     INFO | ScalpRuntime SOL_USD: candle close=80.440000 ema_f=80.439500 ema_s=80.454700 rsi=41.9 atr=0.018100 vwap=80.538007 vol_ok=False ready=True
00:42:03 backend.server.scalp_bot.candle_feed     INFO | CandleFeed XRP_USD: CLOSED candle @ 1.312500 vol=11366.8 trades=10 (n=236)
00:42:03 backend.server.scalp_bot.scalp_runtime     INFO | ScalpRuntime XRP_USD: candle close=1.312500 ema_f=1.312900 ema_s=1.313200 rsi=38.8 atr=0.000800 vwap=1.312409 vol_ok=False ready=True
00:42:18 backend.server.scalp_bot.scalp_runtime     INFO | ScalpRuntime SOL_USD [auto]: rsi=41.9 ema=bear vwap=False vol=False | open_pos=1 | daily_pnl=-0.0267
00:42:18 backend.server.scalp_bot.scalp_runtime     INFO | ScalpRuntime XRP_USD [auto]: rsi=38.8 ema=bear vwap=True vol=False | open_pos=1 | daily_pnl=-0.0267
00:43:01 backend.server.scalp_bot.candle_feed     INFO | CandleFeed XRP_USD: CLOSED candle @ 1.312570 vol=11994.1 trades=12 (n=237)
00:43:01 backend.server.scalp_bot.scalp_runtime     INFO | ScalpRuntime XRP_USD: candle close=1.312570 ema_f=1.312800 ema_s=1.313100 rsi=40.3 atr=0.000800 vwap=1.312411 vol_ok=False ready=True
00:43:18 backend.server.scalp_bot.scalp_runtime     INFO | ScalpRuntime SOL_USD [auto]: rsi=41.9 ema=bear vwap=False vol=False | open_pos=1 | daily_pnl=-0.0267
00:43:18 backend.server.scalp_bot.scalp_runtime     INFO | ScalpRuntime XRP_USD [auto]: rsi=40.3 ema=bear vwap=True vol=False | open_pos=1 | daily_pnl=-0.0267
00:43:45 backend.server.scalp_bot.candle_feed     INFO | CandleFeed SOL_USD: CLOSED candle @ 80.440000 vol=140.1 trades=9 (n=237)
00:43:45 backend.server.scalp_bot.scalp_runtime     INFO | ScalpRuntime SOL_USD: candle close=80.440000 ema_f=80.439700 ema_s=80.452600 rsi=41.9 atr=0.017500 vwap=80.536406 vol_ok=True ready=True
00:44:10 backend.server.scalp_bot.candle_feed     INFO | CandleFeed XRP_USD: CLOSED candle @ 1.312430 vol=750.5 trades=9 (n=238)
00:44:10 backend.server.scalp_bot.scalp_runtime     INFO | ScalpRuntime XRP_USD: candle close=1.312430 ema_f=1.312700 ema_s=1.313000 rsi=38.2 atr=0.000800 vwap=1.312411 vol_ok=False ready=True
00:44:18 backend.server.scalp_bot.scalp_runtime     INFO | ScalpRuntime SOL_USD [auto]: rsi=41.9 ema=bear vwap=False vol=True | open_pos=1 | daily_pnl=-0.0267
00:44:18 backend.server.scalp_bot.scalp_runtime     INFO | ScalpRuntime XRP_USD [auto]: rsi=38.2 ema=bear vwap=True vol=False | open_pos=1 | daily_pnl=-0.0267
00:44:39 backend.server.scalp_bot.candle_feed     INFO | CandleFeed SOL_USD: CLOSED candle @ 80.420000 vol=2.0 trades=3 (n=238)
00:44:39 backend.server.scalp_bot.bar_store  WARNING | bar_store: failed to read C:\Users\daroo\Desktop\Repos\tradingbot-1\data\kraken_bars\SOL_USD_1m.parquet
Traceback (most recent call last):
  File "C:\Users\daroo\Desktop\Repos\tradingbot-1\backend\server\scalp_bot\bar_store.py", line 64, in _load_table
    return pq.read_table(path)
           ~~~~~~~~~~~~~^^^^^^
  File "C:\Users\daroo\AppData\Roaming\Python\Python314\site-packages\pyarrow\parquet\core.py", line 1926, in read_table
    return dataset.read(columns=columns, use_threads=use_threads,
           ~~~~~~~~~~~~^^^^^^^^^^^^^^^^^^^^^^^^^^^^^^^^^^^^^^^^^^
                        use_pandas_metadata=use_pandas_metadata)
                        ^^^^^^^^^^^^^^^^^^^^^^^^^^^^^^^^^^^^^^^^
  File "C:\Users\daroo\AppData\Roaming\Python\Python314\site-packages\pyarrow\parquet\core.py", line 1552, in read
    table = self._dataset.to_table(
        columns=columns, filter=self._filter_expression,
        use_threads=use_threads
    )
  File "pyarrow/_dataset.pyx", line 589, in pyarrow._dataset.Dataset.to_table
    ).to_table()
  File "pyarrow/_dataset.pyx", line 3969, in pyarrow._dataset.Scanner.to_table
    return pyarrow_wrap_table(GetResultValue(result))
  File "pyarrow/error.pxi", line 155, in pyarrow.lib.pyarrow_internal_check_status
    return check_status(status)
  File "pyarrow/error.pxi", line 92, in pyarrow.lib.check_status
    raise convert_status(status)
OSError: Couldn't deserialize thrift: TProtocolException: Exceeded size limit
Deserializing page header failed.

00:44:39 backend.server.scalp_bot.scalp_runtime     INFO | ScalpRuntime SOL_USD: candle close=80.420000 ema_f=80.433100 ema_s=80.447900 rsi=34.7 atr=0.017700 vwap=80.536381 vol_ok=False ready=True
00:45:03 backend.server.scalp_bot.candle_feed     INFO | CandleFeed XRP_USD: CLOSED candle @ 1.312270 vol=342.5 trades=6 (n=239)
00:45:03 backend.server.scalp_bot.scalp_runtime     INFO | ScalpRuntime XRP_USD: candle close=1.312270 ema_f=1.312600 ema_s=1.312900 rsi=35.7 atr=0.000800 vwap=1.312411 vol_ok=False ready=True
00:45:03 backend.server.state  WARNING | ALERT [scalp] Scalp STOP: XRP_USD — Loss: $-0.0685 | entry=1.31303 exit=1.31213
00:45:03 backend.server.scalp_bot.scalp_trader     INFO | ScalpTrader XRP_USD: PAPER stop hit @ 1.31213 | pnl=-0.0685 | daily_pnl=-0.0952
00:45:07 backend.server.scalp_bot.candle_feed     INFO | CandleFeed SOL_USD: CLOSED candle @ 80.450000 vol=0.1 trades=3 (n=239)
00:45:07 backend.server.scalp_bot.scalp_runtime     INFO | ScalpRuntime SOL_USD: candle close=80.450000 ema_f=80.438700 ema_s=80.448200 rsi=49.4 atr=0.018600 vwap=80.536380 vol_ok=False ready=True
00:45:18 backend.server.scalp_bot.scalp_runtime     INFO | ScalpRuntime SOL_USD [auto]: rsi=49.4 ema=bear vwap=False vol=False | open_pos=0 | daily_pnl=-0.0952
00:45:18 backend.server.scalp_bot.scalp_runtime     INFO | ScalpRuntime XRP_USD [auto]: rsi=35.7 ema=bear vwap=False vol=False | open_pos=0 | daily_pnl=-0.0952
00:46:04 backend.server.scalp_bot.candle_feed     INFO | CandleFeed XRP_USD: CLOSED candle @ 1.312490 vol=406.5 trades=6 (n=240)
00:46:04 backend.server.scalp_bot.scalp_runtime     INFO | ScalpRuntime XRP_USD: candle close=1.312490 ema_f=1.312600 ema_s=1.312800 rsi=41.5 atr=0.000800 vwap=1.312411 vol_ok=False ready=True
00:46:18 backend.server.scalp_bot.scalp_runtime     INFO | ScalpRuntime SOL_USD [auto]: rsi=49.4 ema=bear vwap=False vol=False | open_pos=0 | daily_pnl=-0.0952
00:46:18 backend.server.scalp_bot.scalp_runtime     INFO | ScalpRuntime XRP_USD [auto]: rsi=41.5 ema=bear vwap=True vol=False | open_pos=0 | daily_pnl=-0.0952
00:46:22 backend.server.scalp_bot.candle_feed     INFO | CandleFeed SOL_USD: CLOSED candle @ 80.450000 vol=5.1 trades=4 (n=240)
00:46:22 backend.server.scalp_bot.scalp_runtime     INFO | ScalpRuntime SOL_USD: candle close=80.450000 ema_f=80.442500 ema_s=80.448500 rsi=49.4 atr=0.017300 vwap=80.536330 vol_ok=False ready=True
00:47:01 backend.server.scalp_bot.candle_feed     INFO | CandleFeed XRP_USD: CLOSED candle @ 1.312400 vol=1604.7 trades=11 (n=241)
00:47:01 backend.server.scalp_bot.scalp_runtime     INFO | ScalpRuntime XRP_USD: candle close=1.312400 ema_f=1.312500 ema_s=1.312700 rsi=39.9 atr=0.000800 vwap=1.312411 vol_ok=False ready=True
00:47:18 backend.server.scalp_bot.scalp_runtime     INFO | ScalpRuntime SOL_USD [auto]: rsi=49.4 ema=bear vwap=False vol=False | open_pos=0 | daily_pnl=-0.0952
00:47:18 backend.server.scalp_bot.scalp_runtime     INFO | ScalpRuntime XRP_USD [auto]: rsi=39.9 ema=bear vwap=False vol=False | open_pos=0 | daily_pnl=-0.0952
00:47:46 backend.server.scalp_bot.candle_feed     INFO | CandleFeed SOL_USD: CLOSED candle @ 80.460000 vol=3.9 trades=4 (n=241)
00:47:46 backend.server.scalp_bot.scalp_runtime     INFO | ScalpRuntime SOL_USD: candle close=80.460000 ema_f=80.448300 ema_s=80.450100 rsi=53.8 atr=0.016800 vwap=80.536297 vol_ok=False ready=True
00:48:17 backend.server.scalp_bot.candle_feed     INFO | CandleFeed XRP_USD: CLOSED candle @ 1.312180 vol=6459.6 trades=10 (n=242)
00:48:17 backend.server.scalp_bot.scalp_runtime     INFO | ScalpRuntime XRP_USD: candle close=1.312180 ema_f=1.312400 ema_s=1.312600 rsi=35.9 atr=0.000800 vwap=1.312410 vol_ok=True ready=True
00:48:18 backend.server.scalp_bot.candle_feed     INFO | CandleFeed SOL_USD: CLOSED candle @ 80.450000 vol=0.1 trades=2 (n=242)
00:48:18 backend.server.scalp_bot.scalp_runtime     INFO | ScalpRuntime SOL_USD: candle close=80.450000 ema_f=80.448900 ema_s=80.450100 rsi=49.0 atr=0.016300 vwap=80.536296 vol_ok=False ready=True
00:48:18 backend.server.scalp_bot.scalp_runtime     INFO | ScalpRuntime SOL_USD [auto]: rsi=49.0 ema=bear vwap=False vol=False | open_pos=0 | daily_pnl=-0.0952
00:48:18 backend.server.scalp_bot.scalp_runtime     INFO | ScalpRuntime XRP_USD [auto]: rsi=35.9 ema=bear vwap=False vol=True | open_pos=0 | daily_pnl=-0.0952
00:49:04 backend.server.scalp_bot.candle_feed     INFO | CandleFeed XRP_USD: CLOSED candle @ 1.310710 vol=8956.5 trades=9 (n=243)
00:49:04 backend.server.scalp_bot.scalp_runtime     INFO | ScalpRuntime XRP_USD: candle close=1.310710 ema_f=1.311800 ema_s=1.312300 rsi=20.6 atr=0.000800 vwap=1.312401 vol_ok=True ready=True
00:49:04 backend.server.scalp_bot.candle_feed     INFO | CandleFeed SOL_USD: CLOSED candle @ 80.400000 vol=88.2 trades=8 (n=243)
00:49:04 backend.server.scalp_bot.scalp_runtime     INFO | ScalpRuntime SOL_USD: candle close=80.400000 ema_f=80.432600 ema_s=80.442900 rsi=32.7 atr=0.018700 vwap=80.535120 vol_ok=True ready=True
00:49:18 backend.server.scalp_bot.scalp_runtime     INFO | ScalpRuntime SOL_USD [auto]: rsi=32.7 ema=bear vwap=False vol=True | open_pos=0 | daily_pnl=-0.0952
00:49:18 backend.server.scalp_bot.scalp_runtime     INFO | ScalpRuntime XRP_USD [auto]: rsi=20.6 ema=bear vwap=False vol=True | open_pos=0 | daily_pnl=-0.0952
00:50:02 backend.server.scalp_bot.candle_feed     INFO | CandleFeed SOL_USD: CLOSED candle @ 80.400000 vol=6.6 trades=6 (n=244)
00:50:02 backend.server.scalp_bot.scalp_runtime     INFO | ScalpRuntime SOL_USD: candle close=80.400000 ema_f=80.421700 ema_s=80.436800 rsi=32.7 atr=0.018100 vwap=80.535019 vol_ok=False ready=True
00:50:11 backend.server.scalp_bot.candle_feed     INFO | CandleFeed XRP_USD: CLOSED candle @ 1.310150 vol=4458.5 trades=36 (n=244)
00:50:11 backend.server.scalp_bot.scalp_runtime     INFO | ScalpRuntime XRP_USD: candle close=1.310150 ema_f=1.311300 ema_s=1.312000 rsi=17.5 atr=0.000800 vwap=1.312393 vol_ok=False ready=True
00:50:18 backend.server.scalp_bot.scalp_runtime     INFO | ScalpRuntime SOL_USD [auto]: rsi=32.7 ema=bear vwap=False vol=False | open_pos=0 | daily_pnl=-0.0952
00:50:18 backend.server.scalp_bot.scalp_runtime     INFO | ScalpRuntime XRP_USD [auto]: rsi=17.5 ema=bear vwap=False vol=False | open_pos=0 | daily_pnl=-0.0952
00:51:03 backend.server.scalp_bot.candle_feed     INFO | CandleFeed XRP_USD: CLOSED candle @ 1.311140 vol=449.3 trades=6 (n=245)
00:51:03 backend.server.scalp_bot.scalp_runtime     INFO | ScalpRuntime XRP_USD: candle close=1.311140 ema_f=1.311200 ema_s=1.311900 rsi=36.8 atr=0.000800 vwap=1.312392 vol_ok=False ready=True
00:51:09 backend.server.scalp_bot.candle_feed     INFO | CandleFeed SOL_USD: CLOSED candle @ 80.400000 vol=11.1 trades=5 (n=245)
00:51:09 backend.server.scalp_bot.scalp_runtime     INFO | ScalpRuntime SOL_USD: candle close=80.400000 ema_f=80.414500 ema_s=80.431500 rsi=32.7 atr=0.016800 vwap=80.534852 vol_ok=False ready=True
00:51:18 backend.server.scalp_bot.scalp_runtime     INFO | ScalpRuntime SOL_USD [auto]: rsi=32.7 ema=bear vwap=False vol=False | open_pos=0 | daily_pnl=-0.0952
00:51:18 backend.server.scalp_bot.scalp_runtime     INFO | ScalpRuntime XRP_USD [auto]: rsi=36.8 ema=bear vwap=False vol=False | open_pos=0 | daily_pnl=-0.0952
00:52:09 backend.server.scalp_bot.candle_feed     INFO | CandleFeed XRP_USD: CLOSED candle @ 1.311240 vol=40580.6 trades=21 (n=246)
00:52:09 backend.server.scalp_bot.scalp_runtime     INFO | ScalpRuntime XRP_USD: candle close=1.311240 ema_f=1.311200 ema_s=1.311800 rsi=38.5 atr=0.000800 vwap=1.312349 vol_ok=True ready=True
00:52:18 backend.server.scalp_bot.scalp_runtime     INFO | ScalpRuntime SOL_USD [auto]: rsi=32.7 ema=bear vwap=False vol=False | open_pos=0 | daily_pnl=-0.0952
00:52:18 backend.server.scalp_bot.scalp_runtime     INFO | ScalpRuntime XRP_USD [auto]: rsi=38.5 ema=bear vwap=False vol=True | open_pos=0 | daily_pnl=-0.0952
00:52:42 backend.server.scalp_bot.candle_feed     INFO | CandleFeed SOL_USD: CLOSED candle @ 80.460000 vol=8.8 trades=6 (n=246)
00:52:42 backend.server.scalp_bot.scalp_runtime     INFO | ScalpRuntime SOL_USD: candle close=80.460000 ema_f=80.429700 ema_s=80.435600 rsi=57.1 atr=0.019900 vwap=80.534768 vol_ok=False ready=True
00:53:10 backend.server.scalp_bot.candle_feed     INFO | CandleFeed XRP_USD: CLOSED candle @ 1.311260 vol=17535.5 trades=13 (n=247)
00:53:10 backend.server.scalp_bot.scalp_runtime     INFO | ScalpRuntime XRP_USD: candle close=1.311260 ema_f=1.311200 ema_s=1.311700 rsi=38.8 atr=0.000800 vwap=1.312333 vol_ok=True ready=True
00:53:12 backend.server.scalp_bot.candle_feed     INFO | CandleFeed SOL_USD: CLOSED candle @ 80.470000 vol=0.1 trades=1 (n=247)
00:53:12 backend.server.scalp_bot.scalp_runtime     INFO | ScalpRuntime SOL_USD: candle close=80.470000 ema_f=80.443100 ema_s=80.440500 rsi=59.8 atr=0.019200 vwap=80.534768 vol_ok=False ready=True
00:53:12 backend.server.scalp_bot.signal_engine     INFO | SIGNAL [ema] SOL_USD: long @ 80.47000 | stop=80.45080 | tp=80.49880 | atr=0.01920 | signals=ema_cross+rsi | conf=50%
00:53:12 backend.server.scalp_bot.scalp_trader     INFO | ScalpTrader SOL_USD: capped qty to capital (risk_qty=104.17 -> capped_qty=1.242699, notional=100.00)
00:53:12 backend.server.scalp_bot.scalp_trader     INFO | ScalpTrader SOL_USD: SIM entry (simulated) | qty=1.242699 @ 80.47000 | stop=80.45080 | tp=80.49880 | notional=100.00 | id=scalp_entry_a9aadf8e
00:53:12 backend.server.scalp_bot.scalp_trader     INFO | ScalpTrader SOL_USD: SIM entry filled @ 80.47000 | stop=80.45080 | tp=80.49880
00:53:18 backend.server.scalp_bot.scalp_runtime     INFO | ScalpRuntime SOL_USD [auto]: rsi=59.8 ema=UP vwap=False vol=False | open_pos=1 | daily_pnl=-0.0952
00:53:18 backend.server.scalp_bot.scalp_runtime     INFO | ScalpRuntime XRP_USD [auto]: rsi=38.8 ema=bear vwap=False vol=True | open_pos=1 | daily_pnl=-0.0952
00:54:03 backend.server.scalp_bot.candle_feed     INFO | CandleFeed SOL_USD: CLOSED candle @ 80.460000 vol=90.0 trades=11 (n=248)
00:54:03 backend.server.scalp_bot.scalp_runtime     INFO | ScalpRuntime SOL_USD: candle close=80.460000 ema_f=80.448700 ema_s=80.443300 rsi=55.8 atr=0.020000 vwap=80.534127 vol_ok=True ready=True
00:54:07 backend.server.scalp_bot.candle_feed     INFO | CandleFeed XRP_USD: CLOSED candle @ 1.310880 vol=30371.3 trades=19 (n=248)
00:54:07 backend.server.scalp_bot.scalp_runtime     INFO | ScalpRuntime XRP_USD: candle close=1.310880 ema_f=1.311100 ema_s=1.311600 rsi=34.5 atr=0.000800 vwap=1.312300 vol_ok=True ready=True
00:54:18 backend.server.scalp_bot.scalp_runtime     INFO | ScalpRuntime SOL_USD [auto]: rsi=55.8 ema=bull vwap=False vol=True | open_pos=1 | daily_pnl=-0.0952
00:54:18 backend.server.scalp_bot.scalp_runtime     INFO | ScalpRuntime XRP_USD [auto]: rsi=34.5 ema=bear vwap=False vol=True | open_pos=1 | daily_pnl=-0.0952
00:55:00 backend.server.scalp_bot.candle_feed     INFO | CandleFeed XRP_USD: CLOSED candle @ 1.310000 vol=29076.9 trades=26 (n=249)
00:55:00 backend.server.scalp_bot.scalp_runtime     INFO | ScalpRuntime XRP_USD: candle close=1.310000 ema_f=1.310700 ema_s=1.311400 rsi=26.8 atr=0.000800 vwap=1.312253 vol_ok=True ready=True
00:55:02 backend.server.scalp_bot.candle_feed     INFO | CandleFeed SOL_USD: CLOSED candle @ 80.460000 vol=55.8 trades=9 (n=249)
00:55:02 backend.server.scalp_bot.scalp_runtime     INFO | ScalpRuntime SOL_USD: candle close=80.460000 ema_f=80.452500 ema_s=80.445700 rsi=55.8 atr=0.020000 vwap=80.533675 vol_ok=True ready=True
00:55:02 backend.server.state  WARNING | ALERT [scalp] Scalp STOP: SOL_USD — Loss: $-0.0239 | entry=80.47000 exit=80.45080
00:55:02 backend.server.scalp_bot.scalp_trader     INFO | ScalpTrader SOL_USD: PAPER stop hit @ 80.45080 | pnl=-0.0239 | daily_pnl=-0.1191
00:55:18 backend.server.scalp_bot.scalp_runtime     INFO | ScalpRuntime SOL_USD [auto]: rsi=55.8 ema=bull vwap=False vol=True | open_pos=0 | daily_pnl=-0.1191
00:55:18 backend.server.scalp_bot.scalp_runtime     INFO | ScalpRuntime XRP_USD [auto]: rsi=26.8 ema=bear vwap=False vol=True | open_pos=0 | daily_pnl=-0.1191
00:56:03 backend.server.scalp_bot.candle_feed     INFO | CandleFeed SOL_USD: CLOSED candle @ 80.460000 vol=1.7 trades=2 (n=250)
00:56:03 backend.server.scalp_bot.scalp_runtime     INFO | ScalpRuntime SOL_USD: candle close=80.460000 ema_f=80.455000 ema_s=80.447700 rsi=55.8 atr=0.018600 vwap=80.533661 vol_ok=False ready=True
00:56:03 backend.server.scalp_bot.signal_engine     INFO | SIGNAL [ema] SOL_USD: long @ 80.46000 | stop=80.44140 | tp=80.48790 | atr=0.01860 | signals=ema_trend+rsi | conf=50%
00:56:03 backend.server.scalp_bot.scalp_trader     INFO | ScalpTrader SOL_USD: capped qty to capital (risk_qty=107.53 -> capped_qty=1.242854, notional=100.00)
00:56:03 backend.server.scalp_bot.scalp_trader     INFO | ScalpTrader SOL_USD: SIM entry (simulated) | qty=1.242854 @ 80.46000 | stop=80.44140 | tp=80.48790 | notional=100.00 | id=scalp_entry_081a8ab4
00:56:03 backend.server.scalp_bot.scalp_trader     INFO | ScalpTrader SOL_USD: SIM entry filled @ 80.46000 | stop=80.44140 | tp=80.48790
00:56:04 backend.server.scalp_bot.candle_feed     INFO | CandleFeed XRP_USD: CLOSED candle @ 1.311560 vol=69191.5 trades=43 (n=250)
00:56:04 backend.server.scalp_bot.scalp_runtime     INFO | ScalpRuntime XRP_USD: candle close=1.311560 ema_f=1.311000 ema_s=1.311400 rsi=49.4 atr=0.000900 vwap=1.312180 vol_ok=True ready=True
00:56:18 backend.server.scalp_bot.scalp_runtime     INFO | ScalpRuntime SOL_USD [auto]: rsi=55.8 ema=bull vwap=False vol=False | open_pos=1 | daily_pnl=-0.1191
00:56:18 backend.server.scalp_bot.scalp_runtime     INFO | ScalpRuntime XRP_USD [auto]: rsi=49.4 ema=bear vwap=False vol=True | open_pos=1 | daily_pnl=-0.1191
00:57:04 backend.server.scalp_bot.candle_feed     INFO | CandleFeed XRP_USD: CLOSED candle @ 1.311820 vol=66.9 trades=7 (n=251)
00:57:04 backend.server.scalp_bot.scalp_runtime     INFO | ScalpRuntime XRP_USD: candle close=1.311820 ema_f=1.311300 ema_s=1.311500 rsi=52.2 atr=0.000900 vwap=1.312180 vol_ok=False ready=True
00:57:11 backend.server.scalp_bot.candle_feed     INFO | CandleFeed SOL_USD: CLOSED candle @ 80.520000 vol=36.4 trades=7 (n=251)
00:57:11 backend.server.scalp_bot.scalp_runtime     INFO | ScalpRuntime SOL_USD: candle close=80.520000 ema_f=80.476700 ema_s=80.458000 rsi=71.9 atr=0.021600 vwap=80.533553 vol_ok=False ready=True
00:57:11 backend.server.state     INFO | ALERT [scalp] Scalp TP: SOL_USD — Profit: $+0.0347 | entry=80.46000 exit=80.48790
00:57:11 backend.server.scalp_bot.scalp_trader     INFO | ScalpTrader SOL_USD: PAPER tp hit @ 80.48790 | pnl=0.0347 | daily_pnl=-0.0844
00:57:19 backend.server.scalp_bot.scalp_runtime     INFO | ScalpRuntime SOL_USD [auto]: rsi=71.9 ema=bull vwap=False vol=False | open_pos=0 | daily_pnl=-0.0844
00:57:19 backend.server.scalp_bot.scalp_runtime     INFO | ScalpRuntime XRP_USD [auto]: rsi=52.2 ema=bear vwap=False vol=False | open_pos=0 | daily_pnl=-0.0844
00:58:01 backend.server.scalp_bot.candle_feed     INFO | CandleFeed SOL_USD: CLOSED candle @ 80.400000 vol=1643.7 trades=47 (n=252)
00:58:01 backend.server.scalp_bot.scalp_runtime     INFO | ScalpRuntime SOL_USD: candle close=80.400000 ema_f=80.451100 ema_s=80.449700 rsi=39.5 atr=0.030100 vwap=80.519349 vol_ok=True ready=True
00:58:01 backend.server.scalp_bot.signal_engine     INFO | SIGNAL [ema] SOL_USD: long @ 80.40000 | stop=80.36990 | tp=80.44515 | atr=0.03010 | signals=ema_trend+volume | conf=50%
00:58:01 backend.server.scalp_bot.scalp_trader     INFO | ScalpTrader SOL_USD: capped qty to capital (risk_qty=66.45 -> capped_qty=1.243781, notional=100.00)
00:58:01 backend.server.scalp_bot.scalp_trader     INFO | ScalpTrader SOL_USD: SIM entry (simulated) | qty=1.243781 @ 80.40000 | stop=80.36990 | tp=80.44515 | notional=100.00 | id=scalp_entry_f428cb93
00:58:01 backend.server.scalp_bot.scalp_trader     INFO | ScalpTrader SOL_USD: SIM entry filled @ 80.40000 | stop=80.36990 | tp=80.44515
00:58:08 backend.server.scalp_bot.candle_feed     INFO | CandleFeed XRP_USD: CLOSED candle @ 1.311470 vol=978.2 trades=10 (n=252)
00:58:08 backend.server.scalp_bot.scalp_runtime     INFO | ScalpRuntime XRP_USD: candle close=1.311470 ema_f=1.311400 ema_s=1.311500 rsi=48.2 atr=0.000900 vwap=1.312180 vol_ok=False ready=True
00:58:19 backend.server.scalp_bot.scalp_runtime     INFO | ScalpRuntime SOL_USD [auto]: rsi=39.5 ema=bull vwap=False vol=True | open_pos=1 | daily_pnl=-0.0844
00:58:19 backend.server.scalp_bot.scalp_runtime     INFO | ScalpRuntime XRP_USD [auto]: rsi=48.2 ema=bear vwap=False vol=False | open_pos=1 | daily_pnl=-0.0844
00:59:04 backend.server.scalp_bot.candle_feed     INFO | CandleFeed SOL_USD: CLOSED candle @ 80.330000 vol=62.6 trades=23 (n=253)
00:59:04 backend.server.scalp_bot.scalp_runtime     INFO | ScalpRuntime SOL_USD: candle close=80.330000 ema_f=80.410700 ema_s=80.432600 rsi=30.5 atr=0.033000 vwap=80.518375 vol_ok=False ready=True
00:59:04 backend.server.state  WARNING | ALERT [scalp] Scalp STOP: SOL_USD — Loss: $-0.0374 | entry=80.40000 exit=80.36990
00:59:04 backend.server.scalp_bot.scalp_trader     INFO | ScalpTrader SOL_USD: PAPER stop hit @ 80.36990 | pnl=-0.0374 | daily_pnl=-0.1219
00:59:05 backend.server.scalp_bot.candle_feed     INFO | CandleFeed XRP_USD: CLOSED candle @ 1.310550 vol=83512.6 trades=35 (n=253)
00:59:05 backend.server.scalp_bot.scalp_runtime     INFO | ScalpRuntime XRP_USD: candle close=1.310550 ema_f=1.311100 ema_s=1.311400 rsi=39.3 atr=0.000900 vwap=1.312098 vol_ok=True ready=True
00:59:19 backend.server.scalp_bot.scalp_runtime     INFO | ScalpRuntime SOL_USD [auto]: rsi=30.5 ema=bear vwap=False vol=False | open_pos=0 | daily_pnl=-0.1219
00:59:19 backend.server.scalp_bot.scalp_runtime     INFO | ScalpRuntime XRP_USD [auto]: rsi=39.3 ema=bear vwap=False vol=True | open_pos=0 | daily_pnl=-0.1219
01:00:00 backend.server.scalp_bot.candle_feed     INFO | CandleFeed SOL_USD: CLOSED candle @ 80.310000 vol=18.1 trades=14 (n=254)
01:00:00 backend.server.scalp_bot.scalp_runtime     INFO | ScalpRuntime SOL_USD: candle close=80.310000 ema_f=80.377100 ema_s=80.415100 rsi=28.4 atr=0.032800 vwap=80.518034 vol_ok=False ready=True
01:00:02 backend.server.scalp_bot.candle_feed     INFO | CandleFeed XRP_USD: CLOSED candle @ 1.310890 vol=145.3 trades=11 (n=254)
01:00:02 backend.server.scalp_bot.scalp_runtime     INFO | ScalpRuntime XRP_USD: candle close=1.310890 ema_f=1.311000 ema_s=1.311300 rsi=43.6 atr=0.000900 vwap=1.312098 vol_ok=False ready=True
01:00:19 backend.server.scalp_bot.scalp_runtime     INFO | ScalpRuntime SOL_USD [auto]: rsi=28.4 ema=bear vwap=False vol=False | open_pos=0 | daily_pnl=-0.1219
01:00:19 backend.server.scalp_bot.scalp_runtime     INFO | ScalpRuntime XRP_USD [auto]: rsi=43.6 ema=bear vwap=False vol=False | open_pos=0 | daily_pnl=-0.1219
01:01:01 backend.server.scalp_bot.candle_feed     INFO | CandleFeed XRP_USD: CLOSED candle @ 1.310690 vol=1588.6 trades=22 (n=255)
01:01:01 backend.server.scalp_bot.scalp_runtime     INFO | ScalpRuntime XRP_USD: candle close=1.310690 ema_f=1.310900 ema_s=1.311200 rsi=41.6 atr=0.000900 vwap=1.312096 vol_ok=False ready=True
01:01:19 backend.server.scalp_bot.scalp_runtime     INFO | ScalpRuntime SOL_USD [auto]: rsi=28.4 ema=bear vwap=False vol=False | open_pos=0 | daily_pnl=-0.1219
01:01:19 backend.server.scalp_bot.scalp_runtime     INFO | ScalpRuntime XRP_USD [auto]: rsi=41.6 ema=bear vwap=False vol=False | open_pos=0 | daily_pnl=-0.1219
01:01:26 backend.server.scalp_bot.candle_feed     INFO | CandleFeed SOL_USD: CLOSED candle @ 80.340000 vol=2.7 trades=13 (n=255)
01:01:26 backend.server.scalp_bot.scalp_runtime     INFO | ScalpRuntime SOL_USD: candle close=80.340000 ema_f=80.364700 ema_s=80.404400 rsi=35.8 atr=0.032600 vwap=80.517987 vol_ok=False ready=True
01:02:08 backend.server.scalp_bot.candle_feed     INFO | CandleFeed SOL_USD: CLOSED candle @ 80.330000 vol=1.3 trades=3 (n=256)
01:02:08 backend.server.scalp_bot.scalp_runtime     INFO | ScalpRuntime SOL_USD: candle close=80.330000 ema_f=80.353100 ema_s=80.393800 rsi=34.5 atr=0.031000 vwap=80.517966 vol_ok=False ready=True
01:02:15 backend.server.scalp_bot.candle_feed     INFO | CandleFeed XRP_USD: CLOSED candle @ 1.311460 vol=178.1 trades=11 (n=256)
01:02:15 backend.server.scalp_bot.scalp_runtime     INFO | ScalpRuntime XRP_USD: candle close=1.311460 ema_f=1.311100 ema_s=1.311200 rsi=51.2 atr=0.000900 vwap=1.312096 vol_ok=False ready=True
01:02:19 backend.server.scalp_bot.scalp_runtime     INFO | ScalpRuntime SOL_USD [auto]: rsi=34.5 ema=bear vwap=False vol=False | open_pos=0 | daily_pnl=-0.1219
01:02:19 backend.server.scalp_bot.scalp_runtime     INFO | ScalpRuntime XRP_USD [auto]: rsi=51.2 ema=bear vwap=False vol=False | open_pos=0 | daily_pnl=-0.1219
01:03:00 backend.server.scalp_bot.candle_feed     INFO | CandleFeed SOL_USD: CLOSED candle @ 80.380000 vol=12.7 trades=4 (n=257)
01:03:00 backend.server.scalp_bot.scalp_runtime     INFO | ScalpRuntime SOL_USD: candle close=80.380000 ema_f=80.362100 ema_s=80.391800 rsi=45.9 atr=0.032400 vwap=80.517790 vol_ok=False ready=True
01:03:12 backend.server.scalp_bot.candle_feed     INFO | CandleFeed XRP_USD: CLOSED candle @ 1.311640 vol=95.5 trades=4 (n=257)
01:03:12 backend.server.scalp_bot.scalp_runtime     INFO | ScalpRuntime XRP_USD: candle close=1.311640 ema_f=1.311300 ema_s=1.311300 rsi=53.2 atr=0.000800 vwap=1.312096 vol_ok=False ready=True
01:03:19 backend.server.scalp_bot.scalp_runtime     INFO | ScalpRuntime SOL_USD [auto]: rsi=45.9 ema=bear vwap=False vol=False | open_pos=0 | daily_pnl=-0.1219
01:03:19 backend.server.scalp_bot.scalp_runtime     INFO | ScalpRuntime XRP_USD [auto]: rsi=53.2 ema=bear vwap=False vol=False | open_pos=0 | daily_pnl=-0.1219
01:04:05 backend.server.scalp_bot.candle_feed     INFO | CandleFeed XRP_USD: CLOSED candle @ 1.311630 vol=296.0 trades=6 (n=258)
01:04:05 backend.server.scalp_bot.scalp_runtime     INFO | ScalpRuntime XRP_USD: candle close=1.311630 ema_f=1.311400 ema_s=1.311300 rsi=53.0 atr=0.000700 vwap=1.312096 vol_ok=False ready=True
01:04:05 backend.server.scalp_bot.signal_engine     INFO | SIGNAL [ema] XRP_USD: long @ 1.31163 | stop=1.31093 | tp=1.31268 | atr=0.00070 | signals=ema_cross+rsi | conf=50%
01:04:05 backend.server.scalp_bot.scalp_trader     INFO | ScalpTrader XRP_USD: capped qty to capital (risk_qty=2857.14 -> capped_qty=76.241013, notional=100.00)
01:04:05 backend.server.scalp_bot.scalp_trader     INFO | ScalpTrader XRP_USD: SIM entry (simulated) | qty=76.241013 @ 1.31163 | stop=1.31093 | tp=1.31268 | notional=100.00 | id=scalp_entry_7c07d725
01:04:05 backend.server.scalp_bot.scalp_trader     INFO | ScalpTrader XRP_USD: SIM entry filled @ 1.31163 | stop=1.31093 | tp=1.31268
01:04:19 backend.server.scalp_bot.scalp_runtime     INFO | ScalpRuntime SOL_USD [auto]: rsi=45.9 ema=bear vwap=False vol=False | open_pos=1 | daily_pnl=-0.1219
01:04:19 backend.server.scalp_bot.scalp_runtime     INFO | ScalpRuntime XRP_USD [auto]: rsi=53.0 ema=UP vwap=False vol=False | open_pos=1 | daily_pnl=-0.1219
01:04:35 backend.server.scalp_bot.candle_feed     INFO | CandleFeed SOL_USD: CLOSED candle @ 80.370000 vol=1.7 trades=2 (n=258)
01:04:35 backend.server.scalp_bot.scalp_runtime     INFO | ScalpRuntime SOL_USD: candle close=80.370000 ema_f=80.364700 ema_s=80.388700 rsi=44.1 atr=0.031500 vwap=80.517766 vol_ok=False ready=True
01:05:06 backend.server.scalp_bot.candle_feed     INFO | CandleFeed XRP_USD: CLOSED candle @ 1.311640 vol=196.6 trades=5 (n=259)
01:05:06 backend.server.scalp_bot.scalp_runtime     INFO | ScalpRuntime XRP_USD: candle close=1.311640 ema_f=1.311500 ema_s=1.311300 rsi=53.2 atr=0.000700 vwap=1.312096 vol_ok=False ready=True
01:05:19 backend.server.scalp_bot.scalp_runtime     INFO | ScalpRuntime SOL_USD [auto]: rsi=44.1 ema=bear vwap=False vol=False | open_pos=1 | daily_pnl=-0.1219
01:05:19 backend.server.scalp_bot.scalp_runtime     INFO | ScalpRuntime XRP_USD [auto]: rsi=53.2 ema=bull vwap=False vol=False | open_pos=1 | daily_pnl=-0.1219
01:05:21 backend.server.scalp_bot.candle_feed     INFO | CandleFeed SOL_USD: CLOSED candle @ 80.350000 vol=5.2 trades=4 (n=259)
01:05:21 backend.server.scalp_bot.scalp_runtime     INFO | ScalpRuntime SOL_USD: candle close=80.350000 ema_f=80.359800 ema_s=80.383200 rsi=40.7 atr=0.030700 vwap=80.517690 vol_ok=False ready=True
01:06:05 backend.server.scalp_bot.candle_feed     INFO | CandleFeed XRP_USD: CLOSED candle @ 1.311700 vol=1939.0 trades=9 (n=260)
01:06:05 backend.server.scalp_bot.scalp_runtime     INFO | ScalpRuntime XRP_USD: candle close=1.311700 ema_f=1.311600 ema_s=1.311400 rsi=54.1 atr=0.000700 vwap=1.312095 vol_ok=False ready=True
01:06:17 backend.server.scalp_bot.candle_feed     INFO | CandleFeed SOL_USD: CLOSED candle @ 80.370000 vol=9.4 trades=6 (n=260)
01:06:17 backend.server.scalp_bot.scalp_runtime     INFO | ScalpRuntime SOL_USD: candle close=80.370000 ema_f=80.363200 ema_s=80.381300 rsi=45.5 atr=0.029900 vwap=80.517558 vol_ok=False ready=True
01:06:19 backend.server.scalp_bot.scalp_runtime     INFO | ScalpRuntime SOL_USD [auto]: rsi=45.5 ema=bear vwap=False vol=False | open_pos=1 | daily_pnl=-0.1219
01:06:19 backend.server.scalp_bot.scalp_runtime     INFO | ScalpRuntime XRP_USD [auto]: rsi=54.1 ema=bull vwap=False vol=False | open_pos=1 | daily_pnl=-0.1219
01:07:01 backend.server.scalp_bot.candle_feed     INFO | CandleFeed XRP_USD: CLOSED candle @ 1.311360 vol=331.8 trades=13 (n=261)
01:07:01 backend.server.scalp_bot.scalp_runtime     INFO | ScalpRuntime XRP_USD: candle close=1.311360 ema_f=1.311500 ema_s=1.311400 rsi=48.2 atr=0.000700 vwap=1.312095 vol_ok=False ready=True
01:07:02 backend.server.scalp_bot.candle_feed     INFO | CandleFeed SOL_USD: CLOSED candle @ 80.340000 vol=39.2 trades=10 (n=261)
01:07:02 backend.server.scalp_bot.scalp_runtime     INFO | ScalpRuntime SOL_USD: candle close=80.340000 ema_f=80.355500 ema_s=80.375400 rsi=40.0 atr=0.030600 vwap=80.516973 vol_ok=False ready=True
01:07:19 backend.server.scalp_bot.scalp_runtime     INFO | ScalpRuntime SOL_USD [auto]: rsi=40.0 ema=bear vwap=False vol=False | open_pos=1 | daily_pnl=-0.1219
01:07:19 backend.server.scalp_bot.scalp_runtime     INFO | ScalpRuntime XRP_USD [auto]: rsi=48.2 ema=bull vwap=False vol=False | open_pos=1 | daily_pnl=-0.1219
01:08:01 backend.server.scalp_bot.candle_feed     INFO | CandleFeed XRP_USD: CLOSED candle @ 1.311300 vol=524.0 trades=6 (n=262)
01:08:01 backend.server.scalp_bot.scalp_runtime     INFO | ScalpRuntime XRP_USD: candle close=1.311300 ema_f=1.311400 ema_s=1.311400 rsi=47.2 atr=0.000700 vwap=1.312095 vol_ok=False ready=True
01:08:19 backend.server.scalp_bot.scalp_runtime     INFO | ScalpRuntime SOL_USD [auto]: rsi=40.0 ema=bear vwap=False vol=False | open_pos=1 | daily_pnl=-0.1219
01:08:19 backend.server.scalp_bot.scalp_runtime     INFO | ScalpRuntime XRP_USD [auto]: rsi=47.2 ema=bear vwap=False vol=False | open_pos=1 | daily_pnl=-0.1219
01:09:11 backend.server.scalp_bot.candle_feed     INFO | CandleFeed SOL_USD: CLOSED candle @ 80.340000 vol=1.6 trades=5 (n=262)
01:09:11 backend.server.scalp_bot.scalp_runtime     INFO | ScalpRuntime SOL_USD: candle close=80.340000 ema_f=80.350300 ema_s=80.370300 rsi=40.0 atr=0.029800 vwap=80.516947 vol_ok=False ready=True
01:09:14 backend.server.scalp_bot.candle_feed     INFO | CandleFeed XRP_USD: CLOSED candle @ 1.310850 vol=63.3 trades=5 (n=263)
01:09:14 backend.server.scalp_bot.scalp_runtime     INFO | ScalpRuntime XRP_USD: candle close=1.310850 ema_f=1.311200 ema_s=1.311300 rsi=40.1 atr=0.000700 vwap=1.312095 vol_ok=False ready=True
01:09:14 backend.server.state  WARNING | ALERT [scalp] Scalp STOP: XRP_USD — Loss: $-0.0534 | entry=1.31163 exit=1.31093
01:09:14 backend.server.scalp_bot.scalp_trader     INFO | ScalpTrader XRP_USD: PAPER stop hit @ 1.31093 | pnl=-0.0534 | daily_pnl=-0.1752
01:09:19 backend.server.scalp_bot.scalp_runtime     INFO | ScalpRuntime SOL_USD [auto]: rsi=40.0 ema=bear vwap=False vol=False | open_pos=0 | daily_pnl=-0.1752
01:09:19 backend.server.scalp_bot.scalp_runtime     INFO | ScalpRuntime XRP_USD [auto]: rsi=40.1 ema=bear vwap=False vol=False | open_pos=0 | daily_pnl=-0.1752
01:10:02 backend.server.scalp_bot.candle_feed     INFO | CandleFeed SOL_USD: CLOSED candle @ 80.360000 vol=0.3 trades=3 (n=263)
01:10:02 backend.server.scalp_bot.scalp_runtime     INFO | ScalpRuntime SOL_USD: candle close=80.360000 ema_f=80.353500 ema_s=80.368800 rsi=45.5 atr=0.031200 vwap=80.516943 vol_ok=False ready=True
01:10:16 backend.server.scalp_bot.candle_feed     INFO | CandleFeed XRP_USD: CLOSED candle @ 1.311170 vol=4597.3 trades=6 (n=264)
01:10:16 backend.server.scalp_bot.scalp_runtime     INFO | ScalpRuntime XRP_USD: candle close=1.311170 ema_f=1.311200 ema_s=1.311300 rsi=46.5 atr=0.000700 vwap=1.312092 vol_ok=False ready=True
01:10:19 backend.server.scalp_bot.scalp_runtime     INFO | ScalpRuntime SOL_USD [auto]: rsi=45.5 ema=bear vwap=False vol=False | open_pos=0 | daily_pnl=-0.1752
01:10:19 backend.server.scalp_bot.scalp_runtime     INFO | ScalpRuntime XRP_USD [auto]: rsi=46.5 ema=bear vwap=False vol=False | open_pos=0 | daily_pnl=-0.1752
01:11:05 backend.server.scalp_bot.candle_feed     INFO | CandleFeed XRP_USD: CLOSED candle @ 1.308600 vol=551374.3 trades=142 (n=265)
01:11:05 backend.server.scalp_bot.scalp_runtime     INFO | ScalpRuntime XRP_USD: candle close=1.308600 ema_f=1.310300 ema_s=1.310900 rsi=23.6 atr=0.000900 vwap=1.311302 vol_ok=True ready=True
01:11:11 backend.server.scalp_bot.candle_feed     INFO | CandleFeed SOL_USD: CLOSED candle @ 80.380000 vol=11.9 trades=6 (n=264)
01:11:11 backend.server.scalp_bot.scalp_runtime     INFO | ScalpRuntime SOL_USD: candle close=80.380000 ema_f=80.362300 ema_s=80.370400 rsi=50.6 atr=0.030400 vwap=80.516791 vol_ok=False ready=True
01:11:19 backend.server.scalp_bot.scalp_runtime     INFO | ScalpRuntime SOL_USD [auto]: rsi=50.6 ema=bear vwap=False vol=False | open_pos=0 | daily_pnl=-0.1752
01:11:19 backend.server.scalp_bot.scalp_runtime     INFO | ScalpRuntime XRP_USD [auto]: rsi=23.6 ema=bear vwap=False vol=True | open_pos=0 | daily_pnl=-0.1752
01:12:03 backend.server.scalp_bot.candle_feed     INFO | CandleFeed XRP_USD: CLOSED candle @ 1.308990 vol=15.7 trades=3 (n=266)
01:12:03 backend.server.scalp_bot.scalp_runtime     INFO | ScalpRuntime XRP_USD: candle close=1.308990 ema_f=1.309900 ema_s=1.310600 rsi=29.5 atr=0.000900 vwap=1.311302 vol_ok=False ready=True
01:12:04 backend.server.scalp_bot.candle_feed     INFO | CandleFeed SOL_USD: CLOSED candle @ 80.380000 vol=1.5 trades=4 (n=265)
01:12:04 backend.server.scalp_bot.scalp_runtime     INFO | ScalpRuntime SOL_USD: candle close=80.380000 ema_f=80.368200 ema_s=80.371800 rsi=50.6 atr=0.028900 vwap=80.516771 vol_ok=False ready=True
01:12:19 backend.server.scalp_bot.scalp_runtime     INFO | ScalpRuntime SOL_USD [auto]: rsi=50.6 ema=bear vwap=False vol=False | open_pos=0 | daily_pnl=-0.1752
01:12:19 backend.server.scalp_bot.scalp_runtime     INFO | ScalpRuntime XRP_USD [auto]: rsi=29.5 ema=bear vwap=False vol=False | open_pos=0 | daily_pnl=-0.1752
01:13:11 backend.server.scalp_bot.candle_feed     INFO | CandleFeed SOL_USD: CLOSED candle @ 80.340000 vol=11.2 trades=4 (n=266)
01:13:11 backend.server.scalp_bot.scalp_runtime     INFO | ScalpRuntime SOL_USD: candle close=80.340000 ema_f=80.358800 ema_s=80.367300 rsi=40.9 atr=0.029700 vwap=80.516605 vol_ok=False ready=True
01:13:13 backend.server.scalp_bot.candle_feed     INFO | CandleFeed XRP_USD: CLOSED candle @ 1.308000 vol=301.4 trades=7 (n=267)
01:13:13 backend.server.scalp_bot.scalp_runtime     INFO | ScalpRuntime XRP_USD: candle close=1.308000 ema_f=1.309300 ema_s=1.310200 rsi=24.2 atr=0.000900 vwap=1.311301 vol_ok=False ready=True
01:13:19 backend.server.scalp_bot.scalp_runtime     INFO | ScalpRuntime SOL_USD [auto]: rsi=40.9 ema=bear vwap=False vol=False | open_pos=0 | daily_pnl=-0.1752
01:13:19 backend.server.scalp_bot.scalp_runtime     INFO | ScalpRuntime XRP_USD [auto]: rsi=24.2 ema=bear vwap=False vol=False | open_pos=0 | daily_pnl=-0.1752
01:14:00 backend.server.scalp_bot.candle_feed     INFO | CandleFeed SOL_USD: CLOSED candle @ 80.360000 vol=6.4 trades=4 (n=267)
01:14:00 backend.server.scalp_bot.scalp_runtime     INFO | ScalpRuntime SOL_USD: candle close=80.360000 ema_f=80.359200 ema_s=80.366300 rsi=46.7 atr=0.029700 vwap=80.516508 vol_ok=False ready=True
01:14:03 backend.server.scalp_bot.candle_feed     INFO | CandleFeed XRP_USD: CLOSED candle @ 1.308160 vol=66.0 trades=4 (n=268)
01:14:03 backend.server.scalp_bot.scalp_runtime     INFO | ScalpRuntime XRP_USD: candle close=1.308160 ema_f=1.308900 ema_s=1.309900 rsi=26.6 atr=0.000900 vwap=1.311301 vol_ok=False ready=True
01:14:19 backend.server.scalp_bot.scalp_runtime     INFO | ScalpRuntime SOL_USD [auto]: rsi=46.7 ema=bear vwap=False vol=False | open_pos=0 | daily_pnl=-0.1752
01:14:19 backend.server.scalp_bot.scalp_runtime     INFO | ScalpRuntime XRP_USD [auto]: rsi=26.6 ema=bear vwap=False vol=False | open_pos=0 | daily_pnl=-0.1752
01:15:16 backend.server.scalp_bot.candle_feed     INFO | CandleFeed XRP_USD: CLOSED candle @ 1.307900 vol=226.5 trades=7 (n=269)
01:15:16 backend.server.scalp_bot.scalp_runtime     INFO | ScalpRuntime XRP_USD: candle close=1.307900 ema_f=1.308600 ema_s=1.309600 rsi=25.1 atr=0.000900 vwap=1.311301 vol_ok=False ready=True
01:15:19 backend.server.scalp_bot.scalp_runtime     INFO | ScalpRuntime SOL_USD [auto]: rsi=46.7 ema=bear vwap=False vol=False | open_pos=0 | daily_pnl=-0.1752
01:15:19 backend.server.scalp_bot.scalp_runtime     INFO | ScalpRuntime XRP_USD [auto]: rsi=25.1 ema=bear vwap=False vol=False | open_pos=0 | daily_pnl=-0.1752
01:15:28 backend.server.scalp_bot.candle_feed     INFO | CandleFeed SOL_USD: CLOSED candle @ 80.350000 vol=1.3 trades=8 (n=268)
01:15:28 backend.server.scalp_bot.scalp_runtime     INFO | ScalpRuntime SOL_USD: candle close=80.350000 ema_f=80.356100 ema_s=80.364000 rsi=44.3 atr=0.029000 vwap=80.516489 vol_ok=False ready=True
01:16:04 backend.server.scalp_bot.candle_feed     INFO | CandleFeed XRP_USD: CLOSED candle @ 1.308200 vol=2771.2 trades=9 (n=270)
01:16:04 backend.server.scalp_bot.scalp_runtime     INFO | ScalpRuntime XRP_USD: candle close=1.308200 ema_f=1.308500 ema_s=1.309400 rsi=30.1 atr=0.000900 vwap=1.311296 vol_ok=False ready=True
01:16:18 backend.server.scalp_bot.candle_feed     INFO | CandleFeed SOL_USD: CLOSED candle @ 80.340000 vol=2.1 trades=5 (n=269)
01:16:18 backend.server.scalp_bot.scalp_runtime     INFO | ScalpRuntime SOL_USD: candle close=80.340000 ema_f=80.350700 ema_s=80.360600 rsi=41.8 atr=0.028400 vwap=80.516455 vol_ok=False ready=True
01:16:19 backend.server.scalp_bot.scalp_runtime     INFO | ScalpRuntime SOL_USD [auto]: rsi=41.8 ema=bear vwap=False vol=False | open_pos=0 | daily_pnl=-0.1752
01:16:19 backend.server.scalp_bot.scalp_runtime     INFO | ScalpRuntime XRP_USD [auto]: rsi=30.1 ema=bear vwap=False vol=False | open_pos=0 | daily_pnl=-0.1752
01:17:04 backend.server.scalp_bot.candle_feed     INFO | CandleFeed XRP_USD: CLOSED candle @ 1.308300 vol=77.6 trades=6 (n=271)
01:17:04 backend.server.scalp_bot.scalp_runtime     INFO | ScalpRuntime XRP_USD: candle close=1.308300 ema_f=1.308400 ema_s=1.309200 rsi=31.8 atr=0.000800 vwap=1.311296 vol_ok=False ready=True
01:17:15 backend.server.scalp_bot.candle_feed     INFO | CandleFeed SOL_USD: CLOSED candle @ 80.340000 vol=10.1 trades=6 (n=270)
01:17:15 backend.server.scalp_bot.scalp_runtime     INFO | ScalpRuntime SOL_USD: candle close=80.340000 ema_f=80.347100 ema_s=80.357700 rsi=41.8 atr=0.027100 vwap=80.516297 vol_ok=False ready=True
01:17:19 backend.server.scalp_bot.scalp_runtime     INFO | ScalpRuntime SOL_USD [auto]: rsi=41.8 ema=bear vwap=False vol=False | open_pos=0 | daily_pnl=-0.1752
01:17:19 backend.server.scalp_bot.scalp_runtime     INFO | ScalpRuntime XRP_USD [auto]: rsi=31.8 ema=bear vwap=False vol=False | open_pos=0 | daily_pnl=-0.1752
01:18:11 backend.server.scalp_bot.candle_feed     INFO | CandleFeed SOL_USD: CLOSED candle @ 80.350000 vol=0.3 trades=3 (n=271)
01:18:11 backend.server.scalp_bot.scalp_runtime     INFO | ScalpRuntime SOL_USD: candle close=80.350000 ema_f=80.348100 ema_s=80.356600 rsi=45.6 atr=0.026600 vwap=80.516293 vol_ok=False ready=True
01:18:19 backend.server.scalp_bot.scalp_runtime     INFO | ScalpRuntime SOL_USD [auto]: rsi=45.6 ema=bear vwap=False vol=False | open_pos=0 | daily_pnl=-0.1752
01:18:19 backend.server.scalp_bot.scalp_runtime     INFO | ScalpRuntime XRP_USD [auto]: rsi=31.8 ema=bear vwap=False vol=False | open_pos=0 | daily_pnl=-0.1752
01:19:07 backend.server.scalp_bot.candle_feed     INFO | CandleFeed XRP_USD: CLOSED candle @ 1.307720 vol=75.8 trades=5 (n=272)
01:19:07 backend.server.scalp_bot.scalp_runtime     INFO | ScalpRuntime XRP_USD: candle close=1.307720 ema_f=1.308200 ema_s=1.309000 rsi=27.5 atr=0.000800 vwap=1.311296 vol_ok=False ready=True
01:19:13 backend.server.scalp_bot.candle_feed     INFO | CandleFeed SOL_USD: CLOSED candle @ 80.370000 vol=10.4 trades=6 (n=272)
01:19:13 backend.server.scalp_bot.scalp_runtime     INFO | ScalpRuntime SOL_USD: candle close=80.370000 ema_f=80.355400 ema_s=80.358500 rsi=52.6 atr=0.026800 vwap=80.516146 vol_ok=False ready=True
01:19:19 backend.server.scalp_bot.scalp_runtime     INFO | ScalpRuntime SOL_USD [auto]: rsi=52.6 ema=bear vwap=False vol=False | open_pos=0 | daily_pnl=-0.1752
01:19:19 backend.server.scalp_bot.scalp_runtime     INFO | ScalpRuntime XRP_USD [auto]: rsi=27.5 ema=bear vwap=False vol=False | open_pos=0 | daily_pnl=-0.1752
01:20:04 backend.server.scalp_bot.candle_feed     INFO | CandleFeed XRP_USD: CLOSED candle @ 1.307760 vol=105.8 trades=4 (n=273)
01:20:04 backend.server.scalp_bot.scalp_runtime     INFO | ScalpRuntime XRP_USD: candle close=1.307760 ema_f=1.308100 ema_s=1.308800 rsi=28.2 atr=0.000700 vwap=1.311296 vol_ok=False ready=True
01:20:05 backend.server.scalp_bot.candle_feed     INFO | CandleFeed SOL_USD: CLOSED candle @ 80.340000 vol=0.6 trades=3 (n=273)
01:20:06 backend.server.scalp_bot.scalp_runtime     INFO | ScalpRuntime SOL_USD: candle close=80.340000 ema_f=80.350300 ema_s=80.355900 rsi=43.2 atr=0.027000 vwap=80.516136 vol_ok=False ready=True
01:20:19 backend.server.scalp_bot.scalp_runtime     INFO | ScalpRuntime SOL_USD [auto]: rsi=43.2 ema=bear vwap=False vol=False | open_pos=0 | daily_pnl=-0.1752
01:20:19 backend.server.scalp_bot.scalp_runtime     INFO | ScalpRuntime XRP_USD [auto]: rsi=28.2 ema=bear vwap=False vol=False | open_pos=0 | daily_pnl=-0.1752
01:21:00 backend.server.scalp_bot.candle_feed     INFO | CandleFeed XRP_USD: CLOSED candle @ 1.306750 vol=34693.3 trades=45 (n=274)
01:21:00 backend.server.scalp_bot.scalp_runtime     INFO | ScalpRuntime XRP_USD: candle close=1.306750 ema_f=1.307700 ema_s=1.308500 rsi=21.7 atr=0.000700 vwap=1.311223 vol_ok=False ready=True
01:21:01 backend.server.scalp_bot.candle_feed     INFO | CandleFeed SOL_USD: CLOSED candle @ 80.300000 vol=81.2 trades=16 (n=274)
01:21:01 backend.server.scalp_bot.scalp_runtime     INFO | ScalpRuntime SOL_USD: candle close=80.300000 ema_f=80.333500 ema_s=80.347900 rsi=34.1 atr=0.028600 vwap=80.514630 vol_ok=True ready=True
01:21:19 backend.server.scalp_bot.scalp_runtime     INFO | ScalpRuntime SOL_USD [auto]: rsi=34.1 ema=bear vwap=False vol=True | open_pos=0 | daily_pnl=-0.1752
01:21:19 backend.server.scalp_bot.scalp_runtime     INFO | ScalpRuntime XRP_USD [auto]: rsi=21.7 ema=bear vwap=False vol=False | open_pos=0 | daily_pnl=-0.1752
01:22:12 backend.server.scalp_bot.candle_feed     INFO | CandleFeed SOL_USD: CLOSED candle @ 80.220000 vol=132.9 trades=22 (n=275)
01:22:12 backend.server.scalp_bot.scalp_runtime     INFO | ScalpRuntime SOL_USD: candle close=80.220000 ema_f=80.295700 ema_s=80.329600 rsi=23.2 atr=0.032300 vwap=80.511466 vol_ok=True ready=True
01:22:13 backend.server.scalp_bot.candle_feed     INFO | CandleFeed XRP_USD: CLOSED candle @ 1.305760 vol=3700.4 trades=24 (n=275)
01:22:13 backend.server.scalp_bot.scalp_runtime     INFO | ScalpRuntime XRP_USD: candle close=1.305760 ema_f=1.307100 ema_s=1.308100 rsi=17.3 atr=0.000700 vwap=1.311214 vol_ok=False ready=True
01:22:19 backend.server.scalp_bot.scalp_runtime     INFO | ScalpRuntime SOL_USD [auto]: rsi=23.2 ema=bear vwap=False vol=True | open_pos=0 | daily_pnl=-0.1752
01:22:19 backend.server.scalp_bot.scalp_runtime     INFO | ScalpRuntime XRP_USD [auto]: rsi=17.3 ema=bear vwap=False vol=False | open_pos=0 | daily_pnl=-0.1752
01:23:04 backend.server.scalp_bot.candle_feed     INFO | CandleFeed XRP_USD: CLOSED candle @ 1.306540 vol=218.7 trades=5 (n=276)
01:23:04 backend.server.scalp_bot.scalp_runtime     INFO | ScalpRuntime XRP_USD: candle close=1.306540 ema_f=1.306900 ema_s=1.307900 rsi=29.9 atr=0.000700 vwap=1.311213 vol_ok=False ready=True
01:23:10 backend.server.scalp_bot.candle_feed     INFO | CandleFeed SOL_USD: CLOSED candle @ 80.250000 vol=10.6 trades=6 (n=276)
01:23:10 backend.server.scalp_bot.scalp_runtime     INFO | ScalpRuntime SOL_USD: candle close=80.250000 ema_f=80.280500 ema_s=80.318200 rsi=32.3 atr=0.032100 vwap=80.511211 vol_ok=False ready=True
01:23:19 backend.server.scalp_bot.scalp_runtime     INFO | ScalpRuntime SOL_USD [auto]: rsi=32.3 ema=bear vwap=False vol=False | open_pos=0 | daily_pnl=-0.1752
01:23:19 backend.server.scalp_bot.scalp_runtime     INFO | ScalpRuntime XRP_USD [auto]: rsi=29.9 ema=bear vwap=False vol=False | open_pos=0 | daily_pnl=-0.1752
01:24:19 backend.server.scalp_bot.scalp_runtime     INFO | ScalpRuntime SOL_USD [auto]: rsi=32.3 ema=bear vwap=False vol=False | open_pos=0 | daily_pnl=-0.1752
01:24:19 backend.server.scalp_bot.scalp_runtime     INFO | ScalpRuntime XRP_USD [auto]: rsi=29.9 ema=bear vwap=False vol=False | open_pos=0 | daily_pnl=-0.1752
01:24:20 backend.server.scalp_bot.candle_feed     INFO | CandleFeed SOL_USD: CLOSED candle @ 80.250000 vol=0.1 trades=2 (n=277)
01:24:20 backend.server.scalp_bot.scalp_runtime     INFO | ScalpRuntime SOL_USD: candle close=80.250000 ema_f=80.270300 ema_s=80.308500 rsi=32.3 atr=0.030500 vwap=80.511209 vol_ok=False ready=True
01:24:39 backend.server.scalp_bot.candle_feed     INFO | CandleFeed XRP_USD: CLOSED candle @ 1.306180 vol=365.2 trades=7 (n=277)
01:24:39 backend.server.scalp_bot.scalp_runtime     INFO | ScalpRuntime XRP_USD: candle close=1.306180 ema_f=1.306700 ema_s=1.307700 rsi=27.7 atr=0.000700 vwap=1.311212 vol_ok=False ready=True
01:25:07 backend.server.scalp_bot.candle_feed     INFO | CandleFeed XRP_USD: CLOSED candle @ 1.306990 vol=12860.1 trades=77 (n=278)
01:25:07 backend.server.scalp_bot.scalp_runtime     INFO | ScalpRuntime XRP_USD: candle close=1.306990 ema_f=1.306800 ema_s=1.307600 rsi=39.0 atr=0.000700 vwap=1.311186 vol_ok=False ready=True
01:25:13 backend.server.scalp_bot.candle_feed     INFO | CandleFeed SOL_USD: CLOSED candle @ 80.280000 vol=193.3 trades=4 (n=278)
01:25:13 backend.server.scalp_bot.scalp_runtime     INFO | ScalpRuntime SOL_USD: candle close=80.280000 ema_f=80.273500 ema_s=80.304400 rsi=41.2 atr=0.030500 vwap=80.507138 vol_ok=True ready=True
01:25:19 backend.server.scalp_bot.scalp_runtime     INFO | ScalpRuntime SOL_USD [auto]: rsi=41.2 ema=bear vwap=False vol=True | open_pos=0 | daily_pnl=-0.1752
01:25:19 backend.server.scalp_bot.scalp_runtime     INFO | ScalpRuntime XRP_USD [auto]: rsi=39.0 ema=bear vwap=False vol=False | open_pos=0 | daily_pnl=-0.1752
01:26:01 backend.server.scalp_bot.candle_feed     INFO | CandleFeed XRP_USD: CLOSED candle @ 1.306980 vol=1459.2 trades=88 (n=279)
01:26:01 backend.server.scalp_bot.scalp_runtime     INFO | ScalpRuntime XRP_USD: candle close=1.306980 ema_f=1.306900 ema_s=1.307500 rsi=38.9 atr=0.000700 vwap=1.311183 vol_ok=False ready=True
01:26:04 backend.server.scalp_bot.candle_feed     INFO | CandleFeed SOL_USD: CLOSED candle @ 80.320000 vol=3.2 trades=10 (n=279)
01:26:04 backend.server.scalp_bot.scalp_runtime     INFO | ScalpRuntime SOL_USD: candle close=80.320000 ema_f=80.289000 ema_s=80.306600 rsi=50.9 atr=0.031200 vwap=80.507084 vol_ok=False ready=True
01:26:19 backend.server.scalp_bot.scalp_runtime     INFO | ScalpRuntime SOL_USD [auto]: rsi=50.9 ema=bear vwap=False vol=False | open_pos=0 | daily_pnl=-0.1752
01:26:19 backend.server.scalp_bot.scalp_runtime     INFO | ScalpRuntime XRP_USD [auto]: rsi=38.9 ema=bear vwap=False vol=False | open_pos=0 | daily_pnl=-0.1752
01:27:04 backend.server.scalp_bot.candle_feed     INFO | CandleFeed XRP_USD: CLOSED candle @ 1.306750 vol=6281.2 trades=20 (n=280)
01:27:04 backend.server.scalp_bot.scalp_runtime     INFO | ScalpRuntime XRP_USD: candle close=1.306750 ema_f=1.306900 ema_s=1.307400 rsi=36.9 atr=0.000700 vwap=1.311170 vol_ok=False ready=True
01:27:13 backend.server.scalp_bot.candle_feed     INFO | CandleFeed SOL_USD: CLOSED candle @ 80.270000 vol=3.1 trades=7 (n=280)
01:27:13 backend.server.scalp_bot.scalp_runtime     INFO | ScalpRuntime SOL_USD: candle close=80.270000 ema_f=80.282700 ema_s=80.301400 rsi=41.3 atr=0.032500 vwap=80.507025 vol_ok=False ready=True
01:27:19 backend.server.scalp_bot.scalp_runtime     INFO | ScalpRuntime SOL_USD [auto]: rsi=41.3 ema=bear vwap=False vol=False | open_pos=0 | daily_pnl=-0.1752
01:27:19 backend.server.scalp_bot.scalp_runtime     INFO | ScalpRuntime XRP_USD [auto]: rsi=36.9 ema=bear vwap=False vol=False | open_pos=0 | daily_pnl=-0.1752
01:28:00 backend.server.scalp_bot.candle_feed     INFO | CandleFeed SOL_USD: CLOSED candle @ 80.320000 vol=6.2 trades=6 (n=281)
01:28:00 backend.server.scalp_bot.scalp_runtime     INFO | ScalpRuntime SOL_USD: candle close=80.320000 ema_f=80.295100 ema_s=80.304100 rsi=51.6 atr=0.033700 vwap=80.506915 vol_ok=False ready=True
01:28:08 backend.server.scalp_bot.candle_feed     INFO | CandleFeed XRP_USD: CLOSED candle @ 1.306960 vol=576.4 trades=10 (n=281)
01:28:08 backend.server.scalp_bot.scalp_runtime     INFO | ScalpRuntime XRP_USD: candle close=1.306960 ema_f=1.306900 ema_s=1.307300 rsi=40.1 atr=0.000700 vwap=1.311168 vol_ok=False ready=True
01:28:19 backend.server.scalp_bot.scalp_runtime     INFO | ScalpRuntime SOL_USD [auto]: rsi=51.6 ema=bear vwap=False vol=False | open_pos=0 | daily_pnl=-0.1752
01:28:19 backend.server.scalp_bot.scalp_runtime     INFO | ScalpRuntime XRP_USD [auto]: rsi=40.1 ema=bear vwap=False vol=False | open_pos=0 | daily_pnl=-0.1752
01:29:02 backend.server.scalp_bot.candle_feed     INFO | CandleFeed SOL_USD: CLOSED candle @ 80.290000 vol=6.7 trades=5 (n=282)
01:29:02 backend.server.scalp_bot.scalp_runtime     INFO | ScalpRuntime SOL_USD: candle close=80.290000 ema_f=80.293400 ema_s=80.302100 rsi=46.1 atr=0.033400 vwap=80.506793 vol_ok=False ready=True
01:29:17 backend.server.scalp_bot.candle_feed     INFO | CandleFeed XRP_USD: CLOSED candle @ 1.306510 vol=148.4 trades=5 (n=282)
01:29:17 backend.server.scalp_bot.scalp_runtime     INFO | ScalpRuntime XRP_USD: candle close=1.306510 ema_f=1.306800 ema_s=1.307200 rsi=35.7 atr=0.000700 vwap=1.311168 vol_ok=False ready=True
01:29:19 backend.server.scalp_bot.scalp_runtime     INFO | ScalpRuntime SOL_USD [auto]: rsi=46.1 ema=bear vwap=False vol=False | open_pos=0 | daily_pnl=-0.1752
01:29:19 backend.server.scalp_bot.scalp_runtime     INFO | ScalpRuntime XRP_USD [auto]: rsi=35.7 ema=bear vwap=False vol=False | open_pos=0 | daily_pnl=-0.1752
01:30:00 backend.server.scalp_bot.candle_feed     INFO | CandleFeed SOL_USD: CLOSED candle @ 80.260000 vol=2.5 trades=10 (n=283)
01:30:00 backend.server.scalp_bot.scalp_runtime     INFO | ScalpRuntime SOL_USD: candle close=80.260000 ema_f=80.282300 ema_s=80.296100 rsi=41.2 atr=0.033900 vwap=80.506739 vol_ok=False ready=True
01:30:19 backend.server.scalp_bot.scalp_runtime     INFO | ScalpRuntime SOL_USD [auto]: rsi=41.2 ema=bear vwap=False vol=False | open_pos=0 | daily_pnl=-0.1752
01:30:19 backend.server.scalp_bot.scalp_runtime     INFO | ScalpRuntime XRP_USD [auto]: rsi=35.7 ema=bear vwap=False vol=False | open_pos=0 | daily_pnl=-0.1752
01:30:21 backend.server.scalp_bot.candle_feed     INFO | CandleFeed XRP_USD: CLOSED candle @ 1.306350 vol=397.7 trades=2 (n=283)
01:30:21 backend.server.scalp_bot.scalp_runtime     INFO | ScalpRuntime XRP_USD: candle close=1.306350 ema_f=1.306700 ema_s=1.307100 rsi=34.2 atr=0.000700 vwap=1.311167 vol_ok=False ready=True
01:31:11 backend.server.scalp_bot.candle_feed     INFO | CandleFeed SOL_USD: CLOSED candle @ 80.250000 vol=3.3 trades=8 (n=284)
01:31:11 backend.server.scalp_bot.scalp_runtime     INFO | ScalpRuntime SOL_USD: candle close=80.250000 ema_f=80.271500 ema_s=80.289500 rsi=39.7 atr=0.032200 vwap=80.506666 vol_ok=False ready=True
01:31:17 backend.server.scalp_bot.candle_feed     INFO | CandleFeed XRP_USD: CLOSED candle @ 1.306200 vol=80.2 trades=5 (n=284)
01:31:17 backend.server.scalp_bot.scalp_runtime     INFO | ScalpRuntime XRP_USD: candle close=1.306200 ema_f=1.306500 ema_s=1.307000 rsi=32.7 atr=0.000700 vwap=1.311167 vol_ok=False ready=True
01:31:19 backend.server.scalp_bot.scalp_runtime     INFO | ScalpRuntime SOL_USD [auto]: rsi=39.7 ema=bear vwap=False vol=False | open_pos=0 | daily_pnl=-0.1752
01:31:19 backend.server.scalp_bot.scalp_runtime     INFO | ScalpRuntime XRP_USD [auto]: rsi=32.7 ema=bear vwap=False vol=False | open_pos=0 | daily_pnl=-0.1752
01:32:09 backend.server.scalp_bot.candle_feed     INFO | CandleFeed XRP_USD: CLOSED candle @ 1.306210 vol=191.6 trades=2 (n=285)
01:32:09 backend.server.scalp_bot.scalp_runtime     INFO | ScalpRuntime XRP_USD: candle close=1.306210 ema_f=1.306400 ema_s=1.306900 rsi=32.9 atr=0.000700 vwap=1.311167 vol_ok=False ready=True
01:32:19 backend.server.scalp_bot.scalp_runtime     INFO | ScalpRuntime SOL_USD [auto]: rsi=39.7 ema=bear vwap=False vol=False | open_pos=0 | daily_pnl=-0.1752
01:32:19 backend.server.scalp_bot.scalp_runtime     INFO | ScalpRuntime XRP_USD [auto]: rsi=32.9 ema=bear vwap=False vol=False | open_pos=0 | daily_pnl=-0.1752
01:32:22 backend.server.scalp_bot.candle_feed     INFO | CandleFeed SOL_USD: CLOSED candle @ 80.260000 vol=8.7 trades=4 (n=285)
01:32:22 backend.server.scalp_bot.scalp_runtime     INFO | ScalpRuntime SOL_USD: candle close=80.260000 ema_f=80.267700 ema_s=80.285300 rsi=42.2 atr=0.030600 vwap=80.506477 vol_ok=False ready=True
01:33:05 backend.server.scalp_bot.candle_feed     INFO | CandleFeed SOL_USD: CLOSED candle @ 80.270000 vol=0.3 trades=2 (n=286)
01:33:05 backend.server.scalp_bot.scalp_runtime     INFO | ScalpRuntime SOL_USD: candle close=80.270000 ema_f=80.268500 ema_s=80.283100 rsi=44.7 atr=0.029100 vwap=80.506470 vol_ok=False ready=True
01:33:16 backend.server.scalp_bot.candle_feed     INFO | CandleFeed XRP_USD: CLOSED candle @ 1.306660 vol=91.6 trades=4 (n=286)
01:33:16 backend.server.scalp_bot.scalp_runtime     INFO | ScalpRuntime XRP_USD: candle close=1.306660 ema_f=1.306500 ema_s=1.306900 rsi=42.3 atr=0.000700 vwap=1.311166 vol_ok=False ready=True
01:33:19 backend.server.scalp_bot.scalp_runtime     INFO | ScalpRuntime SOL_USD [auto]: rsi=44.7 ema=bear vwap=False vol=False | open_pos=0 | daily_pnl=-0.1752
01:33:19 backend.server.scalp_bot.scalp_runtime     INFO | ScalpRuntime XRP_USD [auto]: rsi=42.3 ema=bear vwap=False vol=False | open_pos=0 | daily_pnl=-0.1752
01:34:03 backend.server.scalp_bot.candle_feed     INFO | CandleFeed SOL_USD: CLOSED candle @ 80.290000 vol=0.3 trades=6 (n=287)
01:34:03 backend.server.scalp_bot.scalp_runtime     INFO | ScalpRuntime SOL_USD: candle close=80.290000 ema_f=80.275700 ema_s=80.284100 rsi=49.7 atr=0.029200 vwap=80.506465 vol_ok=False ready=True
01:34:08 backend.server.scalp_bot.candle_feed     INFO | CandleFeed XRP_USD: CLOSED candle @ 1.306130 vol=3815.4 trades=10 (n=287)
01:34:08 backend.server.scalp_bot.scalp_runtime     INFO | ScalpRuntime XRP_USD: candle close=1.306130 ema_f=1.306400 ema_s=1.306800 rsi=35.7 atr=0.000700 vwap=1.311157 vol_ok=False ready=True
01:34:19 backend.server.scalp_bot.scalp_runtime     INFO | ScalpRuntime SOL_USD [auto]: rsi=49.7 ema=bear vwap=False vol=False | open_pos=0 | daily_pnl=-0.1752
01:34:19 backend.server.scalp_bot.scalp_runtime     INFO | ScalpRuntime XRP_USD [auto]: rsi=35.7 ema=bear vwap=False vol=False | open_pos=0 | daily_pnl=-0.1752
01:35:05 backend.server.scalp_bot.candle_feed     INFO | CandleFeed SOL_USD: CLOSED candle @ 80.300000 vol=12.5 trades=6 (n=288)
01:35:05 backend.server.scalp_bot.scalp_runtime     INFO | ScalpRuntime SOL_USD: candle close=80.300000 ema_f=80.283800 ema_s=80.286400 rsi=52.2 atr=0.030700 vwap=80.506223 vol_ok=False ready=True
01:35:05 backend.server.scalp_bot.candle_feed     INFO | CandleFeed XRP_USD: CLOSED candle @ 1.305320 vol=6471.9 trades=24 (n=288)
01:35:05 backend.server.scalp_bot.scalp_runtime     INFO | ScalpRuntime XRP_USD: candle close=1.305320 ema_f=1.306000 ema_s=1.306600 rsi=28.1 atr=0.000700 vwap=1.311139 vol_ok=True ready=True
01:35:19 backend.server.scalp_bot.scalp_runtime     INFO | ScalpRuntime SOL_USD [auto]: rsi=52.2 ema=bear vwap=False vol=False | open_pos=0 | daily_pnl=-0.1752
01:35:19 backend.server.scalp_bot.scalp_runtime     INFO | ScalpRuntime XRP_USD [auto]: rsi=28.1 ema=bear vwap=False vol=True | open_pos=0 | daily_pnl=-0.1752
01:36:05 backend.server.scalp_bot.candle_feed     INFO | CandleFeed XRP_USD: CLOSED candle @ 1.304730 vol=8827.5 trades=40 (n=289)
01:36:05 backend.server.scalp_bot.scalp_runtime     INFO | ScalpRuntime XRP_USD: candle close=1.304730 ema_f=1.305600 ema_s=1.306300 rsi=24.0 atr=0.000700 vwap=1.311113 vol_ok=True ready=True
01:36:13 backend.server.scalp_bot.candle_feed     INFO | CandleFeed SOL_USD: CLOSED candle @ 80.280000 vol=20.6 trades=6 (n=289)
01:36:13 backend.server.scalp_bot.scalp_runtime     INFO | ScalpRuntime SOL_USD: candle close=80.280000 ema_f=80.282500 ema_s=80.285500 rsi=47.0 atr=0.031400 vwap=80.505830 vol_ok=False ready=True
01:36:19 backend.server.scalp_bot.scalp_runtime     INFO | ScalpRuntime SOL_USD [auto]: rsi=47.0 ema=bear vwap=False vol=False | open_pos=0 | daily_pnl=-0.1752
01:36:19 backend.server.scalp_bot.scalp_runtime     INFO | ScalpRuntime XRP_USD [auto]: rsi=24.0 ema=bear vwap=False vol=True | open_pos=0 | daily_pnl=-0.1752
01:37:01 backend.server.scalp_bot.candle_feed     INFO | CandleFeed SOL_USD: CLOSED candle @ 80.260000 vol=0.6 trades=3 (n=290)
01:37:01 backend.server.scalp_bot.scalp_runtime     INFO | ScalpRuntime SOL_USD: candle close=80.260000 ema_f=80.275000 ema_s=80.281900 rsi=42.3 atr=0.030600 vwap=80.505817 vol_ok=False ready=True
01:37:17 backend.server.scalp_bot.candle_feed     INFO | CandleFeed XRP_USD: CLOSED candle @ 1.305230 vol=540.3 trades=6 (n=290)
01:37:17 backend.server.scalp_bot.scalp_runtime     INFO | ScalpRuntime XRP_USD: candle close=1.305230 ema_f=1.305500 ema_s=1.306100 rsi=33.4 atr=0.000700 vwap=1.311111 vol_ok=False ready=True
01:37:19 backend.server.scalp_bot.scalp_runtime     INFO | ScalpRuntime SOL_USD [auto]: rsi=42.3 ema=bear vwap=False vol=False | open_pos=0 | daily_pnl=-0.1752
01:37:19 backend.server.scalp_bot.scalp_runtime     INFO | ScalpRuntime XRP_USD [auto]: rsi=33.4 ema=bear vwap=False vol=False | open_pos=0 | daily_pnl=-0.1752
01:38:15 backend.server.scalp_bot.candle_feed     INFO | CandleFeed XRP_USD: CLOSED candle @ 1.305410 vol=253.1 trades=4 (n=291)
01:38:15 backend.server.scalp_bot.scalp_runtime     INFO | ScalpRuntime XRP_USD: candle close=1.305410 ema_f=1.305500 ema_s=1.306000 rsi=36.5 atr=0.000700 vwap=1.311111 vol_ok=False ready=True
01:38:19 backend.server.scalp_bot.scalp_runtime     INFO | ScalpRuntime SOL_USD [auto]: rsi=42.3 ema=bear vwap=False vol=False | open_pos=0 | daily_pnl=-0.1752
01:38:19 backend.server.scalp_bot.scalp_runtime     INFO | ScalpRuntime XRP_USD [auto]: rsi=36.5 ema=bear vwap=False vol=False | open_pos=0 | daily_pnl=-0.1752
01:38:33 backend.server.scalp_bot.candle_feed     INFO | CandleFeed SOL_USD: CLOSED candle @ 80.240000 vol=2.7 trades=7 (n=291)
01:38:33 backend.server.scalp_bot.scalp_runtime     INFO | ScalpRuntime SOL_USD: candle close=80.240000 ema_f=80.263300 ema_s=80.275900 rsi=38.1 atr=0.029800 vwap=80.505757 vol_ok=False ready=True
01:39:12 backend.server.scalp_bot.candle_feed     INFO | CandleFeed XRP_USD: CLOSED candle @ 1.305410 vol=622.5 trades=5 (n=292)
01:39:12 backend.server.scalp_bot.scalp_runtime     INFO | ScalpRuntime XRP_USD: candle close=1.305410 ema_f=1.305500 ema_s=1.305900 rsi=36.5 atr=0.000700 vwap=1.311109 vol_ok=False ready=True
01:39:19 backend.server.scalp_bot.scalp_runtime     INFO | ScalpRuntime SOL_USD [auto]: rsi=38.1 ema=bear vwap=False vol=False | open_pos=0 | daily_pnl=-0.1752
01:39:19 backend.server.scalp_bot.scalp_runtime     INFO | ScalpRuntime XRP_USD [auto]: rsi=36.5 ema=bear vwap=False vol=False | open_pos=0 | daily_pnl=-0.1752
01:39:29 backend.server.scalp_bot.candle_feed     INFO | CandleFeed SOL_USD: CLOSED candle @ 80.240000 vol=123.7 trades=8 (n=292)
01:39:29 backend.server.scalp_bot.scalp_runtime     INFO | ScalpRuntime SOL_USD: candle close=80.240000 ema_f=80.255500 ema_s=80.270800 rsi=38.1 atr=0.028400 vwap=80.502900 vol_ok=True ready=True
01:40:06 backend.server.scalp_bot.candle_feed     INFO | CandleFeed XRP_USD: CLOSED candle @ 1.305650 vol=283.4 trades=4 (n=293)
01:40:06 backend.server.scalp_bot.scalp_runtime     INFO | ScalpRuntime XRP_USD: candle close=1.305650 ema_f=1.305600 ema_s=1.305900 rsi=41.3 atr=0.000700 vwap=1.311108 vol_ok=False ready=True
01:40:08 backend.server.scalp_bot.candle_feed     INFO | CandleFeed SOL_USD: CLOSED candle @ 80.300000 vol=31.8 trades=15 (n=293)
01:40:08 backend.server.scalp_bot.scalp_runtime     INFO | ScalpRuntime SOL_USD: candle close=80.300000 ema_f=80.270300 ema_s=80.275000 rsi=55.2 atr=0.031400 vwap=80.502285 vol_ok=False ready=True
01:40:19 backend.server.scalp_bot.scalp_runtime     INFO | ScalpRuntime SOL_USD [auto]: rsi=55.2 ema=bear vwap=False vol=False | open_pos=0 | daily_pnl=-0.1752
01:40:19 backend.server.scalp_bot.scalp_runtime     INFO | ScalpRuntime XRP_USD [auto]: rsi=41.3 ema=bear vwap=False vol=False | open_pos=0 | daily_pnl=-0.1752
01:41:08 backend.server.scalp_bot.candle_feed     INFO | CandleFeed XRP_USD: CLOSED candle @ 1.305330 vol=1489.4 trades=12 (n=294)
01:41:08 backend.server.scalp_bot.scalp_runtime     INFO | ScalpRuntime XRP_USD: candle close=1.305330 ema_f=1.305500 ema_s=1.305800 rsi=37.1 atr=0.000700 vwap=1.311104 vol_ok=False ready=True
01:41:19 backend.server.scalp_bot.scalp_runtime     INFO | ScalpRuntime SOL_USD [auto]: rsi=55.2 ema=bear vwap=False vol=False | open_pos=0 | daily_pnl=-0.1752
01:41:19 backend.server.scalp_bot.scalp_runtime     INFO | ScalpRuntime XRP_USD [auto]: rsi=37.1 ema=bear vwap=False vol=False | open_pos=0 | daily_pnl=-0.1752
01:41:28 backend.server.scalp_bot.candle_feed     INFO | CandleFeed SOL_USD: CLOSED candle @ 80.270000 vol=21.8 trades=12 (n=294)
01:41:28 backend.server.scalp_bot.scalp_runtime     INFO | ScalpRuntime SOL_USD: candle close=80.270000 ema_f=80.270200 ema_s=80.274300 rsi=47.8 atr=0.031300 vwap=80.501865 vol_ok=False ready=True
01:42:05 backend.server.scalp_bot.candle_feed     INFO | CandleFeed SOL_USD: CLOSED candle @ 80.270000 vol=0.4 trades=2 (n=295)
01:42:05 backend.server.scalp_bot.scalp_runtime     INFO | ScalpRuntime SOL_USD: candle close=80.270000 ema_f=80.270100 ema_s=80.273700 rsi=47.8 atr=0.029100 vwap=80.501857 vol_ok=False ready=True
01:42:19 backend.server.scalp_bot.scalp_runtime     INFO | ScalpRuntime SOL_USD [auto]: rsi=47.8 ema=bear vwap=False vol=False | open_pos=0 | daily_pnl=-0.1752
01:42:19 backend.server.scalp_bot.scalp_runtime     INFO | ScalpRuntime XRP_USD [auto]: rsi=37.1 ema=bear vwap=False vol=False | open_pos=0 | daily_pnl=-0.1752
01:42:27 backend.server.scalp_bot.candle_feed     INFO | CandleFeed XRP_USD: CLOSED candle @ 1.305370 vol=4052.6 trades=6 (n=295)
01:42:27 backend.server.scalp_bot.scalp_runtime     INFO | ScalpRuntime XRP_USD: candle close=1.305370 ema_f=1.305500 ema_s=1.305700 rsi=38.0 atr=0.000700 vwap=1.311093 vol_ok=True ready=True
01:43:19 backend.server.scalp_bot.scalp_runtime     INFO | ScalpRuntime SOL_USD [auto]: rsi=47.8 ema=bear vwap=False vol=False | open_pos=0 | daily_pnl=-0.1752
01:43:19 backend.server.scalp_bot.scalp_runtime     INFO | ScalpRuntime XRP_USD [auto]: rsi=38.0 ema=bear vwap=False vol=True | open_pos=0 | daily_pnl=-0.1752
01:43:23 backend.server.scalp_bot.candle_feed     INFO | CandleFeed XRP_USD: CLOSED candle @ 1.305480 vol=898.5 trades=5 (n=296)
01:43:23 backend.server.scalp_bot.scalp_runtime     INFO | ScalpRuntime XRP_USD: candle close=1.305480 ema_f=1.305500 ema_s=1.305700 rsi=40.6 atr=0.000700 vwap=1.311090 vol_ok=False ready=True
01:44:00 backend.server.scalp_bot.candle_feed     INFO | CandleFeed SOL_USD: CLOSED candle @ 80.290000 vol=1.2 trades=6 (n=296)
01:44:00 backend.server.scalp_bot.scalp_runtime     INFO | ScalpRuntime SOL_USD: candle close=80.290000 ema_f=80.276700 ema_s=80.276000 rsi=53.1 atr=0.028500 vwap=80.501835 vol_ok=False ready=True
01:44:00 backend.server.scalp_bot.signal_engine     INFO | SIGNAL [ema] SOL_USD: long @ 80.29000 | stop=80.26150 | tp=80.33275 | atr=0.02850 | signals=ema_cross+rsi | conf=50%
01:44:00 backend.server.scalp_bot.scalp_trader     INFO | ScalpTrader SOL_USD: capped qty to capital (risk_qty=70.18 -> capped_qty=1.245485, notional=100.00)
01:44:00 backend.server.scalp_bot.scalp_trader     INFO | ScalpTrader SOL_USD: SIM entry (simulated) | qty=1.245485 @ 80.29000 | stop=80.26150 | tp=80.33275 | notional=100.00 | id=scalp_entry_a72233f3
01:44:00 backend.server.scalp_bot.scalp_trader     INFO | ScalpTrader SOL_USD: SIM entry filled @ 80.29000 | stop=80.26150 | tp=80.33275
01:44:01 backend.server.scalp_bot.candle_feed     INFO | CandleFeed SOL_USD: CLOSED candle @ 80.280000 vol=0.0 trades=1 (n=297)
01:44:01 backend.server.scalp_bot.scalp_runtime     INFO | ScalpRuntime SOL_USD: candle close=80.280000 ema_f=80.277800 ema_s=80.276600 rsi=50.2 atr=0.027200 vwap=80.501835 vol_ok=False ready=True
01:44:16 backend.server.scalp_bot.candle_feed     INFO | CandleFeed XRP_USD: CLOSED candle @ 1.305700 vol=83.4 trades=4 (n=297)
01:44:16 backend.server.scalp_bot.scalp_runtime     INFO | ScalpRuntime XRP_USD: candle close=1.305700 ema_f=1.305600 ema_s=1.305700 rsi=45.6 atr=0.000700 vwap=1.311090 vol_ok=False ready=True
01:44:19 backend.server.scalp_bot.scalp_runtime     INFO | ScalpRuntime SOL_USD [auto]: rsi=50.2 ema=bull vwap=False vol=False | open_pos=1 | daily_pnl=-0.1752
01:44:19 backend.server.scalp_bot.scalp_runtime     INFO | ScalpRuntime XRP_USD [auto]: rsi=45.6 ema=bear vwap=False vol=False | open_pos=1 | daily_pnl=-0.1752
01:45:05 backend.server.scalp_bot.candle_feed     INFO | CandleFeed SOL_USD: CLOSED candle @ 80.320000 vol=9.7 trades=7 (n=298)
01:45:05 backend.server.scalp_bot.scalp_runtime     INFO | ScalpRuntime SOL_USD: candle close=80.320000 ema_f=80.291900 ema_s=80.282800 rsi=60.0 atr=0.029500 vwap=80.501678 vol_ok=False ready=True
01:45:05 backend.server.state     INFO | ALERT [scalp] Scalp TP: SOL_USD — Profit: $+0.0532 | entry=80.29000 exit=80.33275
01:45:05 backend.server.scalp_bot.scalp_trader     INFO | ScalpTrader SOL_USD: PAPER tp hit @ 80.33275 | pnl=0.0532 | daily_pnl=-0.1220
01:45:05 backend.server.scalp_bot.signal_engine     INFO | SIGNAL [ema] SOL_USD: long @ 80.32000 | stop=80.29050 | tp=80.36425 | atr=0.02950 | signals=ema_trend+rsi | conf=50%
01:45:05 backend.server.scalp_bot.scalp_trader     INFO | ScalpTrader SOL_USD: capped qty to capital (risk_qty=67.80 -> capped_qty=1.245020, notional=100.00)
01:45:05 backend.server.scalp_bot.scalp_trader     INFO | ScalpTrader SOL_USD: SIM entry (simulated) | qty=1.245020 @ 80.32000 | stop=80.29050 | tp=80.36425 | notional=100.00 | id=scalp_entry_40ca60bb
01:45:05 backend.server.scalp_bot.scalp_trader     INFO | ScalpTrader SOL_USD: SIM entry filled @ 80.32000 | stop=80.29050 | tp=80.36425
01:45:05 backend.server.scalp_bot.candle_feed     INFO | CandleFeed XRP_USD: CLOSED candle @ 1.304580 vol=22320.0 trades=13 (n=298)
01:45:05 backend.server.scalp_bot.scalp_runtime     INFO | ScalpRuntime XRP_USD: candle close=1.304580 ema_f=1.305300 ema_s=1.305500 rsi=30.7 atr=0.000700 vwap=1.311024 vol_ok=True ready=True
01:45:19 backend.server.scalp_bot.scalp_runtime     INFO | ScalpRuntime SOL_USD [auto]: rsi=60.0 ema=bull vwap=False vol=False | open_pos=1 | daily_pnl=-0.1220
01:45:19 backend.server.scalp_bot.scalp_runtime     INFO | ScalpRuntime XRP_USD [auto]: rsi=30.7 ema=bear vwap=False vol=True | open_pos=1 | daily_pnl=-0.1220
01:46:15 backend.server.scalp_bot.candle_feed     INFO | CandleFeed SOL_USD: CLOSED candle @ 80.320000 vol=4.4 trades=5 (n=299)
01:46:15 backend.server.scalp_bot.scalp_runtime     INFO | ScalpRuntime SOL_USD: candle close=80.320000 ema_f=80.301300 ema_s=80.288100 rsi=60.0 atr=0.028100 vwap=80.501611 vol_ok=False ready=True
01:46:19 backend.server.scalp_bot.scalp_runtime     INFO | ScalpRuntime SOL_USD [auto]: rsi=60.0 ema=bull vwap=False vol=False | open_pos=1 | daily_pnl=-0.1220
01:46:19 backend.server.scalp_bot.scalp_runtime     INFO | ScalpRuntime XRP_USD [auto]: rsi=30.7 ema=bear vwap=False vol=True | open_pos=1 | daily_pnl=-0.1220
01:46:35 backend.server.scalp_bot.candle_feed     INFO | CandleFeed XRP_USD: CLOSED candle @ 1.304660 vol=619.9 trades=7 (n=299)
01:46:35 backend.server.scalp_bot.scalp_runtime     INFO | ScalpRuntime XRP_USD: candle close=1.304660 ema_f=1.305100 ema_s=1.305400 rsi=32.5 atr=0.000700 vwap=1.311023 vol_ok=False ready=True
01:47:01 backend.server.scalp_bot.candle_feed     INFO | CandleFeed SOL_USD: CLOSED candle @ 80.320000 vol=2.6 trades=5 (n=300)
01:47:01 backend.server.scalp_bot.scalp_runtime     INFO | ScalpRuntime SOL_USD: candle close=80.320000 ema_f=80.307500 ema_s=80.292700 rsi=60.0 atr=0.026800 vwap=80.501572 vol_ok=False ready=True
01:47:04 backend.server.scalp_bot.candle_feed     INFO | CandleFeed XRP_USD: CLOSED candle @ 1.304490 vol=162.1 trades=2 (n=300)
01:47:04 backend.server.scalp_bot.scalp_runtime     INFO | ScalpRuntime XRP_USD: candle close=1.304490 ema_f=1.304900 ema_s=1.305300 rsi=30.6 atr=0.000700 vwap=1.311022 vol_ok=False ready=True
01:47:19 backend.server.scalp_bot.scalp_runtime     INFO | ScalpRuntime SOL_USD [auto]: rsi=60.0 ema=bull vwap=False vol=False | open_pos=1 | daily_pnl=-0.1220
01:47:19 backend.server.scalp_bot.scalp_runtime     INFO | ScalpRuntime XRP_USD [auto]: rsi=30.6 ema=bear vwap=False vol=False | open_pos=1 | daily_pnl=-0.1220
01:48:01 backend.server.scalp_bot.candle_feed     INFO | CandleFeed SOL_USD: CLOSED candle @ 80.370000 vol=3.2 trades=3 (n=301)
01:48:01 backend.server.scalp_bot.scalp_runtime     INFO | ScalpRuntime SOL_USD: candle close=80.370000 ema_f=80.328300 ema_s=80.303700 rsi=70.4 atr=0.028500 vwap=80.501532 vol_ok=False ready=True
01:48:01 backend.server.state     INFO | ALERT [scalp] Scalp TP: SOL_USD — Profit: $+0.0551 | entry=80.32000 exit=80.36425
01:48:01 backend.server.scalp_bot.scalp_trader     INFO | ScalpTrader SOL_USD: PAPER tp hit @ 80.36425 | pnl=0.0551 | daily_pnl=-0.0669
01:48:01 backend.server.scalp_bot.candle_feed     INFO | CandleFeed XRP_USD: CLOSED candle @ 1.304850 vol=4905.8 trades=7 (n=301)
01:48:01 backend.server.scalp_bot.scalp_runtime     INFO | ScalpRuntime XRP_USD: candle close=1.304850 ema_f=1.304900 ema_s=1.305200 rsi=39.0 atr=0.000700 vwap=1.311007 vol_ok=True ready=True
01:48:19 backend.server.scalp_bot.scalp_runtime     INFO | ScalpRuntime SOL_USD [auto]: rsi=70.4 ema=bull vwap=False vol=False | open_pos=0 | daily_pnl=-0.0669
01:48:19 backend.server.scalp_bot.scalp_runtime     INFO | ScalpRuntime XRP_USD [auto]: rsi=39.0 ema=bear vwap=False vol=True | open_pos=0 | daily_pnl=-0.0669
01:49:01 backend.server.scalp_bot.candle_feed     INFO | CandleFeed SOL_USD: CLOSED candle @ 80.350000 vol=0.4 trades=5 (n=302)
01:49:01 backend.server.scalp_bot.scalp_runtime     INFO | ScalpRuntime SOL_USD: candle close=80.350000 ema_f=80.335500 ema_s=80.310300 rsi=63.0 atr=0.027900 vwap=80.501526 vol_ok=False ready=True
01:49:01 backend.server.scalp_bot.signal_engine     INFO | SIGNAL [ema] SOL_USD: long @ 80.35000 | stop=80.32210 | tp=80.39185 | atr=0.02790 | signals=ema_trend+rsi | conf=50%
01:49:01 backend.server.scalp_bot.scalp_trader     INFO | ScalpTrader SOL_USD: capped qty to capital (risk_qty=71.68 -> capped_qty=1.244555, notional=100.00)
01:49:01 backend.server.scalp_bot.scalp_trader     INFO | ScalpTrader SOL_USD: SIM entry (simulated) | qty=1.244555 @ 80.35000 | stop=80.32210 | tp=80.39185 | notional=100.00 | id=scalp_entry_8ac02e84
01:49:01 backend.server.scalp_bot.scalp_trader     INFO | ScalpTrader SOL_USD: SIM entry filled @ 80.35000 | stop=80.32210 | tp=80.39185
01:49:01 backend.server.scalp_bot.candle_feed     INFO | CandleFeed XRP_USD: CLOSED candle @ 1.303830 vol=5568.1 trades=8 (n=302)
01:49:01 backend.server.scalp_bot.scalp_runtime     INFO | ScalpRuntime XRP_USD: candle close=1.303830 ema_f=1.304500 ema_s=1.305000 rsi=28.1 atr=0.000700 vwap=1.310989 vol_ok=True ready=True
01:49:19 backend.server.scalp_bot.scalp_runtime     INFO | ScalpRuntime SOL_USD [auto]: rsi=63.0 ema=bull vwap=False vol=False | open_pos=1 | daily_pnl=-0.0669
01:49:19 backend.server.scalp_bot.scalp_runtime     INFO | ScalpRuntime XRP_USD [auto]: rsi=28.1 ema=bear vwap=False vol=True | open_pos=1 | daily_pnl=-0.0669
01:50:00 backend.server.scalp_bot.candle_feed     INFO | CandleFeed SOL_USD: CLOSED candle @ 80.360000 vol=1.6 trades=5 (n=303)
01:50:00 backend.server.scalp_bot.scalp_runtime     INFO | ScalpRuntime SOL_USD: candle close=80.360000 ema_f=80.343700 ema_s=80.317400 rsi=65.1 atr=0.026600 vwap=80.501507 vol_ok=False ready=True
01:50:04 backend.server.scalp_bot.candle_feed     INFO | CandleFeed XRP_USD: CLOSED candle @ 1.304210 vol=194.1 trades=4 (n=303)
01:50:04 backend.server.scalp_bot.scalp_runtime     INFO | ScalpRuntime XRP_USD: candle close=1.304210 ema_f=1.304400 ema_s=1.304900 rsi=35.6 atr=0.000700 vwap=1.310989 vol_ok=False ready=True
01:50:19 backend.server.scalp_bot.scalp_runtime     INFO | ScalpRuntime SOL_USD [auto]: rsi=65.1 ema=bull vwap=False vol=False | open_pos=1 | daily_pnl=-0.0669
01:50:19 backend.server.scalp_bot.scalp_runtime     INFO | ScalpRuntime XRP_USD [auto]: rsi=35.6 ema=bear vwap=False vol=False | open_pos=1 | daily_pnl=-0.0669
01:51:00 backend.server.scalp_bot.candle_feed     INFO | CandleFeed XRP_USD: CLOSED candle @ 1.303860 vol=3957.1 trades=5 (n=304)
01:51:00 backend.server.scalp_bot.scalp_runtime     INFO | ScalpRuntime XRP_USD: candle close=1.303860 ema_f=1.304200 ema_s=1.304800 rsi=32.2 atr=0.000700 vwap=1.310975 vol_ok=False ready=True
01:51:01 backend.server.scalp_bot.candle_feed     INFO | CandleFeed SOL_USD: CLOSED candle @ 80.310000 vol=8.4 trades=11 (n=304)
01:51:01 backend.server.scalp_bot.scalp_runtime     INFO | ScalpRuntime SOL_USD: candle close=80.310000 ema_f=80.332500 ema_s=80.316300 rsi=49.6 atr=0.029700 vwap=80.501381 vol_ok=False ready=True
01:51:01 backend.server.state  WARNING | ALERT [scalp] Scalp STOP: SOL_USD — Loss: $-0.0347 | entry=80.35000 exit=80.32210
01:51:01 backend.server.scalp_bot.scalp_trader     INFO | ScalpTrader SOL_USD: PAPER stop hit @ 80.32210 | pnl=-0.0347 | daily_pnl=-0.1016
01:51:19 backend.server.scalp_bot.scalp_runtime     INFO | ScalpRuntime SOL_USD [auto]: rsi=49.6 ema=bull vwap=False vol=False | open_pos=0 | daily_pnl=-0.1016
01:51:19 backend.server.scalp_bot.scalp_runtime     INFO | ScalpRuntime XRP_USD [auto]: rsi=32.2 ema=bear vwap=False vol=False | open_pos=0 | daily_pnl=-0.1016
01:52:02 backend.server.scalp_bot.candle_feed     INFO | CandleFeed XRP_USD: CLOSED candle @ 1.301660 vol=42085.2 trades=46 (n=305)
01:52:02 backend.server.scalp_bot.scalp_runtime     INFO | ScalpRuntime XRP_USD: candle close=1.301660 ema_f=1.303400 ema_s=1.304400 rsi=19.0 atr=0.000800 vwap=1.310807 vol_ok=True ready=True
01:52:05 backend.server.scalp_bot.candle_feed     INFO | CandleFeed SOL_USD: CLOSED candle @ 80.260000 vol=6.0 trades=6 (n=305)
01:52:05 backend.server.scalp_bot.scalp_runtime     INFO | ScalpRuntime SOL_USD: candle close=80.260000 ema_f=80.308300 ema_s=80.308300 rsi=39.1 atr=0.032600 vwap=80.501257 vol_ok=False ready=True
01:52:19 backend.server.scalp_bot.scalp_runtime     INFO | ScalpRuntime SOL_USD [auto]: rsi=39.1 ema=bear vwap=False vol=False | open_pos=0 | daily_pnl=-0.1016
01:52:19 backend.server.scalp_bot.scalp_runtime     INFO | ScalpRuntime XRP_USD [auto]: rsi=19.0 ema=bear vwap=False vol=True | open_pos=0 | daily_pnl=-0.1016
01:53:01 backend.server.scalp_bot.candle_feed     INFO | CandleFeed SOL_USD: CLOSED candle @ 80.180000 vol=37.2 trades=14 (n=306)
01:53:01 backend.server.scalp_bot.scalp_runtime     INFO | ScalpRuntime SOL_USD: candle close=80.180000 ema_f=80.265500 ema_s=80.290000 rsi=28.4 atr=0.036700 vwap=80.500283 vol_ok=True ready=True
01:53:17 backend.server.scalp_bot.candle_feed     INFO | CandleFeed XRP_USD: CLOSED candle @ 1.301460 vol=13408.4 trades=45 (n=306)
01:53:17 backend.server.scalp_bot.scalp_runtime     INFO | ScalpRuntime XRP_USD: candle close=1.301460 ema_f=1.302800 ema_s=1.304000 rsi=18.3 atr=0.000800 vwap=1.310747 vol_ok=True ready=True
01:53:19 backend.server.scalp_bot.scalp_runtime     INFO | ScalpRuntime SOL_USD [auto]: rsi=28.4 ema=bear vwap=False vol=True | open_pos=0 | daily_pnl=-0.1016
01:53:19 backend.server.scalp_bot.scalp_runtime     INFO | ScalpRuntime XRP_USD [auto]: rsi=18.3 ema=bear vwap=False vol=True | open_pos=0 | daily_pnl=-0.1016
01:54:07 backend.server.scalp_bot.candle_feed     INFO | CandleFeed XRP_USD: CLOSED candle @ 1.301440 vol=64611.3 trades=22 (n=307)
01:54:07 backend.server.scalp_bot.scalp_runtime     INFO | ScalpRuntime XRP_USD: candle close=1.301440 ema_f=1.302300 ema_s=1.303600 rsi=18.2 atr=0.000800 vwap=1.310480 vol_ok=True ready=True
01:54:19 backend.server.scalp_bot.scalp_runtime     INFO | ScalpRuntime SOL_USD [auto]: rsi=28.4 ema=bear vwap=False vol=True | open_pos=0 | daily_pnl=-0.1016
01:54:19 backend.server.scalp_bot.scalp_runtime     INFO | ScalpRuntime XRP_USD [auto]: rsi=18.2 ema=bear vwap=False vol=True | open_pos=0 | daily_pnl=-0.1016
01:54:31 backend.server.scalp_bot.candle_feed     INFO | CandleFeed SOL_USD: CLOSED candle @ 80.230000 vol=5.6 trades=14 (n=307)
01:54:31 backend.server.scalp_bot.scalp_runtime     INFO | ScalpRuntime SOL_USD: candle close=80.230000 ema_f=80.253700 ema_s=80.281400 rsi=40.0 atr=0.037600 vwap=80.500150 vol_ok=False ready=True
01:55:01 backend.server.scalp_bot.candle_feed     INFO | CandleFeed XRP_USD: CLOSED candle @ 1.301850 vol=45130.0 trades=22 (n=308)
01:55:01 backend.server.scalp_bot.scalp_runtime     INFO | ScalpRuntime XRP_USD: candle close=1.301850 ema_f=1.302200 ema_s=1.303400 rsi=25.9 atr=0.000800 vwap=1.310310 vol_ok=True ready=True
01:55:19 backend.server.scalp_bot.scalp_runtime     INFO | ScalpRuntime SOL_USD [auto]: rsi=40.0 ema=bear vwap=False vol=False | open_pos=0 | daily_pnl=-0.1016
01:55:19 backend.server.scalp_bot.scalp_runtime     INFO | ScalpRuntime XRP_USD [auto]: rsi=25.9 ema=bear vwap=False vol=True | open_pos=0 | daily_pnl=-0.1016
01:55:20 backend.server.scalp_bot.candle_feed     INFO | CandleFeed SOL_USD: CLOSED candle @ 80.250000 vol=12.1 trades=4 (n=308)
01:55:20 backend.server.scalp_bot.scalp_runtime     INFO | ScalpRuntime SOL_USD: candle close=80.250000 ema_f=80.252500 ema_s=80.276900 rsi=44.1 atr=0.037100 vwap=80.499883 vol_ok=False ready=True
01:56:03 backend.server.scalp_bot.candle_feed     INFO | CandleFeed XRP_USD: CLOSED candle @ 1.301190 vol=88.7 trades=5 (n=309)
01:56:03 backend.server.scalp_bot.scalp_runtime     INFO | ScalpRuntime XRP_USD: candle close=1.301190 ema_f=1.301900 ema_s=1.303100 rsi=22.1 atr=0.000800 vwap=1.310309 vol_ok=False ready=True
01:56:19 backend.server.scalp_bot.scalp_runtime     INFO | ScalpRuntime SOL_USD [auto]: rsi=44.1 ema=bear vwap=False vol=False | open_pos=0 | daily_pnl=-0.1016
01:56:19 backend.server.scalp_bot.scalp_runtime     INFO | ScalpRuntime XRP_USD [auto]: rsi=22.1 ema=bear vwap=False vol=False | open_pos=0 | daily_pnl=-0.1016
01:56:51 backend.server.scalp_bot.candle_feed     INFO | CandleFeed SOL_USD: CLOSED candle @ 80.210000 vol=6.9 trades=3 (n=309)
01:56:51 backend.server.scalp_bot.scalp_runtime     INFO | ScalpRuntime SOL_USD: candle close=80.210000 ema_f=80.238300 ema_s=80.267300 rsi=38.2 atr=0.038000 vwap=80.499713 vol_ok=False ready=True
01:57:11 backend.server.scalp_bot.candle_feed     INFO | CandleFeed XRP_USD: CLOSED candle @ 1.300120 vol=12594.8 trades=15 (n=310)
01:57:11 backend.server.scalp_bot.scalp_runtime     INFO | ScalpRuntime XRP_USD: candle close=1.300120 ema_f=1.301300 ema_s=1.302700 rsi=17.5 atr=0.000800 vwap=1.310255 vol_ok=False ready=True
01:57:19 backend.server.scalp_bot.scalp_runtime     INFO | ScalpRuntime SOL_USD [auto]: rsi=38.2 ema=bear vwap=False vol=False | open_pos=0 | daily_pnl=-0.1016
01:57:19 backend.server.scalp_bot.scalp_runtime     INFO | ScalpRuntime XRP_USD [auto]: rsi=17.5 ema=bear vwap=False vol=False | open_pos=0 | daily_pnl=-0.1016
01:57:54 backend.server.scalp_bot.candle_feed     INFO | CandleFeed SOL_USD: CLOSED candle @ 80.180000 vol=11.9 trades=3 (n=310)
01:57:54 backend.server.scalp_bot.scalp_runtime     INFO | ScalpRuntime SOL_USD: candle close=80.180000 ema_f=80.218900 ema_s=80.254800 rsi=34.4 atr=0.037400 vwap=80.499390 vol_ok=False ready=True
01:58:08 backend.server.scalp_bot.candle_feed     INFO | CandleFeed SOL_USD: CLOSED candle @ 80.170000 vol=5.0 trades=1 (n=311)
01:58:08 backend.server.scalp_bot.scalp_runtime     INFO | ScalpRuntime SOL_USD: candle close=80.170000 ema_f=80.202600 ema_s=80.242700 rsi=33.1 atr=0.035400 vwap=80.499252 vol_ok=False ready=True
01:58:17 backend.server.scalp_bot.candle_feed     INFO | CandleFeed XRP_USD: CLOSED candle @ 1.300120 vol=505.8 trades=3 (n=311)
01:58:17 backend.server.scalp_bot.scalp_runtime     INFO | ScalpRuntime XRP_USD: candle close=1.300120 ema_f=1.300900 ema_s=1.302300 rsi=17.5 atr=0.000700 vwap=1.310253 vol_ok=False ready=True
01:58:19 backend.server.scalp_bot.scalp_runtime     INFO | ScalpRuntime SOL_USD [auto]: rsi=33.1 ema=bear vwap=False vol=False | open_pos=0 | daily_pnl=-0.1016
01:58:19 backend.server.scalp_bot.scalp_runtime     INFO | ScalpRuntime XRP_USD [auto]: rsi=17.5 ema=bear vwap=False vol=False | open_pos=0 | daily_pnl=-0.1016
01:59:10 backend.server.scalp_bot.candle_feed     INFO | CandleFeed XRP_USD: CLOSED candle @ 1.300030 vol=346213.7 trades=131 (n=312)
01:59:10 backend.server.scalp_bot.scalp_runtime     INFO | ScalpRuntime XRP_USD: candle close=1.300030 ema_f=1.300600 ema_s=1.302000 rsi=17.1 atr=0.000700 vwap=1.308864 vol_ok=True ready=True
01:59:19 backend.server.scalp_bot.scalp_runtime     INFO | ScalpRuntime SOL_USD [auto]: rsi=33.1 ema=bear vwap=False vol=False | open_pos=0 | daily_pnl=-0.1016
01:59:19 backend.server.scalp_bot.scalp_runtime     INFO | ScalpRuntime XRP_USD [auto]: rsi=17.1 ema=bear vwap=False vol=True | open_pos=0 | daily_pnl=-0.1016
01:59:23 backend.server.scalp_bot.candle_feed     INFO | CandleFeed SOL_USD: CLOSED candle @ 80.170000 vol=13.9 trades=5 (n=312)
01:59:23 backend.server.scalp_bot.scalp_runtime     INFO | ScalpRuntime SOL_USD: candle close=80.170000 ema_f=80.191700 ema_s=80.232300 rsi=33.1 atr=0.032900 vwap=80.498866 vol_ok=True ready=True
02:00:00 backend.server.scalp_bot.candle_feed     INFO | CandleFeed SOL_USD: CLOSED candle @ 80.260000 vol=2.7 trades=4 (n=313)
02:00:00 backend.server.scalp_bot.scalp_runtime     INFO | ScalpRuntime SOL_USD: candle close=80.260000 ema_f=80.214500 ema_s=80.236300 rsi=52.7 atr=0.037000 vwap=80.498811 vol_ok=False ready=True
02:00:00 backend.server.scalp_bot.candle_feed     INFO | CandleFeed XRP_USD: CLOSED candle @ 1.300030 vol=45068.9 trades=6 (n=313)
02:00:00 backend.server.scalp_bot.scalp_runtime     INFO | ScalpRuntime XRP_USD: candle close=1.300030 ema_f=1.300400 ema_s=1.301700 rsi=17.1 atr=0.000700 vwap=1.308716 vol_ok=False ready=True
02:00:19 backend.server.scalp_bot.scalp_runtime     INFO | ScalpRuntime SOL_USD [auto]: rsi=52.7 ema=bear vwap=False vol=False | open_pos=0 | daily_pnl=-0.1016
02:00:19 backend.server.scalp_bot.scalp_runtime     INFO | ScalpRuntime XRP_USD [auto]: rsi=17.1 ema=bear vwap=False vol=False | open_pos=0 | daily_pnl=-0.1016
02:01:00 backend.server.scalp_bot.candle_feed     INFO | CandleFeed SOL_USD: CLOSED candle @ 80.340000 vol=37.0 trades=16 (n=314)
02:01:00 backend.server.scalp_bot.scalp_runtime     INFO | ScalpRuntime SOL_USD: candle close=80.340000 ema_f=80.256300 ema_s=80.251100 rsi=63.4 atr=0.040800 vwap=80.498223 vol_ok=True ready=True
02:01:00 backend.server.scalp_bot.signal_engine     INFO | SIGNAL [ema] SOL_USD: long @ 80.34000 | stop=80.29920 | tp=80.40120 | atr=0.04080 | signals=ema_cross+rsi+volume | conf=75%
02:01:00 backend.server.scalp_bot.scalp_trader     INFO | ScalpTrader SOL_USD: capped qty to capital (risk_qty=49.02 -> capped_qty=1.244710, notional=100.00)
02:01:00 backend.server.scalp_bot.scalp_trader     INFO | ScalpTrader SOL_USD: SIM entry (simulated) | qty=1.244710 @ 80.34000 | stop=80.29920 | tp=80.40120 | notional=100.00 | id=scalp_entry_d2c31f5f
02:01:00 backend.server.scalp_bot.scalp_trader     INFO | ScalpTrader SOL_USD: SIM entry filled @ 80.34000 | stop=80.29920 | tp=80.40120
02:01:01 backend.server.scalp_bot.candle_feed     INFO | CandleFeed XRP_USD: CLOSED candle @ 1.300550 vol=3192.1 trades=16 (n=314)
02:01:01 backend.server.scalp_bot.scalp_runtime     INFO | ScalpRuntime XRP_USD: candle close=1.300550 ema_f=1.300500 ema_s=1.301500 rsi=28.5 atr=0.000700 vwap=1.308706 vol_ok=False ready=True
02:01:19 backend.server.scalp_bot.scalp_runtime     INFO | ScalpRuntime SOL_USD [auto]: rsi=63.4 ema=UP vwap=False vol=True | open_pos=1 | daily_pnl=-0.1016
02:01:19 backend.server.scalp_bot.scalp_runtime     INFO | ScalpRuntime XRP_USD [auto]: rsi=28.5 ema=bear vwap=False vol=False | open_pos=1 | daily_pnl=-0.1016
02:02:00 backend.server.scalp_bot.candle_feed     INFO | CandleFeed XRP_USD: CLOSED candle @ 1.300020 vol=2774.5 trades=13 (n=315)
02:02:00 backend.server.scalp_bot.scalp_runtime     INFO | ScalpRuntime XRP_USD: candle close=1.300020 ema_f=1.300300 ema_s=1.301300 rsi=24.6 atr=0.000700 vwap=1.308697 vol_ok=False ready=True
02:02:09 backend.server.scalp_bot.candle_feed     INFO | CandleFeed SOL_USD: CLOSED candle @ 80.130000 vol=2382.1 trades=49 (n=315)
02:02:09 backend.server.scalp_bot.scalp_runtime     INFO | ScalpRuntime SOL_USD: candle close=80.130000 ema_f=80.214200 ema_s=80.233800 rsi=38.0 atr=0.054300 vwap=80.449499 vol_ok=True ready=True
02:02:09 backend.server.state  WARNING | ALERT [scalp] Scalp STOP: SOL_USD — Loss: $-0.0508 | entry=80.34000 exit=80.29920
02:02:09 backend.server.scalp_bot.scalp_trader     INFO | ScalpTrader SOL_USD: PAPER stop hit @ 80.29920 | pnl=-0.0508 | daily_pnl=-0.1524
02:02:19 backend.server.scalp_bot.scalp_runtime     INFO | ScalpRuntime SOL_USD [auto]: rsi=38.0 ema=bear vwap=False vol=True | open_pos=0 | daily_pnl=-0.1524
02:02:19 backend.server.scalp_bot.scalp_runtime     INFO | ScalpRuntime XRP_USD [auto]: rsi=24.6 ema=bear vwap=False vol=False | open_pos=0 | daily_pnl=-0.1524
02:03:02 kraken.spot.websocket.connectors  WARNING | <Task finished name='Task-17' coro=<ConnectSpotWebsocketBase.__run() done, defined at C:\Users\daroo\AppData\Roaming\Python\Python314\site-packages\kraken\spot\websocket\connectors.py:134> exception=ConnectionClosedError(None, None, None)> got an exception no close frame received or sent:
[<frame at 0x0000015932065E00, file 'C:\\Users\\daroo\\AppData\\Roaming\\Python\\Python314\\site-packages\\kraken\\spot\\websocket\\connectors.py', line 171, code __run>, <frame at 0x0000015932026C40, file 'C:\\Python314\\Lib\\asyncio\\tasks.py', line 488, code wait_for>, <frame at 0x0000015934B918B0, file 'C:\\Users\\daroo\\AppData\\Roaming\\Python\\Python314\\site-packages\\websockets\\asyncio\\connection.py', line 324, code recv>]
The connection will be recovered in the background.
02:03:02 kraken.spot.websocket.connectors     INFO | Connection closed!
02:03:02 kraken.spot.websocket.connectors     INFO | Websocket start connect/reconnect
02:03:03 kraken.spot.websocket.connectors     INFO | Recover public subscriptions [{'channel': 'ohlc', 'interval': 1, 'snapshot': True, 'symbol': ['SOL/USD']}, {'channel': 'ohlc', 'interval': 1, 'snapshot': True, 'symbol': ['XRP/USD']}]: waiting
02:03:05 kraken.spot.websocket.connectors     INFO | Websocket connection established!
02:03:05 kraken.spot.websocket.connectors     INFO | {'channel': 'ohlc', 'interval': 1, 'snapshot': True, 'symbol': ['SOL/USD']}: OK
02:03:05 kraken.spot.websocket.connectors     INFO | {'channel': 'ohlc', 'interval': 1, 'snapshot': True, 'symbol': ['XRP/USD']}: OK
02:03:05 kraken.spot.websocket.connectors     INFO | Recover public subscriptions [{'channel': 'ohlc', 'interval': 1, 'snapshot': True, 'symbol': ['SOL/USD']}, {'channel': 'ohlc', 'interval': 1, 'snapshot': True, 'symbol': ['XRP/USD']}]: done
02:03:15 backend.server.scalp_bot.candle_feed     INFO | CandleFeed SOL_USD: CLOSED candle @ 80.100000 vol=10.9 trades=8 (n=316)
02:03:15 backend.server.scalp_bot.scalp_runtime     INFO | ScalpRuntime SOL_USD: candle close=80.100000 ema_f=80.176100 ema_s=80.214700 rsi=35.7 atr=0.052600 vwap=80.449237 vol_ok=False ready=True
02:03:19 backend.server.scalp_bot.scalp_runtime     INFO | ScalpRuntime SOL_USD [auto]: rsi=35.7 ema=bear vwap=False vol=False | open_pos=0 | daily_pnl=-0.1524
02:03:19 backend.server.scalp_bot.scalp_runtime     INFO | ScalpRuntime XRP_USD [auto]: rsi=24.6 ema=bear vwap=False vol=False | open_pos=0 | daily_pnl=-0.1524
02:04:02 backend.server.scalp_bot.candle_feed     INFO | CandleFeed XRP_USD: CLOSED candle @ 1.302350 vol=236713.0 trades=74 (n=316)
02:04:02 backend.server.scalp_bot.scalp_runtime     INFO | ScalpRuntime XRP_USD: candle close=1.302350 ema_f=1.301000 ema_s=1.301400 rsi=55.0 atr=0.000900 vwap=1.308084 vol_ok=True ready=True
02:04:07 backend.server.scalp_bot.candle_feed     INFO | CandleFeed SOL_USD: CLOSED candle @ 80.140000 vol=217.9 trades=12 (n=317)
02:04:07 backend.server.scalp_bot.scalp_runtime     INFO | ScalpRuntime SOL_USD: candle close=80.140000 ema_f=80.164100 ema_s=80.204000 rsi=41.1 atr=0.052400 vwap=80.444334 vol_ok=True ready=True
02:04:19 backend.server.scalp_bot.scalp_runtime     INFO | ScalpRuntime SOL_USD [auto]: rsi=41.1 ema=bear vwap=False vol=True | open_pos=0 | daily_pnl=-0.1524
02:04:19 backend.server.scalp_bot.scalp_runtime     INFO | ScalpRuntime XRP_USD [auto]: rsi=55.0 ema=bear vwap=False vol=True | open_pos=0 | daily_pnl=-0.1524
02:05:04 backend.server.scalp_bot.candle_feed     INFO | CandleFeed XRP_USD: CLOSED candle @ 1.302570 vol=33528.2 trades=23 (n=317)
02:05:04 backend.server.scalp_bot.scalp_runtime     INFO | ScalpRuntime XRP_USD: candle close=1.302570 ema_f=1.301500 ema_s=1.301600 rsi=56.8 atr=0.000900 vwap=1.308021 vol_ok=False ready=True
02:05:19 backend.server.scalp_bot.scalp_runtime     INFO | ScalpRuntime SOL_USD [auto]: rsi=41.1 ema=bear vwap=False vol=True | open_pos=0 | daily_pnl=-0.1524
02:05:19 backend.server.scalp_bot.scalp_runtime     INFO | ScalpRuntime XRP_USD [auto]: rsi=56.8 ema=bear vwap=False vol=False | open_pos=0 | daily_pnl=-0.1524
02:05:24 backend.server.scalp_bot.candle_feed     INFO | CandleFeed SOL_USD: CLOSED candle @ 80.170000 vol=1.8 trades=3 (n=318)
02:05:24 backend.server.scalp_bot.scalp_runtime     INFO | ScalpRuntime SOL_USD: candle close=80.170000 ema_f=80.166100 ema_s=80.199100 rsi=44.9 atr=0.051500 vwap=80.444301 vol_ok=False ready=True
02:06:19 backend.server.scalp_bot.scalp_runtime     INFO | ScalpRuntime SOL_USD [auto]: rsi=44.9 ema=bear vwap=False vol=False | open_pos=0 | daily_pnl=-0.1524
02:06:19 backend.server.scalp_bot.scalp_runtime     INFO | ScalpRuntime XRP_USD [auto]: rsi=56.8 ema=bear vwap=False vol=False | open_pos=0 | daily_pnl=-0.1524
02:06:22 backend.server.scalp_bot.candle_feed     INFO | CandleFeed SOL_USD: CLOSED candle @ 80.100000 vol=50.4 trades=7 (n=319)
02:06:22 backend.server.scalp_bot.scalp_runtime     INFO | ScalpRuntime SOL_USD: candle close=80.100000 ema_f=80.144100 ema_s=80.184900 rsi=38.3 atr=0.052800 vwap=80.443153 vol_ok=False ready=True
02:06:57 backend.server.scalp_bot.candle_feed     INFO | CandleFeed XRP_USD: CLOSED candle @ 1.300880 vol=44150.4 trades=28 (n=318)
02:06:57 backend.server.scalp_bot.scalp_runtime     INFO | ScalpRuntime XRP_USD: candle close=1.300880 ema_f=1.301300 ema_s=1.301500 rsi=41.9 atr=0.001000 vwap=1.307925 vol_ok=False ready=True
02:07:01 backend.server.scalp_bot.candle_feed     INFO | CandleFeed SOL_USD: CLOSED candle @ 80.070000 vol=540.0 trades=22 (n=320)
02:07:01 backend.server.scalp_bot.scalp_runtime     INFO | ScalpRuntime SOL_USD: candle close=80.070000 ema_f=80.119400 ema_s=80.168500 rsi=35.8 atr=0.051200 vwap=80.430144 vol_ok=True ready=True
02:07:14 backend.server.scalp_bot.candle_feed     INFO | CandleFeed XRP_USD: CLOSED candle @ 1.301390 vol=42.4 trades=2 (n=319)
02:07:14 backend.server.scalp_bot.scalp_runtime     INFO | ScalpRuntime XRP_USD: candle close=1.301390 ema_f=1.301300 ema_s=1.301500 rsi=46.7 atr=0.001000 vwap=1.307925 vol_ok=False ready=True
02:07:19 backend.server.scalp_bot.scalp_runtime     INFO | ScalpRuntime SOL_USD [auto]: rsi=35.8 ema=bear vwap=False vol=True | open_pos=0 | daily_pnl=-0.1524
02:07:19 backend.server.scalp_bot.scalp_runtime     INFO | ScalpRuntime XRP_USD [auto]: rsi=46.7 ema=bear vwap=False vol=False | open_pos=0 | daily_pnl=-0.1524
02:08:01 backend.server.scalp_bot.candle_feed     INFO | CandleFeed SOL_USD: CLOSED candle @ 80.060000 vol=295.2 trades=43 (n=321)
02:08:01 backend.server.scalp_bot.scalp_runtime     INFO | ScalpRuntime SOL_USD: candle close=80.060000 ema_f=80.099600 ema_s=80.153000 rsi=34.9 atr=0.053300 vwap=80.422779 vol_ok=True ready=True
02:08:04 backend.server.scalp_bot.candle_feed     INFO | CandleFeed XRP_USD: CLOSED candle @ 1.299890 vol=14726.4 trades=11 (n=320)
02:08:04 backend.server.scalp_bot.scalp_runtime     INFO | ScalpRuntime XRP_USD: candle close=1.299890 ema_f=1.300800 ema_s=1.301300 rsi=36.8 atr=0.001100 vwap=1.307887 vol_ok=False ready=True
02:08:19 backend.server.scalp_bot.scalp_runtime     INFO | ScalpRuntime SOL_USD [auto]: rsi=34.9 ema=bear vwap=False vol=True | open_pos=0 | daily_pnl=-0.1524
02:08:19 backend.server.scalp_bot.scalp_runtime     INFO | ScalpRuntime XRP_USD [auto]: rsi=36.8 ema=bear vwap=False vol=False | open_pos=0 | daily_pnl=-0.1524
02:09:00 backend.server.scalp_bot.candle_feed     INFO | CandleFeed SOL_USD: CLOSED candle @ 79.980000 vol=1078.0 trades=69 (n=322)
02:09:00 backend.server.scalp_bot.scalp_runtime     INFO | ScalpRuntime SOL_USD: candle close=79.980000 ema_f=80.059700 ema_s=80.128300 rsi=28.7 atr=0.058800 vwap=80.394416 vol_ok=True ready=True
02:09:06 backend.server.scalp_bot.candle_feed     INFO | CandleFeed XRP_USD: CLOSED candle @ 1.300330 vol=32823.8 trades=7 (n=321)
02:09:06 backend.server.scalp_bot.scalp_runtime     INFO | ScalpRuntime XRP_USD: candle close=1.300330 ema_f=1.300600 ema_s=1.301200 rsi=40.9 atr=0.001100 vwap=1.307805 vol_ok=False ready=True
02:09:19 backend.server.scalp_bot.scalp_runtime     INFO | ScalpRuntime SOL_USD [auto]: rsi=28.7 ema=bear vwap=False vol=True | open_pos=0 | daily_pnl=-0.1524
02:09:19 backend.server.scalp_bot.scalp_runtime     INFO | ScalpRuntime XRP_USD [auto]: rsi=40.9 ema=bear vwap=False vol=False | open_pos=0 | daily_pnl=-0.1524
02:10:00 backend.server.scalp_bot.candle_feed     INFO | CandleFeed SOL_USD: CLOSED candle @ 79.860000 vol=220.3 trades=35 (n=323)
02:10:00 backend.server.scalp_bot.scalp_runtime     INFO | ScalpRuntime SOL_USD: candle close=79.860000 ema_f=79.993100 ema_s=80.090000 rsi=22.0 atr=0.066000 vwap=80.388057 vol_ok=False ready=True
02:10:01 backend.server.scalp_bot.candle_feed     INFO | CandleFeed XRP_USD: CLOSED candle @ 1.299000 vol=13929.7 trades=15 (n=322)
02:10:01 backend.server.scalp_bot.scalp_runtime     INFO | ScalpRuntime XRP_USD: candle close=1.299000 ema_f=1.300100 ema_s=1.300900 rsi=33.4 atr=0.001100 vwap=1.307767 vol_ok=False ready=True
02:10:19 backend.server.scalp_bot.scalp_runtime     INFO | ScalpRuntime SOL_USD [auto]: rsi=22.0 ema=bear vwap=False vol=False | open_pos=0 | daily_pnl=-0.1524
02:10:19 backend.server.scalp_bot.scalp_runtime     INFO | ScalpRuntime XRP_USD [auto]: rsi=33.4 ema=bear vwap=False vol=False | open_pos=0 | daily_pnl=-0.1524
02:11:03 backend.server.scalp_bot.candle_feed     INFO | CandleFeed SOL_USD: CLOSED candle @ 79.830000 vol=125.8 trades=41 (n=324)
02:11:03 backend.server.scalp_bot.scalp_runtime     INFO | ScalpRuntime SOL_USD: candle close=79.830000 ema_f=79.938700 ema_s=80.052900 rsi=20.7 atr=0.066300 vwap=80.383853 vol_ok=False ready=True
02:11:04 backend.server.scalp_bot.candle_feed     INFO | CandleFeed XRP_USD: CLOSED candle @ 1.299570 vol=42496.1 trades=23 (n=323)
02:11:04 backend.server.scalp_bot.scalp_runtime     INFO | ScalpRuntime XRP_USD: candle close=1.299570 ema_f=1.299900 ema_s=1.300700 rsi=38.8 atr=0.001100 vwap=1.307647 vol_ok=False ready=True
02:11:19 backend.server.scalp_bot.scalp_runtime     INFO | ScalpRuntime SOL_USD [auto]: rsi=20.7 ema=bear vwap=False vol=False | open_pos=0 | daily_pnl=-0.1524
02:11:19 backend.server.scalp_bot.scalp_runtime     INFO | ScalpRuntime XRP_USD [auto]: rsi=38.8 ema=bear vwap=False vol=False | open_pos=0 | daily_pnl=-0.1524
02:12:00 backend.server.scalp_bot.candle_feed     INFO | CandleFeed SOL_USD: CLOSED candle @ 79.820000 vol=1747.3 trades=32 (n=325)
02:12:00 backend.server.scalp_bot.scalp_runtime     INFO | ScalpRuntime SOL_USD: candle close=79.820000 ema_f=79.899100 ema_s=80.019600 rsi=20.2 atr=0.065800 vwap=80.330717 vol_ok=True ready=True
02:12:19 backend.server.scalp_bot.scalp_runtime     INFO | ScalpRuntime SOL_USD [auto]: rsi=20.2 ema=bear vwap=False vol=True | open_pos=0 | daily_pnl=-0.1524
02:12:19 backend.server.scalp_bot.scalp_runtime     INFO | ScalpRuntime XRP_USD [auto]: rsi=38.8 ema=bear vwap=False vol=False | open_pos=0 | daily_pnl=-0.1524
02:12:29 backend.server.scalp_bot.candle_feed     INFO | CandleFeed XRP_USD: CLOSED candle @ 1.299610 vol=231.6 trades=9 (n=324)
02:12:29 backend.server.scalp_bot.scalp_runtime     INFO | ScalpRuntime XRP_USD: candle close=1.299610 ema_f=1.299800 ema_s=1.300500 rsi=39.2 atr=0.001100 vwap=1.307647 vol_ok=False ready=True
02:13:00 backend.server.scalp_bot.candle_feed     INFO | CandleFeed XRP_USD: CLOSED candle @ 1.299260 vol=2057.7 trades=4 (n=325)
02:13:00 backend.server.scalp_bot.scalp_runtime     INFO | ScalpRuntime XRP_USD: candle close=1.299260 ema_f=1.299600 ema_s=1.300300 rsi=36.9 atr=0.001000 vwap=1.307641 vol_ok=False ready=True
02:13:03 backend.server.scalp_bot.candle_feed     INFO | CandleFeed SOL_USD: CLOSED candle @ 79.770000 vol=162.8 trades=30 (n=326)
02:13:03 backend.server.scalp_bot.scalp_runtime     INFO | ScalpRuntime SOL_USD: candle close=79.770000 ema_f=79.856100 ema_s=79.983900 rsi=17.9 atr=0.068200 vwap=80.325778 vol_ok=False ready=True
02:13:19 backend.server.scalp_bot.scalp_runtime     INFO | ScalpRuntime SOL_USD [auto]: rsi=17.9 ema=bear vwap=False vol=False | open_pos=0 | daily_pnl=-0.1524
02:13:19 backend.server.scalp_bot.scalp_runtime     INFO | ScalpRuntime XRP_USD [auto]: rsi=36.9 ema=bear vwap=False vol=False | open_pos=0 | daily_pnl=-0.1524
02:14:00 backend.server.scalp_bot.candle_feed     INFO | CandleFeed SOL_USD: CLOSED candle @ 79.660000 vol=762.4 trades=63 (n=327)
02:14:00 backend.server.scalp_bot.scalp_runtime     INFO | ScalpRuntime SOL_USD: candle close=79.660000 ema_f=79.790700 ema_s=79.937600 rsi=14.0 atr=0.079800 vwap=80.298789 vol_ok=True ready=True
02:14:02 backend.server.scalp_bot.candle_feed     INFO | CandleFeed XRP_USD: CLOSED candle @ 1.298090 vol=779.6 trades=3 (n=326)
02:14:02 backend.server.scalp_bot.scalp_runtime     INFO | ScalpRuntime XRP_USD: candle close=1.298090 ema_f=1.299100 ema_s=1.300000 rsi=30.2 atr=0.001000 vwap=1.307639 vol_ok=False ready=True
02:14:19 backend.server.scalp_bot.scalp_runtime     INFO | ScalpRuntime SOL_USD [auto]: rsi=14.0 ema=bear vwap=False vol=True | open_pos=0 | daily_pnl=-0.1524
02:14:19 backend.server.scalp_bot.scalp_runtime     INFO | ScalpRuntime XRP_USD [auto]: rsi=30.2 ema=bear vwap=False vol=False | open_pos=0 | daily_pnl=-0.1524
02:15:00 backend.server.scalp_bot.candle_feed     INFO | CandleFeed SOL_USD: CLOSED candle @ 79.530000 vol=81.5 trades=19 (n=328)
02:15:00 backend.server.scalp_bot.scalp_runtime     INFO | ScalpRuntime SOL_USD: candle close=79.530000 ema_f=79.703800 ema_s=79.879400 rsi=10.9 atr=0.084100 vwap=80.295750 vol_ok=False ready=True
02:15:11 backend.server.scalp_bot.candle_feed     INFO | CandleFeed XRP_USD: CLOSED candle @ 1.297030 vol=108153.0 trades=89 (n=327)
02:15:11 backend.server.scalp_bot.scalp_runtime     INFO | ScalpRuntime XRP_USD: candle close=1.297030 ema_f=1.298400 ema_s=1.299600 rsi=25.5 atr=0.001000 vwap=1.307288 vol_ok=True ready=True
02:15:19 backend.server.scalp_bot.scalp_runtime     INFO | ScalpRuntime SOL_USD [auto]: rsi=10.9 ema=bear vwap=False vol=False | open_pos=0 | daily_pnl=-0.1524
02:15:19 backend.server.scalp_bot.scalp_runtime     INFO | ScalpRuntime XRP_USD [auto]: rsi=25.5 ema=bear vwap=False vol=True | open_pos=0 | daily_pnl=-0.1524
02:16:00 backend.server.scalp_bot.candle_feed     INFO | CandleFeed SOL_USD: CLOSED candle @ 79.590000 vol=94.6 trades=22 (n=329)
02:16:00 backend.server.scalp_bot.scalp_runtime     INFO | ScalpRuntime SOL_USD: candle close=79.590000 ema_f=79.665900 ema_s=79.838100 rsi=20.2 atr=0.084500 vwap=80.292208 vol_ok=False ready=True
02:16:00 backend.server.scalp_bot.candle_feed     INFO | CandleFeed XRP_USD: CLOSED candle @ 1.297260 vol=6572.7 trades=9 (n=328)
02:16:00 backend.server.scalp_bot.scalp_runtime     INFO | ScalpRuntime XRP_USD: candle close=1.297260 ema_f=1.298000 ema_s=1.299300 rsi=28.3 atr=0.001000 vwap=1.307267 vol_ok=False ready=True
02:16:19 backend.server.scalp_bot.scalp_runtime     INFO | ScalpRuntime SOL_USD [auto]: rsi=20.2 ema=bear vwap=False vol=False | open_pos=0 | daily_pnl=-0.1524
02:16:19 backend.server.scalp_bot.scalp_runtime     INFO | ScalpRuntime XRP_USD [auto]: rsi=28.3 ema=bear vwap=False vol=False | open_pos=0 | daily_pnl=-0.1524
02:17:02 backend.server.scalp_bot.candle_feed     INFO | CandleFeed SOL_USD: CLOSED candle @ 79.550000 vol=0.5 trades=7 (n=330)
02:17:02 backend.server.scalp_bot.scalp_runtime     INFO | ScalpRuntime SOL_USD: candle close=79.550000 ema_f=79.627300 ema_s=79.796900 rsi=18.7 atr=0.084200 vwap=80.292190 vol_ok=False ready=True
02:17:14 backend.server.scalp_bot.candle_feed     INFO | CandleFeed XRP_USD: CLOSED candle @ 1.296480 vol=1034.7 trades=6 (n=329)
02:17:14 backend.server.scalp_bot.scalp_runtime     INFO | ScalpRuntime XRP_USD: candle close=1.296480 ema_f=1.297500 ema_s=1.298900 rsi=24.8 atr=0.001000 vwap=1.307264 vol_ok=False ready=True
02:17:19 backend.server.scalp_bot.scalp_runtime     INFO | ScalpRuntime SOL_USD [auto]: rsi=18.7 ema=bear vwap=False vol=False | open_pos=0 | daily_pnl=-0.1524
02:17:19 backend.server.scalp_bot.scalp_runtime     INFO | ScalpRuntime XRP_USD [auto]: rsi=24.8 ema=bear vwap=False vol=False | open_pos=0 | daily_pnl=-0.1524
02:18:00 backend.server.scalp_bot.candle_feed     INFO | CandleFeed SOL_USD: CLOSED candle @ 79.560000 vol=2578.5 trades=37 (n=331)
02:18:00 backend.server.scalp_bot.scalp_runtime     INFO | ScalpRuntime SOL_USD: candle close=79.560000 ema_f=79.604900 ema_s=79.763100 rsi=20.3 atr=0.087500 vwap=80.204522 vol_ok=True ready=True
02:18:14 backend.server.scalp_bot.candle_feed     INFO | CandleFeed XRP_USD: CLOSED candle @ 1.296900 vol=33396.7 trades=19 (n=330)
02:18:14 backend.server.scalp_bot.scalp_runtime     INFO | ScalpRuntime XRP_USD: candle close=1.296900 ema_f=1.297300 ema_s=1.298600 rsi=30.0 atr=0.001000 vwap=1.307153 vol_ok=False ready=True
02:18:19 backend.server.scalp_bot.scalp_runtime     INFO | ScalpRuntime SOL_USD [auto]: rsi=20.3 ema=bear vwap=False vol=True | open_pos=0 | daily_pnl=-0.1524
02:18:19 backend.server.scalp_bot.scalp_runtime     INFO | ScalpRuntime XRP_USD [auto]: rsi=30.0 ema=bear vwap=False vol=False | open_pos=0 | daily_pnl=-0.1524
02:19:00 backend.server.scalp_bot.candle_feed     INFO | CandleFeed SOL_USD: CLOSED candle @ 79.430000 vol=31.1 trades=27 (n=332)
02:19:00 backend.server.scalp_bot.scalp_runtime     INFO | ScalpRuntime SOL_USD: candle close=79.430000 ema_f=79.546600 ema_s=79.715500 rsi=15.7 atr=0.090500 vwap=80.203472 vol_ok=False ready=True
02:19:19 backend.server.scalp_bot.scalp_runtime     INFO | ScalpRuntime SOL_USD [auto]: rsi=15.7 ema=bear vwap=False vol=False | open_pos=0 | daily_pnl=-0.1524
02:19:19 backend.server.scalp_bot.scalp_runtime     INFO | ScalpRuntime XRP_USD [auto]: rsi=30.0 ema=bear vwap=False vol=False | open_pos=0 | daily_pnl=-0.1524
02:19:31 backend.server.scalp_bot.candle_feed     INFO | CandleFeed XRP_USD: CLOSED candle @ 1.296160 vol=93.5 trades=4 (n=331)
02:19:31 backend.server.scalp_bot.scalp_runtime     INFO | ScalpRuntime XRP_USD: candle close=1.296160 ema_f=1.296900 ema_s=1.298300 rsi=26.4 atr=0.001000 vwap=1.307153 vol_ok=False ready=True
02:20:00 backend.server.scalp_bot.candle_feed     INFO | CandleFeed XRP_USD: CLOSED candle @ 1.296180 vol=176.6 trades=4 (n=332)
02:20:00 backend.server.scalp_bot.scalp_runtime     INFO | ScalpRuntime XRP_USD: candle close=1.296180 ema_f=1.296700 ema_s=1.298000 rsi=26.6 atr=0.000900 vwap=1.307152 vol_ok=False ready=True
02:20:00 backend.server.scalp_bot.candle_feed     INFO | CandleFeed SOL_USD: CLOSED candle @ 79.430000 vol=53.4 trades=16 (n=333)
02:20:00 backend.server.scalp_bot.scalp_runtime     INFO | ScalpRuntime SOL_USD: candle close=79.430000 ema_f=79.507700 ema_s=79.674700 rsi=15.7 atr=0.086200 vwap=80.201611 vol_ok=False ready=True
02:20:19 backend.server.scalp_bot.scalp_runtime     INFO | ScalpRuntime SOL_USD [auto]: rsi=15.7 ema=bear vwap=False vol=False | open_pos=0 | daily_pnl=-0.1524
02:20:19 backend.server.scalp_bot.scalp_runtime     INFO | ScalpRuntime XRP_USD [auto]: rsi=26.6 ema=bear vwap=False vol=False | open_pos=0 | daily_pnl=-0.1524
02:21:05 backend.server.scalp_bot.candle_feed     INFO | CandleFeed SOL_USD: CLOSED candle @ 79.640000 vol=332.5 trades=24 (n=334)
02:21:05 backend.server.scalp_bot.scalp_runtime     INFO | ScalpRuntime SOL_USD: candle close=79.640000 ema_f=79.551800 ema_s=79.669700 rsi=42.4 atr=0.095800 vwap=80.192531 vol_ok=False ready=True
02:21:11 backend.server.scalp_bot.candle_feed     INFO | CandleFeed XRP_USD: CLOSED candle @ 1.297170 vol=3438.7 trades=13 (n=333)
02:21:11 backend.server.scalp_bot.scalp_runtime     INFO | ScalpRuntime XRP_USD: candle close=1.297170 ema_f=1.296900 ema_s=1.297900 rsi=39.0 atr=0.000900 vwap=1.307142 vol_ok=False ready=True
02:21:19 backend.server.scalp_bot.scalp_runtime     INFO | ScalpRuntime SOL_USD [auto]: rsi=42.4 ema=bear vwap=False vol=False | open_pos=0 | daily_pnl=-0.1524
02:21:19 backend.server.scalp_bot.scalp_runtime     INFO | ScalpRuntime XRP_USD [auto]: rsi=39.0 ema=bear vwap=False vol=False | open_pos=0 | daily_pnl=-0.1524
02:22:10 backend.server.scalp_bot.candle_feed     INFO | CandleFeed SOL_USD: CLOSED candle @ 79.670000 vol=10.4 trades=8 (n=335)
02:22:10 backend.server.scalp_bot.scalp_runtime     INFO | ScalpRuntime SOL_USD: candle close=79.670000 ema_f=79.591200 ema_s=79.669700 rsi=45.2 atr=0.093200 vwap=80.192282 vol_ok=False ready=True
02:22:19 backend.server.scalp_bot.scalp_runtime     INFO | ScalpRuntime SOL_USD [auto]: rsi=45.2 ema=bear vwap=False vol=False | open_pos=0 | daily_pnl=-0.1524
02:22:19 backend.server.scalp_bot.scalp_runtime     INFO | ScalpRuntime XRP_USD [auto]: rsi=39.0 ema=bear vwap=False vol=False | open_pos=0 | daily_pnl=-0.1524
02:22:21 backend.server.scalp_bot.candle_feed     INFO | CandleFeed XRP_USD: CLOSED candle @ 1.298190 vol=195.1 trades=3 (n=334)
02:22:21 backend.server.scalp_bot.scalp_runtime     INFO | ScalpRuntime XRP_USD: candle close=1.298190 ema_f=1.297300 ema_s=1.297900 rsi=49.0 atr=0.000900 vwap=1.307141 vol_ok=False ready=True
02:23:19 backend.server.scalp_bot.candle_feed     INFO | CandleFeed SOL_USD: CLOSED candle @ 79.610000 vol=1.8 trades=7 (n=336)
02:23:19 backend.server.scalp_bot.scalp_runtime     INFO | ScalpRuntime SOL_USD: candle close=79.610000 ema_f=79.597500 ema_s=79.661200 rsi=40.7 atr=0.091500 vwap=80.192236 vol_ok=False ready=True
02:23:19 backend.server.scalp_bot.scalp_runtime     INFO | ScalpRuntime SOL_USD [auto]: rsi=40.7 ema=bear vwap=False vol=False | open_pos=0 | daily_pnl=-0.1524
02:23:19 backend.server.scalp_bot.scalp_runtime     INFO | ScalpRuntime XRP_USD [auto]: rsi=49.0 ema=bear vwap=False vol=False | open_pos=0 | daily_pnl=-0.1524
02:23:36 backend.server.scalp_bot.candle_feed     INFO | CandleFeed XRP_USD: CLOSED candle @ 1.297470 vol=4615.4 trades=13 (n=335)
02:23:36 backend.server.scalp_bot.scalp_runtime     INFO | ScalpRuntime XRP_USD: candle close=1.297470 ema_f=1.297400 ema_s=1.297800 rsi=43.4 atr=0.000900 vwap=1.307127 vol_ok=False ready=True
02:24:03 backend.server.scalp_bot.candle_feed     INFO | CandleFeed SOL_USD: CLOSED candle @ 79.540000 vol=55.2 trades=12 (n=337)
02:24:03 backend.server.scalp_bot.scalp_runtime     INFO | ScalpRuntime SOL_USD: candle close=79.540000 ema_f=79.578300 ema_s=79.643900 rsi=36.1 atr=0.090700 vwap=80.190716 vol_ok=False ready=True
02:24:05 backend.server.scalp_bot.candle_feed     INFO | CandleFeed XRP_USD: CLOSED candle @ 1.297710 vol=58.7 trades=2 (n=336)
02:24:05 backend.server.scalp_bot.scalp_runtime     INFO | ScalpRuntime XRP_USD: candle close=1.297710 ema_f=1.297500 ema_s=1.297800 rsi=45.7 atr=0.000900 vwap=1.307127 vol_ok=False ready=True
02:24:19 backend.server.scalp_bot.scalp_runtime     INFO | ScalpRuntime SOL_USD [auto]: rsi=36.1 ema=bear vwap=False vol=False | open_pos=0 | daily_pnl=-0.1524
02:24:19 backend.server.scalp_bot.scalp_runtime     INFO | ScalpRuntime XRP_USD [auto]: rsi=45.7 ema=bear vwap=False vol=False | open_pos=0 | daily_pnl=-0.1524
02:25:01 backend.server.scalp_bot.candle_feed     INFO | CandleFeed SOL_USD: CLOSED candle @ 79.590000 vol=5.8 trades=5 (n=338)
02:25:01 backend.server.scalp_bot.scalp_runtime     INFO | ScalpRuntime SOL_USD: candle close=79.590000 ema_f=79.582200 ema_s=79.636200 rsi=41.5 atr=0.088500 vwap=80.190559 vol_ok=False ready=True
02:25:02 backend.server.scalp_bot.candle_feed     INFO | CandleFeed XRP_USD: CLOSED candle @ 1.298110 vol=233.1 trades=4 (n=337)
02:25:02 backend.server.scalp_bot.scalp_runtime     INFO | ScalpRuntime XRP_USD: candle close=1.298110 ema_f=1.297700 ema_s=1.297800 rsi=49.6 atr=0.000900 vwap=1.307127 vol_ok=False ready=True
02:25:19 backend.server.scalp_bot.scalp_runtime     INFO | ScalpRuntime SOL_USD [auto]: rsi=41.5 ema=bear vwap=False vol=False | open_pos=0 | daily_pnl=-0.1524
02:25:19 backend.server.scalp_bot.scalp_runtime     INFO | ScalpRuntime XRP_USD [auto]: rsi=49.6 ema=bear vwap=False vol=False | open_pos=0 | daily_pnl=-0.1524
02:26:00 backend.server.scalp_bot.candle_feed     INFO | CandleFeed SOL_USD: CLOSED candle @ 79.640000 vol=64.1 trades=10 (n=339)
02:26:00 backend.server.scalp_bot.scalp_runtime     INFO | ScalpRuntime SOL_USD: candle close=79.640000 ema_f=79.601500 ema_s=79.636700 rsi=46.5 atr=0.086500 vwap=80.188992 vol_ok=False ready=True
02:26:16 backend.server.scalp_bot.candle_feed     INFO | CandleFeed XRP_USD: CLOSED candle @ 1.299020 vol=2796.0 trades=6 (n=338)
02:26:16 backend.server.scalp_bot.scalp_runtime     INFO | ScalpRuntime XRP_USD: candle close=1.299020 ema_f=1.298100 ema_s=1.298000 rsi=57.5 atr=0.000900 vwap=1.307119 vol_ok=False ready=True
02:26:16 backend.server.scalp_bot.signal_engine     INFO | SIGNAL [ema] XRP_USD: long @ 1.29902 | stop=1.29812 | tp=1.30037 | atr=0.00090 | signals=ema_cross+rsi | conf=50%
02:26:16 backend.server.scalp_bot.scalp_trader     INFO | ScalpTrader XRP_USD: capped qty to capital (risk_qty=2222.22 -> capped_qty=76.981109, notional=100.00)
02:26:16 backend.server.scalp_bot.scalp_trader     INFO | ScalpTrader XRP_USD: SIM entry (simulated) | qty=76.981109 @ 1.29902 | stop=1.29812 | tp=1.30037 | notional=100.00 | id=scalp_entry_8ce444af
02:26:16 backend.server.scalp_bot.scalp_trader     INFO | ScalpTrader XRP_USD: SIM entry filled @ 1.29902 | stop=1.29812 | tp=1.30037
02:26:19 backend.server.scalp_bot.scalp_runtime     INFO | ScalpRuntime SOL_USD [auto]: rsi=46.5 ema=bear vwap=False vol=False | open_pos=1 | daily_pnl=-0.1524
02:26:19 backend.server.scalp_bot.scalp_runtime     INFO | ScalpRuntime XRP_USD [auto]: rsi=57.5 ema=UP vwap=False vol=False | open_pos=1 | daily_pnl=-0.1524
02:27:05 backend.server.scalp_bot.candle_feed     INFO | CandleFeed SOL_USD: CLOSED candle @ 79.650000 vol=13.9 trades=7 (n=340)
02:27:05 backend.server.scalp_bot.scalp_runtime     INFO | ScalpRuntime SOL_USD: candle close=79.650000 ema_f=79.617700 ema_s=79.638600 rsi=47.5 atr=0.082500 vwap=80.188657 vol_ok=False ready=True
02:27:19 backend.server.scalp_bot.scalp_runtime     INFO | ScalpRuntime SOL_USD [auto]: rsi=47.5 ema=bear vwap=False vol=False | open_pos=1 | daily_pnl=-0.1524
02:27:19 backend.server.scalp_bot.scalp_runtime     INFO | ScalpRuntime XRP_USD [auto]: rsi=57.5 ema=UP vwap=False vol=False | open_pos=1 | daily_pnl=-0.1524
02:27:49 backend.server.scalp_bot.candle_feed     INFO | CandleFeed XRP_USD: CLOSED candle @ 1.298910 vol=22.6 trades=2 (n=339)
02:27:49 backend.server.scalp_bot.scalp_runtime     INFO | ScalpRuntime XRP_USD: candle close=1.298910 ema_f=1.298400 ema_s=1.298100 rsi=56.3 atr=0.000800 vwap=1.307119 vol_ok=False ready=True
02:28:05 backend.server.scalp_bot.candle_feed     INFO | CandleFeed SOL_USD: CLOSED candle @ 79.690000 vol=106.8 trades=14 (n=341)
02:28:05 backend.server.scalp_bot.scalp_runtime     INFO | ScalpRuntime SOL_USD: candle close=79.690000 ema_f=79.641800 ema_s=79.645900 rsi=51.7 atr=0.080900 vwap=80.186300 vol_ok=False ready=True
02:28:12 backend.server.scalp_bot.candle_feed     INFO | CandleFeed XRP_USD: CLOSED candle @ 1.299500 vol=1.3 trades=1 (n=340)
02:28:12 backend.server.scalp_bot.scalp_runtime     INFO | ScalpRuntime XRP_USD: candle close=1.299500 ema_f=1.298800 ema_s=1.298300 rsi=61.1 atr=0.000800 vwap=1.307119 vol_ok=False ready=True
02:28:19 backend.server.scalp_bot.scalp_runtime     INFO | ScalpRuntime SOL_USD [auto]: rsi=51.7 ema=bear vwap=False vol=False | open_pos=1 | daily_pnl=-0.1524
02:28:19 backend.server.scalp_bot.scalp_runtime     INFO | ScalpRuntime XRP_USD [auto]: rsi=61.1 ema=bull vwap=False vol=False | open_pos=1 | daily_pnl=-0.1524
02:29:07 backend.server.scalp_bot.candle_feed     INFO | CandleFeed XRP_USD: CLOSED candle @ 1.299260 vol=3592.2 trades=9 (n=341)
02:29:07 backend.server.scalp_bot.scalp_runtime     INFO | ScalpRuntime XRP_USD: candle close=1.299260 ema_f=1.299000 ema_s=1.298400 rsi=58.2 atr=0.000800 vwap=1.307111 vol_ok=False ready=True
02:29:07 backend.server.scalp_bot.candle_feed     INFO | CandleFeed SOL_USD: CLOSED candle @ 79.660000 vol=13.1 trades=5 (n=342)
02:29:07 backend.server.scalp_bot.scalp_runtime     INFO | ScalpRuntime SOL_USD: candle close=79.660000 ema_f=79.647900 ema_s=79.647900 rsi=48.4 atr=0.078000 vwap=80.186002 vol_ok=False ready=True
02:29:19 backend.server.scalp_bot.scalp_runtime     INFO | ScalpRuntime SOL_USD [auto]: rsi=48.4 ema=bear vwap=False vol=False | open_pos=1 | daily_pnl=-0.1524
02:29:19 backend.server.scalp_bot.scalp_runtime     INFO | ScalpRuntime XRP_USD [auto]: rsi=58.2 ema=bull vwap=False vol=False | open_pos=1 | daily_pnl=-0.1524
02:30:01 backend.server.scalp_bot.candle_feed     INFO | CandleFeed XRP_USD: CLOSED candle @ 1.299390 vol=18.0 trades=1 (n=342)
02:30:01 backend.server.scalp_bot.scalp_runtime     INFO | ScalpRuntime XRP_USD: candle close=1.299390 ema_f=1.299100 ema_s=1.298500 rsi=59.4 atr=0.000800 vwap=1.307111 vol_ok=False ready=True
02:30:01 backend.server.scalp_bot.candle_feed     INFO | CandleFeed SOL_USD: CLOSED candle @ 79.680000 vol=0.5 trades=5 (n=343)
02:30:01 backend.server.scalp_bot.scalp_runtime     INFO | ScalpRuntime SOL_USD: candle close=79.680000 ema_f=79.658600 ema_s=79.652500 rsi=50.8 atr=0.073900 vwap=80.185990 vol_ok=False ready=True
02:30:01 backend.server.scalp_bot.signal_engine     INFO | SIGNAL [ema] SOL_USD: long @ 79.68000 | stop=79.60610 | tp=79.79085 | atr=0.07390 | signals=ema_cross+rsi | conf=50%
02:30:01 backend.server.scalp_bot.scalp_trader     INFO | ScalpTrader: no free capital for SOL_USD
02:30:19 backend.server.scalp_bot.scalp_runtime     INFO | ScalpRuntime SOL_USD [auto]: rsi=50.8 ema=UP vwap=False vol=False | open_pos=1 | daily_pnl=-0.1524
02:30:19 backend.server.scalp_bot.scalp_runtime     INFO | ScalpRuntime XRP_USD [auto]: rsi=59.4 ema=bull vwap=False vol=False | open_pos=1 | daily_pnl=-0.1524
02:31:04 backend.server.scalp_bot.candle_feed     INFO | CandleFeed XRP_USD: CLOSED candle @ 1.299780 vol=614.4 trades=5 (n=343)
02:31:04 backend.server.scalp_bot.scalp_runtime     INFO | ScalpRuntime XRP_USD: candle close=1.299780 ema_f=1.299300 ema_s=1.298700 rsi=63.0 atr=0.000800 vwap=1.307109 vol_ok=False ready=True
02:31:13 backend.server.scalp_bot.candle_feed     INFO | CandleFeed SOL_USD: CLOSED candle @ 79.650000 vol=5.2 trades=10 (n=344)
02:31:13 backend.server.scalp_bot.scalp_runtime     INFO | ScalpRuntime SOL_USD: candle close=79.650000 ema_f=79.655700 ema_s=79.652100 rsi=47.2 atr=0.070800 vwap=80.185872 vol_ok=False ready=True
02:31:19 backend.server.scalp_bot.scalp_runtime     INFO | ScalpRuntime SOL_USD [auto]: rsi=47.2 ema=bull vwap=False vol=False | open_pos=1 | daily_pnl=-0.1524
02:31:19 backend.server.scalp_bot.scalp_runtime     INFO | ScalpRuntime XRP_USD [auto]: rsi=63.0 ema=bull vwap=False vol=False | open_pos=1 | daily_pnl=-0.1524
02:32:01 backend.server.scalp_bot.candle_feed     INFO | CandleFeed SOL_USD: CLOSED candle @ 79.710000 vol=1505.8 trades=32 (n=345)
02:32:01 backend.server.scalp_bot.scalp_runtime     INFO | ScalpRuntime SOL_USD: candle close=79.710000 ema_f=79.673800 ema_s=79.660400 rsi=54.4 atr=0.070000 vwap=80.155708 vol_ok=True ready=True
02:32:01 backend.server.scalp_bot.signal_engine     INFO | SIGNAL [ema] SOL_USD: long @ 79.71000 | stop=79.64000 | tp=79.81500 | atr=0.07000 | signals=ema_trend+rsi+volume | conf=75%
02:32:01 backend.server.scalp_bot.scalp_trader     INFO | ScalpTrader: no free capital for SOL_USD
02:32:17 backend.server.scalp_bot.candle_feed     INFO | CandleFeed XRP_USD: CLOSED candle @ 1.299940 vol=33.4 trades=3 (n=344)
02:32:17 backend.server.scalp_bot.scalp_runtime     INFO | ScalpRuntime XRP_USD: candle close=1.299940 ema_f=1.299500 ema_s=1.298900 rsi=64.4 atr=0.000800 vwap=1.307109 vol_ok=False ready=True
02:32:19 backend.server.scalp_bot.scalp_runtime     INFO | ScalpRuntime SOL_USD [auto]: rsi=54.4 ema=bull vwap=False vol=True | open_pos=1 | daily_pnl=-0.1524
02:32:19 backend.server.scalp_bot.scalp_runtime     INFO | ScalpRuntime XRP_USD [auto]: rsi=64.4 ema=bull vwap=False vol=False | open_pos=1 | daily_pnl=-0.1524
02:33:07 backend.server.scalp_bot.candle_feed     INFO | CandleFeed SOL_USD: CLOSED candle @ 79.770000 vol=257.8 trades=11 (n=346)
02:33:07 backend.server.scalp_bot.scalp_runtime     INFO | ScalpRuntime SOL_USD: candle close=79.770000 ema_f=79.705900 ema_s=79.676100 rsi=60.5 atr=0.070000 vwap=80.151435 vol_ok=False ready=True
02:33:07 backend.server.scalp_bot.signal_engine     INFO | SIGNAL [ema] SOL_USD: long @ 79.77000 | stop=79.70000 | tp=79.87500 | atr=0.07000 | signals=ema_trend+rsi | conf=50%
02:33:07 backend.server.scalp_bot.scalp_trader     INFO | ScalpTrader: no free capital for SOL_USD
02:33:15 backend.server.scalp_bot.candle_feed     INFO | CandleFeed XRP_USD: CLOSED candle @ 1.301270 vol=46564.4 trades=7 (n=345)
02:33:15 backend.server.scalp_bot.scalp_runtime     INFO | ScalpRuntime XRP_USD: candle close=1.301270 ema_f=1.300100 ema_s=1.299200 rsi=73.9 atr=0.000800 vwap=1.307021 vol_ok=True ready=True
02:33:15 backend.server.state     INFO | ALERT [scalp] Scalp TP: XRP_USD — Profit: $+0.1039 | entry=1.29902 exit=1.30037
02:33:15 backend.server.scalp_bot.scalp_trader     INFO | ScalpTrader XRP_USD: PAPER tp hit @ 1.30037 | pnl=0.1039 | daily_pnl=-0.0485
02:33:15 backend.server.scalp_bot.signal_engine     INFO | SIGNAL [ema] XRP_USD: long @ 1.30127 | stop=1.30047 | tp=1.30247 | atr=0.00080 | signals=ema_trend+volume | conf=50%
02:33:15 backend.server.scalp_bot.scalp_trader     INFO | ScalpTrader XRP_USD: capped qty to capital (risk_qty=2500.00 -> capped_qty=76.848002, notional=100.00)
02:33:15 backend.server.scalp_bot.scalp_trader     INFO | ScalpTrader XRP_USD: SIM entry (simulated) | qty=76.848002 @ 1.30127 | stop=1.30047 | tp=1.30247 | notional=100.00 | id=scalp_entry_7ee65582
02:33:15 backend.server.scalp_bot.scalp_trader     INFO | ScalpTrader XRP_USD: SIM entry filled @ 1.30127 | stop=1.30047 | tp=1.30247
02:33:19 backend.server.scalp_bot.scalp_runtime     INFO | ScalpRuntime SOL_USD [auto]: rsi=60.5 ema=bull vwap=False vol=False | open_pos=1 | daily_pnl=-0.0485
02:33:19 backend.server.scalp_bot.scalp_runtime     INFO | ScalpRuntime XRP_USD [auto]: rsi=73.9 ema=bull vwap=False vol=True | open_pos=1 | daily_pnl=-0.0485
02:34:03 backend.server.scalp_bot.candle_feed     INFO | CandleFeed XRP_USD: CLOSED candle @ 1.301060 vol=650.7 trades=7 (n=346)
02:34:03 backend.server.scalp_bot.scalp_runtime     INFO | ScalpRuntime XRP_USD: candle close=1.301060 ema_f=1.300400 ema_s=1.299500 rsi=70.6 atr=0.000800 vwap=1.307020 vol_ok=False ready=True
02:34:19 backend.server.scalp_bot.scalp_runtime     INFO | ScalpRuntime SOL_USD [auto]: rsi=60.5 ema=bull vwap=False vol=False | open_pos=1 | daily_pnl=-0.0485
02:34:19 backend.server.scalp_bot.scalp_runtime     INFO | ScalpRuntime XRP_USD [auto]: rsi=70.6 ema=bull vwap=False vol=False | open_pos=1 | daily_pnl=-0.0485
02:34:25 backend.server.scalp_bot.candle_feed     INFO | CandleFeed SOL_USD: CLOSED candle @ 79.830000 vol=24.0 trades=6 (n=347)
02:34:25 backend.server.scalp_bot.scalp_runtime     INFO | ScalpRuntime SOL_USD: candle close=79.830000 ema_f=79.747300 ema_s=79.698100 rsi=65.6 atr=0.069300 vwap=80.151110 vol_ok=False ready=True
02:34:25 backend.server.scalp_bot.signal_engine     INFO | SIGNAL [ema] SOL_USD: long @ 79.83000 | stop=79.76070 | tp=79.93395 | atr=0.06930 | signals=ema_trend+rsi | conf=50%
02:34:25 backend.server.scalp_bot.scalp_trader     INFO | ScalpTrader: no free capital for SOL_USD
02:35:07 backend.server.scalp_bot.candle_feed     INFO | CandleFeed SOL_USD: CLOSED candle @ 79.680000 vol=985.8 trades=21 (n=348)
02:35:07 backend.server.scalp_bot.scalp_runtime     INFO | ScalpRuntime SOL_USD: candle close=79.680000 ema_f=79.724900 ema_s=79.695500 rsi=48.0 atr=0.075100 vwap=80.134183 vol_ok=True ready=True
02:35:07 backend.server.scalp_bot.signal_engine     INFO | SIGNAL [ema] SOL_USD: long @ 79.68000 | stop=79.60490 | tp=79.79265 | atr=0.07510 | signals=ema_trend+volume | conf=50%
02:35:07 backend.server.scalp_bot.scalp_trader     INFO | ScalpTrader: no free capital for SOL_USD
02:35:17 backend.server.scalp_bot.candle_feed     INFO | CandleFeed XRP_USD: CLOSED candle @ 1.300060 vol=1012.9 trades=5 (n=347)
02:35:17 backend.server.scalp_bot.scalp_runtime     INFO | ScalpRuntime XRP_USD: candle close=1.300060 ema_f=1.300300 ema_s=1.299600 rsi=56.8 atr=0.000800 vwap=1.307018 vol_ok=False ready=True
02:35:17 backend.server.state  WARNING | ALERT [scalp] Scalp STOP: XRP_USD — Loss: $-0.0615 | entry=1.30127 exit=1.30047
02:35:17 backend.server.scalp_bot.scalp_trader     INFO | ScalpTrader XRP_USD: PAPER stop hit @ 1.30047 | pnl=-0.0615 | daily_pnl=-0.1099
02:35:19 backend.server.scalp_bot.scalp_runtime     INFO | ScalpRuntime SOL_USD [auto]: rsi=48.0 ema=bull vwap=False vol=True | open_pos=0 | daily_pnl=-0.1099
02:35:19 backend.server.scalp_bot.scalp_runtime     INFO | ScalpRuntime XRP_USD [auto]: rsi=56.8 ema=bull vwap=False vol=False | open_pos=0 | daily_pnl=-0.1099
02:36:02 backend.server.scalp_bot.candle_feed     INFO | CandleFeed SOL_USD: CLOSED candle @ 79.650000 vol=13.3 trades=8 (n=349)
02:36:02 backend.server.scalp_bot.scalp_runtime     INFO | ScalpRuntime SOL_USD: candle close=79.650000 ema_f=79.699900 ema_s=79.689000 rsi=45.3 atr=0.074000 vwap=80.133927 vol_ok=False ready=True
02:36:19 backend.server.scalp_bot.candle_feed     INFO | CandleFeed XRP_USD: CLOSED candle @ 1.300450 vol=130.8 trades=5 (n=348)
02:36:19 backend.server.scalp_bot.scalp_runtime     INFO | ScalpRuntime XRP_USD: candle close=1.300450 ema_f=1.300400 ema_s=1.299700 rsi=60.2 atr=0.000800 vwap=1.307018 vol_ok=False ready=True
02:36:19 backend.server.scalp_bot.signal_engine     INFO | SIGNAL [ema] XRP_USD: long @ 1.30045 | stop=1.29965 | tp=1.30165 | atr=0.00080 | signals=ema_trend+rsi | conf=50%
02:36:19 backend.server.scalp_bot.scalp_trader     INFO | ScalpTrader XRP_USD: capped qty to capital (risk_qty=2500.00 -> capped_qty=76.896459, notional=100.00)
02:36:19 backend.server.scalp_bot.scalp_trader     INFO | ScalpTrader XRP_USD: SIM entry (simulated) | qty=76.896459 @ 1.30045 | stop=1.29965 | tp=1.30165 | notional=100.00 | id=scalp_entry_6d3ed011
02:36:19 backend.server.scalp_bot.scalp_trader     INFO | ScalpTrader XRP_USD: SIM entry filled @ 1.30045 | stop=1.29965 | tp=1.30165
02:36:19 backend.server.scalp_bot.scalp_runtime     INFO | ScalpRuntime SOL_USD [auto]: rsi=45.3 ema=bull vwap=False vol=False | open_pos=1 | daily_pnl=-0.1099
02:36:19 backend.server.scalp_bot.scalp_runtime     INFO | ScalpRuntime XRP_USD [auto]: rsi=60.2 ema=bull vwap=False vol=False | open_pos=1 | daily_pnl=-0.1099
02:37:05 backend.server.scalp_bot.candle_feed     INFO | CandleFeed SOL_USD: CLOSED candle @ 79.650000 vol=6.7 trades=6 (n=350)
02:37:05 backend.server.scalp_bot.scalp_runtime     INFO | ScalpRuntime SOL_USD: candle close=79.650000 ema_f=79.683300 ema_s=79.683400 rsi=45.3 atr=0.070100 vwap=80.133800 vol_ok=False ready=True
02:37:19 backend.server.scalp_bot.scalp_runtime     INFO | ScalpRuntime SOL_USD [auto]: rsi=45.3 ema=bear vwap=False vol=False | open_pos=1 | daily_pnl=-0.1099
02:37:19 backend.server.scalp_bot.scalp_runtime     INFO | ScalpRuntime XRP_USD [auto]: rsi=60.2 ema=bull vwap=False vol=False | open_pos=1 | daily_pnl=-0.1099
02:37:47 backend.server.scalp_bot.candle_feed     INFO | CandleFeed XRP_USD: CLOSED candle @ 1.300450 vol=216.4 trades=5 (n=349)
02:37:47 backend.server.scalp_bot.scalp_runtime     INFO | ScalpRuntime XRP_USD: candle close=1.300450 ema_f=1.300400 ema_s=1.299800 rsi=60.2 atr=0.000700 vwap=1.307017 vol_ok=False ready=True
02:38:05 backend.server.scalp_bot.candle_feed     INFO | CandleFeed XRP_USD: CLOSED candle @ 1.300630 vol=1000.0 trades=1 (n=350)
02:38:05 backend.server.scalp_bot.scalp_runtime     INFO | ScalpRuntime XRP_USD: candle close=1.300630 ema_f=1.300500 ema_s=1.299900 rsi=61.9 atr=0.000700 vwap=1.307015 vol_ok=False ready=True
02:38:09 backend.server.scalp_bot.candle_feed     INFO | CandleFeed SOL_USD: CLOSED candle @ 79.740000 vol=260.4 trades=15 (n=351)
02:38:09 backend.server.scalp_bot.scalp_runtime     INFO | ScalpRuntime SOL_USD: candle close=79.740000 ema_f=79.702200 ema_s=79.691500 rsi=55.0 atr=0.072200 vwap=80.129585 vol_ok=True ready=True
02:38:09 backend.server.scalp_bot.signal_engine     INFO | SIGNAL [ema] SOL_USD: long @ 79.74000 | stop=79.66780 | tp=79.84830 | atr=0.07220 | signals=ema_cross+rsi+volume | conf=75%
02:38:09 backend.server.scalp_bot.scalp_trader     INFO | ScalpTrader: no free capital for SOL_USD
02:38:19 backend.server.scalp_bot.scalp_runtime     INFO | ScalpRuntime SOL_USD [auto]: rsi=55.0 ema=UP vwap=False vol=True | open_pos=1 | daily_pnl=-0.1099
02:38:19 backend.server.scalp_bot.scalp_runtime     INFO | ScalpRuntime XRP_USD [auto]: rsi=61.9 ema=bull vwap=False vol=False | open_pos=1 | daily_pnl=-0.1099
02:39:06 backend.server.scalp_bot.candle_feed     INFO | CandleFeed SOL_USD: CLOSED candle @ 79.800000 vol=0.9 trades=10 (n=352)
02:39:06 backend.server.scalp_bot.scalp_runtime     INFO | ScalpRuntime SOL_USD: candle close=79.800000 ema_f=79.734800 ema_s=79.707000 rsi=60.3 atr=0.072000 vwap=80.129572 vol_ok=False ready=True
02:39:06 backend.server.scalp_bot.signal_engine     INFO | SIGNAL [ema] SOL_USD: long @ 79.80000 | stop=79.72800 | tp=79.90800 | atr=0.07200 | signals=ema_trend+rsi | conf=50%
02:39:06 backend.server.scalp_bot.scalp_trader     INFO | ScalpTrader: no free capital for SOL_USD
02:39:11 backend.server.scalp_bot.candle_feed     INFO | CandleFeed XRP_USD: CLOSED candle @ 1.301330 vol=94.3 trades=6 (n=351)
02:39:11 backend.server.scalp_bot.scalp_runtime     INFO | ScalpRuntime XRP_USD: candle close=1.301330 ema_f=1.300800 ema_s=1.300100 rsi=68.1 atr=0.000700 vwap=1.307015 vol_ok=False ready=True
02:39:19 backend.server.scalp_bot.scalp_runtime     INFO | ScalpRuntime SOL_USD [auto]: rsi=60.3 ema=bull vwap=False vol=False | open_pos=1 | daily_pnl=-0.1099
02:39:19 backend.server.scalp_bot.scalp_runtime     INFO | ScalpRuntime XRP_USD [auto]: rsi=68.1 ema=bull vwap=False vol=False | open_pos=1 | daily_pnl=-0.1099
02:40:03 backend.server.scalp_bot.candle_feed     INFO | CandleFeed SOL_USD: CLOSED candle @ 79.780000 vol=49.2 trades=17 (n=353)
02:40:03 backend.server.scalp_bot.scalp_runtime     INFO | ScalpRuntime SOL_USD: candle close=79.780000 ema_f=79.749900 ema_s=79.717400 rsi=57.8 atr=0.071900 vwap=80.128956 vol_ok=False ready=True
02:40:03 backend.server.scalp_bot.signal_engine     INFO | SIGNAL [ema] SOL_USD: long @ 79.78000 | stop=79.70810 | tp=79.88785 | atr=0.07190 | signals=ema_trend+rsi | conf=50%
02:40:03 backend.server.scalp_bot.scalp_trader     INFO | ScalpTrader: no free capital for SOL_USD
02:40:07 backend.server.scalp_bot.candle_feed     INFO | CandleFeed XRP_USD: CLOSED candle @ 1.301080 vol=25159.3 trades=16 (n=352)
02:40:07 backend.server.scalp_bot.scalp_runtime     INFO | ScalpRuntime XRP_USD: candle close=1.301080 ema_f=1.300900 ema_s=1.300200 rsi=63.9 atr=0.000700 vwap=1.306972 vol_ok=True ready=True
02:40:19 backend.server.scalp_bot.scalp_runtime     INFO | ScalpRuntime SOL_USD [auto]: rsi=57.8 ema=bull vwap=False vol=False | open_pos=1 | daily_pnl=-0.1099
02:40:19 backend.server.scalp_bot.scalp_runtime     INFO | ScalpRuntime XRP_USD [auto]: rsi=63.9 ema=bull vwap=False vol=True | open_pos=1 | daily_pnl=-0.1099
02:41:06 backend.server.scalp_bot.candle_feed     INFO | CandleFeed XRP_USD: CLOSED candle @ 1.300710 vol=498.3 trades=7 (n=353)
02:41:06 backend.server.scalp_bot.scalp_runtime     INFO | ScalpRuntime XRP_USD: candle close=1.300710 ema_f=1.300800 ema_s=1.300300 rsi=58.0 atr=0.000700 vwap=1.306971 vol_ok=False ready=True
02:41:15 backend.server.scalp_bot.candle_feed     INFO | CandleFeed SOL_USD: CLOSED candle @ 79.770000 vol=35.8 trades=12 (n=354)
02:41:15 backend.server.scalp_bot.scalp_runtime     INFO | ScalpRuntime SOL_USD: candle close=79.770000 ema_f=79.756600 ema_s=79.724900 rsi=56.4 atr=0.068200 vwap=80.128458 vol_ok=False ready=True
02:41:15 backend.server.scalp_bot.signal_engine     INFO | SIGNAL [ema] SOL_USD: long @ 79.77000 | stop=79.70180 | tp=79.87230 | atr=0.06820 | signals=ema_trend+rsi | conf=50%
02:41:15 backend.server.scalp_bot.scalp_trader     INFO | ScalpTrader: no free capital for SOL_USD
02:41:19 backend.server.scalp_bot.scalp_runtime     INFO | ScalpRuntime SOL_USD [auto]: rsi=56.4 ema=bull vwap=False vol=False | open_pos=1 | daily_pnl=-0.1099
02:41:19 backend.server.scalp_bot.scalp_runtime     INFO | ScalpRuntime XRP_USD [auto]: rsi=58.0 ema=bull vwap=False vol=False | open_pos=1 | daily_pnl=-0.1099
02:42:16 backend.server.scalp_bot.candle_feed     INFO | CandleFeed SOL_USD: CLOSED candle @ 79.740000 vol=15.9 trades=6 (n=355)
02:42:16 backend.server.scalp_bot.scalp_runtime     INFO | ScalpRuntime SOL_USD: candle close=79.740000 ema_f=79.751100 ema_s=79.727100 rsi=52.3 atr=0.065500 vwap=80.128227 vol_ok=False ready=True
02:42:16 backend.server.scalp_bot.signal_engine     INFO | SIGNAL [ema] SOL_USD: long @ 79.74000 | stop=79.67450 | tp=79.83825 | atr=0.06550 | signals=ema_trend+rsi | conf=50%
02:42:16 backend.server.scalp_bot.scalp_trader     INFO | ScalpTrader: no free capital for SOL_USD
02:42:19 backend.server.scalp_bot.candle_feed     INFO | CandleFeed XRP_USD: CLOSED candle @ 1.300690 vol=4030.7 trades=8 (n=354)
02:42:19 backend.server.scalp_bot.scalp_runtime     INFO | ScalpRuntime XRP_USD: candle close=1.300690 ema_f=1.300800 ema_s=1.300400 rsi=57.7 atr=0.000700 vwap=1.306964 vol_ok=False ready=True
02:42:19 backend.server.scalp_bot.scalp_runtime     INFO | ScalpRuntime SOL_USD [auto]: rsi=52.3 ema=bull vwap=False vol=False | open_pos=1 | daily_pnl=-0.1099
02:42:19 backend.server.scalp_bot.scalp_runtime     INFO | ScalpRuntime XRP_USD [auto]: rsi=57.7 ema=bull vwap=False vol=False | open_pos=1 | daily_pnl=-0.1099
02:43:08 backend.server.scalp_bot.candle_feed     INFO | CandleFeed SOL_USD: CLOSED candle @ 79.760000 vol=22.7 trades=7 (n=356)
02:43:08 backend.server.scalp_bot.scalp_runtime     INFO | ScalpRuntime SOL_USD: candle close=79.760000 ema_f=79.754100 ema_s=79.731800 rsi=54.8 atr=0.063000 vwap=80.127907 vol_ok=False ready=True
02:43:08 backend.server.scalp_bot.signal_engine     INFO | SIGNAL [ema] SOL_USD: long @ 79.76000 | stop=79.69700 | tp=79.85450 | atr=0.06300 | signals=ema_trend+rsi | conf=50%
02:43:08 backend.server.scalp_bot.scalp_trader     INFO | ScalpTrader: no free capital for SOL_USD
02:43:18 backend.server.scalp_bot.candle_feed     INFO | CandleFeed XRP_USD: CLOSED candle @ 1.301280 vol=975.7 trades=4 (n=355)
02:43:18 backend.server.scalp_bot.scalp_runtime     INFO | ScalpRuntime XRP_USD: candle close=1.301280 ema_f=1.301000 ema_s=1.300500 rsi=64.3 atr=0.000700 vwap=1.306962 vol_ok=False ready=True
02:43:19 backend.server.scalp_bot.scalp_runtime     INFO | ScalpRuntime SOL_USD [auto]: rsi=54.8 ema=bull vwap=False vol=False | open_pos=1 | daily_pnl=-0.1099
02:43:19 backend.server.scalp_bot.scalp_runtime     INFO | ScalpRuntime XRP_USD [auto]: rsi=64.3 ema=bull vwap=False vol=False | open_pos=1 | daily_pnl=-0.1099
02:44:02 backend.server.scalp_bot.candle_feed     INFO | CandleFeed SOL_USD: CLOSED candle @ 79.740000 vol=0.9 trades=4 (n=357)
02:44:02 backend.server.scalp_bot.scalp_runtime     INFO | ScalpRuntime SOL_USD: candle close=79.740000 ema_f=79.749400 ema_s=79.733000 rsi=51.8 atr=0.059900 vwap=80.127893 vol_ok=False ready=True
02:44:02 backend.server.scalp_bot.signal_engine     INFO | SIGNAL [ema] SOL_USD: long @ 79.74000 | stop=79.68010 | tp=79.82985 | atr=0.05990 | signals=ema_trend+rsi | conf=50%
02:44:02 backend.server.scalp_bot.scalp_trader     INFO | ScalpTrader: no free capital for SOL_USD
02:44:12 backend.server.scalp_bot.candle_feed     INFO | CandleFeed XRP_USD: CLOSED candle @ 1.301170 vol=111.2 trades=4 (n=356)
02:44:12 backend.server.scalp_bot.scalp_runtime     INFO | ScalpRuntime XRP_USD: candle close=1.301170 ema_f=1.301100 ema_s=1.300600 rsi=62.3 atr=0.000700 vwap=1.306962 vol_ok=False ready=True
02:44:19 backend.server.scalp_bot.scalp_runtime     INFO | ScalpRuntime SOL_USD [auto]: rsi=51.8 ema=bull vwap=False vol=False | open_pos=1 | daily_pnl=-0.1099
02:44:19 backend.server.scalp_bot.scalp_runtime     INFO | ScalpRuntime XRP_USD [auto]: rsi=62.3 ema=bull vwap=False vol=False | open_pos=1 | daily_pnl=-0.1099
02:45:08 backend.server.scalp_bot.candle_feed     INFO | CandleFeed SOL_USD: CLOSED candle @ 79.700000 vol=323.2 trades=16 (n=358)
02:45:08 backend.server.scalp_bot.scalp_runtime     INFO | ScalpRuntime SOL_USD: candle close=79.700000 ema_f=79.732900 ema_s=79.728300 rsi=46.1 atr=0.058500 vwap=80.122780 vol_ok=True ready=True
02:45:08 backend.server.scalp_bot.signal_engine     INFO | SIGNAL [ema] SOL_USD: long @ 79.70000 | stop=79.64150 | tp=79.78775 | atr=0.05850 | signals=ema_trend+volume | conf=50%
02:45:08 backend.server.scalp_bot.scalp_trader     INFO | ScalpTrader: no free capital for SOL_USD
02:45:19 backend.server.scalp_bot.scalp_runtime     INFO | ScalpRuntime SOL_USD [auto]: rsi=46.1 ema=bull vwap=False vol=True | open_pos=1 | daily_pnl=-0.1099
02:45:19 backend.server.scalp_bot.scalp_runtime     INFO | ScalpRuntime XRP_USD [auto]: rsi=62.3 ema=bull vwap=False vol=False | open_pos=1 | daily_pnl=-0.1099
02:45:39 backend.server.scalp_bot.candle_feed     INFO | CandleFeed XRP_USD: CLOSED candle @ 1.301100 vol=7298.7 trades=11 (n=357)
02:45:39 backend.server.scalp_bot.scalp_runtime     INFO | ScalpRuntime XRP_USD: candle close=1.301100 ema_f=1.301100 ema_s=1.300700 rsi=60.9 atr=0.000700 vwap=1.306950 vol_ok=True ready=True
02:45:39 backend.server.state     INFO | ALERT [scalp] Scalp TP: XRP_USD — Profit: $+0.0923 | entry=1.30045 exit=1.30165
02:45:39 backend.server.scalp_bot.scalp_trader     INFO | ScalpTrader XRP_USD: PAPER tp hit @ 1.30165 | pnl=0.0923 | daily_pnl=-0.0177
02:45:39 backend.server.scalp_bot.signal_engine     INFO | SIGNAL [ema] XRP_USD: long @ 1.30110 | stop=1.30040 | tp=1.30215 | atr=0.00070 | signals=ema_trend+rsi+volume | conf=75%
02:45:39 backend.server.scalp_bot.scalp_trader     INFO | ScalpTrader XRP_USD: capped qty to capital (risk_qty=2857.14 -> capped_qty=76.858043, notional=100.00)
02:45:39 backend.server.scalp_bot.scalp_trader     INFO | ScalpTrader XRP_USD: SIM entry (simulated) | qty=76.858043 @ 1.30110 | stop=1.30040 | tp=1.30215 | notional=100.00 | id=scalp_entry_f1ebb491
02:45:39 backend.server.scalp_bot.scalp_trader     INFO | ScalpTrader XRP_USD: SIM entry filled @ 1.30110 | stop=1.30040 | tp=1.30215
02:46:07 backend.server.scalp_bot.candle_feed     INFO | CandleFeed XRP_USD: CLOSED candle @ 1.301020 vol=100.2 trades=2 (n=358)
02:46:07 backend.server.scalp_bot.scalp_runtime     INFO | ScalpRuntime XRP_USD: candle close=1.301020 ema_f=1.301100 ema_s=1.300700 rsi=59.2 atr=0.000700 vwap=1.306949 vol_ok=False ready=True
02:46:12 backend.server.scalp_bot.candle_feed     INFO | CandleFeed SOL_USD: CLOSED candle @ 79.690000 vol=548.0 trades=24 (n=359)
02:46:12 backend.server.scalp_bot.scalp_runtime     INFO | ScalpRuntime SOL_USD: candle close=79.690000 ema_f=79.718600 ema_s=79.722800 rsi=44.7 atr=0.057200 vwap=80.113985 vol_ok=True ready=True
02:46:19 backend.server.scalp_bot.scalp_runtime     INFO | ScalpRuntime SOL_USD [auto]: rsi=44.7 ema=bear vwap=False vol=True | open_pos=1 | daily_pnl=-0.0177
02:46:19 backend.server.scalp_bot.scalp_runtime     INFO | ScalpRuntime XRP_USD [auto]: rsi=59.2 ema=bull vwap=False vol=False | open_pos=1 | daily_pnl=-0.0177
02:47:04 backend.server.scalp_bot.candle_feed     INFO | CandleFeed XRP_USD: CLOSED candle @ 1.301320 vol=4774.9 trades=11 (n=359)
02:47:04 backend.server.scalp_bot.scalp_runtime     INFO | ScalpRuntime XRP_USD: candle close=1.301320 ema_f=1.301200 ema_s=1.300800 rsi=63.5 atr=0.000700 vwap=1.306941 vol_ok=False ready=True
02:47:05 backend.server.scalp_bot.candle_feed     INFO | CandleFeed SOL_USD: CLOSED candle @ 79.700000 vol=1491.3 trades=31 (n=360)
02:47:05 backend.server.scalp_bot.scalp_runtime     INFO | ScalpRuntime SOL_USD: candle close=79.700000 ema_f=79.712400 ema_s=79.719500 rsi=46.5 atr=0.058100 vwap=80.092115 vol_ok=True ready=True
02:47:19 backend.server.scalp_bot.scalp_runtime     INFO | ScalpRuntime SOL_USD [auto]: rsi=46.5 ema=bear vwap=False vol=True | open_pos=1 | daily_pnl=-0.0177
02:47:19 backend.server.scalp_bot.scalp_runtime     INFO | ScalpRuntime XRP_USD [auto]: rsi=63.5 ema=bull vwap=False vol=False | open_pos=1 | daily_pnl=-0.0177
02:48:01 backend.server.scalp_bot.candle_feed     INFO | CandleFeed XRP_USD: CLOSED candle @ 1.302090 vol=531.5 trades=5 (n=360)
02:48:01 backend.server.scalp_bot.scalp_runtime     INFO | ScalpRuntime XRP_USD: candle close=1.302090 ema_f=1.301500 ema_s=1.301000 rsi=72.0 atr=0.000700 vwap=1.306941 vol_ok=False ready=True
02:48:05 backend.server.scalp_bot.candle_feed     INFO | CandleFeed SOL_USD: CLOSED candle @ 79.740000 vol=8.4 trades=13 (n=361)
02:48:05 backend.server.scalp_bot.scalp_runtime     INFO | ScalpRuntime SOL_USD: candle close=79.740000 ema_f=79.721600 ema_s=79.722400 rsi=53.4 atr=0.056800 vwap=80.092009 vol_ok=False ready=True
02:48:19 backend.server.scalp_bot.scalp_runtime     INFO | ScalpRuntime SOL_USD [auto]: rsi=53.4 ema=bear vwap=False vol=False | open_pos=1 | daily_pnl=-0.0177
02:48:19 backend.server.scalp_bot.scalp_runtime     INFO | ScalpRuntime XRP_USD [auto]: rsi=72.0 ema=bull vwap=False vol=False | open_pos=1 | daily_pnl=-0.0177
02:49:04 backend.server.scalp_bot.candle_feed     INFO | CandleFeed XRP_USD: CLOSED candle @ 1.302010 vol=4928.1 trades=6 (n=361)
02:49:04 backend.server.scalp_bot.scalp_runtime     INFO | ScalpRuntime XRP_USD: candle close=1.302010 ema_f=1.301700 ema_s=1.301100 rsi=70.1 atr=0.000700 vwap=1.306933 vol_ok=False ready=True
02:49:10 backend.server.scalp_bot.candle_feed     INFO | CandleFeed SOL_USD: CLOSED candle @ 79.730000 vol=8.7 trades=7 (n=362)
02:49:10 backend.server.scalp_bot.scalp_runtime     INFO | ScalpRuntime SOL_USD: candle close=79.730000 ema_f=79.724400 ema_s=79.723500 rsi=51.5 atr=0.054200 vwap=80.091899 vol_ok=False ready=True
02:49:10 backend.server.scalp_bot.signal_engine     INFO | SIGNAL [ema] SOL_USD: long @ 79.73000 | stop=79.67580 | tp=79.81130 | atr=0.05420 | signals=ema_cross+rsi | conf=50%
02:49:10 backend.server.scalp_bot.scalp_trader     INFO | ScalpTrader: no free capital for SOL_USD
02:49:19 backend.server.scalp_bot.scalp_runtime     INFO | ScalpRuntime SOL_USD [auto]: rsi=51.5 ema=UP vwap=False vol=False | open_pos=1 | daily_pnl=-0.0177
02:49:19 backend.server.scalp_bot.scalp_runtime     INFO | ScalpRuntime XRP_USD [auto]: rsi=70.1 ema=bull vwap=False vol=False | open_pos=1 | daily_pnl=-0.0177
02:50:03 backend.server.scalp_bot.candle_feed     INFO | CandleFeed SOL_USD: CLOSED candle @ 79.690000 vol=0.8 trades=5 (n=363)
02:50:03 backend.server.scalp_bot.scalp_runtime     INFO | ScalpRuntime SOL_USD: candle close=79.690000 ema_f=79.712900 ema_s=79.718700 rsi=44.5 atr=0.053200 vwap=80.091888 vol_ok=False ready=True
02:50:19 backend.server.scalp_bot.scalp_runtime     INFO | ScalpRuntime SOL_USD [auto]: rsi=44.5 ema=bear vwap=False vol=False | open_pos=1 | daily_pnl=-0.0177
02:50:19 backend.server.scalp_bot.scalp_runtime     INFO | ScalpRuntime XRP_USD [auto]: rsi=70.1 ema=bull vwap=False vol=False | open_pos=1 | daily_pnl=-0.0177
02:50:32 backend.server.scalp_bot.candle_feed     INFO | CandleFeed XRP_USD: CLOSED candle @ 1.301410 vol=4169.5 trades=12 (n=362)
02:50:32 backend.server.scalp_bot.scalp_runtime     INFO | ScalpRuntime XRP_USD: candle close=1.301410 ema_f=1.301600 ema_s=1.301100 rsi=57.3 atr=0.000700 vwap=1.306927 vol_ok=False ready=True
02:51:19 backend.server.scalp_bot.scalp_runtime     INFO | ScalpRuntime SOL_USD [auto]: rsi=44.5 ema=bear vwap=False vol=False | open_pos=1 | daily_pnl=-0.0177
02:51:19 backend.server.scalp_bot.scalp_runtime     INFO | ScalpRuntime XRP_USD [auto]: rsi=57.3 ema=bull vwap=False vol=False | open_pos=1 | daily_pnl=-0.0177
02:51:26 backend.server.scalp_bot.candle_feed     INFO | CandleFeed XRP_USD: CLOSED candle @ 1.301450 vol=409.6 trades=3 (n=363)
02:51:26 backend.server.scalp_bot.scalp_runtime     INFO | ScalpRuntime XRP_USD: candle close=1.301450 ema_f=1.301600 ema_s=1.301200 rsi=57.9 atr=0.000700 vwap=1.306926 vol_ok=False ready=True
02:51:47 backend.server.scalp_bot.candle_feed     INFO | CandleFeed SOL_USD: CLOSED candle @ 79.680000 vol=5.7 trades=6 (n=364)
02:51:47 backend.server.scalp_bot.scalp_runtime     INFO | ScalpRuntime SOL_USD: candle close=79.680000 ema_f=79.701900 ema_s=79.713200 rsi=42.9 atr=0.050800 vwap=80.091806 vol_ok=False ready=True
02:52:15 backend.server.scalp_bot.candle_feed     INFO | CandleFeed SOL_USD: CLOSED candle @ 79.710000 vol=12.0 trades=5 (n=365)
02:52:15 backend.server.scalp_bot.scalp_runtime     INFO | ScalpRuntime SOL_USD: candle close=79.710000 ema_f=79.704600 ema_s=79.712700 rsi=49.2 atr=0.049300 vwap=80.091642 vol_ok=False ready=True
02:52:20 backend.server.scalp_bot.scalp_runtime     INFO | ScalpRuntime SOL_USD [auto]: rsi=49.2 ema=bear vwap=False vol=False | open_pos=1 | daily_pnl=-0.0177
02:52:20 backend.server.scalp_bot.scalp_runtime     INFO | ScalpRuntime XRP_USD [auto]: rsi=57.9 ema=bull vwap=False vol=False | open_pos=1 | daily_pnl=-0.0177
02:52:34 backend.server.scalp_bot.candle_feed     INFO | CandleFeed XRP_USD: CLOSED candle @ 1.301640 vol=3.6 trades=1 (n=364)
02:52:34 backend.server.scalp_bot.scalp_runtime     INFO | ScalpRuntime XRP_USD: candle close=1.301640 ema_f=1.301600 ema_s=1.301300 rsi=60.7 atr=0.000700 vwap=1.306926 vol_ok=False ready=True
02:53:03 backend.server.scalp_bot.candle_feed     INFO | CandleFeed SOL_USD: CLOSED candle @ 79.700000 vol=0.9 trades=5 (n=366)
02:53:03 backend.server.scalp_bot.scalp_runtime     INFO | ScalpRuntime SOL_USD: candle close=79.700000 ema_f=79.703100 ema_s=79.710900 rsi=47.2 atr=0.047200 vwap=80.091630 vol_ok=False ready=True
02:53:10 backend.server.scalp_bot.candle_feed     INFO | CandleFeed XRP_USD: CLOSED candle @ 1.301210 vol=1007.0 trades=2 (n=365)
02:53:10 backend.server.scalp_bot.scalp_runtime     INFO | ScalpRuntime XRP_USD: candle close=1.301210 ema_f=1.301500 ema_s=1.301300 rsi=51.8 atr=0.000700 vwap=1.306924 vol_ok=False ready=True
02:53:20 backend.server.scalp_bot.scalp_runtime     INFO | ScalpRuntime SOL_USD [auto]: rsi=47.2 ema=bear vwap=False vol=False | open_pos=1 | daily_pnl=-0.0177
02:53:20 backend.server.scalp_bot.scalp_runtime     INFO | ScalpRuntime XRP_USD [auto]: rsi=51.8 ema=bull vwap=False vol=False | open_pos=1 | daily_pnl=-0.0177
02:54:02 backend.server.scalp_bot.candle_feed     INFO | CandleFeed SOL_USD: CLOSED candle @ 79.700000 vol=16.5 trades=11 (n=367)
02:54:02 backend.server.scalp_bot.scalp_runtime     INFO | ScalpRuntime SOL_USD: candle close=79.700000 ema_f=79.702100 ema_s=79.709300 rsi=47.2 atr=0.045300 vwap=80.091403 vol_ok=False ready=True
02:54:19 backend.server.scalp_bot.candle_feed     INFO | CandleFeed XRP_USD: CLOSED candle @ 1.301200 vol=3351.2 trades=6 (n=366)
02:54:19 backend.server.scalp_bot.scalp_runtime     INFO | ScalpRuntime XRP_USD: candle close=1.301200 ema_f=1.301400 ema_s=1.301300 rsi=51.6 atr=0.000700 vwap=1.306919 vol_ok=False ready=True
02:54:20 backend.server.scalp_bot.scalp_runtime     INFO | ScalpRuntime SOL_USD [auto]: rsi=47.2 ema=bear vwap=False vol=False | open_pos=1 | daily_pnl=-0.0177
02:54:20 backend.server.scalp_bot.scalp_runtime     INFO | ScalpRuntime XRP_USD [auto]: rsi=51.6 ema=bull vwap=False vol=False | open_pos=1 | daily_pnl=-0.0177
02:55:08 backend.server.scalp_bot.candle_feed     INFO | CandleFeed XRP_USD: CLOSED candle @ 1.301300 vol=88.3 trades=3 (n=367)
02:55:08 backend.server.scalp_bot.scalp_runtime     INFO | ScalpRuntime XRP_USD: candle close=1.301300 ema_f=1.301400 ema_s=1.301300 rsi=53.6 atr=0.000700 vwap=1.306919 vol_ok=False ready=True
02:55:11 backend.server.scalp_bot.candle_feed     INFO | CandleFeed SOL_USD: CLOSED candle @ 79.630000 vol=4.0 trades=9 (n=368)
02:55:11 backend.server.scalp_bot.scalp_runtime     INFO | ScalpRuntime SOL_USD: candle close=79.630000 ema_f=79.678100 ema_s=79.698000 rsi=35.0 atr=0.047100 vwap=80.091342 vol_ok=False ready=True
02:55:20 backend.server.scalp_bot.scalp_runtime     INFO | ScalpRuntime SOL_USD [auto]: rsi=35.0 ema=bear vwap=False vol=False | open_pos=1 | daily_pnl=-0.0177
02:55:20 backend.server.scalp_bot.scalp_runtime     INFO | ScalpRuntime XRP_USD [auto]: rsi=53.6 ema=bull vwap=False vol=False | open_pos=1 | daily_pnl=-0.0177
02:56:13 backend.server.scalp_bot.candle_feed     INFO | CandleFeed SOL_USD: CLOSED candle @ 79.690000 vol=25.2 trades=6 (n=369)
02:56:13 backend.server.scalp_bot.scalp_runtime     INFO | ScalpRuntime SOL_USD: candle close=79.690000 ema_f=79.682100 ema_s=79.696900 rsi=48.0 atr=0.048000 vwap=80.090972 vol_ok=False ready=True
02:56:20 backend.server.scalp_bot.scalp_runtime     INFO | ScalpRuntime SOL_USD [auto]: rsi=48.0 ema=bear vwap=False vol=False | open_pos=1 | daily_pnl=-0.0177
02:56:20 backend.server.scalp_bot.scalp_runtime     INFO | ScalpRuntime XRP_USD [auto]: rsi=53.6 ema=bull vwap=False vol=False | open_pos=1 | daily_pnl=-0.0177
02:56:42 backend.server.scalp_bot.candle_feed     INFO | CandleFeed XRP_USD: CLOSED candle @ 1.302190 vol=154502.6 trades=46 (n=368)
02:56:42 backend.server.scalp_bot.scalp_runtime     INFO | ScalpRuntime XRP_USD: candle close=1.302190 ema_f=1.301700 ema_s=1.301400 rsi=67.1 atr=0.000700 vwap=1.306707 vol_ok=True ready=True
02:56:42 backend.server.state     INFO | ALERT [scalp] Scalp TP: XRP_USD — Profit: $+0.0807 | entry=1.30110 exit=1.30215
02:56:42 backend.server.scalp_bot.scalp_trader     INFO | ScalpTrader XRP_USD: PAPER tp hit @ 1.30215 | pnl=0.0807 | daily_pnl=0.0630
02:56:42 backend.server.scalp_bot.signal_engine     INFO | SIGNAL [ema] XRP_USD: long @ 1.30219 | stop=1.30149 | tp=1.30324 | atr=0.00070 | signals=ema_trend+rsi+volume | conf=75%
02:56:42 backend.server.scalp_bot.scalp_trader     INFO | ScalpTrader XRP_USD: capped qty to capital (risk_qty=2857.14 -> capped_qty=76.793709, notional=100.00)
02:56:42 backend.server.scalp_bot.scalp_trader     INFO | ScalpTrader XRP_USD: SIM entry (simulated) | qty=76.793709 @ 1.30219 | stop=1.30149 | tp=1.30324 | notional=100.00 | id=scalp_entry_03c2a72f
02:56:42 backend.server.scalp_bot.scalp_trader     INFO | ScalpTrader XRP_USD: SIM entry filled @ 1.30219 | stop=1.30149 | tp=1.30324
02:57:03 backend.server.scalp_bot.candle_feed     INFO | CandleFeed SOL_USD: CLOSED candle @ 79.680000 vol=0.8 trades=5 (n=370)
02:57:03 backend.server.scalp_bot.scalp_runtime     INFO | ScalpRuntime SOL_USD: candle close=79.680000 ema_f=79.681400 ema_s=79.694500 rsi=46.3 atr=0.046000 vwap=80.090961 vol_ok=False ready=True
02:57:20 backend.server.scalp_bot.scalp_runtime     02:57:20 mitch                    INFO | Loading config: 11 pairs, trading=['USDG_USDC'], mode=paper
02:57:20 mitch                 WARNING | SAFE STARTUP active: forcing paper mode, disabling live API keys, and using scalp sim mode when enabled. Engine remains stopped until START.
02:57:20 backend.server.windows_power     INFO | Windows: preventing system idle sleep while bot runs
02:57:20 backend.server.session_logger     INFO | Session log: C:\Users\daroo\Desktop\Repos\tradingbot-1\data\session_20260405_065720.jsonl
02:57:20 backend.server.pnl    WARNING | Skipping bad trade r02:58:00 backend.server.scalp_bot.candle_feed     INFO | CandleFeed XRP_USD: CLOSED candle @ 1.302570 vol=1719.4 trades=3 (n=370)
02:58:01 backend.server.scalp_bot.scalp_runtime     INFO | ScalpRuntime XRP_USD: candle close=1.302570 ema_f=1.302200 ema_s=1.301700 rsi=71.2 atr=0.000700 vwap=1.306705 vol_ok=False ready=True
02:58:18 backend.server.scalp_bot.candle_feed     INFO | CandleFeed SOL_USD: CLOSED candle @ 79.680000 vol=0.2 trades=2 (n=371)
02:58:18 backend.server.scalp_bot.scalp_runtime     INFO | ScalpRuntime SOL_USD: candle close=79.680000 ema_f=79.680900 ema_s=79.692400 rsi=46.3 atr=0.042700 vwap=80.090959 vol_ok=False ready=True
02:58:20 backend.server.scalp_bot.scalp_runtime     INFO | ScalpRuntime SOL_USD [auto]: rsi=46.3 ema=bear vwap=False vol=False | open_pos=1 | daily_pnl=0.0630
02:58:20 backend.server.scalp_bot.scalp_runtime     INFO | ScalpRuntime XRP_USD [auto]: rsi=71.2 ema=bull vwap=False vol=False | open_pos=1 | daily_pnl=0.0630
02:59:01 backend.server.scalp_bot.candle_feed     INFO | CandleFeed XRP_USD: CLOSED candle @ 1.302430 vol=136.6 trades=5 (n=371)
02:59:01 backend.server.scalp_bot.scalp_runtime     INFO | ScalpRuntime XRP_USD: candle close=1.302430 ema_f=1.302300 ema_s=1.301800 rsi=67.4 atr=0.000700 vwap=1.306704 vol_ok=False ready=True
02:59:07 backend.server.scalp_bot.candle_feed     INFO | CandleFeed SOL_USD: CLOSED candle @ 79.670000 vol=0.8 trades=6 (n=372)
02:59:07 backend.server.scalp_bot.scalp_runtime     INFO | ScalpRuntime SOL_USD: candle close=79.670000 ema_f=79.677300 ema_s=79.689200 rsi=44.2 atr=0.042500 vwap=80.090947 vol_ok=False ready=True
02:59:20 backend.server.scalp_bot.scalp_runtime     INFO | ScalpRuntime SOL_USD [auto]: rsi=44.2 ema=bear vwap=False vol=False | open_pos=1 | daily_pnl=0.0630
02:59:20 backend.server.scalp_bot.scalp_runtime     INFO | ScalpRuntime XRP_USD [auto]: rsi=67.4 ema=bull vwap=False vol=False | open_pos=1 | daily_pnl=0.0630
03:00:00 backend.server.scalp_bot.candle_feed     INFO | CandleFeed XRP_USD: CLOSED candle @ 1.301420 vol=24073.5 trades=9 (n=372)
03:00:00 backend.server.scalp_bot.scalp_runtime     INFO | ScalpRuntime XRP_USD: candle close=1.301420 ema_f=1.302000 ema_s=1.301700 rsi=46.8 atr=0.000700 vwap=1.306671 vol_ok=True ready=True
03:00:00 backend.server.state  WARNING | ALERT [scalp] Scalp STOP: XRP_USD — Loss: $-0.0538 | entry=1.30219 exit=1.30149
03:00:00 backend.server.scalp_bot.scalp_trader     INFO | ScalpTrader XRP_USD: PAPER stop hit @ 1.30149 | pnl=-0.0538 | daily_pnl=0.0093
03:00:02 backend.server.scalp_bot.candle_feed     INFO | CandleFeed SOL_USD: CLOSED candle @ 79.560000 vol=269.6 trades=21 (n=373)
03:00:02 backend.server.scalp_bot.scalp_runtime     INFO | ScalpRuntime SOL_USD: candle close=79.560000 ema_f=79.638200 ema_s=79.670700 rsi=28.7 atr=0.048000 vwap=80.086353 vol_ok=True ready=True
03:00:20 backend.server.scalp_bot.scalp_runtime     INFO | ScalpRuntime SOL_USD [auto]: rsi=28.7 ema=bear vwap=False vol=True | open_pos=0 | daily_pnl=0.0093
03:00:20 backend.server.scalp_bot.scalp_runtime     INFO | ScalpRuntime XRP_USD [auto]: rsi=46.8 ema=bull vwap=False vol=True | open_pos=0 | daily_pnl=0.0093
03:01:01 backend.server.scalp_bot.candle_feed     INFO | CandleFeed XRP_USD: CLOSED candle @ 1.302020 vol=67.5 trades=10 (n=373)
03:01:01 backend.server.scalp_bot.scalp_runtime     INFO | ScalpRuntime XRP_USD: candle close=1.302020 ema_f=1.302000 ema_s=1.301700 rsi=55.8 atr=0.000700 vwap=1.306671 vol_ok=False ready=True
03:01:01 backend.server.scalp_bot.signal_engine     INFO | SIGNAL [ema] XRP_USD: long @ 1.30202 | stop=1.30132 | tp=1.30307 | atr=0.00070 | signals=ema_trend+rsi | conf=50%
03:01:01 backend.server.scalp_bot.scalp_trader     INFO | ScalpTrader XRP_USD: capped qty to capital (risk_qty=2857.14 -> capped_qty=76.803736, notional=100.00)
03:01:01 backend.server.scalp_bot.scalp_trader     INFO | ScalpTrader XRP_USD: SIM entry (simulated) | qty=76.803736 @ 1.30202 | stop=1.30132 | tp=1.30307 | notional=100.00 | id=scalp_entry_3bfb744c
03:01:01 backend.server.scalp_bot.scalp_trader     INFO | ScalpTrader XRP_USD: SIM entry filled @ 1.30202 | stop=1.30132 | tp=1.30307
03:01:03 backend.server.scalp_bot.candle_feed     INFO | CandleFeed SOL_USD: CLOSED candle @ 79.740000 vol=2847.2 trades=57 (n=374)
03:01:03 backend.server.scalp_bot.scalp_runtime     INFO | ScalpRuntime SOL_USD: candle close=79.740000 ema_f=79.672100 ema_s=79.680600 rsi=56.7 atr=0.062400 vwap=80.052206 vol_ok=True ready=True
03:01:20 backend.server.scalp_bot.scalp_runtime     INFO | ScalpRuntime SOL_USD [auto]: rsi=56.7 ema=bear vwap=False vol=True | open_pos=1 | daily_pnl=0.0093
03:01:20 backend.server.scalp_bot.scalp_runtime     INFO | ScalpRuntime XRP_USD [auto]: rsi=55.8 ema=bull vwap=False vol=False | open_pos=1 | daily_pnl=0.0093
03:02:09 backend.server.scalp_bot.candle_feed     INFO | CandleFeed SOL_USD: CLOSED candle @ 79.750000 vol=16.4 trades=7 (n=375)
03:02:09 backend.server.scalp_bot.scalp_runtime     INFO | ScalpRuntime SOL_USD: candle close=79.750000 ema_f=79.698100 ema_s=79.690500 rsi=57.7 atr=0.061500 vwap=80.052044 vol_ok=False ready=True
03:02:09 backend.server.scalp_bot.signal_engine     INFO | SIGNAL [ema] SOL_USD: long @ 79.75000 | stop=79.68850 | tp=79.84225 | atr=0.06150 | signals=ema_cross+rsi | conf=50%
03:02:09 backend.server.scalp_bot.scalp_trader     INFO | ScalpTrader: no free capital for SOL_USD
03:02:18 backend.server.scalp_bot.candle_feed     INFO | CandleFeed XRP_USD: CLOSED candle @ 1.302430 vol=21.6 trades=3 (n=374)
03:02:18 backend.server.scalp_bot.scalp_runtime     INFO | ScalpRuntime XRP_USD: candle close=1.302430 ema_f=1.302100 ema_s=1.301800 rsi=60.9 atr=0.000700 vwap=1.306671 vol_ok=False ready=True
03:02:20 backend.server.scalp_bot.scalp_runtime     INFO | ScalpRuntime SOL_USD [auto]: rsi=57.7 ema=UP vwap=False vol=False | open_pos=1 | daily_pnl=0.0093
03:02:20 backend.server.scalp_bot.scalp_runtime     INFO | ScalpRuntime XRP_USD [auto]: rsi=60.9 ema=bull vwap=False vol=False | open_pos=1 | daily_pnl=0.0093
03:03:05 backend.server.scalp_bot.candle_feed     INFO | CandleFeed XRP_USD: CLOSED candle @ 1.299510 vol=172695.1 trades=61 (n=375)
03:03:05 backend.server.scalp_bot.scalp_runtime     INFO | ScalpRuntime XRP_USD: candle close=1.299510 ema_f=1.301200 ema_s=1.301500 rsi=31.7 atr=0.000900 vwap=1.306394 vol_ok=True ready=True
03:03:05 backend.server.state  WARNING | ALERT [scalp] Scalp STOP: XRP_USD — Loss: $-0.0538 | entry=1.30202 exit=1.30132
03:03:05 backend.server.scalp_bot.scalp_trader     INFO | ScalpTrader XRP_USD: PAPER stop hit @ 1.30132 | pnl=-0.0538 | daily_pnl=-0.0445
03:03:14 backend.server.scalp_bot.candle_feed     INFO | CandleFeed SOL_USD: CLOSED candle @ 79.760000 vol=381.3 trades=9 (n=376)
03:03:14 backend.server.scalp_bot.scalp_runtime     INFO | ScalpRuntime SOL_USD: candle close=79.760000 ema_f=79.718700 ema_s=79.700400 rsi=58.9 atr=0.057800 vwap=80.048531 vol_ok=False ready=True
03:03:14 backend.server.scalp_bot.signal_engine     INFO | SIGNAL [ema] SOL_USD: long @ 79.76000 | stop=79.70220 | tp=79.84670 | atr=0.05780 | signals=ema_trend+rsi | conf=50%
03:03:14 backend.server.scalp_bot.scalp_trader     INFO | ScalpTrader SOL_USD: capped qty to capital (risk_qty=34.60 -> capped_qty=1.253761, notional=100.00)
03:03:14 backend.server.scalp_bot.scalp_trader     INFO | ScalpTrader SOL_USD: SIM entry (simulated) | qty=1.253761 @ 79.76000 | stop=79.70220 | tp=79.84670 | notional=100.00 | id=scalp_entry_94b3f1dd
03:03:14 backend.server.scalp_bot.scalp_trader     INFO | ScalpTrader SOL_USD: SIM entry filled @ 79.76000 | stop=79.70220 | tp=79.84670
03:03:20 backend.server.scalp_bot.scalp_runtime     INFO | ScalpRuntime SOL_USD [auto]: rsi=58.9 ema=bull vwap=False vol=False | open_pos=1 | daily_pnl=-0.0445
03:03:20 backend.server.scalp_bot.scalp_runtime     INFO | ScalpRuntime XRP_USD [auto]: rsi=31.7 ema=bear vwap=False vol=True | open_pos=1 | daily_pnl=-0.0445
03:04:03 backend.server.scalp_bot.candle_feed     INFO | CandleFeed XRP_USD: CLOSED candle @ 1.299570 vol=1528.8 trades=4 (n=376)
03:04:03 backend.server.scalp_bot.scalp_runtime     INFO | ScalpRuntime XRP_USD: candle close=1.299570 ema_f=1.300700 ema_s=1.301200 rsi=32.4 atr=0.000800 vwap=1.306391 vol_ok=False ready=True
03:04:09 backend.server.scalp_bot.candle_feed     INFO | CandleFeed SOL_USD: CLOSED candle @ 79.780000 vol=0.8 trades=2 (n=377)
03:04:09 backend.server.scalp_bot.scalp_runtime     INFO | ScalpRuntime SOL_USD: candle close=79.780000 ema_f=79.739100 ema_s=79.711800 rsi=61.1 atr=0.056500 vwap=80.048524 vol_ok=False ready=True
03:04:20 backend.server.scalp_bot.scalp_runtime     INFO | ScalpRuntime SOL_USD [auto]: rsi=61.1 ema=bull vwap=False vol=False | open_pos=1 | daily_pnl=-0.0445
03:04:20 backend.server.scalp_bot.scalp_runtime     INFO | ScalpRuntime XRP_USD [auto]: rsi=32.4 ema=bear vwap=False vol=False | open_pos=1 | daily_pnl=-0.0445
03:05:02 backend.server.scalp_bot.candle_feed     INFO | CandleFeed XRP_USD: CLOSED candle @ 1.299430 vol=8323.8 trades=10 (n=377)
03:05:02 backend.server.scalp_bot.scalp_runtime     INFO | ScalpRuntime XRP_USD: candle close=1.299430 ema_f=1.300300 ema_s=1.300900 rsi=31.5 atr=0.000800 vwap=1.306376 vol_ok=False ready=True
03:05:07 backend.server.scalp_bot.candle_feed     INFO | CandleFeed SOL_USD: CLOSED candle @ 79.750000 vol=4.9 trades=12 (n=378)
03:05:07 backend.server.scalp_bot.scalp_runtime     INFO | ScalpRuntime SOL_USD: candle close=79.750000 ema_f=79.742700 ema_s=79.717300 rsi=55.9 atr=0.056800 vwap=80.048481 vol_ok=False ready=True
03:05:20 backend.server.scalp_bot.scalp_runtime     INFO | ScalpRuntime SOL_USD [auto]: rsi=55.9 ema=bull vwap=False vol=False | open_pos=1 | daily_pnl=-0.0445
03:05:20 backend.server.scalp_bot.scalp_runtime     INFO | ScalpRuntime XRP_USD [auto]: rsi=31.5 ema=bear vwap=False vol=False | open_pos=1 | daily_pnl=-0.0445
03:06:02 backend.server.scalp_bot.candle_feed     INFO | CandleFeed SOL_USD: CLOSED candle @ 79.740000 vol=3.3 trades=9 (n=379)
03:06:02 backend.server.scalp_bot.scalp_runtime     INFO | ScalpRuntime SOL_USD: candle close=79.740000 ema_f=79.741800 ema_s=79.720500 rsi=54.1 atr=0.053500 vwap=80.048450 vol_ok=False ready=True
03:06:17 backend.server.scalp_bot.candle_feed     INFO | CandleFeed XRP_USD: CLOSED candle @ 1.299700 vol=71.8 trades=4 (n=378)
03:06:17 backend.server.scalp_bot.scalp_runtime     INFO | ScalpRuntime XRP_USD: candle close=1.299700 ema_f=1.300100 ema_s=1.300700 rsi=35.4 atr=0.000800 vwap=1.306376 vol_ok=False ready=True
03:06:20 backend.server.scalp_bot.scalp_runtime     INFO | ScalpRuntime SOL_USD [auto]: rsi=54.1 ema=bull vwap=False vol=False | open_pos=1 | daily_pnl=-0.0445
03:06:20 backend.server.scalp_bot.scalp_runtime     INFO | ScalpRuntime XRP_USD [auto]: rsi=35.4 ema=bear vwap=False vol=False | open_pos=1 | daily_pnl=-0.0445
03:07:09 backend.server.scalp_bot.candle_feed     INFO | CandleFeed XRP_USD: CLOSED candle @ 1.300090 vol=285.3 trades=3 (n=379)
03:07:09 backend.server.scalp_bot.scalp_runtime     INFO | ScalpRuntime XRP_USD: candle close=1.300090 ema_f=1.300100 ema_s=1.300600 rsi=40.9 atr=0.000800 vwap=1.306375 vol_ok=False ready=True
03:07:20 backend.server.scalp_bot.scalp_runtime     INFO | ScalpRuntime SOL_USD [auto]: rsi=54.1 ema=bull vwap=False vol=False | open_pos=1 | daily_pnl=-0.0445
03:07:20 backend.server.scalp_bot.scalp_runtime     INFO | ScalpRuntime XRP_USD [auto]: rsi=40.9 ema=bear vwap=False vol=False | open_pos=1 | daily_pnl=-0.0445
03:07:21 backend.server.scalp_bot.candle_feed     INFO | CandleFeed SOL_USD: CLOSED candle @ 79.810000 vol=56.1 trades=8 (n=380)
03:07:21 backend.server.scalp_bot.scalp_runtime     INFO | ScalpRuntime SOL_USD: candle close=79.810000 ema_f=79.764500 ema_s=79.733300 rsi=63.2 atr=0.054700 vwap=80.047998 vol_ok=False ready=True
03:08:04 backend.server.scalp_bot.candle_feed     INFO | CandleFeed SOL_USD: CLOSED candle @ 79.780000 vol=114.0 trades=8 (n=381)
03:08:04 backend.server.scalp_bot.scalp_runtime     INFO | ScalpRuntime SOL_USD: candle close=79.780000 ema_f=79.769700 ema_s=79.740000 rsi=57.7 atr=0.054400 vwap=80.047062 vol_ok=False ready=True
03:08:13 backend.server.scalp_bot.candle_feed     INFO | CandleFeed XRP_USD: CLOSED candle @ 1.300090 vol=87.9 trades=5 (n=380)
03:08:13 backend.server.scalp_bot.scalp_runtime     INFO | ScalpRuntime XRP_USD: candle close=1.300090 ema_f=1.300100 ema_s=1.300500 rsi=40.9 atr=0.000800 vwap=1.306375 vol_ok=False ready=True
03:08:20 backend.server.scalp_bot.scalp_runtime     INFO | ScalpRuntime SOL_USD [auto]: rsi=57.7 ema=bull vwap=False vol=False | open_pos=1 | daily_pnl=-0.0445
03:08:20 backend.server.scalp_bot.scalp_runtime     INFO | ScalpRuntime XRP_USD [auto]: rsi=40.9 ema=bear vwap=False vol=False | open_pos=1 | daily_pnl=-0.0445
03:09:04 backend.server.scalp_bot.candle_feed     INFO | CandleFeed SOL_USD: CLOSED candle @ 79.770000 vol=7.6 trades=8 (n=382)
03:09:04 backend.server.scalp_bot.scalp_runtime     INFO | ScalpRuntime SOL_USD: candle close=79.770000 ema_f=79.769800 ema_s=79.744300 rsi=55.9 atr=0.051900 vwap=80.046996 vol_ok=False ready=True
03:09:04 backend.server.scalp_bot.candle_feed     INFO | CandleFeed XRP_USD: CLOSED candle @ 1.299650 vol=533.8 trades=2 (n=381)
03:09:04 backend.server.scalp_bot.scalp_runtime     INFO | ScalpRuntime XRP_USD: candle close=1.299650 ema_f=1.300000 ema_s=1.300400 rsi=36.5 atr=0.000800 vwap=1.306374 vol_ok=False ready=True
03:09:20 backend.server.scalp_bot.scalp_runtime     INFO | ScalpRuntime SOL_USD [auto]: rsi=55.9 ema=bull vwap=False vol=False | open_pos=1 | daily_pnl=-0.0445
03:09:20 backend.server.scalp_bot.scalp_runtime     INFO | ScalpRuntime XRP_USD [auto]: rsi=36.5 ema=bear vwap=False vol=False | open_pos=1 | daily_pnl=-0.0445
03:10:06 backend.server.scalp_bot.candle_feed     INFO | CandleFeed SOL_USD: CLOSED candle @ 79.770000 vol=0.2 trades=4 (n=383)
03:10:06 backend.server.scalp_bot.scalp_runtime     INFO | ScalpRuntime SOL_USD: candle close=79.770000 ema_f=79.769900 ema_s=79.748000 rsi=55.9 atr=0.049600 vwap=80.046994 vol_ok=False ready=True
03:10:20 backend.server.scalp_bot.scalp_runtime     INFO | ScalpRuntime SOL_USD [auto]: rsi=55.9 ema=bull vwap=False vol=False | open_pos=1 | daily_pnl=-0.0445
03:10:20 backend.server.scalp_bot.scalp_runtime     INFO | ScalpRuntime XRP_USD [auto]: rsi=36.5 ema=bear vwap=False vol=False | open_pos=1 | daily_pnl=-0.0445
03:10:35 backend.server.scalp_bot.candle_feed     INFO | CandleFeed XRP_USD: CLOSED candle @ 1.299550 vol=10.0 trades=4 (n=382)
03:10:35 backend.server.scalp_bot.scalp_runtime     INFO | ScalpRuntime XRP_USD: candle close=1.299550 ema_f=1.299900 ema_s=1.300300 rsi=35.5 atr=0.000800 vwap=1.306374 vol_ok=False ready=True
03:11:00 backend.server.scalp_bot.candle_feed     INFO | CandleFeed XRP_USD: CLOSED candle @ 1.299990 vol=79.3 trades=2 (n=383)
03:11:00 backend.server.scalp_bot.scalp_runtime     INFO | ScalpRuntime XRP_USD: candle close=1.299990 ema_f=1.299900 ema_s=1.300300 rsi=43.1 atr=0.000800 vwap=1.306374 vol_ok=False ready=True
03:11:09 backend.server.scalp_bot.candle_feed     INFO | CandleFeed SOL_USD: CLOSED candle @ 79.780000 vol=25.2 trades=6 (n=384)
03:11:09 backend.server.scalp_bot.scalp_runtime     INFO | ScalpRuntime SOL_USD: candle close=79.780000 ema_f=79.773300 ema_s=79.752600 rsi=57.6 atr=0.046800 vwap=80.046783 vol_ok=False ready=True
03:11:20 backend.server.scalp_bot.scalp_runtime     INFO | ScalpRuntime SOL_USD [auto]: rsi=57.6 ema=bull vwap=False vol=False | open_pos=1 | daily_pnl=-0.0445
03:11:20 backend.server.scalp_bot.scalp_runtime     INFO | ScalpRuntime XRP_USD [auto]: rsi=43.1 ema=bear vwap=False vol=False | open_pos=1 | daily_pnl=-0.0445
03:12:08 backend.server.scalp_bot.candle_feed     INFO | CandleFeed SOL_USD: CLOSED candle @ 79.790000 vol=1.7 trades=7 (n=385)
03:12:08 backend.server.scalp_bot.scalp_runtime     INFO | ScalpRuntime SOL_USD: candle close=79.790000 ema_f=79.778900 ema_s=79.757900 rsi=59.3 atr=0.044900 vwap=80.046769 vol_ok=False ready=True
03:12:20 backend.server.scalp_bot.scalp_runtime     INFO | ScalpRuntime SOL_USD [auto]: rsi=59.3 ema=bull vwap=False vol=False | open_pos=1 | daily_pnl=-0.0445
03:12:20 backend.server.scalp_bot.scalp_runtime     INFO | ScalpRuntime XRP_USD [auto]: rsi=43.1 ema=bear vwap=False vol=False | open_pos=1 | daily_pnl=-0.0445
03:12:37 backend.server.scalp_bot.candle_feed     INFO | CandleFeed XRP_USD: CLOSED candle @ 1.299980 vol=61.6 trades=4 (n=384)
03:12:37 backend.server.scalp_bot.scalp_runtime     INFO | ScalpRuntime XRP_USD: candle close=1.299980 ema_f=1.299900 ema_s=1.300300 rsi=43.0 atr=0.000800 vwap=1.306374 vol_ok=False ready=True
03:13:20 backend.server.scalp_bot.scalp_runtime     INFO | ScalpRuntime SOL_USD [auto]: rsi=59.3 ema=bull vwap=False vol=False | open_pos=1 | daily_pnl=-0.0445
03:13:20 backend.server.scalp_bot.scalp_runtime     INFO | ScalpRuntime XRP_USD [auto]: rsi=43.0 ema=bear vwap=False vol=False | open_pos=1 | daily_pnl=-0.0445
03:13:21 backend.server.scalp_bot.candle_feed     INFO | CandleFeed XRP_USD: CLOSED candle @ 1.299850 vol=22.7 trades=1 (n=385)
03:13:21 backend.server.scalp_bot.scalp_runtime     INFO | ScalpRuntime XRP_USD: candle close=1.299850 ema_f=1.299900 ema_s=1.300200 rsi=41.2 atr=0.000800 vwap=1.306374 vol_ok=False ready=True
03:13:46 backend.server.scalp_bot.candle_feed     INFO | CandleFeed SOL_USD: CLOSED candle @ 79.750000 vol=143.4 trades=9 (n=386)
03:13:46 backend.server.scalp_bot.scalp_runtime     INFO | ScalpRuntime SOL_USD: candle close=79.750000 ema_f=79.769300 ema_s=79.756800 rsi=50.0 atr=0.045300 vwap=80.045530 vol_ok=False ready=True
03:14:01 backend.server.scalp_bot.candle_feed     INFO | CandleFeed XRP_USD: CLOSED candle @ 1.299650 vol=71.7 trades=2 (n=386)
03:14:01 backend.server.scalp_bot.scalp_runtime     INFO | ScalpRuntime XRP_USD: candle close=1.299650 ema_f=1.299800 ema_s=1.300100 rsi=38.4 atr=0.000800 vwap=1.306374 vol_ok=False ready=True
03:14:19 backend.server.scalp_bot.candle_feed     INFO | CandleFeed SOL_USD: CLOSED candle @ 79.760000 vol=59.4 trades=6 (n=387)
03:14:19 backend.server.scalp_bot.scalp_runtime     INFO | ScalpRuntime SOL_USD: candle close=79.760000 ema_f=79.766200 ema_s=79.757300 rsi=52.1 atr=0.043500 vwap=80.045008 vol_ok=False ready=True
03:14:20 backend.server.scalp_bot.scalp_runtime     INFO | ScalpRuntime SOL_USD [auto]: rsi=52.1 ema=bull vwap=False vol=False | open_pos=1 | daily_pnl=-0.0445
03:14:20 backend.server.scalp_bot.scalp_runtime     INFO | ScalpRuntime XRP_USD [auto]: rsi=38.4 ema=bear vwap=False vol=False | open_pos=1 | daily_pnl=-0.0445
03:15:03 backend.server.scalp_bot.candle_feed     INFO | CandleFeed XRP_USD: CLOSED candle @ 1.299480 vol=1629.0 trades=7 (n=387)
03:15:03 backend.server.scalp_bot.scalp_runtime     INFO | ScalpRuntime XRP_USD: candle close=1.299480 ema_f=1.299700 ema_s=1.300000 rsi=36.0 atr=0.000800 vwap=1.306371 vol_ok=False ready=True
03:15:14 backend.server.scalp_bot.candle_feed     INFO | CandleFeed SOL_USD: CLOSED candle @ 79.790000 vol=29.9 trades=5 (n=388)
03:15:14 backend.server.scalp_bot.scalp_runtime     INFO | ScalpRuntime SOL_USD: candle close=79.790000 ema_f=79.774100 ema_s=79.762000 rsi=58.1 atr=0.042500 vwap=80.044767 vol_ok=False ready=True
03:15:20 backend.server.scalp_bot.scalp_runtime     INFO | ScalpRuntime SOL_USD [auto]: rsi=58.1 ema=bull vwap=False vol=False | open_pos=1 | daily_pnl=-0.0445
03:15:20 backend.server.scalp_bot.scalp_runtime     INFO | ScalpRuntime XRP_USD [auto]: rsi=36.0 ema=bear vwap=False vol=False | open_pos=1 | daily_pnl=-0.0445
03:16:08 backend.server.scalp_bot.candle_feed     INFO | CandleFeed XRP_USD: CLOSED candle @ 1.299700 vol=2634.6 trades=6 (n=388)
03:16:08 backend.server.scalp_bot.scalp_runtime     INFO | ScalpRuntime XRP_USD: candle close=1.299700 ema_f=1.299700 ema_s=1.300000 rsi=41.3 atr=0.000800 vwap=1.306366 vol_ok=False ready=True
03:16:08 backend.server.scalp_bot.candle_feed     INFO | CandleFeed SOL_USD: CLOSED candle @ 79.810000 vol=0.5 trades=4 (n=389)
03:16:08 backend.server.scalp_bot.scalp_runtime     INFO | ScalpRuntime SOL_USD: candle close=79.810000 ema_f=79.786100 ema_s=79.768900 rsi=61.7 atr=0.040900 vwap=80.044764 vol_ok=False ready=True
03:16:20 backend.server.scalp_bot.scalp_runtime     INFO | ScalpRuntime SOL_USD [auto]: rsi=61.7 ema=bull vwap=False vol=False | open_pos=1 | daily_pnl=-0.0445
03:16:20 backend.server.scalp_bot.scalp_runtime     INFO | ScalpRuntime XRP_USD [auto]: rsi=41.3 ema=bear vwap=False vol=False | open_pos=1 | daily_pnl=-0.0445
03:17:06 backend.server.scalp_bot.candle_feed     INFO | CandleFeed XRP_USD: CLOSED candle @ 1.299510 vol=3102.2 trades=8 (n=389)
03:17:06 backend.server.scalp_bot.scalp_runtime     INFO | ScalpRuntime XRP_USD: candle close=1.299510 ema_f=1.299600 ema_s=1.299900 rsi=38.2 atr=0.000800 vwap=1.306361 vol_ok=False ready=True
03:17:08 backend.server.scalp_bot.candle_feed     INFO | CandleFeed SOL_USD: CLOSED candle @ 79.790000 vol=2.3 trades=8 (n=390)
03:17:08 backend.server.scalp_bot.scalp_runtime     INFO | ScalpRuntime SOL_USD: candle close=79.790000 ema_f=79.787400 ema_s=79.771900 rsi=56.3 atr=0.039400 vwap=80.044746 vol_ok=False ready=True
03:17:20 backend.server.scalp_bot.scalp_runtime     INFO | ScalpRuntime SOL_USD [auto]: rsi=56.3 ema=bull vwap=False vol=False | open_pos=1 | daily_pnl=-0.0445
03:17:20 backend.server.scalp_bot.scalp_runtime     INFO | ScalpRuntime XRP_USD [auto]: rsi=38.2 ema=bear vwap=False vol=False | open_pos=1 | daily_pnl=-0.0445
03:18:05 backend.server.scalp_bot.candle_feed     INFO | CandleFeed XRP_USD: CLOSED candle @ 1.297010 vol=133419.6 trades=44 (n=390)
03:18:05 backend.server.scalp_bot.scalp_runtime     INFO | ScalpRuntime XRP_USD: candle close=1.297010 ema_f=1.298700 ema_s=1.299500 rsi=18.3 atr=0.000900 vwap=1.306066 vol_ok=True ready=True
03:18:14 backend.server.scalp_bot.candle_feed     INFO | CandleFeed SOL_USD: CLOSED candle @ 79.700000 vol=104.9 trades=6 (n=391)
03:18:14 backend.server.scalp_bot.scalp_runtime     INFO | ScalpRuntime SOL_USD: candle close=79.700000 ema_f=79.758300 ema_s=79.761600 rsi=38.9 atr=0.043000 vwap=80.043680 vol_ok=False ready=True
03:18:14 backend.server.state  WARNING | ALERT [scalp] Scalp TIME_STOP: SOL_USD — Loss: $-0.0752 | entry=79.76000 exit=79.70000
03:18:14 backend.server.scalp_bot.scalp_trader     INFO | ScalpTrader SOL_USD: TIME STOP after 900s (max=900s) @ 79.70000 | pnl=-0.0752
03:18:20 backend.server.scalp_bot.scalp_runtime     INFO | ScalpRuntime SOL_USD [auto]: rsi=38.9 ema=bear vwap=False vol=False | open_pos=0 | daily_pnl=-0.1197
03:18:20 backend.server.scalp_bot.scalp_runtime     INFO | ScalpRuntime XRP_USD [auto]: rsi=18.3 ema=bear vwap=False vol=True | open_pos=0 | daily_pnl=-0.1197
03:19:04 backend.server.scalp_bot.candle_feed     INFO | CandleFeed SOL_USD: CLOSED candle @ 79.770000 vol=9.9 trades=7 (n=392)
03:19:04 backend.server.scalp_bot.scalp_runtime     INFO | ScalpRuntime SOL_USD: candle close=79.770000 ema_f=79.762200 ema_s=79.762800 rsi=51.9 atr=0.044900 vwap=80.043593 vol_ok=False ready=True
03:19:20 backend.server.scalp_bot.scalp_runtime     INFO | ScalpRuntime SOL_USD [auto]: rsi=51.9 ema=bear vwap=False vol=False | open_pos=0 | daily_pnl=-0.1197
03:19:20 backend.server.scalp_bot.scalp_runtime     INFO | ScalpRuntime XRP_USD [auto]: rsi=18.3 ema=bear vwap=False vol=True | open_pos=0 | daily_pnl=-0.1197
03:19:30 backend.server.scalp_bot.candle_feed     INFO | CandleFeed XRP_USD: CLOSED candle @ 1.297860 vol=12338.1 trades=7 (n=391)
03:19:30 backend.server.scalp_bot.scalp_runtime     INFO | ScalpRuntime XRP_USD: candle close=1.297860 ema_f=1.298400 ema_s=1.299300 rsi=31.9 atr=0.000900 vwap=1.306040 vol_ok=False ready=True
03:20:06 backend.server.scalp_bot.candle_feed     INFO | CandleFeed XRP_USD: CLOSED candle @ 1.299470 vol=63125.7 trades=28 (n=392)
03:20:06 backend.server.scalp_bot.scalp_runtime     INFO | ScalpRuntime XRP_USD: candle close=1.299470 ema_f=1.298800 ema_s=1.299300 rsi=49.7 atr=0.001000 vwap=1.305927 vol_ok=True ready=True
03:20:06 backend.server.scalp_bot.candle_feed     INFO | CandleFeed SOL_USD: CLOSED candle @ 79.760000 vol=12.7 trades=8 (n=393)
03:20:06 backend.server.scalp_bot.scalp_runtime     INFO | ScalpRuntime SOL_USD: candle close=79.760000 ema_f=79.761500 ema_s=79.762400 rsi=50.2 atr=0.043800 vwap=80.043486 vol_ok=False ready=True
03:20:20 backend.server.scalp_bot.scalp_runtime     INFO | ScalpRuntime SOL_USD [auto]: rsi=50.2 ema=bear vwap=False vol=False | open_pos=0 | daily_pnl=-0.1197
03:20:20 backend.server.scalp_bot.scalp_runtime     INFO | ScalpRuntime XRP_USD [auto]: rsi=49.7 ema=bear vwap=False vol=True | open_pos=0 | daily_pnl=-0.1197
03:21:19 backend.server.scalp_bot.candle_feed     INFO | CandleFeed SOL_USD: CLOSED candle @ 79.800000 vol=166.2 trades=13 (n=394)
03:21:19 backend.server.scalp_bot.scalp_runtime     INFO | ScalpRuntime SOL_USD: candle close=79.800000 ema_f=79.774300 ema_s=79.767800 rsi=56.6 atr=0.044200 vwap=80.042236 vol_ok=True ready=True
03:21:19 backend.server.scalp_bot.signal_engine     INFO | SIGNAL [ema] SOL_USD: long @ 79.80000 | stop=79.75580 | tp=79.86630 | atr=0.04420 | signals=ema_cross+rsi+volume | conf=75%
03:21:19 backend.server.scalp_bot.scalp_trader     INFO | ScalpTrader SOL_USD: capped qty to capital (risk_qty=45.25 -> capped_qty=1.253133, notional=100.00)
03:21:19 backend.server.scalp_bot.scalp_trader     INFO | ScalpTrader SOL_USD: SIM entry (simulated) | qty=1.253133 @ 79.80000 | stop=79.75580 | tp=79.86630 | notional=100.00 | id=scalp_entry_715622ba
03:21:19 backend.server.scalp_bot.scalp_trader     INFO | ScalpTrader SOL_USD: SIM entry filled @ 79.80000 | stop=79.75580 | tp=79.86630
03:21:20 backend.server.scalp_bot.scalp_runtime     INFO | ScalpRuntime SOL_USD [auto]: rsi=56.6 ema=UP vwap=False vol=True | open_pos=1 | daily_pnl=-0.1197
03:21:20 backend.server.scalp_bot.scalp_runtime     INFO | ScalpRuntime XRP_USD [auto]: rsi=49.7 ema=bear vwap=False vol=True | open_pos=1 | daily_pnl=-0.1197
03:22:11 backend.server.scalp_bot.candle_feed     INFO | CandleFeed SOL_USD: CLOSED candle @ 79.730000 vol=5804.9 trades=93 (n=395)
03:22:11 backend.server.scalp_bot.scalp_runtime     INFO | ScalpRuntime SOL_USD: candle close=79.730000 ema_f=79.759500 ema_s=79.762400 rsi=45.1 atr=0.049600 vwap=80.000297 vol_ok=True ready=True
03:22:11 backend.server.state  WARNING | ALERT [scalp] Scalp STOP: SOL_USD — Loss: $-0.0554 | entry=79.80000 exit=79.75580
03:22:11 backend.server.scalp_bot.scalp_trader     INFO | ScalpTrader SOL_USD: PAPER stop hit @ 79.75580 | pnl=-0.0554 | daily_pnl=-0.1751
03:22:20 backend.server.scalp_bot.scalp_runtime     INFO | ScalpRuntime SOL_USD [auto]: rsi=45.1 ema=bear vwap=False vol=True | open_pos=0 | daily_pnl=-0.1751
03:22:20 backend.server.scalp_bot.scalp_runtime     INFO | ScalpRuntime XRP_USD [auto]: rsi=49.7 ema=bear vwap=False vol=True | open_pos=0 | daily_pnl=-0.1751
03:22:29 backend.server.scalp_bot.candle_feed     INFO | CandleFeed XRP_USD: CLOSED candle @ 1.299920 vol=443.5 trades=5 (n=393)
03:22:29 backend.server.scalp_bot.scalp_runtime     INFO | ScalpRuntime XRP_USD: candle close=1.299920 ema_f=1.299200 ema_s=1.299400 rsi=53.5 atr=0.001000 vwap=1.305927 vol_ok=False ready=True
03:23:02 backend.server.scalp_bot.candle_feed     INFO | CandleFeed SOL_USD: CLOSED candle @ 79.680000 vol=18.8 trades=12 (n=396)
03:23:02 backend.server.scalp_bot.scalp_runtime     INFO | ScalpRuntime SOL_USD: candle close=79.680000 ema_f=79.733000 ema_s=79.750600 rsi=38.8 atr=0.049600 vwap=80.000148 vol_ok=False ready=True
03:23:03 backend.server.scalp_bot.candle_feed     INFO | CandleFeed XRP_USD: CLOSED candle @ 1.299520 vol=5390.0 trades=7 (n=394)
03:23:03 backend.server.scalp_bot.scalp_runtime     INFO | ScalpRuntime XRP_USD: candle close=1.299520 ema_f=1.299300 ema_s=1.299400 rsi=49.7 atr=0.001000 vwap=1.305918 vol_ok=False ready=True
03:23:20 backend.server.scalp_bot.scalp_runtime     INFO | ScalpRuntime SOL_USD [auto]: rsi=38.8 ema=bear vwap=False vol=False | open_pos=0 | daily_pnl=-0.1751
03:23:20 backend.server.scalp_bot.scalp_runtime     INFO | ScalpRuntime XRP_USD [auto]: rsi=49.7 ema=bear vwap=False vol=False | open_pos=0 | daily_pnl=-0.1751
03:24:20 backend.server.scalp_bot.scalp_runtime     INFO | ScalpRuntime SOL_USD [auto]: rsi=38.8 ema=bear vwap=False vol=False | open_pos=0 | daily_pnl=-0.1751
03:24:20 backend.server.scalp_bot.scalp_runtime     INFO | ScalpRuntime XRP_USD [auto]: rsi=49.7 ema=bear vwap=False vol=False | open_pos=0 | daily_pnl=-0.1751
03:24:23 backend.server.scalp_bot.candle_feed     INFO | CandleFeed SOL_USD: CLOSED candle @ 79.660000 vol=5061.4 trades=41 (n=397)
03:24:23 backend.server.scalp_bot.scalp_runtime     INFO | ScalpRuntime SOL_USD: candle close=79.660000 ema_f=79.708700 ema_s=79.737700 rsi=36.5 atr=0.049600 vwap=79.961123 vol_ok=True ready=True
03:24:35 backend.server.scalp_bot.candle_feed     INFO | CandleFeed XRP_USD: CLOSED candle @ 1.299740 vol=539.1 trades=3 (n=395)
03:24:35 backend.server.scalp_bot.scalp_runtime     INFO | ScalpRuntime XRP_USD: candle close=1.299740 ema_f=1.299400 ema_s=1.299400 rsi=51.8 atr=0.000900 vwap=1.305917 vol_ok=False ready=True
03:25:01 backend.server.scalp_bot.candle_feed     INFO | CandleFeed SOL_USD: CLOSED candle @ 79.640000 vol=5000.7 trades=48 (n=398)
03:25:01 backend.server.scalp_bot.scalp_runtime     INFO | ScalpRuntime SOL_USD: candle close=79.640000 ema_f=79.685800 ema_s=79.723700 rsi=34.2 atr=0.051100 vwap=79.928481 vol_ok=True ready=True
03:25:05 backend.server.scalp_bot.candle_feed     INFO | CandleFeed XRP_USD: CLOSED candle @ 1.299900 vol=22.2 trades=3 (n=396)
03:25:05 backend.server.scalp_bot.scalp_runtime     INFO | ScalpRuntime XRP_USD: candle close=1.299900 ema_f=1.299600 ema_s=1.299500 rsi=53.4 atr=0.000900 vwap=1.305917 vol_ok=False ready=True
03:25:05 backend.server.scalp_bot.signal_engine     INFO | SIGNAL [ema] XRP_USD: long @ 1.29990 | stop=1.29900 | tp=1.30125 | atr=0.00090 | signals=ema_cross+rsi | conf=50%
03:25:05 backend.server.scalp_bot.scalp_trader     INFO | ScalpTrader XRP_USD: capped qty to capital (risk_qty=2222.22 -> capped_qty=76.928995, notional=100.00)
03:25:05 backend.server.scalp_bot.scalp_trader     INFO | ScalpTrader XRP_USD: SIM entry (simulated) | qty=76.928995 @ 1.29990 | stop=1.29900 | tp=1.30125 | notional=100.00 | id=scalp_entry_d30994e9
03:25:05 backend.server.scalp_bot.scalp_trader     INFO | ScalpTrader XRP_USD: SIM entry filled @ 1.29990 | stop=1.29900 | tp=1.30125
03:25:20 backend.server.scalp_bot.scalp_runtime     INFO | ScalpRuntime SOL_USD [auto]: rsi=34.2 ema=bear vwap=False vol=True | open_pos=1 | daily_pnl=-0.1751
03:25:20 backend.server.scalp_bot.scalp_runtime     INFO | ScalpRuntime XRP_USD [auto]: rsi=53.4 ema=UP vwap=False vol=False | open_pos=1 | daily_pnl=-0.1751
03:26:01 backend.server.scalp_bot.candle_feed     INFO | CandleFeed SOL_USD: CLOSED candle @ 79.670000 vol=394.2 trades=23 (n=399)
03:26:01 backend.server.scalp_bot.scalp_runtime     INFO | ScalpRuntime SOL_USD: candle close=79.670000 ema_f=79.680500 ema_s=79.716000 rsi=40.5 atr=0.051000 vwap=79.926325 vol_ok=False ready=True
03:26:20 backend.server.scalp_bot.scalp_runtime     INFO | ScalpRuntime SOL_USD [auto]: rsi=40.5 ema=bear vwap=False vol=False | open_pos=1 | daily_pnl=-0.1751
03:26:20 backend.server.scalp_bot.scalp_runtime     INFO | ScalpRuntime XRP_USD [auto]: rsi=53.4 ema=UP vwap=False vol=False | open_pos=1 | daily_pnl=-0.1751
03:26:33 backend.server.scalp_bot.candle_feed     INFO | CandleFeed XRP_USD: CLOSED candle @ 1.299910 vol=401.8 trades=6 (n=397)
03:26:33 backend.server.scalp_bot.scalp_runtime     INFO | ScalpRuntime XRP_USD: candle close=1.299910 ema_f=1.299700 ema_s=1.299600 rsi=53.5 atr=0.000800 vwap=1.305916 vol_ok=False ready=True
03:27:09 backend.server.scalp_bot.candle_feed     INFO | CandleFeed SOL_USD: CLOSED candle @ 79.730000 vol=0.5 trades=6 (n=400)
03:27:09 backend.server.scalp_bot.scalp_runtime     INFO | ScalpRuntime SOL_USD: candle close=79.730000 ema_f=79.697000 ema_s=79.718000 rsi=51.0 atr=0.052400 vwap=79.926323 vol_ok=False ready=True
03:27:14 backend.server.scalp_bot.candle_feed     INFO | CandleFeed XRP_USD: CLOSED candle @ 1.300150 vol=30.4 trades=3 (n=398)
03:27:14 backend.server.scalp_bot.scalp_runtime     INFO | ScalpRuntime XRP_USD: candle close=1.300150 ema_f=1.299900 ema_s=1.299700 rsi=56.3 atr=0.000800 vwap=1.305916 vol_ok=False ready=True
03:27:20 backend.server.scalp_bot.scalp_runtime     INFO | ScalpRuntime SOL_USD [auto]: rsi=51.0 ema=bear vwap=False vol=False | open_pos=1 | daily_pnl=-0.1751
03:27:20 backend.server.scalp_bot.scalp_runtime     INFO | ScalpRuntime XRP_USD [auto]: rsi=56.3 ema=bull vwap=False vol=False | open_pos=1 | daily_pnl=-0.1751
03:28:09 backend.server.scalp_bot.candle_feed     INFO | CandleFeed SOL_USD: CLOSED candle @ 79.700000 vol=1.9 trades=4 (n=401)
03:28:09 backend.server.scalp_bot.scalp_runtime     INFO | ScalpRuntime SOL_USD: candle close=79.700000 ema_f=79.698000 ema_s=79.715400 rsi=46.4 atr=0.051500 vwap=79.926314 vol_ok=False ready=True
03:28:20 backend.server.scalp_bot.scalp_runtime     INFO | ScalpRuntime SOL_USD [auto]: rsi=46.4 ema=bear vwap=False vol=False | open_pos=1 | daily_pnl=-0.1751
03:28:20 backend.server.scalp_bot.scalp_runtime     INFO | ScalpRuntime XRP_USD [auto]: rsi=56.3 ema=bull vwap=False vol=False | open_pos=1 | daily_pnl=-0.1751
03:28:38 backend.server.scalp_bot.candle_feed     INFO | CandleFeed XRP_USD: CLOSED candle @ 1.299830 vol=98.9 trades=2 (n=399)
03:28:38 backend.server.scalp_bot.scalp_runtime     INFO | ScalpRuntime XRP_USD: candle close=1.299830 ema_f=1.299900 ema_s=1.299700 rsi=51.7 atr=0.000800 vwap=1.305916 vol_ok=False ready=True
03:29:16 backend.server.scalp_bot.candle_feed     INFO | CandleFeed XRP_USD: CLOSED candle @ 1.299580 vol=100.0 trades=1 (n=400)
03:29:16 backend.server.scalp_bot.scalp_runtime     INFO | ScalpRuntime XRP_USD: candle close=1.299580 ema_f=1.299800 ema_s=1.299700 rsi=48.3 atr=0.000800 vwap=1.305916 vol_ok=False ready=True
03:29:20 backend.server.scalp_bot.scalp_runtime     INFO | ScalpRuntime SOL_USD [auto]: rsi=46.4 ema=bear vwap=False vol=False | open_pos=1 | daily_pnl=-0.1751
03:29:20 backend.server.scalp_bot.scalp_runtime     INFO | ScalpRuntime XRP_USD [auto]: rsi=48.3 ema=bull vwap=False vol=False | open_pos=1 | daily_pnl=-0.1751
03:29:30 backend.server.scalp_bot.candle_feed     INFO | CandleFeed SOL_USD: CLOSED candle @ 79.690000 vol=4.5 trades=7 (n=402)
03:29:30 backend.server.scalp_bot.scalp_runtime     INFO | ScalpRuntime SOL_USD: candle close=79.690000 ema_f=79.695300 ema_s=79.711800 rsi=44.9 atr=0.050700 vwap=79.926292 vol_ok=False ready=True
03:30:00 backend.server.scalp_bot.candle_feed     INFO | CandleFeed XRP_USD: CLOSED candle @ 1.300240 vol=5787.7 trades=7 (n=401)
03:30:00 backend.server.scalp_bot.scalp_runtime     INFO | ScalpRuntime XRP_USD: candle close=1.300240 ema_f=1.299900 ema_s=1.299800 rsi=56.8 atr=0.000800 vwap=1.305908 vol_ok=False ready=True
03:30:00 backend.server.scalp_bot.candle_feed     INFO | CandleFeed SOL_USD: CLOSED candle @ 79.700000 vol=0.2 trades=2 (n=403)
03:30:00 backend.server.scalp_bot.scalp_runtime     INFO | ScalpRuntime SOL_USD: candle close=79.700000 ema_f=79.696900 ema_s=79.710100 rsi=46.9 atr=0.047800 vwap=79.926291 vol_ok=False ready=True
03:30:20 backend.server.scalp_bot.scalp_runtime     INFO | ScalpRuntime SOL_USD [auto]: rsi=46.9 ema=bear vwap=False vol=False | open_pos=1 | daily_pnl=-0.1751
03:30:20 backend.server.scalp_bot.scalp_runtime     INFO | ScalpRuntime XRP_USD [auto]: rsi=56.8 ema=bull vwap=False vol=False | open_pos=1 | daily_pnl=-0.1751
03:31:02 backend.server.scalp_bot.candle_feed     INFO | CandleFeed SOL_USD: CLOSED candle @ 79.690000 vol=5.3 trades=6 (n=404)
03:31:02 backend.server.scalp_bot.scalp_runtime     INFO | ScalpRuntime SOL_USD: candle close=79.690000 ema_f=79.694600 ema_s=79.707200 rsi=45.0 atr=0.045800 vwap=79.926265 vol_ok=False ready=True
03:31:10 backend.server.scalp_bot.candle_feed     INFO | CandleFeed XRP_USD: CLOSED candle @ 1.299780 vol=896.1 trades=8 (n=402)
03:31:10 backend.server.scalp_bot.scalp_runtime     INFO | ScalpRuntime XRP_USD: candle close=1.299780 ema_f=1.299900 ema_s=1.299800 rsi=50.3 atr=0.000800 vwap=1.305906 vol_ok=False ready=True
03:31:20 backend.server.scalp_bot.scalp_runtime     INFO | ScalpRuntime SOL_USD [auto]: rsi=45.0 ema=bear vwap=False vol=False | open_pos=1 | daily_pnl=-0.1751
03:31:20 backend.server.scalp_bot.scalp_runtime     INFO | ScalpRuntime XRP_USD [auto]: rsi=50.3 ema=bull vwap=False vol=False | open_pos=1 | daily_pnl=-0.1751
03:32:20 backend.server.scalp_bot.scalp_runtime     INFO | ScalpRuntime SOL_USD [auto]: rsi=45.0 ema=bear vwap=False vol=False | open_pos=1 | daily_pnl=-0.1751
03:32:20 backend.server.scalp_bot.scalp_runtime     INFO | ScalpRuntime XRP_USD [auto]: rsi=50.3 ema=bull vwap=False vol=False | open_pos=1 | daily_pnl=-0.1751
03:32:42 backend.server.scalp_bot.candle_feed     INFO | CandleFeed XRP_USD: CLOSED candle @ 1.299290 vol=3.7 trades=1 (n=403)
03:32:42 backend.server.scalp_bot.scalp_runtime     INFO | ScalpRuntime XRP_USD: candle close=1.299290 ema_f=1.299700 ema_s=1.299700 rsi=44.2 atr=0.000800 vwap=1.305906 vol_ok=False ready=True
03:32:46 backend.server.scalp_bot.candle_feed     INFO | CandleFeed SOL_USD: CLOSED candle @ 79.620000 vol=32.2 trades=8 (n=405)
03:32:46 backend.server.scalp_bot.scalp_runtime     INFO | ScalpRuntime SOL_USD: candle close=79.620000 ema_f=79.669700 ema_s=79.694700 rsi=34.6 atr=0.049000 vwap=79.926071 vol_ok=False ready=True
03:33:05 backend.server.scalp_bot.candle_feed     INFO | CandleFeed XRP_USD: CLOSED candle @ 1.298420 vol=4534.1 trades=5 (n=404)
03:33:05 backend.server.scalp_bot.scalp_runtime     INFO | ScalpRuntime XRP_USD: candle close=1.298420 ema_f=1.299300 ema_s=1.299500 rsi=35.6 atr=0.000800 vwap=1.305898 vol_ok=False ready=True
03:33:05 backend.server.state  WARNING | ALERT [scalp] Scalp STOP: XRP_USD — Loss: $-0.0692 | entry=1.29990 exit=1.29900
03:33:05 backend.server.scalp_bot.scalp_trader     INFO | ScalpTrader XRP_USD: PAPER stop hit @ 1.29900 | pnl=-0.0692 | daily_pnl=-0.2443
03:33:07 backend.server.scalp_bot.candle_feed     INFO | CandleFeed SOL_USD: CLOSED candle @ 79.570000 vol=4.8 trades=7 (n=406)
03:33:07 backend.server.scalp_bot.scalp_runtime     INFO | ScalpRuntime SOL_USD: candle close=79.570000 ema_f=79.636500 ema_s=79.676900 rsi=29.1 atr=0.049100 vwap=79.926038 vol_ok=False ready=True
03:33:20 backend.server.scalp_bot.scalp_runtime     INFO | ScalpRuntime SOL_USD [auto]: rsi=29.1 ema=bear vwap=False vol=False | open_pos=0 | daily_pnl=-0.2443
03:33:20 backend.server.scalp_bot.scalp_runtime     INFO | ScalpRuntime XRP_USD [auto]: rsi=35.6 ema=bear vwap=False vol=False | open_pos=0 | daily_pnl=-0.2443
03:34:08 backend.server.scalp_bot.candle_feed     INFO | CandleFeed SOL_USD: CLOSED candle @ 79.540000 vol=9.3 trades=8 (n=407)
03:34:08 backend.server.scalp_bot.scalp_runtime     INFO | ScalpRuntime SOL_USD: candle close=79.540000 ema_f=79.604300 ema_s=79.657300 rsi=26.3 atr=0.050600 vwap=79.925965 vol_ok=False ready=True
03:34:14 backend.server.scalp_bot.candle_feed     INFO | CandleFeed XRP_USD: CLOSED candle @ 1.297500 vol=206.9 trades=4 (n=405)
03:34:14 backend.server.scalp_bot.scalp_runtime     INFO | ScalpRuntime XRP_USD: candle close=1.297500 ema_f=1.298700 ema_s=1.299200 rsi=28.9 atr=0.000800 vwap=1.305897 vol_ok=False ready=True
03:34:20 backend.server.scalp_bot.scalp_runtime     INFO | ScalpRuntime SOL_USD [auto]: rsi=26.3 ema=bear vwap=False vol=False | open_pos=0 | daily_pnl=-0.2443
03:34:20 backend.server.scalp_bot.scalp_runtime     INFO | ScalpRuntime XRP_USD [auto]: rsi=28.9 ema=bear vwap=False vol=False | open_pos=0 | daily_pnl=-0.2443
03:35:20 backend.server.scalp_bot.scalp_runtime     INFO | ScalpRuntime SOL_USD [auto]: rsi=26.3 ema=bear vwap=False vol=False | open_pos=0 | daily_pnl=-0.2443
03:35:20 backend.server.scalp_bot.scalp_runtime     INFO | ScalpRuntime XRP_USD [auto]: rsi=28.9 ema=bear vwap=False vol=False | open_pos=0 | daily_pnl=-0.2443
03:35:28 backend.server.scalp_bot.candle_feed     INFO | CandleFeed SOL_USD: CLOSED candle @ 79.570000 vol=54.4 trades=14 (n=408)
03:35:28 backend.server.scalp_bot.scalp_runtime     INFO | ScalpRuntime SOL_USD: candle close=79.570000 ema_f=79.592900 ema_s=79.644800 rsi=33.5 atr=0.049800 vwap=79.925557 vol_ok=False ready=True
03:35:29 backend.server.scalp_bot.candle_feed     INFO | CandleFeed XRP_USD: CLOSED candle @ 1.297860 vol=811.0 trades=5 (n=406)
03:35:29 backend.server.scalp_bot.scalp_runtime     INFO | ScalpRuntime XRP_USD: candle close=1.297860 ema_f=1.298400 ema_s=1.299000 rsi=34.4 atr=0.000800 vwap=1.305896 vol_ok=False ready=True
03:36:12 backend.server.scalp_bot.candle_feed     INFO | CandleFeed SOL_USD: CLOSED candle @ 79.550000 vol=0.3 trades=2 (n=409)
03:36:12 backend.server.scalp_bot.scalp_runtime     INFO | ScalpRuntime SOL_USD: candle close=79.550000 ema_f=79.578600 ema_s=79.631300 rsi=31.2 atr=0.048400 vwap=79.925555 vol_ok=False ready=True
03:36:20 backend.server.scalp_bot.scalp_runtime     INFO | ScalpRuntime SOL_USD [auto]: rsi=31.2 ema=bear vwap=False vol=False | open_pos=0 | daily_pnl=-0.2443
03:36:20 backend.server.scalp_bot.scalp_runtime     INFO | ScalpRuntime XRP_USD [auto]: rsi=34.4 ema=bear vwap=False vol=False | open_pos=0 | daily_pnl=-0.2443
03:36:28 backend.server.scalp_bot.candle_feed     INFO | CandleFeed XRP_USD: CLOSED candle @ 1.297050 vol=2022.9 trades=3 (n=407)
03:36:28 backend.server.scalp_bot.scalp_runtime     INFO | ScalpRuntime XRP_USD: candle close=1.297050 ema_f=1.298000 ema_s=1.298700 rsi=28.8 atr=0.000800 vwap=1.305891 vol_ok=False ready=True
03:37:16 backend.server.scalp_bot.candle_feed     INFO | CandleFeed XRP_USD: CLOSED candle @ 1.297200 vol=90.6 trades=3 (n=408)
03:37:16 backend.server.scalp_bot.scalp_runtime     INFO | ScalpRuntime XRP_USD: candle close=1.297200 ema_f=1.297700 ema_s=1.298500 rsi=31.1 atr=0.000800 vwap=1.305891 vol_ok=False ready=True
03:37:20 backend.server.scalp_bot.scalp_runtime     INFO | ScalpRuntime SOL_USD [auto]: rsi=31.2 ema=bear vwap=False vol=False | open_pos=0 | daily_pnl=-0.2443
03:37:20 backend.server.scalp_bot.scalp_runtime     INFO | ScalpRuntime XRP_USD [auto]: rsi=31.1 ema=bear vwap=False vol=False | open_pos=0 | daily_pnl=-0.2443
03:37:31 backend.server.scalp_bot.candle_feed     INFO | CandleFeed SOL_USD: CLOSED candle @ 79.550000 vol=0.1 trades=2 (n=410)
03:37:31 backend.server.scalp_bot.scalp_runtime     INFO | ScalpRuntime SOL_USD: candle close=79.550000 ema_f=79.569100 ema_s=79.619700 rsi=31.2 atr=0.045700 vwap=79.925555 vol_ok=False ready=True
03:38:10 backend.server.scalp_bot.candle_feed     INFO | CandleFeed XRP_USD: CLOSED candle @ 1.297600 vol=742.1 trades=3 (n=409)
03:38:10 backend.server.scalp_bot.scalp_runtime     INFO | ScalpRuntime XRP_USD: candle close=1.297600 ema_f=1.297700 ema_s=1.298400 rsi=37.3 atr=0.000800 vwap=1.305890 vol_ok=False ready=True
03:38:20 backend.server.scalp_bot.scalp_runtime     INFO | ScalpRuntime SOL_USD [auto]: rsi=31.2 ema=bear vwap=False vol=False | open_pos=0 | daily_pnl=-0.2443
03:38:20 backend.server.scalp_bot.scalp_runtime     INFO | ScalpRuntime XRP_USD [auto]: rsi=37.3 ema=bear vwap=False vol=False | open_pos=0 | daily_pnl=-0.2443
03:38:35 backend.server.scalp_bot.candle_feed     INFO | CandleFeed SOL_USD: CLOSED candle @ 79.560000 vol=13.9 trades=8 (n=411)
03:38:35 backend.server.scalp_bot.scalp_runtime     INFO | ScalpRuntime SOL_USD: candle close=79.560000 ema_f=79.566100 ema_s=79.611200 rsi=34.1 atr=0.046000 vwap=79.925452 vol_ok=False ready=True
03:39:00 backend.server.scalp_bot.candle_feed     INFO | CandleFeed SOL_USD: CLOSED candle @ 79.550000 vol=1.6 trades=4 (n=412)
03:39:00 backend.server.scalp_bot.scalp_runtime     INFO | ScalpRuntime SOL_USD: candle close=79.550000 ema_f=79.560700 ema_s=79.602500 rsi=32.6 atr=0.043400 vwap=79.925441 vol_ok=False ready=True
03:39:14 backend.server.scalp_bot.candle_feed     INFO | CandleFeed XRP_USD: CLOSED candle @ 1.297770 vol=3.4 trades=1 (n=410)
03:39:14 backend.server.scalp_bot.scalp_runtime     INFO | ScalpRuntime XRP_USD: candle close=1.297770 ema_f=1.297700 ema_s=1.298300 rsi=39.8 atr=0.000800 vwap=1.305890 vol_ok=False ready=True
03:39:20 backend.server.scalp_bot.scalp_runtime     INFO | ScalpRuntime SOL_USD [auto]: rsi=32.6 ema=bear vwap=False vol=False | open_pos=0 | daily_pnl=-0.2443
03:39:20 backend.server.scalp_bot.scalp_runtime     INFO | ScalpRuntime XRP_USD [auto]: rsi=39.8 ema=bear vwap=False vol=False | open_pos=0 | daily_pnl=-0.2443
03:40:00 backend.server.scalp_bot.candle_feed     INFO | CandleFeed SOL_USD: CLOSED candle @ 79.550000 vol=0.1 trades=2 (n=413)
03:40:00 backend.server.scalp_bot.scalp_runtime     INFO | ScalpRuntime SOL_USD: candle close=79.550000 ema_f=79.557100 ema_s=79.595000 rsi=32.6 atr=0.041000 vwap=79.925440 vol_ok=False ready=True
03:40:03 backend.server.scalp_bot.candle_feed     INFO | CandleFeed XRP_USD: CLOSED candle @ 1.297690 vol=360.3 trades=3 (n=411)
03:40:03 backend.server.scalp_bot.scalp_runtime     INFO | ScalpRuntime XRP_USD: candle close=1.297690 ema_f=1.297700 ema_s=1.298200 rsi=39.0 atr=0.000700 vwap=1.305889 vol_ok=False ready=True
03:40:20 backend.server.scalp_bot.scalp_runtime     INFO | ScalpRuntime SOL_USD [auto]: rsi=32.6 ema=bear vwap=False vol=False | open_pos=0 | daily_pnl=-0.2443
03:40:20 backend.server.scalp_bot.scalp_runtime     INFO | ScalpRuntime XRP_USD [auto]: rsi=39.0 ema=bear vwap=False vol=False | open_pos=0 | daily_pnl=-0.2443
03:41:08 backend.server.scalp_bot.candle_feed     INFO | CandleFeed SOL_USD: CLOSED candle @ 79.550000 vol=47.3 trades=12 (n=414)
03:41:08 backend.server.scalp_bot.scalp_runtime     INFO | ScalpRuntime SOL_USD: candle close=79.550000 ema_f=79.554700 ema_s=79.588600 rsi=32.6 atr=0.038800 vwap=79.925082 vol_ok=False ready=True
03:41:09 backend.server.scalp_bot.candle_feed     INFO | CandleFeed XRP_USD: CLOSED candle @ 1.297860 vol=886.3 trades=7 (n=412)
03:41:09 backend.server.scalp_bot.scalp_runtime     INFO | ScalpRuntime XRP_USD: candle close=1.297860 ema_f=1.297800 ema_s=1.298200 rsi=41.9 atr=0.000700 vwap=1.305887 vol_ok=False ready=True
03:41:20 backend.server.scalp_bot.scalp_runtime     INFO | ScalpRuntime SOL_USD [auto]: rsi=32.6 ema=bear vwap=False vol=False | open_pos=0 | daily_pnl=-0.2443
03:41:20 backend.server.scalp_bot.scalp_runtime     INFO | ScalpRuntime XRP_USD [auto]: rsi=41.9 ema=bear vwap=False vol=False | open_pos=0 | daily_pnl=-0.2443
03:42:03 backend.server.scalp_bot.candle_feed     INFO | CandleFeed XRP_USD: CLOSED candle @ 1.297600 vol=93.9 trades=3 (n=413)
03:42:03 backend.server.scalp_bot.scalp_runtime     INFO | ScalpRuntime XRP_USD: candle close=1.297600 ema_f=1.297700 ema_s=1.298100 rsi=38.7 atr=0.000700 vwap=1.305887 vol_ok=False ready=True
03:42:20 backend.server.scalp_bot.scalp_runtime     INFO | ScalpRuntime SOL_USD [auto]: rsi=32.6 ema=bear vwap=False vol=False | open_pos=0 | daily_pnl=-0.2443
03:42:20 backend.server.scalp_bot.scalp_runtime     INFO | ScalpRuntime XRP_USD [auto]: rsi=38.7 ema=bear vwap=False vol=False | open_pos=0 | daily_pnl=-0.2443
03:42:23 backend.server.scalp_bot.candle_feed     INFO | CandleFeed SOL_USD: CLOSED candle @ 79.560000 vol=1.2 trades=2 (n=415)
03:42:23 backend.server.scalp_bot.scalp_runtime     INFO | ScalpRuntime SOL_USD: candle close=79.560000 ema_f=79.556500 ema_s=79.584500 rsi=36.6 atr=0.036700 vwap=79.925073 vol_ok=False ready=True
03:43:03 backend.server.scalp_bot.candle_feed     INFO | CandleFeed SOL_USD: CLOSED candle @ 79.550000 vol=0.1 trades=2 (n=416)
03:43:03 backend.server.scalp_bot.scalp_runtime     INFO | ScalpRuntime SOL_USD: candle close=79.550000 ema_f=79.554300 ema_s=79.579600 rsi=34.3 atr=0.034800 vwap=79.925072 vol_ok=False ready=True
03:43:11 backend.server.scalp_bot.candle_feed     INFO | CandleFeed XRP_USD: CLOSED candle @ 1.297850 vol=50.9 trades=4 (n=414)
03:43:11 backend.server.scalp_bot.scalp_runtime     INFO | ScalpRuntime XRP_USD: candle close=1.297850 ema_f=1.297800 ema_s=1.298100 rsi=43.4 atr=0.000700 vwap=1.305887 vol_ok=False ready=True
03:43:20 backend.server.scalp_bot.scalp_runtime     INFO | ScalpRuntime SOL_USD [auto]: rsi=34.3 ema=bear vwap=False vol=False | open_pos=0 | daily_pnl=-0.2443
03:43:20 backend.server.scalp_bot.scalp_runtime     INFO | ScalpRuntime XRP_USD [auto]: rsi=43.4 ema=bear vwap=False vol=False | open_pos=0 | daily_pnl=-0.2443
03:44:20 backend.server.scalp_bot.candle_feed     INFO | CandleFeed XRP_USD: CLOSED candle @ 1.297780 vol=1614.3 trades=2 (n=415)
03:44:20 backend.server.scalp_bot.scalp_runtime     INFO | ScalpRuntime XRP_USD: candle close=1.297780 ema_f=1.297800 ema_s=1.298100 rsi=42.4 atr=0.000700 vwap=1.305884 vol_ok=True ready=True
03:44:20 backend.server.scalp_bot.scalp_runtime     INFO | ScalpRuntime SOL_USD [auto]: rsi=34.3 ema=bear vwap=False vol=False | open_pos=0 | daily_pnl=-0.2443
03:44:20 backend.server.scalp_bot.scalp_runtime     INFO | ScalpRuntime XRP_USD [auto]: rsi=42.4 ema=bear vwap=False vol=True | open_pos=0 | daily_pnl=-0.2443
03:44:44 backend.server.scalp_bot.candle_feed     INFO | CandleFeed SOL_USD: CLOSED candle @ 79.560000 vol=1.3 trades=4 (n=417)
03:44:44 backend.server.scalp_bot.scalp_runtime     INFO | ScalpRuntime SOL_USD: candle close=79.560000 ema_f=79.556200 ema_s=79.576800 rsi=38.6 atr=0.033000 vwap=79.925062 vol_ok=False ready=True
03:45:20 backend.server.scalp_bot.scalp_runtime     INFO | ScalpRuntime SOL_USD [auto]: rsi=38.6 ema=bear vwap=False vol=False | open_pos=0 | daily_pnl=-0.2443
03:45:20 backend.server.scalp_bot.scalp_runtime     INFO | ScalpRuntime XRP_USD [auto]: rsi=42.4 ema=bear vwap=False vol=True | open_pos=0 | daily_pnl=-0.2443
03:45:25 backend.server.scalp_bot.candle_feed     INFO | CandleFeed XRP_USD: CLOSED candle @ 1.297850 vol=38.5 trades=1 (n=416)
03:45:25 backend.server.scalp_bot.scalp_runtime     INFO | ScalpRuntime XRP_USD: candle close=1.297850 ema_f=1.297800 ema_s=1.298100 rsi=43.9 atr=0.000700 vwap=1.305884 vol_ok=False ready=True
03:46:12 backend.server.scalp_bot.candle_feed     INFO | CandleFeed SOL_USD: CLOSED candle @ 79.540000 vol=13.2 trades=3 (n=418)
03:46:12 backend.server.scalp_bot.scalp_runtime     INFO | ScalpRuntime SOL_USD: candle close=79.540000 ema_f=79.550800 ema_s=79.571500 rsi=33.6 atr=0.032100 vwap=79.924959 vol_ok=False ready=True
03:46:20 backend.server.scalp_bot.scalp_runtime     INFO | ScalpRuntime SOL_USD [auto]: rsi=33.6 ema=bear vwap=False vol=False | open_pos=0 | daily_pnl=-0.2443
03:46:20 backend.server.scalp_bot.scalp_runtime     INFO | ScalpRuntime XRP_USD [auto]: rsi=43.9 ema=bear vwap=False vol=False | open_pos=0 | daily_pnl=-0.2443
03:46:30 backend.server.scalp_bot.candle_feed     INFO | CandleFeed XRP_USD: CLOSED candle @ 1.297420 vol=16.3 trades=3 (n=417)
03:46:30 backend.server.scalp_bot.scalp_runtime     INFO | ScalpRuntime XRP_USD: candle close=1.297420 ema_f=1.297700 ema_s=1.298000 rsi=37.2 atr=0.000700 vwap=1.305883 vol_ok=False ready=True
03:47:07 backend.server.scalp_bot.candle_feed     INFO | CandleFeed SOL_USD: CLOSED candle @ 79.550000 vol=10.9 trades=4 (n=419)
03:47:07 backend.server.scalp_bot.scalp_runtime     INFO | ScalpRuntime SOL_USD: candle close=79.550000 ema_f=79.550500 ema_s=79.568400 rsi=38.1 atr=0.030500 vwap=79.924875 vol_ok=False ready=True
03:47:20 backend.server.scalp_bot.scalp_runtime     INFO | ScalpRuntime SOL_USD [auto]: rsi=38.1 ema=bear vwap=False vol=False | open_pos=0 | daily_pnl=-0.2443
03:47:20 backend.server.scalp_bot.scalp_runtime     INFO | ScalpRuntime XRP_USD [auto]: rsi=37.2 ema=bear vwap=False vol=False | open_pos=0 | daily_pnl=-0.2443
03:47:21 backend.server.scalp_bot.candle_feed     INFO | CandleFeed XRP_USD: CLOSED candle @ 1.297220 vol=302.1 trades=3 (n=418)
03:47:21 backend.server.scalp_bot.scalp_runtime     INFO | ScalpRuntime XRP_USD: candle close=1.297220 ema_f=1.297500 ema_s=1.297900 rsi=34.5 atr=0.000700 vwap=1.305883 vol_ok=False ready=True
03:48:04 backend.server.scalp_bot.candle_feed     INFO | CandleFeed SOL_USD: CLOSED candle @ 79.620000 vol=181.0 trades=13 (n=420)
03:48:04 backend.server.scalp_bot.scalp_runtime     INFO | ScalpRuntime SOL_USD: candle close=79.620000 ema_f=79.573700 ema_s=79.575800 rsi=59.7 atr=0.033300 vwap=79.923674 vol_ok=True ready=True
03:48:06 backend.server.scalp_bot.candle_feed     INFO | CandleFeed XRP_USD: CLOSED candle @ 1.298290 vol=4553.8 trades=10 (n=419)
03:48:06 backend.server.scalp_bot.scalp_runtime     INFO | ScalpRuntime XRP_USD: candle close=1.298290 ema_f=1.297800 ema_s=1.298000 rsi=54.6 atr=0.000700 vwap=1.305874 vol_ok=True ready=True
03:48:20 backend.server.scalp_bot.scalp_runtime     INFO | ScalpRuntime SOL_USD [auto]: rsi=59.7 ema=bear vwap=False vol=True | open_pos=0 | daily_pnl=-0.2443
03:48:20 backend.server.scalp_bot.scalp_runtime     INFO | ScalpRuntime XRP_USD [auto]: rsi=54.6 ema=bear vwap=False vol=True | open_pos=0 | daily_pnl=-0.2443
03:49:00 backend.server.scalp_bot.candle_feed     INFO | CandleFeed XRP_USD: CLOSED candle @ 1.297960 vol=3.4 trades=1 (n=420)
03:49:00 backend.server.scalp_bot.scalp_runtime     INFO | ScalpRuntime XRP_USD: candle close=1.297960 ema_f=1.297900 ema_s=1.298000 rsi=49.3 atr=0.000700 vwap=1.305874 vol_ok=False ready=True
03:49:00 backend.server.scalp_bot.candle_feed     INFO | CandleFeed SOL_USD: CLOSED candle @ 79.600000 vol=0.2 trades=5 (n=421)
03:49:00 backend.server.scalp_bot.scalp_runtime     INFO | ScalpRuntime SOL_USD: candle close=79.600000 ema_f=79.582500 ema_s=79.579300 rsi=53.7 atr=0.033100 vwap=79.923673 vol_ok=False ready=True
03:49:00 backend.server.scalp_bot.signal_engine     INFO | SIGNAL [ema] SOL_USD: long @ 79.60000 | stop=79.56690 | tp=79.64965 | atr=0.03310 | signals=ema_cross+rsi | conf=50%
03:49:00 backend.server.scalp_bot.scalp_trader     INFO | ScalpTrader SOL_USD: capped qty to capital (risk_qty=60.42 -> capped_qty=1.256281, notional=100.00)
03:49:00 backend.server.scalp_bot.scalp_trader     INFO | ScalpTrader SOL_USD: SIM entry (simulated) | qty=1.256281 @ 79.60000 | stop=79.56690 | tp=79.64965 | notional=100.00 | id=scalp_entry_59c75ad1
03:49:00 backend.server.scalp_bot.scalp_trader     INFO | ScalpTrader SOL_USD: SIM entry filled @ 79.60000 | stop=79.56690 | tp=79.64965
03:49:20 backend.server.scalp_bot.scalp_runtime     INFO | ScalpRuntime SOL_USD [auto]: rsi=53.7 ema=UP vwap=False vol=False | open_pos=1 | daily_pnl=-0.2443
03:49:20 backend.server.scalp_bot.scalp_runtime     INFO | ScalpRuntime XRP_USD [auto]: rsi=49.3 ema=bear vwap=False vol=False | open_pos=1 | daily_pnl=-0.2443
03:50:01 backend.server.scalp_bot.candle_feed     INFO | CandleFeed SOL_USD: CLOSED candle @ 79.550000 vol=127.3 trades=15 (n=422)
03:50:01 backend.server.scalp_bot.scalp_runtime     INFO | ScalpRuntime SOL_USD: candle close=79.550000 ema_f=79.571700 ema_s=79.575100 rsi=41.8 atr=0.035700 vwap=79.922774 vol_ok=True ready=True
03:50:01 backend.server.state  WARNING | ALERT [scalp] Scalp STOP: SOL_USD — Loss: $-0.0416 | entry=79.60000 exit=79.56690
03:50:01 backend.server.scalp_bot.scalp_trader     INFO | ScalpTrader SOL_USD: PAPER stop hit @ 79.56690 | pnl=-0.0416 | daily_pnl=-0.2859
03:50:20 backend.server.scalp_bot.scalp_runtime     INFO | ScalpRuntime SOL_USD [auto]: rsi=41.8 ema=bear vwap=False vol=True | open_pos=0 | daily_pnl=-0.2859
03:50:20 backend.server.scalp_bot.scalp_runtime     INFO | ScalpRuntime XRP_USD [auto]: rsi=49.3 ema=bear vwap=False vol=False | open_pos=0 | daily_pnl=-0.2859
03:50:43 backend.server.scalp_bot.candle_feed     INFO | CandleFeed XRP_USD: CLOSED candle @ 1.296730 vol=460.5 trades=9 (n=421)
03:50:43 backend.server.scalp_bot.scalp_runtime     INFO | ScalpRuntime XRP_USD: candle close=1.296730 ema_f=1.297500 ema_s=1.297800 rsi=35.2 atr=0.000800 vwap=1.305873 vol_ok=False ready=True
03:51:04 backend.server.scalp_bot.candle_feed     INFO | CandleFeed SOL_USD: CLOSED candle @ 79.550000 vol=12.6 trades=10 (n=423)
03:51:04 backend.server.scalp_bot.scalp_runtime     INFO | ScalpRuntime SOL_USD: candle close=79.550000 ema_f=79.564500 ema_s=79.571500 rsi=41.8 atr=0.034600 vwap=79.922678 vol_ok=False ready=True
03:51:20 backend.server.scalp_bot.scalp_runtime     INFO | ScalpRuntime SOL_USD [auto]: rsi=41.8 ema=bear vwap=False vol=False | open_pos=0 | daily_pnl=-0.2859
03:51:20 backend.server.scalp_bot.scalp_runtime     INFO | ScalpRuntime XRP_USD [auto]: rsi=35.2 ema=bear vwap=False vol=False | open_pos=0 | daily_pnl=-0.2859
03:51:53 backend.server.scalp_bot.candle_feed     INFO | CandleFeed XRP_USD: CLOSED candle @ 1.296660 vol=87.1 trades=2 (n=422)
03:51:53 backend.server.scalp_bot.scalp_runtime     INFO | ScalpRuntime XRP_USD: candle close=1.296660 ema_f=1.297200 ema_s=1.297600 rsi=34.5 atr=0.000700 vwap=1.305873 vol_ok=False ready=True
03:52:02 backend.server.scalp_bot.candle_feed     INFO | CandleFeed SOL_USD: CLOSED candle @ 79.550000 vol=11.8 trades=7 (n=424)
03:52:02 backend.server.scalp_bot.scalp_runtime     INFO | ScalpRuntime SOL_USD: candle close=79.550000 ema_f=79.559700 ema_s=79.568400 rsi=41.8 atr=0.032800 vwap=79.922588 vol_ok=False ready=True
03:52:16 backend.server.scalp_bot.candle_feed     INFO | CandleFeed XRP_USD: CLOSED candle @ 1.296610 vol=15.2 trades=1 (n=423)
03:52:16 backend.server.scalp_bot.scalp_runtime     INFO | ScalpRuntime XRP_USD: candle close=1.296610 ema_f=1.297000 ema_s=1.297500 rsi=34.0 atr=0.000700 vwap=1.305873 vol_ok=False ready=True
03:52:20 backend.server.scalp_bot.scalp_runtime     INFO | ScalpRuntime SOL_USD [auto]: rsi=41.8 ema=bear vwap=False vol=False | open_pos=0 | daily_pnl=-0.2859
03:52:20 backend.server.scalp_bot.scalp_runtime     INFO | ScalpRuntime XRP_USD [auto]: rsi=34.0 ema=bear vwap=False vol=False | open_pos=0 | daily_pnl=-0.2859
03:53:05 backend.server.scalp_bot.candle_feed     INFO | CandleFeed XRP_USD: CLOSED candle @ 1.296590 vol=1923.7 trades=8 (n=424)
03:53:05 backend.server.scalp_bot.scalp_runtime     INFO | ScalpRuntime XRP_USD: candle close=1.296590 ema_f=1.296900 ema_s=1.297400 rsi=33.8 atr=0.000700 vwap=1.305868 vol_ok=True ready=True
03:53:12 backend.server.scalp_bot.candle_feed     INFO | CandleFeed SOL_USD: CLOSED candle @ 79.570000 vol=0.3 trades=7 (n=425)
03:53:12 backend.server.scalp_bot.scalp_runtime     INFO | ScalpRuntime SOL_USD: candle close=79.570000 ema_f=79.563100 ema_s=79.568600 rsi=48.3 atr=0.033300 vwap=79.922586 vol_ok=False ready=True
03:53:20 backend.server.scalp_bot.scalp_runtime     INFO | ScalpRuntime SOL_USD [auto]: rsi=48.3 ema=bear vwap=False vol=False | open_pos=0 | daily_pnl=-0.2859
03:53:20 backend.server.scalp_bot.scalp_runtime     INFO | ScalpRuntime XRP_USD [auto]: rsi=33.8 ema=bear vwap=False vol=True | open_pos=0 | daily_pnl=-0.2859
03:54:20 backend.server.scalp_bot.scalp_runtime     INFO | ScalpRuntime SOL_USD [auto]: rsi=48.3 ema=bear vwap=False vol=False | open_pos=0 | daily_pnl=-0.2859
03:54:20 backend.server.scalp_bot.scalp_runtime     INFO | ScalpRuntime XRP_USD [auto]: rsi=33.8 ema=bear vwap=False vol=True | open_pos=0 | daily_pnl=-0.2859
03:54:20 backend.server.scalp_bot.candle_feed     INFO | CandleFeed XRP_USD: CLOSED candle @ 1.296710 vol=1505.7 trades=8 (n=425)
03:54:20 backend.server.scalp_bot.scalp_runtime     INFO | ScalpRuntime XRP_USD: candle close=1.296710 ema_f=1.296800 ema_s=1.297300 rsi=36.5 atr=0.000700 vwap=1.305865 vol_ok=True ready=True
03:54:34 backend.server.scalp_bot.candle_feed     INFO | CandleFeed SOL_USD: CLOSED candle @ 79.580000 vol=13.7 trades=5 (n=426)
03:54:34 backend.server.scalp_bot.scalp_runtime     INFO | ScalpRuntime SOL_USD: candle close=79.580000 ema_f=79.568700 ema_s=79.570200 rsi=51.4 atr=0.032400 vwap=79.922492 vol_ok=False ready=True
03:55:05 backend.server.scalp_bot.candle_feed     INFO | CandleFeed SOL_USD: CLOSED candle @ 79.600000 vol=11.4 trades=5 (n=427)
03:55:05 backend.server.scalp_bot.scalp_runtime     INFO | ScalpRuntime SOL_USD: candle close=79.600000 ema_f=79.579100 ema_s=79.574500 rsi=57.1 atr=0.032200 vwap=79.922416 vol_ok=False ready=True
03:55:05 backend.server.scalp_bot.signal_engine     INFO | SIGNAL [ema] SOL_USD: long @ 79.60000 | stop=79.56780 | tp=79.64830 | atr=0.03220 | signals=ema_cross+rsi | conf=50%
03:55:05 backend.server.scalp_bot.scalp_trader     INFO | ScalpTrader SOL_USD: capped qty to capital (risk_qty=62.11 -> capped_qty=1.256281, notional=100.00)
03:55:05 backend.server.scalp_bot.scalp_trader     INFO | ScalpTrader SOL_USD: SIM entry (simulated) | qty=1.256281 @ 79.60000 | stop=79.56780 | tp=79.64830 | notional=100.00 | id=scalp_entry_d4adc741
03:55:05 backend.server.scalp_bot.scalp_trader     INFO | ScalpTrader SOL_USD: SIM entry filled @ 79.60000 | stop=79.56780 | tp=79.64830
03:55:16 backend.server.scalp_bot.candle_feed     INFO | CandleFeed XRP_USD: CLOSED candle @ 1.296800 vol=199.8 trades=2 (n=426)
03:55:16 backend.server.scalp_bot.scalp_runtime     INFO | ScalpRuntime XRP_USD: candle close=1.296800 ema_f=1.296800 ema_s=1.297200 rsi=38.7 atr=0.000700 vwap=1.305864 vol_ok=False ready=True
03:55:20 backend.server.scalp_bot.scalp_runtime     INFO | ScalpRuntime SOL_USD [auto]: rsi=57.1 ema=UP vwap=False vol=False | open_pos=1 | daily_pnl=-0.2859
03:55:20 backend.server.scalp_bot.scalp_runtime     INFO | ScalpRuntime XRP_USD [auto]: rsi=38.7 ema=bear vwap=False vol=False | open_pos=1 | daily_pnl=-0.2859
03:56:13 backend.server.scalp_bot.candle_feed     INFO | CandleFeed XRP_USD: CLOSED candle @ 1.297250 vol=1073.5 trades=8 (n=427)
03:56:14 backend.server.scalp_bot.scalp_runtime     INFO | ScalpRuntime XRP_USD: candle close=1.297250 ema_f=1.297000 ema_s=1.297200 rsi=48.5 atr=0.000700 vwap=1.305862 vol_ok=True ready=True
03:56:20 backend.server.scalp_bot.scalp_runtime     INFO | ScalpRuntime SOL_USD [auto]: rsi=57.1 ema=UP vwap=False vol=False | open_pos=1 | daily_pnl=-0.2859
03:56:20 backend.server.scalp_bot.scalp_runtime     INFO | ScalpRuntime XRP_USD [auto]: rsi=48.5 ema=bear vwap=False vol=True | open_pos=1 | daily_pnl=-0.2859
03:56:27 backend.server.scalp_bot.candle_feed     INFO | CandleFeed SOL_USD: CLOSED candle @ 79.590000 vol=11.8 trades=6 (n=428)
03:56:27 backend.server.scalp_bot.scalp_runtime     INFO | ScalpRuntime SOL_USD: candle close=79.590000 ema_f=79.582700 ema_s=79.576700 rsi=53.5 atr=0.030600 vwap=79.922337 vol_ok=False ready=True
03:57:02 backend.server.scalp_bot.candle_feed     INFO | CandleFeed XRP_USD: CLOSED candle @ 1.297690 vol=238.9 trades=7 (n=428)
03:57:02 backend.server.scalp_bot.scalp_runtime     INFO | ScalpRuntime XRP_USD: candle close=1.297690 ema_f=1.297200 ema_s=1.297300 rsi=56.2 atr=0.000700 vwap=1.305862 vol_ok=False ready=True
03:57:14 backend.server.scalp_bot.candle_feed     INFO | CandleFeed SOL_USD: CLOSED candle @ 79.590000 vol=0.3 trades=3 (n=429)
03:57:14 backend.server.scalp_bot.scalp_runtime     INFO | ScalpRuntime SOL_USD: candle close=79.590000 ema_f=79.585100 ema_s=79.578600 rsi=53.5 atr=0.029100 vwap=79.922336 vol_ok=False ready=True
03:57:20 backend.server.scalp_bot.scalp_runtime     INFO | ScalpRuntime SOL_USD [auto]: rsi=53.5 ema=bull vwap=False vol=False | open_pos=1 | daily_pnl=-0.2859
03:57:20 backend.server.scalp_bot.scalp_runtime     INFO | ScalpRuntime XRP_USD [auto]: rsi=56.2 ema=bear vwap=False vol=False | open_pos=1 | daily_pnl=-0.2859
03:58:02 backend.server.scalp_bot.candle_feed     INFO | CandleFeed SOL_USD: CLOSED candle @ 79.620000 vol=11.1 trades=4 (n=430)
03:58:02 backend.server.scalp_bot.scalp_runtime     INFO | ScalpRuntime SOL_USD: candle close=79.620000 ema_f=79.596700 ema_s=79.584500 rsi=62.4 atr=0.029200 vwap=79.922266 vol_ok=False ready=True
03:58:03 backend.server.scalp_bot.candle_feed     INFO | CandleFeed XRP_USD: CLOSED candle @ 1.297490 vol=185908.2 trades=85 (n=429)
03:58:03 backend.server.scalp_bot.scalp_runtime     INFO | ScalpRuntime XRP_USD: candle close=1.297490 ema_f=1.297300 ema_s=1.297300 rsi=52.2 atr=0.000700 vwap=1.305507 vol_ok=True ready=True
03:58:20 backend.server.scalp_bot.scalp_runtime     INFO | ScalpRuntime SOL_USD [auto]: rsi=62.4 ema=bull vwap=False vol=False | open_pos=1 | daily_pnl=-0.2859
03:58:20 backend.server.scalp_bot.scalp_runtime     INFO | ScalpRuntime XRP_USD [auto]: rsi=52.2 ema=bear vwap=False vol=True | open_pos=1 | daily_pnl=-0.2859
03:59:06 backend.server.scalp_bot.candle_feed     INFO | CandleFeed SOL_USD: CLOSED candle @ 79.580000 vol=12.7 trades=12 (n=431)
03:59:06 backend.server.scalp_bot.scalp_runtime     INFO | ScalpRuntime SOL_USD: candle close=79.580000 ema_f=79.591100 ema_s=79.583900 rsi=48.5 atr=0.031400 vwap=79.922178 vol_ok=False ready=True
03:59:06 backend.server.state  WARNING | ALERT [scalp] Scalp STOP: SOL_USD — Loss: $-0.0405 | entry=79.60000 exit=79.56780
03:59:06 backend.server.scalp_bot.scalp_trader     INFO | ScalpTrader SOL_USD: PAPER stop hit @ 79.56780 | pnl=-0.0405 | daily_pnl=-0.3264
03:59:20 backend.server.scalp_bot.scalp_runtime     INFO | ScalpRuntime SOL_USD [auto]: rsi=48.5 ema=bull vwap=False vol=False | open_pos=0 | daily_pnl=-0.3264
03:59:20 backend.server.scalp_bot.scalp_runtime     INFO | ScalpRuntime XRP_USD [auto]: rsi=52.2 ema=bear vwap=False vol=True | open_pos=0 | daily_pnl=-0.3264
03:59:25 backend.server.scalp_bot.candle_feed     INFO | CandleFeed XRP_USD: CLOSED candle @ 1.297700 vol=42.1 trades=3 (n=430)
03:59:25 backend.server.scalp_bot.scalp_runtime     INFO | ScalpRuntime XRP_USD: candle close=1.297700 ema_f=1.297400 ema_s=1.297400 rsi=55.9 atr=0.000700 vwap=1.305507 vol_ok=False ready=True
04:00:00 backend.server.scalp_bot.candle_feed     INFO | CandleFeed XRP_USD: CLOSED candle @ 1.297610 vol=5.0 trades=1 (n=431)
04:00:00 backend.server.scalp_bot.scalp_runtime     INFO | ScalpRuntime XRP_USD: candle close=1.297610 ema_f=1.297500 ema_s=1.297400 rsi=53.9 atr=0.000700 vwap=1.305507 vol_ok=False ready=True
04:00:00 backend.server.scalp_bot.signal_engine     INFO | SIGNAL [ema] XRP_USD: long @ 1.29761 | stop=1.29691 | tp=1.29866 | atr=0.00070 | signals=ema_cross+rsi | conf=50%
04:00:00 backend.server.scalp_bot.candle_feed     INFO | CandleFeed SOL_USD: CLOSED candle @ 79.590000 vol=48.4 trades=11 (n=432)
04:00:00 backend.server.scalp_bot.scalp_runtime     INFO | ScalpRuntime SOL_USD: candle close=79.590000 ema_f=79.590700 ema_s=79.584800 rsi=51.6 atr=0.032000 vwap=79.921842 vol_ok=True ready=True
04:00:00 backend.server.scalp_bot.signal_engine     INFO | SIGNAL [ema] SOL_USD: long @ 79.59000 | stop=79.55800 | tp=79.63800 | atr=0.03200 | signals=ema_trend+rsi+volume | conf=75%
04:00:00 backend.server.scalp_bot.scalp_trader     INFO | ScalpTrader XRP_USD: capped qty to capital (risk_qty=2857.14 -> capped_qty=77.064758, notional=100.00)
04:00:00 backend.server.scalp_bot.scalp_trader     INFO | ScalpTrader XRP_USD: SIM entry (simulated) | qty=77.064758 @ 1.29761 | stop=1.29691 | tp=1.29866 | notional=100.00 | id=scalp_entry_ed0f0fa9
04:00:00 backend.server.scalp_bot.scalp_trader     INFO | ScalpTrader XRP_USD: SIM entry filled @ 1.29761 | stop=1.29691 | tp=1.29866
04:00:00 backend.server.scalp_bot.scalp_trader     INFO | ScalpTrader: no free capital for SOL_USD
04:00:20 backend.server.scalp_bot.scalp_runtime     INFO | ScalpRuntime SOL_USD [auto]: rsi=51.6 ema=bull vwap=False vol=True | open_pos=1 | daily_pnl=-0.3264
04:00:20 backend.server.scalp_bot.scalp_runtime     INFO | ScalpRuntime XRP_USD [auto]: rsi=53.9 ema=UP vwap=False vol=False | open_pos=1 | daily_pnl=-0.3264
04:01:00 backend.server.scalp_bot.candle_feed     INFO | CandleFeed XRP_USD: CLOSED candle @ 1.296970 vol=6172.3 trades=26 (n=432)
04:01:00 backend.server.scalp_bot.scalp_runtime     INFO | ScalpRuntime XRP_USD: candle close=1.296970 ema_f=1.297300 ema_s=1.297300 rsi=41.8 atr=0.000700 vwap=1.305495 vol_ok=False ready=True
04:01:00 backend.server.state  WARNING | ALERT [scalp] Scalp STOP: XRP_USD — Loss: $-0.0539 | entry=1.29761 exit=1.29691
04:01:00 backend.server.scalp_bot.scalp_trader     INFO | ScalpTrader XRP_USD: PAPER stop hit @ 1.29691 | pnl=-0.0539 | daily_pnl=-0.3803
04:01:00 backend.server.scalp_bot.candle_feed     INFO | CandleFeed SOL_USD: CLOSED candle @ 79.550000 vol=25.8 trades=8 (n=433)
04:01:00 backend.server.scalp_bot.scalp_runtime     INFO | ScalpRuntime SOL_USD: candle close=79.550000 ema_f=79.577100 ema_s=79.579800 rsi=40.8 atr=0.033300 vwap=79.921653 vol_ok=False ready=True
04:01:20 backend.server.scalp_bot.scalp_runtime     INFO | ScalpRuntime SOL_USD [auto]: rsi=40.8 ema=bear vwap=False vol=False | open_pos=0 | daily_pnl=-0.3803
04:01:20 backend.server.scalp_bot.scalp_runtime     INFO | ScalpRuntime XRP_USD [auto]: rsi=41.8 ema=bear vwap=False vol=False | open_pos=0 | daily_pnl=-0.3803
04:02:02 backend.server.scalp_bot.candle_feed     INFO | CandleFeed SOL_USD: CLOSED candle @ 79.570000 vol=223.0 trades=30 (n=434)
04:02:02 backend.server.scalp_bot.scalp_runtime     INFO | ScalpRuntime SOL_USD: candle close=79.570000 ema_f=79.574700 ema_s=79.578400 rsi=47.0 atr=0.035200 vwap=79.920084 vol_ok=True ready=True
04:02:08 backend.server.scalp_bot.candle_feed     INFO | CandleFeed XRP_USD: CLOSED candle @ 1.297280 vol=186.1 trades=7 (n=433)
04:02:08 backend.server.scalp_bot.scalp_runtime     INFO | ScalpRuntime XRP_USD: candle close=1.297280 ema_f=1.297300 ema_s=1.297300 rsi=48.1 atr=0.000700 vwap=1.305494 vol_ok=False ready=True
04:02:20 backend.server.scalp_bot.scalp_runtime     INFO | ScalpRuntime SOL_USD [auto]: rsi=47.0 ema=bear vwap=False vol=True | open_pos=0 | daily_pnl=-0.3803
04:02:20 backend.server.scalp_bot.scalp_runtime     INFO | ScalpRuntime XRP_USD [auto]: rsi=48.1 ema=bear vwap=False vol=False | open_pos=0 | daily_pnl=-0.3803
04:03:05 backend.server.scalp_bot.candle_feed     INFO | CandleFeed SOL_USD: CLOSED candle @ 79.610000 vol=11.4 trades=8 (n=435)
04:03:05 backend.server.scalp_bot.scalp_runtime     INFO | ScalpRuntime SOL_USD: candle close=79.610000 ema_f=79.586500 ema_s=79.582900 rsi=57.2 atr=0.036300 vwap=79.920011 vol_ok=False ready=True
04:03:05 backend.server.scalp_bot.signal_engine     INFO | SIGNAL [ema] SOL_USD: long @ 79.61000 | stop=79.57370 | tp=79.66445 | atr=0.03630 | signals=ema_cross+rsi | conf=50%
04:03:05 backend.server.scalp_bot.scalp_trader     INFO | ScalpTrader SOL_USD: capped qty to capital (risk_qty=55.10 -> capped_qty=1.256124, notional=100.00)
04:03:05 backend.server.scalp_bot.scalp_trader     INFO | ScalpTrader SOL_USD: SIM entry (simulated) | qty=1.256124 @ 79.61000 | stop=79.57370 | tp=79.66445 | notional=100.00 | id=scalp_entry_b42feb18
04:03:05 backend.server.scalp_bot.scalp_trader     INFO | ScalpTrader SOL_USD: SIM entry filled @ 79.61000 | stop=79.57370 | tp=79.66445
04:03:07 backend.server.scalp_bot.candle_feed     INFO | CandleFeed XRP_USD: CLOSED candle @ 1.297030 vol=3979.7 trades=10 (n=434)
04:03:07 backend.server.scalp_bot.scalp_runtime     INFO | ScalpRuntime XRP_USD: candle close=1.297030 ema_f=1.297200 ema_s=1.297300 rsi=43.8 atr=0.000700 vwap=1.305486 vol_ok=False ready=True
04:03:20 backend.server.scalp_bot.scalp_runtime     INFO | ScalpRuntime SOL_USD [auto]: rsi=57.2 ema=UP vwap=False vol=False | open_pos=1 | daily_pnl=-0.3803
04:03:20 backend.server.scalp_bot.scalp_runtime     INFO | ScalpRuntime XRP_USD [auto]: rsi=43.8 ema=bear vwap=False vol=False | open_pos=1 | daily_pnl=-0.3803
04:04:00 backend.server.scalp_bot.candle_feed     INFO | CandleFeed SOL_USD: CLOSED candle @ 79.580000 vol=3.5 trades=12 (n=436)
04:04:00 backend.server.scalp_bot.scalp_runtime     INFO | ScalpRuntime SOL_USD: candle close=79.580000 ema_f=79.584300 ema_s=79.582500 rsi=49.2 atr=0.038000 vwap=79.919988 vol_ok=False ready=True
04:04:00 backend.server.state  WARNING | ALERT [scalp] Scalp STOP: SOL_USD — Loss: $-0.0456 | entry=79.61000 exit=79.57370
04:04:00 backend.server.scalp_bot.scalp_trader     INFO | ScalpTrader SOL_USD: PAPER stop hit @ 79.57370 | pnl=-0.0456 | daily_pnl=-0.4259
04:04:20 backend.server.scalp_bot.scalp_runtime     INFO | ScalpRuntime SOL_USD [auto]: rsi=49.2 ema=bull vwap=False vol=False | open_pos=0 | daily_pnl=-0.4259
04:04:20 backend.server.scalp_bot.scalp_runtime     INFO | ScalpRuntime XRP_USD [auto]: rsi=43.8 ema=bear vwap=False vol=False | open_pos=0 | daily_pnl=-0.4259
04:04:49 backend.server.scalp_bot.candle_feed     INFO | CandleFeed XRP_USD: CLOSED candle @ 1.297540 vol=12782.4 trades=8 (n=435)
04:04:49 backend.server.scalp_bot.scalp_runtime     INFO | ScalpRuntime XRP_USD: candle close=1.297540 ema_f=1.297300 ema_s=1.297300 rsi=53.4 atr=0.000700 vwap=1.305462 vol_ok=False ready=True
04:05:17 backend.server.scalp_bot.candle_feed     INFO | CandleFeed SOL_USD: CLOSED candle @ 79.570000 vol=12.0 trades=10 (n=437)
04:05:17 backend.server.scalp_bot.scalp_runtime     INFO | ScalpRuntime SOL_USD: candle close=79.570000 ema_f=79.579500 ema_s=79.580700 rsi=46.8 atr=0.038900 vwap=79.919903 vol_ok=False ready=True
04:05:20 backend.server.scalp_bot.scalp_runtime     INFO | ScalpRuntime SOL_USD [auto]: rsi=46.8 ema=bear vwap=False vol=False | open_pos=0 | daily_pnl=-0.4259
04:05:20 backend.server.scalp_bot.scalp_runtime     INFO | ScalpRuntime XRP_USD [auto]: rsi=53.4 ema=bear vwap=False vol=False | open_pos=0 | daily_pnl=-0.4259
04:05:40 backend.server.scalp_bot.candle_feed     INFO | CandleFeed XRP_USD: CLOSED candle @ 1.297240 vol=37.3 trades=3 (n=436)
04:05:40 backend.server.scalp_bot.scalp_runtime     INFO | ScalpRuntime XRP_USD: candle close=1.297240 ema_f=1.297300 ema_s=1.297300 rsi=48.0 atr=0.000700 vwap=1.305462 vol_ok=False ready=True
04:06:03 backend.server.scalp_bot.candle_feed     INFO | CandleFeed XRP_USD: CLOSED candle @ 1.296790 vol=3.5 trades=1 (n=437)
04:06:03 backend.server.scalp_bot.scalp_runtime     INFO | ScalpRuntime XRP_USD: candle close=1.296790 ema_f=1.297100 ema_s=1.297200 rsi=41.0 atr=0.000700 vwap=1.305462 vol_ok=False ready=True
04:06:20 backend.server.scalp_bot.scalp_runtime     INFO | ScalpRuntime SOL_USD [auto]: rsi=46.8 ema=bear vwap=False vol=False | open_pos=0 | daily_pnl=-0.4259
04:06:20 backend.server.scalp_bot.scalp_runtime     INFO | ScalpRuntime XRP_USD [auto]: rsi=41.0 ema=bear vwap=False vol=False | open_pos=0 | daily_pnl=-0.4259
04:06:22 backend.server.scalp_bot.candle_feed     INFO | CandleFeed SOL_USD: CLOSED candle @ 79.570000 vol=11.2 trades=3 (n=438)
04:06:22 backend.server.scalp_bot.scalp_runtime     INFO | ScalpRuntime SOL_USD: candle close=79.570000 ema_f=79.576300 ema_s=79.579200 rsi=46.8 atr=0.036800 vwap=79.919824 vol_ok=False ready=True
04:07:20 backend.server.scalp_bot.scalp_runtime     INFO | ScalpRuntime SOL_USD [auto]: rsi=46.8 ema=bear vwap=False vol=False | open_pos=0 | daily_pnl=-0.4259
04:07:20 backend.server.scalp_bot.scalp_runtime     INFO | ScalpRuntime XRP_USD [auto]: rsi=41.0 ema=bear vwap=False vol=False | open_pos=0 | daily_pnl=-0.4259
04:07:25 backend.server.scalp_bot.candle_feed     INFO | CandleFeed SOL_USD: CLOSED candle @ 79.610000 vol=59.1 trades=10 (n=439)
04:07:25 backend.server.scalp_bot.scalp_runtime     INFO | ScalpRuntime SOL_USD: candle close=79.610000 ema_f=79.587500 ema_s=79.583600 rsi=57.4 atr=0.039200 vwap=79.919446 vol_ok=True ready=True
04:07:25 backend.server.scalp_bot.signal_engine     INFO | SIGNAL [ema] SOL_USD: long @ 79.61000 | stop=79.57080 | tp=79.66880 | atr=0.03920 | signals=ema_cross+rsi+volume | conf=75%
04:07:25 backend.server.scalp_bot.scalp_trader     INFO | ScalpTrader SOL_USD: capped qty to capital (risk_qty=51.02 -> capped_qty=1.256124, notional=100.00)
04:07:25 backend.server.scalp_bot.scalp_trader     INFO | ScalpTrader SOL_USD: SIM entry (simulated) | qty=1.256124 @ 79.61000 | stop=79.57080 | tp=79.66880 | notional=100.00 | id=scalp_entry_9643ca46
04:07:25 backend.server.scalp_bot.scalp_trader     INFO | ScalpTrader SOL_USD: SIM entry filled @ 79.61000 | stop=79.57080 | tp=79.66880
04:07:30 backend.server.scalp_bot.candle_feed     INFO | CandleFeed XRP_USD: CLOSED candle @ 1.297320 vol=35.7 trades=3 (n=438)
04:07:30 backend.server.scalp_bot.scalp_runtime     INFO | ScalpRuntime XRP_USD: candle close=1.297320 ema_f=1.297200 ema_s=1.297200 rsi=50.6 atr=0.000700 vwap=1.305462 vol_ok=False ready=True
04:08:01 backend.server.scalp_bot.candle_feed     INFO | CandleFeed XRP_USD: CLOSED candle @ 1.297960 vol=7.5 trades=2 (n=439)
04:08:01 backend.server.scalp_bot.scalp_runtime     INFO | ScalpRuntime XRP_USD: candle close=1.297960 ema_f=1.297500 ema_s=1.297300 rsi=59.5 atr=0.000700 vwap=1.305462 vol_ok=False ready=True
04:08:01 backend.server.scalp_bot.signal_engine     INFO | SIGNAL [ema] XRP_USD: long @ 1.29796 | stop=1.29726 | tp=1.29901 | atr=0.00070 | signals=ema_cross+rsi | conf=50%
04:08:01 backend.server.scalp_bot.scalp_trader     INFO | ScalpTrader: no free capital for XRP_USD
04:08:06 backend.server.scalp_bot.candle_feed     INFO | CandleFeed SOL_USD: CLOSED candle @ 79.620000 vol=0.7 trades=4 (n=440)
04:08:06 backend.server.scalp_bot.scalp_runtime     INFO | ScalpRuntime SOL_USD: candle close=79.620000 ema_f=79.598300 ema_s=79.588800 rsi=59.7 atr=0.037100 vwap=79.919442 vol_ok=False ready=True
04:08:20 backend.server.scalp_bot.scalp_runtime     INFO | ScalpRuntime SOL_USD [auto]: rsi=59.7 ema=bull vwap=False vol=False | open_pos=1 | daily_pnl=-0.4259
04:08:20 backend.server.scalp_bot.scalp_runtime     INFO | ScalpRuntime XRP_USD [auto]: rsi=59.5 ema=UP vwap=False vol=False | open_pos=1 | daily_pnl=-0.4259
04:09:12 backend.server.scalp_bot.candle_feed     INFO | CandleFeed SOL_USD: CLOSED candle @ 79.610000 vol=37.6 trades=9 (n=441)
04:09:12 backend.server.scalp_bot.scalp_runtime     INFO | ScalpRuntime SOL_USD: candle close=79.610000 ema_f=79.602200 ema_s=79.591800 rsi=56.3 atr=0.035900 vwap=79.919214 vol_ok=False ready=True
04:09:20 backend.server.scalp_bot.scalp_runtime     INFO | ScalpRuntime SOL_USD [auto]: rsi=56.3 ema=bull vwap=False vol=False | open_pos=1 | daily_pnl=-0.4259
04:09:20 backend.server.scalp_bot.scalp_runtime     INFO | ScalpRuntime XRP_USD [auto]: rsi=59.5 ema=UP vwap=False vol=False | open_pos=1 | daily_pnl=-0.4259
04:09:28 backend.server.scalp_bot.candle_feed     INFO | CandleFeed XRP_USD: CLOSED candle @ 1.297770 vol=3.5 trades=1 (n=440)
04:09:28 backend.server.scalp_bot.scalp_runtime     INFO | ScalpRuntime XRP_USD: candle close=1.297770 ema_f=1.297600 ema_s=1.297400 rsi=56.1 atr=0.000700 vwap=1.305462 vol_ok=False ready=True
04:09:28 backend.server.scalp_bot.signal_engine     INFO | SIGNAL [ema] XRP_USD: long @ 1.29777 | stop=1.29707 | tp=1.29882 | atr=0.00070 | signals=ema_trend+rsi | conf=50%
04:09:28 backend.server.scalp_bot.scalp_trader     INFO | ScalpTrader: no free capital for XRP_USD
04:10:05 backend.server.scalp_bot.candle_feed     INFO | CandleFeed SOL_USD: CLOSED candle @ 79.580000 vol=17.1 trades=12 (n=442)
04:10:05 backend.server.scalp_bot.scalp_runtime     INFO | ScalpRuntime SOL_USD: candle close=79.580000 ema_f=79.594800 ema_s=79.590100 rsi=47.3 atr=0.036900 vwap=79.919102 vol_ok=False ready=True
04:10:05 backend.server.state  WARNING | ALERT [scalp] Scalp STOP: SOL_USD — Loss: $-0.0492 | entry=79.61000 exit=79.57080
04:10:05 backend.server.scalp_bot.scalp_trader     INFO | ScalpTrader SOL_USD: PAPER stop hit @ 79.57080 | pnl=-0.0492 | daily_pnl=-0.4752
04:10:13 backend.server.scalp_bot.candle_feed     INFO | CandleFeed XRP_USD: CLOSED candle @ 1.298230 vol=8.0 trades=2 (n=441)
04:10:13 backend.server.scalp_bot.scalp_runtime     INFO | ScalpRuntime XRP_USD: candle close=1.298230 ema_f=1.297800 ema_s=1.297500 rsi=62.0 atr=0.000700 vwap=1.305462 vol_ok=False ready=True
04:10:13 backend.server.scalp_bot.signal_engine     INFO | SIGNAL [ema] XRP_USD: long @ 1.29823 | stop=1.29753 | tp=1.29928 | atr=0.00070 | signals=ema_trend+rsi | conf=50%
04:10:13 backend.server.scalp_bot.scalp_trader     INFO | ScalpTrader XRP_USD: capped qty to capital (risk_qty=2857.14 -> capped_qty=77.027953, notional=100.00)
04:10:13 backend.server.scalp_bot.scalp_trader     INFO | ScalpTrader XRP_USD: SIM entry (simulated) | qty=77.027953 @ 1.29823 | stop=1.29753 | tp=1.29928 | notional=100.00 | id=scalp_entry_b1bf7990
04:10:13 backend.server.scalp_bot.scalp_trader     INFO | ScalpTrader XRP_USD: SIM entry filled @ 1.29823 | stop=1.29753 | tp=1.29928
04:10:20 backend.server.scalp_bot.scalp_runtime     INFO | ScalpRuntime SOL_USD [auto]: rsi=47.3 ema=bull vwap=False vol=False | open_pos=1 | daily_pnl=-0.4752
04:10:20 backend.server.scalp_bot.scalp_runtime     INFO | ScalpRuntime XRP_USD [auto]: rsi=62.0 ema=bull vwap=False vol=False | open_pos=1 | daily_pnl=-0.4752
04:11:06 backend.server.scalp_bot.candle_feed     INFO | CandleFeed XRP_USD: CLOSED candle @ 1.298330 vol=1336.0 trades=6 (n=442)
04:11:06 backend.server.scalp_bot.scalp_runtime     INFO | ScalpRuntime XRP_USD: candle close=1.298330 ema_f=1.298000 ema_s=1.297600 rsi=63.2 atr=0.000700 vwap=1.305459 vol_ok=False ready=True
04:11:06 backend.server.scalp_bot.candle_feed     INFO | CandleFeed SOL_USD: CLOSED candle @ 79.630000 vol=21.0 trades=11 (n=443)
04:11:06 backend.server.scalp_bot.scalp_runtime     INFO | ScalpRuntime SOL_USD: candle close=79.630000 ema_f=79.606500 ema_s=79.595800 rsi=59.5 atr=0.038600 vwap=79.918975 vol_ok=False ready=True
04:11:06 backend.server.scalp_bot.signal_engine     INFO | SIGNAL [ema] SOL_USD: long @ 79.63000 | stop=79.59140 | tp=79.68790 | atr=0.03860 | signals=ema_trend+rsi | conf=50%
04:11:06 backend.server.scalp_bot.scalp_trader     INFO | ScalpTrader: no free capital for SOL_USD
04:11:20 backend.server.scalp_bot.scalp_runtime     INFO | ScalpRuntime SOL_USD [auto]: rsi=59.5 ema=bull vwap=False vol=False | open_pos=1 | daily_pnl=-0.4752
04:11:20 backend.server.scalp_bot.scalp_runtime     INFO | ScalpRuntime XRP_USD [auto]: rsi=63.2 ema=bull vwap=False vol=False | open_pos=1 | daily_pnl=-0.4752
04:12:01 backend.server.scalp_bot.candle_feed     INFO | CandleFeed XRP_USD: CLOSED candle @ 1.298330 vol=4908.9 trades=6 (n=443)
04:12:01 backend.server.scalp_bot.scalp_runtime     INFO | ScalpRuntime XRP_USD: candle close=1.298330 ema_f=1.298100 ema_s=1.297700 rsi=63.2 atr=0.000700 vwap=1.305451 vol_ok=False ready=True
04:12:02 backend.server.scalp_bot.candle_feed     INFO | CandleFeed SOL_USD: CLOSED candle @ 79.620000 vol=12.3 trades=8 (n=444)
04:12:02 backend.server.scalp_bot.scalp_runtime     INFO | ScalpRuntime SOL_USD: candle close=79.620000 ema_f=79.611000 ema_s=79.599300 rsi=56.5 atr=0.038000 vwap=79.918904 vol_ok=False ready=True
04:12:02 backend.server.scalp_bot.signal_engine     INFO | SIGNAL [ema] SOL_USD: long @ 79.62000 | stop=79.58200 | tp=79.67700 | atr=0.03800 | signals=ema_trend+rsi | conf=50%
04:12:02 backend.server.scalp_bot.scalp_trader     INFO | ScalpTrader: no free capital for SOL_USD
04:12:20 backend.server.scalp_bot.scalp_runtime     INFO | ScalpRuntime SOL_USD [auto]: rsi=56.5 ema=bull vwap=False vol=False | open_pos=1 | daily_pnl=-0.4752
04:12:20 backend.server.scalp_bot.scalp_runtime     INFO | ScalpRuntime XRP_USD [auto]: rsi=63.2 ema=bull vwap=False vol=False | open_pos=1 | daily_pnl=-0.4752
04:13:02 backend.server.scalp_bot.candle_feed     INFO | CandleFeed SOL_USD: CLOSED candle @ 79.630000 vol=19.4 trades=7 (n=445)
04:13:02 backend.server.scalp_bot.scalp_runtime     INFO | ScalpRuntime SOL_USD: candle close=79.630000 ema_f=79.617300 ema_s=79.603700 rsi=58.8 atr=0.036700 vwap=79.918790 vol_ok=False ready=True
04:13:02 backend.server.scalp_bot.signal_engine     INFO | SIGNAL [ema] SOL_USD: long @ 79.63000 | stop=79.59330 | tp=79.68505 | atr=0.03670 | signals=ema_trend+rsi | conf=50%
04:13:02 backend.server.scalp_bot.scalp_trader     INFO | ScalpTrader: no free capital for SOL_USD
04:13:04 backend.server.scalp_bot.candle_feed     INFO | CandleFeed XRP_USD: CLOSED candle @ 1.297700 vol=1741.5 trades=9 (n=444)
04:13:04 backend.server.scalp_bot.scalp_runtime     INFO | ScalpRuntime XRP_USD: candle close=1.297700 ema_f=1.298000 ema_s=1.297700 rsi=50.4 atr=0.000700 vwap=1.305448 vol_ok=False ready=True
04:13:20 backend.server.scalp_bot.scalp_runtime     INFO | ScalpRuntime SOL_USD [auto]: rsi=58.8 ema=bull vwap=False vol=False | open_pos=1 | daily_pnl=-0.4752
04:13:20 backend.server.scalp_bot.scalp_runtime     INFO | ScalpRuntime XRP_USD [auto]: rsi=50.4 ema=bull vwap=False vol=False | open_pos=1 | daily_pnl=-0.4752
04:14:05 backend.server.scalp_bot.candle_feed     INFO | CandleFeed SOL_USD: CLOSED candle @ 79.590000 vol=30.4 trades=18 (n=446)
04:14:05 backend.server.scalp_bot.scalp_runtime     INFO | ScalpRuntime SOL_USD: candle close=79.590000 ema_f=79.608200 ema_s=79.601700 rsi=47.5 atr=0.037600 vwap=79.918595 vol_ok=False ready=True
04:14:20 backend.server.scalp_bot.scalp_runtime     INFO | ScalpRuntime SOL_USD [auto]: rsi=47.5 ema=bull vwap=False vol=False | open_pos=1 | daily_pnl=-0.4752
04:14:20 backend.server.scalp_bot.scalp_runtime     INFO | ScalpRuntime XRP_USD [auto]: rsi=50.4 ema=bull vwap=False vol=False | open_pos=1 | daily_pnl=-0.4752
04:14:36 backend.server.scalp_bot.candle_feed     INFO | CandleFeed XRP_USD: CLOSED candle @ 1.297530 vol=4827.0 trades=2 (n=445)
04:14:36 backend.server.scalp_bot.scalp_runtime     INFO | ScalpRuntime XRP_USD: candle close=1.297530 ema_f=1.297800 ema_s=1.297700 rsi=47.5 atr=0.000700 vwap=1.305439 vol_ok=False ready=True
04:14:36 backend.server.state  WARNING | ALERT [scalp] Scalp STOP: XRP_USD — Loss: $-0.0539 | entry=1.29823 exit=1.29753
04:14:36 backend.server.scalp_bot.scalp_trader     INFO | ScalpTrader XRP_USD: PAPER stop hit @ 1.29753 | pnl=-0.0539 | daily_pnl=-0.5291
04:15:04 backend.server.scalp_bot.candle_feed     INFO | CandleFeed SOL_USD: CLOSED candle @ 79.560000 vol=17.8 trades=7 (n=447)
04:15:04 backend.server.scalp_bot.scalp_runtime     INFO | ScalpRuntime SOL_USD: candle close=79.560000 ema_f=79.592100 ema_s=79.595700 rsi=40.9 atr=0.037100 vwap=79.918471 vol_ok=False ready=True
04:15:05 backend.server.scalp_bot.candle_feed     INFO | CandleFeed XRP_USD: CLOSED candle @ 1.297350 vol=366.1 trades=2 (n=446)
04:15:05 backend.server.scalp_bot.scalp_runtime     INFO | ScalpRuntime XRP_USD: candle close=1.297350 ema_f=1.297700 ema_s=1.297600 rsi=44.5 atr=0.000700 vwap=1.305438 vol_ok=False ready=True
04:15:20 backend.server.scalp_bot.scalp_runtime     INFO | ScalpRuntime SOL_USD [auto]: rsi=40.9 ema=bear vwap=False vol=False | open_pos=0 | daily_pnl=-0.5291
04:15:20 backend.server.scalp_bot.scalp_runtime     INFO | ScalpRuntime XRP_USD [auto]: rsi=44.5 ema=bull vwap=False vol=False | open_pos=0 | daily_pnl=-0.5291
04:16:01 backend.server.scalp_bot.candle_feed     INFO | CandleFeed SOL_USD: CLOSED candle @ 79.630000 vol=6.1 trades=14 (n=448)
04:16:01 backend.server.scalp_bot.scalp_runtime     INFO | ScalpRuntime SOL_USD: candle close=79.630000 ema_f=79.604700 ema_s=79.600600 rsi=56.7 atr=0.040900 vwap=79.918435 vol_ok=False ready=True
04:16:01 backend.server.scalp_bot.signal_engine     INFO | SIGNAL [ema] SOL_USD: long @ 79.63000 | stop=79.58910 | tp=79.69135 | atr=0.04090 | signals=ema_cross+rsi | conf=50%
04:16:01 backend.server.scalp_bot.scalp_trader     INFO | ScalpTrader SOL_USD: capped qty to capital (risk_qty=48.90 -> capped_qty=1.255808, notional=100.00)
04:16:01 backend.server.scalp_bot.scalp_trader     INFO | ScalpTrader SOL_USD: SIM entry (simulated) | qty=1.255808 @ 79.63000 | stop=79.58910 | tp=79.69135 | notional=100.00 | id=scalp_entry_ef9e8f26
04:16:01 backend.server.scalp_bot.scalp_trader     INFO | ScalpTrader SOL_USD: SIM entry filled @ 79.63000 | stop=79.58910 | tp=79.69135
04:16:03 backend.server.scalp_bot.candle_feed     INFO | CandleFeed XRP_USD: CLOSED candle @ 1.297990 vol=38095.1 trades=18 (n=447)
04:16:03 backend.server.scalp_bot.scalp_runtime     INFO | ScalpRuntime XRP_USD: candle close=1.297990 ema_f=1.297800 ema_s=1.297700 rsi=55.8 atr=0.000700 vwap=1.305371 vol_ok=True ready=True
04:16:03 backend.server.scalp_bot.signal_engine     INFO | SIGNAL [ema] XRP_USD: long @ 1.29799 | stop=1.29729 | tp=1.29904 | atr=0.00070 | signals=ema_trend+rsi+volume | conf=75%
04:16:03 backend.server.scalp_bot.scalp_trader     INFO | ScalpTrader: no free capital for XRP_USD
04:16:20 backend.server.scalp_bot.scalp_runtime     INFO | ScalpRuntime SOL_USD [auto]: rsi=56.7 ema=UP vwap=False vol=False | open_pos=1 | daily_pnl=-0.5291
04:16:20 backend.server.scalp_bot.scalp_runtime     INFO | ScalpRuntime XRP_USD [auto]: rsi=55.8 ema=bull vwap=False vol=True | open_pos=1 | daily_pnl=-0.5291
04:17:05 backend.server.scalp_bot.candle_feed     INFO | CandleFeed SOL_USD: CLOSED candle @ 79.620000 vol=37.4 trades=9 (n=449)
04:17:05 backend.server.scalp_bot.scalp_runtime     INFO | ScalpRuntime SOL_USD: candle close=79.620000 ema_f=79.609800 ema_s=79.603400 rsi=54.4 atr=0.040100 vwap=79.918220 vol_ok=False ready=True
04:17:07 backend.server.scalp_bot.candle_feed     INFO | CandleFeed XRP_USD: CLOSED candle @ 1.297750 vol=82.9 trades=4 (n=448)
04:17:07 backend.server.scalp_bot.scalp_runtime     INFO | ScalpRuntime XRP_USD: candle close=1.297750 ema_f=1.297800 ema_s=1.297700 rsi=51.4 atr=0.000700 vwap=1.305371 vol_ok=False ready=True
04:17:07 backend.server.scalp_bot.signal_engine     INFO | SIGNAL [ema] XRP_USD: long @ 1.29775 | stop=1.29705 | tp=1.29880 | atr=0.00070 | signals=ema_trend+rsi | conf=50%
04:17:07 backend.server.scalp_bot.scalp_trader     INFO | ScalpTrader: no free capital for XRP_USD
04:17:20 backend.server.scalp_bot.scalp_runtime     INFO | ScalpRuntime SOL_USD [auto]: rsi=54.4 ema=bull vwap=False vol=False | open_pos=1 | daily_pnl=-0.5291
04:17:20 backend.server.scalp_bot.scalp_runtime     INFO | ScalpRuntime XRP_USD [auto]: rsi=51.4 ema=bull vwap=False vol=False | open_pos=1 | daily_pnl=-0.5291
04:18:02 backend.server.scalp_bot.candle_feed     INFO | CandleFeed XRP_USD: CLOSED candle @ 1.296970 vol=1688.8 trades=17 (n=449)
04:18:02 backend.server.scalp_bot.scalp_runtime     INFO | ScalpRuntime XRP_USD: candle close=1.296970 ema_f=1.297500 ema_s=1.297600 rsi=39.8 atr=0.000700 vwap=1.305368 vol_ok=False ready=True
04:18:17 backend.server.scalp_bot.candle_feed     INFO | CandleFeed SOL_USD: CLOSED candle @ 79.620000 vol=217.2 trades=31 (n=450)
04:18:17 backend.server.scalp_bot.scalp_runtime     INFO | ScalpRuntime SOL_USD: candle close=79.620000 ema_f=79.613200 ema_s=79.605800 rsi=54.4 atr=0.038700 vwap=79.916909 vol_ok=True ready=True
04:18:20 backend.server.scalp_bot.scalp_runtime     INFO | ScalpRuntime SOL_USD [auto]: rsi=54.4 ema=bull vwap=False vol=True | open_pos=1 | daily_pnl=-0.5291
04:18:20 backend.server.scalp_bot.scalp_runtime     INFO | ScalpRuntime XRP_USD [auto]: rsi=39.8 ema=bear vwap=False vol=False | open_pos=1 | daily_pnl=-0.5291
04:19:16 backend.server.scalp_bot.candle_feed     INFO | CandleFeed XRP_USD: CLOSED candle @ 1.297420 vol=157.7 trades=6 (n=450)
04:19:16 backend.server.scalp_bot.scalp_runtime     INFO | ScalpRuntime XRP_USD: candle close=1.297420 ema_f=1.297500 ema_s=1.297600 rsi=47.5 atr=0.000700 vwap=1.305368 vol_ok=False ready=True
04:19:20 backend.server.scalp_bot.scalp_runtime     INFO | ScalpRuntime SOL_USD [auto]: rsi=54.4 ema=bull vwap=False vol=True | open_pos=1 | daily_pnl=-0.5291
04:19:20 backend.server.scalp_bot.scalp_runtime     INFO | ScalpRuntime XRP_USD [auto]: rsi=47.5 ema=bear vwap=False vol=False | open_pos=1 | daily_pnl=-0.5291
04:19:21 backend.server.scalp_bot.candle_feed     INFO | CandleFeed SOL_USD: CLOSED candle @ 79.630000 vol=21.7 trades=6 (n=451)
04:19:21 backend.server.scalp_bot.scalp_runtime     INFO | ScalpRuntime SOL_USD: candle close=79.630000 ema_f=79.618800 ema_s=79.609300 rsi=56.7 atr=0.038800 vwap=79.916789 vol_ok=False ready=True
04:20:06 backend.server.scalp_bot.candle_feed     INFO | CandleFeed SOL_USD: CLOSED candle @ 79.640000 vol=5.6 trades=2 (n=452)
04:20:06 backend.server.scalp_bot.scalp_runtime     INFO | ScalpRuntime SOL_USD: candle close=79.640000 ema_f=79.625900 ema_s=79.613700 rsi=59.0 atr=0.036700 vwap=79.916759 vol_ok=False ready=True
04:20:20 backend.server.scalp_bot.scalp_runtime     INFO | ScalpRuntime SOL_USD [auto]: rsi=59.0 ema=bull vwap=False vol=False | open_pos=1 | daily_pnl=-0.5291
04:20:20 backend.server.scalp_bot.scalp_runtime     INFO | ScalpRuntime XRP_USD [auto]: rsi=47.5 ema=bear vwap=False vol=False | open_pos=1 | daily_pnl=-0.5291
04:20:57 backend.server.scalp_bot.candle_feed     INFO | CandleFeed XRP_USD: CLOSED candle @ 1.297400 vol=317.2 trades=3 (n=451)
04:20:57 backend.server.scalp_bot.scalp_runtime     INFO | ScalpRuntime XRP_USD: candle close=1.297400 ema_f=1.297500 ema_s=1.297600 rsi=47.2 atr=0.000700 vwap=1.305367 vol_ok=False ready=True
04:21:11 backend.server.scalp_bot.candle_feed     INFO | CandleFeed SOL_USD: CLOSED candle @ 79.650000 vol=21.8 trades=7 (n=453)
04:21:11 backend.server.scalp_bot.scalp_runtime     INFO | ScalpRuntime SOL_USD: candle close=79.650000 ema_f=79.633900 ema_s=79.618900 rsi=61.3 atr=0.036200 vwap=79.916642 vol_ok=False ready=True
04:21:20 backend.server.scalp_bot.scalp_runtime     INFO | ScalpRuntime SOL_USD [auto]: rsi=61.3 ema=bull vwap=False vol=False | open_pos=1 | daily_pnl=-0.5291
04:21:20 backend.server.scalp_bot.scalp_runtime     INFO | ScalpRuntime XRP_USD [auto]: rsi=47.2 ema=bear vwap=False vol=False | open_pos=1 | daily_pnl=-0.5291
04:21:31 backend.server.scalp_bot.candle_feed     INFO | CandleFeed XRP_USD: CLOSED candle @ 1.297730 vol=3.3 trades=1 (n=452)
04:21:31 backend.server.scalp_bot.scalp_runtime     INFO | ScalpRuntime XRP_USD: candle close=1.297730 ema_f=1.297600 ema_s=1.297600 rsi=52.7 atr=0.000700 vwap=1.305367 vol_ok=False ready=True
04:22:05 backend.server.scalp_bot.candle_feed     INFO | CandleFeed SOL_USD: CLOSED candle @ 79.650000 vol=18.5 trades=6 (n=454)
04:22:05 backend.server.scalp_bot.scalp_runtime     INFO | ScalpRuntime SOL_USD: candle close=79.650000 ema_f=79.639300 ema_s=79.623300 rsi=61.3 atr=0.035800 vwap=79.916548 vol_ok=False ready=True
04:22:11 backend.server.scalp_bot.candle_feed     INFO | CandleFeed XRP_USD: CLOSED candle @ 1.298110 vol=365.3 trades=4 (n=453)
04:22:11 backend.server.scalp_bot.scalp_runtime     INFO | ScalpRuntime XRP_USD: candle close=1.298110 ema_f=1.297800 ema_s=1.297700 rsi=58.4 atr=0.000700 vwap=1.305367 vol_ok=False ready=True
04:22:11 backend.server.scalp_bot.signal_engine     INFO | SIGNAL [ema] XRP_USD: long @ 1.29811 | stop=1.29741 | tp=1.29916 | atr=0.00070 | signals=ema_cross+rsi | conf=50%
04:22:11 backend.server.scalp_bot.scalp_trader     INFO | ScalpTrader: no free capital for XRP_USD
04:22:20 backend.server.scalp_bot.scalp_runtime     INFO | ScalpRuntime SOL_USD [auto]: rsi=61.3 ema=bull vwap=False vol=False | open_pos=1 | daily_pnl=-0.5291
04:22:20 backend.server.scalp_bot.scalp_runtime     INFO | ScalpRuntime XRP_USD [auto]: rsi=58.4 ema=UP vwap=False vol=False | open_pos=1 | daily_pnl=-0.5291
04:23:03 backend.server.scalp_bot.candle_feed     INFO | CandleFeed XRP_USD: CLOSED candle @ 1.297960 vol=277.6 trades=8 (n=454)
04:23:03 backend.server.scalp_bot.scalp_runtime     INFO | ScalpRuntime XRP_USD: candle close=1.297960 ema_f=1.297900 ema_s=1.297700 rsi=55.5 atr=0.000700 vwap=1.305366 vol_ok=False ready=True
04:23:03 backend.server.scalp_bot.signal_engine     INFO | SIGNAL [ema] XRP_USD: long @ 1.29796 | stop=1.29726 | tp=1.29901 | atr=0.00070 | signals=ema_trend+rsi | conf=50%
04:23:03 backend.server.scalp_bot.scalp_trader     INFO | ScalpTrader: no free capital for XRP_USD
04:23:20 backend.server.scalp_bot.scalp_runtime     INFO | ScalpRuntime SOL_USD [auto]: rsi=61.3 ema=bull vwap=False vol=False | open_pos=1 | daily_pnl=-0.5291
04:23:20 backend.server.scalp_bot.scalp_runtime     INFO | ScalpRuntime XRP_USD [auto]: rsi=55.5 ema=bull vwap=False vol=False | open_pos=1 | daily_pnl=-0.5291
04:23:42 backend.server.scalp_bot.candle_feed     INFO | CandleFeed SOL_USD: CLOSED candle @ 79.650000 vol=16.5 trades=8 (n=455)
04:23:42 backend.server.scalp_bot.scalp_runtime     INFO | ScalpRuntime SOL_USD: candle close=79.650000 ema_f=79.642900 ema_s=79.627100 rsi=61.3 atr=0.034700 vwap=79.916463 vol_ok=False ready=True
04:24:15 backend.server.scalp_bot.candle_feed     INFO | CandleFeed XRP_USD: CLOSED candle @ 1.298020 vol=1099.1 trades=5 (n=455)
04:24:15 backend.server.scalp_bot.scalp_runtime     INFO | ScalpRuntime XRP_USD: candle close=1.298020 ema_f=1.297900 ema_s=1.297700 rsi=56.5 atr=0.000700 vwap=1.305364 vol_ok=False ready=True
04:24:15 backend.server.scalp_bot.signal_engine     INFO | SIGNAL [ema] XRP_USD: long @ 1.29802 | stop=1.29732 | tp=1.29907 | atr=0.00070 | signals=ema_trend+rsi | conf=50%
04:24:15 backend.server.scalp_bot.scalp_trader     INFO | ScalpTrader: no free capital for XRP_USD
04:24:20 backend.server.scalp_bot.scalp_runtime     INFO | ScalpRuntime SOL_USD [auto]: rsi=61.3 ema=bull vwap=False vol=False | open_pos=1 | daily_pnl=-0.5291
04:24:20 backend.server.scalp_bot.scalp_runtime     INFO | ScalpRuntime XRP_USD [auto]: rsi=56.5 ema=bull vwap=False vol=False | open_pos=1 | daily_pnl=-0.5291
04:24:23 backend.server.scalp_bot.candle_feed     INFO | CandleFeed SOL_USD: CLOSED candle @ 79.650000 vol=16.0 trades=9 (n=456)
04:24:23 backend.server.scalp_bot.scalp_runtime     INFO | ScalpRuntime SOL_USD: candle close=79.650000 ema_f=79.645300 ema_s=79.630400 rsi=61.3 atr=0.033600 vwap=79.916381 vol_ok=False ready=True
04:25:01 backend.server.scalp_bot.candle_feed     INFO | CandleFeed SOL_USD: CLOSED candle @ 79.630000 vol=0.3 trades=4 (n=457)
04:25:01 backend.server.scalp_bot.scalp_runtime     INFO | ScalpRuntime SOL_USD: candle close=79.630000 ema_f=79.640200 ema_s=79.630300 rsi=51.9 atr=0.033300 vwap=79.916380 vol_ok=False ready=True
04:25:20 backend.server.scalp_bot.scalp_runtime     INFO | ScalpRuntime SOL_USD [auto]: rsi=51.9 ema=bull vwap=False vol=False | open_pos=1 | daily_pnl=-0.5291
04:25:20 backend.server.scalp_bot.scalp_runtime     INFO | ScalpRuntime XRP_USD [auto]: rsi=56.5 ema=bull vwap=False vol=False | open_pos=1 | daily_pnl=-0.5291
04:25:54 backend.server.scalp_bot.candle_feed     INFO | CandleFeed XRP_USD: CLOSED candle @ 1.298000 vol=18.4 trades=2 (n=456)
04:25:54 backend.server.scalp_bot.scalp_runtime     INFO | ScalpRuntime XRP_USD: candle close=1.298000 ema_f=1.297900 ema_s=1.297700 rsi=56.0 atr=0.000700 vwap=1.305364 vol_ok=False ready=True
04:25:54 backend.server.scalp_bot.signal_engine     INFO | SIGNAL [ema] XRP_USD: long @ 1.29800 | stop=1.29730 | tp=1.29905 | atr=0.00070 | signals=ema_trend+rsi | conf=50%
04:25:54 backend.server.scalp_bot.scalp_trader     INFO | ScalpTrader: no free capital for XRP_USD
04:26:20 backend.server.scalp_bot.scalp_runtime     INFO | ScalpRuntime SOL_USD [auto]: rsi=51.9 ema=bull vwap=False vol=False | open_pos=1 | daily_pnl=-0.5291
04:26:20 backend.server.scalp_bot.scalp_runtime     INFO | ScalpRuntime XRP_USD [auto]: rsi=56.0 ema=bull vwap=False vol=False | open_pos=1 | daily_pnl=-0.5291
04:26:25 backend.server.scalp_bot.candle_feed     INFO | CandleFeed SOL_USD: CLOSED candle @ 79.630000 vol=18.4 trades=9 (n=458)
04:26:25 backend.server.scalp_bot.scalp_runtime     INFO | ScalpRuntime SOL_USD: candle close=79.630000 ema_f=79.636800 ema_s=79.630300 rsi=51.9 atr=0.032300 vwap=79.916273 vol_ok=False ready=True
04:26:35 backend.server.scalp_bot.candle_feed     INFO | CandleFeed XRP_USD: CLOSED candle @ 1.297710 vol=18.9 trades=1 (n=457)
04:26:35 backend.server.scalp_bot.scalp_runtime     INFO | ScalpRuntime XRP_USD: candle close=1.297710 ema_f=1.297800 ema_s=1.297700 rsi=49.3 atr=0.000700 vwap=1.305364 vol_ok=False ready=True
04:27:18 backend.server.scalp_bot.candle_feed     INFO | CandleFeed XRP_USD: CLOSED candle @ 1.297750 vol=5401.1 trades=2 (n=458)
04:27:18 backend.server.scalp_bot.scalp_runtime     INFO | ScalpRuntime XRP_USD: candle close=1.297750 ema_f=1.297800 ema_s=1.297700 rsi=50.2 atr=0.000700 vwap=1.305355 vol_ok=True ready=True
04:27:18 backend.server.scalp_bot.signal_engine     INFO | SIGNAL [ema] XRP_USD: long @ 1.29775 | stop=1.29705 | tp=1.29880 | atr=0.00070 | signals=ema_trend+rsi+volume | conf=75%
04:27:18 backend.server.scalp_bot.scalp_trader     INFO | ScalpTrader: no free capital for XRP_USD
04:27:20 backend.server.scalp_bot.scalp_runtime     INFO | ScalpRuntime SOL_USD [auto]: rsi=51.9 ema=bull vwap=False vol=False | open_pos=1 | daily_pnl=-0.5291
04:27:20 backend.server.scalp_bot.scalp_runtime     INFO | ScalpRuntime XRP_USD [auto]: rsi=50.2 ema=bull vwap=False vol=True | open_pos=1 | daily_pnl=-0.5291
04:27:25 backend.server.scalp_bot.candle_feed     INFO | CandleFeed SOL_USD: CLOSED candle @ 79.620000 vol=21.8 trades=10 (n=459)
04:27:25 backend.server.scalp_bot.scalp_runtime     INFO | ScalpRuntime SOL_USD: candle close=79.620000 ema_f=79.631200 ema_s=79.628800 rsi=47.4 atr=0.031400 vwap=79.916148 vol_ok=False ready=True
04:28:02 backend.server.scalp_bot.candle_feed     INFO | CandleFeed SOL_USD: CLOSED candle @ 79.630000 vol=26.0 trades=8 (n=460)
04:28:02 backend.server.scalp_bot.scalp_runtime     INFO | ScalpRuntime SOL_USD: candle close=79.630000 ema_f=79.630800 ema_s=79.629000 rsi=52.1 atr=0.031300 vwap=79.916005 vol_ok=False ready=True
04:28:02 backend.server.scalp_bot.candle_feed     INFO | CandleFeed XRP_USD: CLOSED candle @ 1.297770 vol=76582.3 trades=9 (n=459)
04:28:02 backend.server.scalp_bot.scalp_runtime     INFO | ScalpRuntime XRP_USD: candle close=1.297770 ema_f=1.297800 ema_s=1.297700 rsi=50.7 atr=0.000700 vwap=1.305221 vol_ok=True ready=True
04:28:02 backend.server.scalp_bot.signal_engine     INFO | SIGNAL [ema] XRP_USD: long @ 1.29777 | stop=1.29707 | tp=1.29882 | atr=0.00070 | signals=ema_trend+rsi+volume | conf=75%
04:28:02 backend.server.scalp_bot.scalp_trader     INFO | ScalpTrader: no free capital for XRP_USD
04:28:20 backend.server.scalp_bot.scalp_runtime     INFO | ScalpRuntime SOL_USD [auto]: rsi=52.1 ema=bull vwap=False vol=False | open_pos=1 | daily_pnl=-0.5291
04:28:20 backend.server.scalp_bot.scalp_runtime     INFO | ScalpRuntime XRP_USD [auto]: rsi=50.7 ema=bull vwap=False vol=True | open_pos=1 | daily_pnl=-0.5291
04:29:01 backend.server.scalp_bot.candle_feed     INFO | CandleFeed SOL_USD: CLOSED candle @ 79.600000 vol=76.0 trades=7 (n=461)
04:29:01 backend.server.scalp_bot.scalp_runtime     INFO | ScalpRuntime SOL_USD: candle close=79.600000 ema_f=79.620500 ema_s=79.624900 rsi=40.0 atr=0.031900 vwap=79.915531 vol_ok=True ready=True
04:29:11 backend.server.scalp_bot.candle_feed     INFO | CandleFeed XRP_USD: CLOSED candle @ 1.297770 vol=28372.3 trades=5 (n=460)
04:29:11 backend.server.scalp_bot.scalp_runtime     INFO | ScalpRuntime XRP_USD: candle close=1.297770 ema_f=1.297800 ema_s=1.297700 rsi=50.7 atr=0.000700 vwap=1.305173 vol_ok=True ready=True
04:29:11 backend.server.scalp_bot.signal_engine     INFO | SIGNAL [ema] XRP_USD: long @ 1.29777 | stop=1.29707 | tp=1.29882 | atr=0.00070 | signals=ema_trend+rsi+volume | conf=75%
04:29:11 backend.server.scalp_bot.scalp_trader     INFO | ScalpTrader: no free capital for XRP_USD
04:29:20 backend.server.scalp_bot.scalp_runtime     INFO | ScalpRuntime SOL_USD [auto]: rsi=40.0 ema=bear vwap=False vol=True | open_pos=1 | daily_pnl=-0.5291
04:29:20 backend.server.scalp_bot.scalp_runtime     INFO | ScalpRuntime XRP_USD [auto]: rsi=50.7 ema=bull vwap=False vol=True | open_pos=1 | daily_pnl=-0.5291
04:30:00 backend.server.scalp_bot.candle_feed     INFO | CandleFeed SOL_USD: CLOSED candle @ 79.620000 vol=31.1 trades=12 (n=462)
04:30:00 backend.server.scalp_bot.scalp_runtime     INFO | ScalpRuntime SOL_USD: candle close=79.620000 ema_f=79.620300 ema_s=79.624200 rsi=48.9 atr=0.031100 vwap=79.915348 vol_ok=False ready=True
04:30:00 backend.server.scalp_bot.candle_feed     INFO | CandleFeed XRP_USD: CLOSED candle @ 1.297090 vol=90489.5 trades=13 (n=461)
04:30:00 backend.server.scalp_bot.scalp_runtime     INFO | ScalpRuntime XRP_USD: candle close=1.297090 ema_f=1.297600 ema_s=1.297600 rsi=35.4 atr=0.000700 vwap=1.305014 vol_ok=True ready=True
04:30:20 backend.server.scalp_bot.scalp_runtime     INFO | ScalpRuntime SOL_USD [auto]: rsi=48.9 ema=bear vwap=False vol=False | open_pos=1 | daily_pnl=-0.5291
04:30:20 backend.server.scalp_bot.scalp_runtime     INFO | ScalpRuntime XRP_USD [auto]: rsi=35.4 ema=bear vwap=False vol=True | open_pos=1 | daily_pnl=-0.5291
04:31:12 backend.server.scalp_bot.candle_feed     INFO | CandleFeed SOL_USD: CLOSED candle @ 79.620000 vol=44.2 trades=15 (n=463)
04:31:12 backend.server.scalp_bot.scalp_runtime     INFO | ScalpRuntime SOL_USD: candle close=79.620000 ema_f=79.620200 ema_s=79.623600 rsi=48.9 atr=0.031000 vwap=79.915094 vol_ok=True ready=True
04:31:12 backend.server.state  WARNING | ALERT [scalp] Scalp TIME_STOP: SOL_USD — Loss: $-0.0126 | entry=79.63000 exit=79.62000
04:31:12 backend.server.scalp_bot.scalp_trader     INFO | ScalpTrader SOL_USD: TIME STOP after 911s (max=900s) @ 79.62000 | pnl=-0.0126
04:31:20 backend.server.scalp_bot.scalp_runtime     INFO | ScalpRuntime SOL_USD [auto]: rsi=48.9 ema=bear vwap=False vol=True | open_pos=0 | daily_pnl=-0.5416
04:31:20 backend.server.scalp_bot.scalp_runtime     INFO | ScalpRuntime XRP_USD [auto]: rsi=35.4 ema=bear vwap=False vol=True | open_pos=0 | daily_pnl=-0.5416
04:31:25 backend.server.scalp_bot.candle_feed     INFO | CandleFeed XRP_USD: CLOSED candle @ 1.297400 vol=1082.6 trades=9 (n=462)
04:31:25 backend.server.scalp_bot.scalp_runtime     INFO | ScalpRuntime XRP_USD: candle close=1.297400 ema_f=1.297500 ema_s=1.297600 rsi=44.1 atr=0.000700 vwap=1.305012 vol_ok=False ready=True
04:32:00 backend.server.scalp_bot.candle_feed     INFO | CandleFeed SOL_USD: CLOSED candle @ 79.650000 vol=0.9 trades=5 (n=464)
04:32:00 backend.server.scalp_bot.scalp_runtime     INFO | ScalpRuntime SOL_USD: candle close=79.650000 ema_f=79.630100 ema_s=79.627400 rsi=60.1 atr=0.031600 vwap=79.915089 vol_ok=False ready=True
04:32:00 backend.server.scalp_bot.signal_engine     INFO | SIGNAL [ema] SOL_USD: long @ 79.65000 | stop=79.61840 | tp=79.69740 | atr=0.03160 | signals=ema_cross+rsi | conf=50%
04:32:00 backend.server.scalp_bot.scalp_trader     INFO | ScalpTrader SOL_USD: capped qty to capital (risk_qty=63.29 -> capped_qty=1.255493, notional=100.00)
04:32:00 backend.server.scalp_bot.scalp_trader     INFO | ScalpTrader SOL_USD: SIM entry (simulated) | qty=1.255493 @ 79.65000 | stop=79.61840 | tp=79.69740 | notional=100.00 | id=scalp_entry_a681a8ab
04:32:00 backend.server.scalp_bot.scalp_trader     INFO | ScalpTrader SOL_USD: SIM entry filled @ 79.65000 | stop=79.61840 | tp=79.69740
04:32:18 backend.server.scalp_bot.candle_feed     INFO | CandleFeed XRP_USD: CLOSED candle @ 1.297390 vol=287.3 trades=3 (n=463)
04:32:18 backend.server.scalp_bot.scalp_runtime     INFO | ScalpRuntime XRP_USD: candle close=1.297390 ema_f=1.297500 ema_s=1.297600 rsi=43.9 atr=0.000700 vwap=1.305011 vol_ok=False ready=True
04:32:20 backend.server.scalp_bot.scalp_runtime     INFO | ScalpRuntime SOL_USD [auto]: rsi=60.1 ema=UP vwap=False vol=False | open_pos=1 | daily_pnl=-0.5416
04:32:20 backend.server.scalp_bot.scalp_runtime     INFO | ScalpRuntime XRP_USD [auto]: rsi=43.9 ema=bear vwap=False vol=False | open_pos=1 | daily_pnl=-0.5416
04:33:02 backend.server.scalp_bot.candle_feed     INFO | CandleFeed SOL_USD: CLOSED candle @ 79.650000 vol=21.7 trades=8 (n=465)
04:33:02 backend.server.scalp_bot.scalp_runtime     INFO | ScalpRuntime SOL_USD: candle close=79.650000 ema_f=79.636700 ema_s=79.630600 rsi=60.1 atr=0.030800 vwap=79.914973 vol_ok=False ready=True
04:33:20 backend.server.scalp_bot.scalp_runtime     INFO | ScalpRuntime SOL_USD [auto]: rsi=60.1 ema=bull vwap=False vol=False | open_pos=1 | daily_pnl=-0.5416
04:33:20 backend.server.scalp_bot.scalp_runtime     INFO | ScalpRuntime XRP_USD [auto]: rsi=43.9 ema=bear vwap=False vol=False | open_pos=1 | daily_pnl=-0.5416
04:33:27 backend.server.scalp_bot.candle_feed     INFO | CandleFeed XRP_USD: CLOSED candle @ 1.297710 vol=611.8 trades=5 (n=464)
04:33:27 backend.server.scalp_bot.scalp_runtime     INFO | ScalpRuntime XRP_USD: candle close=1.297710 ema_f=1.297600 ema_s=1.297600 rsi=52.2 atr=0.000700 vwap=1.305010 vol_ok=False ready=True
04:34:03 backend.server.scalp_bot.candle_feed     INFO | CandleFeed XRP_USD: CLOSED candle @ 1.297660 vol=1320.2 trades=7 (n=465)
04:34:04 backend.server.scalp_bot.scalp_runtime     INFO | ScalpRuntime XRP_USD: candle close=1.297660 ema_f=1.297600 ema_s=1.297600 rsi=50.9 atr=0.000700 vwap=1.305008 vol_ok=False ready=True
04:34:05 backend.server.scalp_bot.candle_feed     INFO | CandleFeed SOL_USD: CLOSED candle @ 79.670000 vol=27.3 trades=12 (n=466)
04:34:05 backend.server.scalp_bot.scalp_runtime     INFO | ScalpRuntime SOL_USD: candle close=79.670000 ema_f=79.647800 ema_s=79.636200 rsi=66.4 atr=0.031500 vwap=79.914838 vol_ok=False ready=True
04:34:20 backend.server.scalp_bot.scalp_runtime     INFO | ScalpRuntime SOL_USD [auto]: rsi=66.4 ema=bull vwap=False vol=False | open_pos=1 | daily_pnl=-0.5416
04:34:20 backend.server.scalp_bot.scalp_runtime     INFO | ScalpRuntime XRP_USD [auto]: rsi=50.9 ema=bear vwap=False vol=False | open_pos=1 | daily_pnl=-0.5416
04:35:03 backend.server.scalp_bot.candle_feed     INFO | CandleFeed XRP_USD: CLOSED candle @ 1.298370 vol=46.2 trades=5 (n=466)
04:35:03 backend.server.scalp_bot.scalp_runtime     INFO | ScalpRuntime XRP_USD: candle close=1.298370 ema_f=1.297900 ema_s=1.297700 rsi=65.1 atr=0.000700 vwap=1.305008 vol_ok=False ready=True
04:35:03 backend.server.scalp_bot.signal_engine     INFO | SIGNAL [ema] XRP_USD: long @ 1.29837 | stop=1.29767 | tp=1.29942 | atr=0.00070 | signals=ema_cross+rsi | conf=50%
04:35:03 backend.server.scalp_bot.scalp_trader     INFO | ScalpTrader: no free capital for XRP_USD
04:35:10 backend.server.scalp_bot.candle_feed     INFO | CandleFeed SOL_USD: CLOSED candle @ 79.670000 vol=20.9 trades=5 (n=467)
04:35:10 backend.server.scalp_bot.scalp_runtime     INFO | ScalpRuntime SOL_USD: candle close=79.670000 ema_f=79.655200 ema_s=79.641000 rsi=66.4 atr=0.030000 vwap=79.914736 vol_ok=False ready=True
04:35:20 backend.server.scalp_bot.scalp_runtime     INFO | ScalpRuntime SOL_USD [auto]: rsi=66.4 ema=bull vwap=False vol=False | open_pos=1 | daily_pnl=-0.5416
04:35:20 backend.server.scalp_bot.scalp_runtime     INFO | ScalpRuntime XRP_USD [auto]: rsi=65.1 ema=UP vwap=False vol=False | open_pos=1 | daily_pnl=-0.5416
04:36:10 backend.server.scalp_bot.candle_feed     INFO | CandleFeed SOL_USD: CLOSED candle @ 79.670000 vol=8.4 trades=7 (n=468)
04:36:10 backend.server.scalp_bot.scalp_runtime     INFO | ScalpRuntime SOL_USD: candle close=79.670000 ema_f=79.660100 ema_s=79.645100 rsi=66.4 atr=0.027900 vwap=79.914696 vol_ok=False ready=True
04:36:17 backend.server.scalp_bot.candle_feed     INFO | CandleFeed XRP_USD: CLOSED candle @ 1.298480 vol=22.9 trades=2 (n=467)
04:36:17 backend.server.scalp_bot.scalp_runtime     INFO | ScalpRuntime XRP_USD: candle close=1.298480 ema_f=1.298100 ema_s=1.297800 rsi=66.8 atr=0.000700 vwap=1.305008 vol_ok=False ready=True
04:36:17 backend.server.scalp_bot.signal_engine     INFO | SIGNAL [ema] XRP_USD: long @ 1.29848 | stop=1.29778 | tp=1.29953 | atr=0.00070 | signals=ema_trend+rsi | conf=50%
04:36:17 backend.server.scalp_bot.scalp_trader     INFO | ScalpTrader: no free capital for XRP_USD
04:36:20 backend.server.scalp_bot.scalp_runtime     INFO | ScalpRuntime SOL_USD [auto]: rsi=66.4 ema=bull vwap=False vol=False | open_pos=1 | daily_pnl=-0.5416
04:36:20 backend.server.scalp_bot.scalp_runtime     INFO | ScalpRuntime XRP_USD [auto]: rsi=66.8 ema=bull vwap=False vol=False | open_pos=1 | daily_pnl=-0.5416
04:37:05 backend.server.scalp_bot.candle_feed     INFO | CandleFeed SOL_USD: CLOSED candle @ 79.650000 vol=21.6 trades=9 (n=469)
04:37:05 backend.server.scalp_bot.scalp_runtime     INFO | ScalpRuntime SOL_USD: candle close=79.650000 ema_f=79.656700 ema_s=79.645800 rsi=54.3 atr=0.028100 vwap=79.914585 vol_ok=False ready=True
04:37:06 backend.server.scalp_bot.candle_feed     INFO | CandleFeed XRP_USD: CLOSED candle @ 1.298170 vol=97.8 trades=3 (n=468)
04:37:06 backend.server.scalp_bot.scalp_runtime     INFO | ScalpRuntime XRP_USD: candle close=1.298170 ema_f=1.298100 ema_s=1.297900 rsi=57.9 atr=0.000700 vwap=1.305008 vol_ok=False ready=True
04:37:06 backend.server.scalp_bot.signal_engine     INFO | SIGNAL [ema] XRP_USD: long @ 1.29817 | stop=1.29747 | tp=1.29922 | atr=0.00070 | signals=ema_trend+rsi | conf=50%
04:37:06 backend.server.scalp_bot.scalp_trader     INFO | ScalpTrader: no free capital for XRP_USD
04:37:20 backend.server.scalp_bot.scalp_runtime     INFO | ScalpRuntime SOL_USD [auto]: rsi=54.3 ema=bull vwap=False vol=False | open_pos=1 | daily_pnl=-0.5416
04:37:20 backend.server.scalp_bot.scalp_runtime     INFO | ScalpRuntime XRP_USD [auto]: rsi=57.9 ema=bull vwap=False vol=False | open_pos=1 | daily_pnl=-0.5416
04:38:01 backend.server.scalp_bot.candle_feed     INFO | CandleFeed SOL_USD: CLOSED candle @ 79.660000 vol=21.4 trades=4 (n=470)
04:38:01 backend.server.scalp_bot.scalp_runtime     INFO | ScalpRuntime SOL_USD: candle close=79.660000 ema_f=79.657800 ema_s=79.647800 rsi=58.5 atr=0.026800 vwap=79.914478 vol_ok=False ready=True
04:38:07 backend.server.scalp_bot.candle_feed     INFO | CandleFeed XRP_USD: CLOSED candle @ 1.298280 vol=21.9 trades=2 (n=469)
04:38:07 backend.server.scalp_bot.scalp_runtime     INFO | ScalpRuntime XRP_USD: candle close=1.298280 ema_f=1.298200 ema_s=1.298000 rsi=60.1 atr=0.000700 vwap=1.305008 vol_ok=False ready=True
04:38:07 backend.server.scalp_bot.signal_engine     INFO | SIGNAL [ema] XRP_USD: long @ 1.29828 | stop=1.29758 | tp=1.29933 | atr=0.00070 | signals=ema_trend+rsi | conf=50%
04:38:07 backend.server.scalp_bot.scalp_trader     INFO | ScalpTrader: no free capital for XRP_USD
04:38:20 backend.server.scalp_bot.scalp_runtime     INFO | ScalpRuntime SOL_USD [auto]: rsi=58.5 ema=bull vwap=False vol=False | open_pos=1 | daily_pnl=-0.5416
04:38:20 backend.server.scalp_bot.scalp_runtime     INFO | ScalpRuntime XRP_USD [auto]: rsi=60.1 ema=bull vwap=False vol=False | open_pos=1 | daily_pnl=-0.5416
04:39:07 backend.server.scalp_bot.candle_feed     INFO | CandleFeed XRP_USD: CLOSED candle @ 1.298310 vol=917.6 trades=5 (n=470)
04:39:07 backend.server.scalp_bot.scalp_runtime     INFO | ScalpRuntime XRP_USD: candle close=1.298310 ema_f=1.298200 ema_s=1.298000 rsi=60.7 atr=0.000700 vwap=1.305007 vol_ok=False ready=True
04:39:07 backend.server.scalp_bot.signal_engine     INFO | SIGNAL [ema] XRP_USD: long @ 1.29831 | stop=1.29761 | tp=1.29936 | atr=0.00070 | signals=ema_trend+rsi | conf=50%
04:39:07 backend.server.scalp_bot.scalp_trader     INFO | ScalpTrader: no free capital for XRP_USD
04:39:07 backend.server.scalp_bot.candle_feed     INFO | CandleFeed SOL_USD: CLOSED candle @ 79.650000 vol=22.8 trades=8 (n=471)
04:39:07 backend.server.scalp_bot.scalp_runtime     INFO | ScalpRuntime SOL_USD: candle close=79.650000 ema_f=79.655200 ema_s=79.648100 rsi=53.0 atr=0.026300 vwap=79.914360 vol_ok=False ready=True
04:39:20 backend.server.scalp_bot.scalp_runtime     INFO | ScalpRuntime SOL_USD [auto]: rsi=53.0 ema=bull vwap=False vol=False | open_pos=1 | daily_pnl=-0.5416
04:39:20 backend.server.scalp_bot.scalp_runtime     INFO | ScalpRuntime XRP_USD [auto]: rsi=60.7 ema=bull vwap=False vol=False | open_pos=1 | daily_pnl=-0.5416
04:40:01 backend.server.scalp_bot.candle_feed     INFO | CandleFeed SOL_USD: CLOSED candle @ 79.650000 vol=14.0 trades=7 (n=472)
04:40:01 backend.server.scalp_bot.scalp_runtime     INFO | ScalpRuntime SOL_USD: candle close=79.650000 ema_f=79.653500 ema_s=79.648400 rsi=53.0 atr=0.025100 vwap=79.914286 vol_ok=False ready=True
04:40:08 backend.server.scalp_bot.candle_feed     INFO | CandleFeed XRP_USD: CLOSED candle @ 1.298380 vol=42.6 trades=5 (n=471)
04:40:08 backend.server.scalp_bot.scalp_runtime     INFO | ScalpRuntime XRP_USD: candle close=1.298380 ema_f=1.298300 ema_s=1.298100 rsi=62.2 atr=0.000700 vwap=1.305006 vol_ok=False ready=True
04:40:08 backend.server.scalp_bot.signal_engine     INFO | SIGNAL [ema] XRP_USD: long @ 1.29838 | stop=1.29768 | tp=1.29943 | atr=0.00070 | signals=ema_trend+rsi | conf=50%
04:40:08 backend.server.scalp_bot.scalp_trader     INFO | ScalpTrader: no free capital for XRP_USD
04:40:20 backend.server.scalp_bot.scalp_runtime     INFO | ScalpRuntime SOL_USD [auto]: rsi=53.0 ema=bull vwap=False vol=False | open_pos=1 | daily_pnl=-0.5416
04:40:20 backend.server.scalp_bot.scalp_runtime     INFO | ScalpRuntime XRP_USD [auto]: rsi=62.2 ema=bull vwap=False vol=False | open_pos=1 | daily_pnl=-0.5416
04:41:01 backend.server.scalp_bot.candle_feed     INFO | CandleFeed XRP_USD: CLOSED candle @ 1.298520 vol=248.2 trades=6 (n=472)
04:41:01 backend.server.scalp_bot.scalp_runtime     INFO | ScalpRuntime XRP_USD: candle close=1.298520 ema_f=1.298400 ema_s=1.298200 rsi=65.2 atr=0.000700 vwap=1.305006 vol_ok=False ready=True
04:41:01 backend.server.scalp_bot.signal_engine     INFO | SIGNAL [ema] XRP_USD: long @ 1.29852 | stop=1.29782 | tp=1.29957 | atr=0.00070 | signals=ema_trend+rsi | conf=50%
04:41:01 backend.server.scalp_bot.scalp_trader     INFO | ScalpTrader: no free capital for XRP_USD
04:41:20 backend.server.scalp_bot.scalp_runtime     INFO | ScalpRuntime SOL_USD [auto]: rsi=53.0 ema=bull vwap=False vol=False | open_pos=1 | daily_pnl=-0.5416
04:41:20 backend.server.scalp_bot.scalp_runtime     INFO | ScalpRuntime XRP_USD [auto]: rsi=65.2 ema=bull vwap=False vol=False | open_pos=1 | daily_pnl=-0.5416
04:41:29 backend.server.scalp_bot.candle_feed     INFO | CandleFeed SOL_USD: CLOSED candle @ 79.680000 vol=40.0 trades=14 (n=473)
04:41:29 backend.server.scalp_bot.scalp_runtime     INFO | ScalpRuntime SOL_USD: candle close=79.680000 ema_f=79.662300 ema_s=79.652900 rsi=65.4 atr=0.026900 vwap=79.914105 vol_ok=True ready=True
04:41:29 backend.server.state     INFO | ALERT [scalp] Scalp TP: SOL_USD — Profit: $+0.0595 | entry=79.65000 exit=79.69740
04:41:29 backend.server.scalp_bot.scalp_trader     INFO | ScalpTrader SOL_USD: PAPER tp hit @ 79.69740 | pnl=0.0595 | daily_pnl=-0.4821
04:41:29 backend.server.scalp_bot.signal_engine     INFO | SIGNAL [ema] SOL_USD: long @ 79.68000 | stop=79.65310 | tp=79.72035 | atr=0.02690 | signals=ema_trend+rsi+volume | conf=75%
04:41:29 backend.server.scalp_bot.scalp_trader     INFO | ScalpTrader SOL_USD: capped qty to capital (risk_qty=74.35 -> capped_qty=1.255020, notional=100.00)
04:41:29 backend.server.scalp_bot.scalp_trader     INFO | ScalpTrader SOL_USD: SIM entry (simulated) | qty=1.255020 @ 79.68000 | stop=79.65310 | tp=79.72035 | notional=100.00 | id=scalp_entry_9e55d486
04:41:29 backend.server.scalp_bot.scalp_trader     INFO | ScalpTrader SOL_USD: SIM entry filled @ 79.68000 | stop=79.65310 | tp=79.72035
04:42:10 backend.server.scalp_bot.candle_feed     INFO | CandleFeed SOL_USD: CLOSED candle @ 79.690000 vol=20.7 trades=3 (n=474)
04:42:10 backend.server.scalp_bot.scalp_runtime     INFO | ScalpRuntime SOL_USD: candle close=79.690000 ema_f=79.671500 ema_s=79.658200 rsi=68.5 atr=0.025700 vwap=79.914013 vol_ok=False ready=True
04:42:20 backend.server.scalp_bot.scalp_runtime     INFO | ScalpRuntime SOL_USD [auto]: rsi=68.5 ema=bull vwap=False vol=False | open_pos=1 | daily_pnl=-0.4821
04:42:20 backend.server.scalp_bot.scalp_runtime     INFO | ScalpRuntime XRP_USD [auto]: rsi=65.2 ema=bull vwap=False vol=False | open_pos=1 | daily_pnl=-0.4821
04:43:09 backend.server.scalp_bot.candle_feed     INFO | CandleFeed XRP_USD: CLOSED candle @ 1.298370 vol=94.9 trades=4 (n=473)
04:43:09 backend.server.scalp_bot.scalp_runtime     INFO | ScalpRuntime XRP_USD: candle close=1.298370 ema_f=1.298400 ema_s=1.298200 rsi=59.5 atr=0.000700 vwap=1.305006 vol_ok=False ready=True
04:43:09 backend.server.scalp_bot.signal_engine     INFO | SIGNAL [ema] XRP_USD: long @ 1.29837 | stop=1.29767 | tp=1.29942 | atr=0.00070 | signals=ema_trend+rsi | conf=50%
04:43:09 backend.server.scalp_bot.scalp_trader     INFO | ScalpTrader: no free capital for XRP_USD
04:43:20 backend.server.scalp_bot.scalp_runtime     INFO | ScalpRuntime SOL_USD [auto]: rsi=68.5 ema=bull vwap=False vol=False | open_pos=1 | daily_pnl=-0.4821
04:43:20 backend.server.scalp_bot.scalp_runtime     INFO | ScalpRuntime XRP_USD [auto]: rsi=59.5 ema=bull vwap=False vol=False | open_pos=1 | daily_pnl=-0.4821
04:43:22 backend.server.scalp_bot.candle_feed     INFO | CandleFeed SOL_USD: CLOSED candle @ 79.640000 vol=40.3 trades=8 (n=475)
04:43:22 backend.server.scalp_bot.scalp_runtime     INFO | ScalpRuntime SOL_USD: candle close=79.640000 ema_f=79.661000 ema_s=79.655600 rsi=45.5 atr=0.028200 vwap=79.913807 vol_ok=True ready=True
04:43:22 backend.server.state  WARNING | ALERT [scalp] Scalp STOP: SOL_USD — Loss: $-0.0338 | entry=79.68000 exit=79.65310
04:43:22 backend.server.scalp_bot.scalp_trader     INFO | ScalpTrader SOL_USD: PAPER stop hit @ 79.65310 | pnl=-0.0338 | daily_pnl=-0.5159
04:44:04 backend.server.scalp_bot.candle_feed     INFO | CandleFeed XRP_USD: CLOSED candle @ 1.297440 vol=1656.2 trades=10 (n=474)
04:44:04 backend.server.scalp_bot.scalp_runtime     INFO | ScalpRuntime XRP_USD: candle close=1.297440 ema_f=1.298100 ema_s=1.298100 rsi=37.0 atr=0.000700 vwap=1.305003 vol_ok=False ready=True
04:44:13 backend.server.scalp_bot.candle_feed     INFO | CandleFeed SOL_USD: CLOSED candle @ 79.640000 vol=0.3 trades=1 (n=476)
04:44:13 backend.server.scalp_bot.scalp_runtime     INFO | ScalpRuntime SOL_USD: candle close=79.640000 ema_f=79.654000 ema_s=79.653400 rsi=45.5 atr=0.026200 vwap=79.913805 vol_ok=False ready=True
04:44:20 backend.server.scalp_bot.scalp_runtime     INFO | ScalpRuntime SOL_USD [auto]: rsi=45.5 ema=bull vwap=False vol=False | open_pos=0 | daily_pnl=-0.5159
04:44:20 backend.server.scalp_bot.scalp_runtime     INFO | ScalpRuntime XRP_USD [auto]: rsi=37.0 ema=bear vwap=False vol=False | open_pos=0 | daily_pnl=-0.5159
04:45:00 backend.server.scalp_bot.candle_feed     INFO | CandleFeed SOL_USD: CLOSED candle @ 79.610000 vol=16.6 trades=3 (n=477)
04:45:00 backend.server.scalp_bot.scalp_runtime     INFO | ScalpRuntime SOL_USD: candle close=79.610000 ema_f=79.639300 ema_s=79.647200 rsi=36.2 atr=0.027200 vwap=79.913705 vol_ok=False ready=True
04:45:20 backend.server.scalp_bot.scalp_runtime     INFO | ScalpRuntime SOL_USD [auto]: rsi=36.2 ema=bear vwap=False vol=False | open_pos=0 | daily_pnl=-0.5159
04:45:20 backend.server.scalp_bot.scalp_runtime     INFO | ScalpRuntime XRP_USD [auto]: rsi=37.0 ema=bear vwap=False vol=False | open_pos=0 | daily_pnl=-0.5159
04:46:00 backend.server.scalp_bot.candle_feed     INFO | CandleFeed SOL_USD: CLOSED candle @ 79.660000 vol=32.2 trades=7 (n=478)
04:46:00 backend.server.scalp_bot.scalp_runtime     INFO | ScalpRuntime SOL_USD: candle close=79.660000 ema_f=79.646200 ema_s=79.649000 rsi=53.8 atr=0.028800 vwap=79.913539 vol_ok=False ready=True
04:46:06 backend.server.scalp_bot.candle_feed     INFO | CandleFeed XRP_USD: CLOSED candle @ 1.297480 vol=451.7 trades=3 (n=475)
04:46:06 backend.server.scalp_bot.scalp_runtime     INFO | ScalpRuntime XRP_USD: candle close=1.297480 ema_f=1.297900 ema_s=1.298000 rsi=38.1 atr=0.000700 vwap=1.305002 vol_ok=False ready=True
04:46:20 backend.server.scalp_bot.scalp_runtime     INFO | ScalpRuntime SOL_USD [auto]: rsi=53.8 ema=bear vwap=False vol=False | open_pos=0 | daily_pnl=-0.5159
04:46:20 backend.server.scalp_bot.scalp_runtime     INFO | ScalpRuntime XRP_USD [auto]: rsi=38.1 ema=bear vwap=False vol=False | open_pos=0 | daily_pnl=-0.5159
04:47:00 backend.server.scalp_bot.candle_feed     INFO | CandleFeed SOL_USD: CLOSED candle @ 79.670000 vol=21.4 trades=6 (n=479)
04:47:00 backend.server.scalp_bot.scalp_runtime     INFO | ScalpRuntime SOL_USD: candle close=79.670000 ema_f=79.654100 ema_s=79.652000 rsi=56.5 atr=0.028200 vwap=79.913434 vol_ok=False ready=True
04:47:00 backend.server.scalp_bot.signal_engine     INFO | SIGNAL [ema] SOL_USD: long @ 79.67000 | stop=79.64180 | tp=79.71230 | atr=0.02820 | signals=ema_cross+rsi | conf=50%
04:47:00 backend.server.scalp_bot.scalp_trader     INFO | ScalpTrader SOL_USD: capped qty to capital (risk_qty=70.92 -> capped_qty=1.255178, notional=100.00)
04:47:00 backend.server.scalp_bot.scalp_trader     INFO | ScalpTrader SOL_USD: SIM entry (simulated) | qty=1.255178 @ 79.67000 | stop=79.64180 | tp=79.71230 | notional=100.00 | id=scalp_entry_67c6669e
04:47:00 backend.server.scalp_bot.scalp_trader     INFO | ScalpTrader SOL_USD: SIM entry filled @ 79.67000 | stop=79.64180 | tp=79.71230
04:47:19 backend.server.scalp_bot.candle_feed     INFO | CandleFeed XRP_USD: CLOSED candle @ 1.297500 vol=12.3 trades=2 (n=476)
04:47:19 backend.server.scalp_bot.scalp_runtime     INFO | ScalpRuntime XRP_USD: candle close=1.297500 ema_f=1.297800 ema_s=1.297900 rsi=38.7 atr=0.000700 vwap=1.305002 vol_ok=False ready=True
04:47:20 backend.server.scalp_bot.scalp_runtime     INFO | ScalpRuntime SOL_USD [auto]: rsi=56.5 ema=UP vwap=False vol=False | open_pos=1 | daily_pnl=-0.5159
04:47:20 backend.server.scalp_bot.scalp_runtime     INFO | ScalpRuntime XRP_USD [auto]: rsi=38.7 ema=bear vwap=False vol=False | open_pos=1 | daily_pnl=-0.5159
04:48:04 backend.server.scalp_bot.candle_feed     INFO | CandleFeed XRP_USD: CLOSED candle @ 1.297910 vol=1510.4 trades=3 (n=477)
04:48:04 backend.server.scalp_bot.scalp_runtime     INFO | ScalpRuntime XRP_USD: candle close=1.297910 ema_f=1.297800 ema_s=1.297900 rsi=50.2 atr=0.000700 vwap=1.305000 vol_ok=False ready=True
04:48:05 backend.server.scalp_bot.candle_feed     INFO | CandleFeed SOL_USD: CLOSED candle @ 79.660000 vol=1.9 trades=4 (n=480)
04:48:05 backend.server.scalp_bot.scalp_runtime     INFO | ScalpRuntime SOL_USD: candle close=79.660000 ema_f=79.656100 ema_s=79.653100 rsi=53.0 atr=0.027600 vwap=79.913425 vol_ok=False ready=True
04:48:20 backend.server.scalp_bot.scalp_runtime     INFO | ScalpRuntime SOL_USD [auto]: rsi=53.0 ema=bull vwap=False vol=False | open_pos=1 | daily_pnl=-0.5159
04:48:20 backend.server.scalp_bot.scalp_runtime     INFO | ScalpRuntime XRP_USD [auto]: rsi=50.2 ema=bear vwap=False vol=False | open_pos=1 | daily_pnl=-0.5159
04:49:00 backend.server.scalp_bot.candle_feed     INFO | CandleFeed SOL_USD: CLOSED candle @ 79.660000 vol=21.7 trades=6 (n=481)
04:49:00 backend.server.scalp_bot.scalp_runtime     INFO | ScalpRuntime SOL_USD: candle close=79.660000 ema_f=79.657400 ema_s=79.654100 rsi=53.0 atr=0.027100 vwap=79.913317 vol_ok=False ready=True
04:49:20 backend.server.scalp_bot.scalp_runtime     INFO | ScalpRuntime SOL_USD [auto]: rsi=53.0 ema=bull vwap=False vol=False | open_pos=1 | daily_pnl=-0.5159
04:49:20 backend.server.scalp_bot.scalp_runtime     INFO | ScalpRuntime XRP_USD [auto]: rsi=50.2 ema=bear vwap=False vol=False | open_pos=1 | daily_pnl=-0.5159
04:49:50 backend.server.scalp_bot.candle_feed     INFO | CandleFeed XRP_USD: CLOSED candle @ 1.298160 vol=2970.4 trades=6 (n=478)
04:49:50 backend.server.scalp_bot.scalp_runtime     INFO | ScalpRuntime XRP_USD: candle close=1.298160 ema_f=1.297900 ema_s=1.297900 rsi=55.9 atr=0.000700 vwap=1.304995 vol_ok=False ready=True
04:50:04 backend.server.scalp_bot.candle_feed     INFO | CandleFeed SOL_USD: CLOSED candle @ 79.640000 vol=21.4 trades=11 (n=482)
04:50:04 backend.server.scalp_bot.scalp_runtime     INFO | ScalpRuntime SOL_USD: candle close=79.640000 ema_f=79.651600 ema_s=79.652100 rsi=45.9 atr=0.027300 vwap=79.913205 vol_ok=False ready=True
04:50:04 backend.server.state  WARNING | ALERT [scalp] Scalp STOP: SOL_USD — Loss: $-0.0354 | entry=79.67000 exit=79.64180
04:50:04 backend.server.scalp_bot.scalp_trader     INFO | ScalpTrader SOL_USD: PAPER stop hit @ 79.64180 | pnl=-0.0354 | daily_pnl=-0.5513
04:50:13 backend.server.scalp_bot.candle_feed     INFO | CandleFeed XRP_USD: CLOSED candle @ 1.298160 vol=388.5 trades=2 (n=479)
04:50:13 backend.server.scalp_bot.scalp_runtime     INFO | ScalpRuntime XRP_USD: candle close=1.298160 ema_f=1.298000 ema_s=1.297900 rsi=55.9 atr=0.000700 vwap=1.304995 vol_ok=False ready=True
04:50:13 backend.server.scalp_bot.signal_engine     INFO | SIGNAL [ema] XRP_USD: long @ 1.29816 | stop=1.29746 | tp=1.29921 | atr=0.00070 | signals=ema_cross+rsi | conf=50%
04:50:13 backend.server.scalp_bot.scalp_trader     INFO | ScalpTrader XRP_USD: capped qty to capital (risk_qty=2857.14 -> capped_qty=77.032107, notional=100.00)
04:50:13 backend.server.scalp_bot.scalp_trader     INFO | ScalpTrader XRP_USD: SIM entry (simulated) | qty=77.032107 @ 1.29816 | stop=1.29746 | tp=1.29921 | notional=100.00 | id=scalp_entry_894c9f8c
04:50:13 backend.server.scalp_bot.scalp_trader     INFO | ScalpTrader XRP_USD: SIM entry filled @ 1.29816 | stop=1.29746 | tp=1.29921
04:50:20 backend.server.scalp_bot.scalp_runtime     INFO | ScalpRuntime SOL_USD [auto]: rsi=45.9 ema=bear vwap=False vol=False | open_pos=1 | daily_pnl=-0.5513
04:50:20 backend.server.scalp_bot.scalp_runtime     INFO | ScalpRuntime XRP_USD [auto]: rsi=55.9 ema=UP vwap=False vol=False | open_pos=1 | daily_pnl=-0.5513
04:51:18 backend.server.scalp_bot.candle_feed     INFO | CandleFeed SOL_USD: CLOSED candle @ 79.650000 vol=22.9 trades=13 (n=483)
04:51:18 backend.server.scalp_bot.scalp_runtime     INFO | ScalpRuntime SOL_USD: candle close=79.650000 ema_f=79.651100 ema_s=79.651800 rsi=49.7 atr=0.026100 vwap=79.913086 vol_ok=False ready=True
04:51:20 backend.server.scalp_bot.scalp_runtime     INFO | ScalpRuntime SOL_USD [auto]: rsi=49.7 ema=bear vwap=False vol=False | open_pos=1 | daily_pnl=-0.5513
04:51:20 backend.server.scalp_bot.scalp_runtime     INFO | ScalpRuntime XRP_USD [auto]: rsi=55.9 ema=UP vwap=False vol=False | open_pos=1 | daily_pnl=-0.5513
04:51:31 backend.server.scalp_bot.candle_feed     INFO | CandleFeed XRP_USD: CLOSED candle @ 1.298150 vol=792.6 trades=3 (n=480)
04:51:31 backend.server.scalp_bot.scalp_runtime     INFO | ScalpRuntime XRP_USD: candle close=1.298150 ema_f=1.298100 ema_s=1.297900 rsi=55.6 atr=0.000700 vwap=1.304994 vol_ok=False ready=True
04:52:09 backend.server.scalp_bot.candle_feed     INFO | CandleFeed SOL_USD: CLOSED candle @ 79.650000 vol=0.1 trades=3 (n=484)
04:52:09 backend.server.scalp_bot.scalp_runtime     INFO | ScalpRuntime SOL_USD: candle close=79.650000 ema_f=79.650700 ema_s=79.651500 rsi=49.7 atr=0.025000 vwap=79.913085 vol_ok=False ready=True
04:52:10 backend.server.scalp_bot.candle_feed     INFO | CandleFeed XRP_USD: CLOSED candle @ 1.298160 vol=78.4 trades=2 (n=481)
04:52:10 backend.server.scalp_bot.scalp_runtime     INFO | ScalpRuntime XRP_USD: candle close=1.298160 ema_f=1.298100 ema_s=1.297900 rsi=55.9 atr=0.000700 vwap=1.304994 vol_ok=False ready=True
04:52:21 backend.server.scalp_bot.scalp_runtime     INFO | ScalpRuntime SOL_USD [auto]: rsi=49.7 ema=bear vwap=False vol=False | open_pos=1 | daily_pnl=-0.5513
04:52:21 backend.server.scalp_bot.scalp_runtime     INFO | ScalpRuntime XRP_USD [auto]: rsi=55.9 ema=bull vwap=False vol=False | open_pos=1 | daily_pnl=-0.5513
04:53:12 backend.server.scalp_bot.candle_feed     INFO | CandleFeed SOL_USD: CLOSED candle @ 79.560000 vol=30.7 trades=10 (n=485)
04:53:12 backend.server.scalp_bot.scalp_runtime     INFO | ScalpRuntime SOL_USD: candle close=79.560000 ema_f=79.620500 ema_s=79.638400 rsi=27.5 atr=0.029600 vwap=79.912890 vol_ok=True ready=True
04:53:19 backend.server.scalp_bot.candle_feed     INFO | CandleFeed XRP_USD: CLOSED candle @ 1.297380 vol=817.3 trades=6 (n=482)
04:53:19 backend.server.scalp_bot.scalp_runtime     INFO | ScalpRuntime XRP_USD: candle close=1.297380 ema_f=1.297900 ema_s=1.297800 rsi=35.8 atr=0.000700 vwap=1.304992 vol_ok=False ready=True
04:53:19 backend.server.state  WARNING | ALERT [scalp] Scalp STOP: XRP_USD — Loss: $-0.0539 | entry=1.29816 exit=1.29746
04:53:19 backend.server.scalp_bot.scalp_trader     INFO | ScalpTrader XRP_USD: PAPER stop hit @ 1.29746 | pnl=-0.0539 | daily_pnl=-0.6052
04:53:21 backend.server.scalp_bot.scalp_runtime     INFO | ScalpRuntime SOL_USD [auto]: rsi=27.5 ema=bear vwap=False vol=True | open_pos=0 | daily_pnl=-0.6052
04:53:21 backend.server.scalp_bot.scalp_runtime     INFO | ScalpRuntime XRP_USD [auto]: rsi=35.8 ema=bull vwap=False vol=False | open_pos=0 | daily_pnl=-0.6052
04:54:02 backend.server.scalp_bot.candle_feed     INFO | CandleFeed SOL_USD: CLOSED candle @ 79.530000 vol=772.2 trades=22 (n=486)
04:54:02 backend.server.scalp_bot.scalp_runtime     INFO | ScalpRuntime SOL_USD: candle close=79.530000 ema_f=79.590300 ema_s=79.622900 rsi=23.6 atr=0.030300 vwap=79.907403 vol_ok=True ready=True
04:54:08 backend.server.scalp_bot.candle_feed     INFO | CandleFeed XRP_USD: CLOSED candle @ 1.297330 vol=1103.9 trades=3 (n=483)
04:54:08 backend.server.scalp_bot.scalp_runtime     INFO | ScalpRuntime XRP_USD: candle close=1.297330 ema_f=1.297700 ema_s=1.297700 rsi=34.8 atr=0.000700 vwap=1.304990 vol_ok=True ready=True
04:54:21 backend.server.scalp_bot.scalp_runtime     INFO | ScalpRuntime SOL_USD [auto]: rsi=23.6 ema=bear vwap=False vol=True | open_pos=0 | daily_pnl=-0.6052
04:54:21 backend.server.scalp_bot.scalp_runtime     INFO | ScalpRuntime XRP_USD [auto]: rsi=34.8 ema=bear vwap=False vol=True | open_pos=0 | daily_pnl=-0.6052
04:55:07 backend.server.scalp_bot.candle_feed     INFO | CandleFeed SOL_USD: CLOSED candle @ 79.530000 vol=3044.8 trades=64 (n=487)
04:55:07 backend.server.scalp_bot.scalp_runtime     INFO | ScalpRuntime SOL_USD: candle close=79.530000 ema_f=79.570200 ema_s=79.609600 rsi=23.6 atr=0.031000 vwap=79.886160 vol_ok=True ready=True
04:55:21 backend.server.scalp_bot.scalp_runtime     INFO | ScalpRuntime SOL_USD [auto]: rsi=23.6 ema=bear vwap=False vol=True | open_pos=0 | daily_pnl=-0.6052
04:55:21 backend.server.scalp_bot.scalp_runtime     INFO | ScalpRuntime XRP_USD [auto]: rsi=34.8 ema=bear vwap=False vol=True | open_pos=0 | daily_pnl=-0.6052
04:55:37 backend.server.scalp_bot.candle_feed     INFO | CandleFeed XRP_USD: CLOSED candle @ 1.297500 vol=45.3 trades=2 (n=484)
04:55:37 backend.server.scalp_bot.scalp_runtime     INFO | ScalpRuntime XRP_USD: candle close=1.297500 ema_f=1.297600 ema_s=1.297700 rsi=40.6 atr=0.000700 vwap=1.304990 vol_ok=False ready=True
04:56:10 backend.server.scalp_bot.candle_feed     INFO | CandleFeed SOL_USD: CLOSED candle @ 79.570000 vol=2252.3 trades=35 (n=488)
04:56:10 backend.server.scalp_bot.scalp_runtime     INFO | ScalpRuntime SOL_USD: candle close=79.570000 ema_f=79.570100 ema_s=79.603900 rsi=38.5 atr=0.033100 vwap=79.872948 vol_ok=True ready=True
04:56:14 backend.server.scalp_bot.candle_feed     INFO | CandleFeed XRP_USD: CLOSED candle @ 1.297900 vol=80.5 trades=2 (n=485)
04:56:14 backend.server.scalp_bot.scalp_runtime     INFO | ScalpRuntime XRP_USD: candle close=1.297900 ema_f=1.297700 ema_s=1.297700 rsi=51.8 atr=0.000700 vwap=1.304990 vol_ok=False ready=True
04:56:21 backend.server.scalp_bot.scalp_runtime     INFO | ScalpRuntime SOL_USD [auto]: rsi=38.5 ema=bear vwap=False vol=True | open_pos=0 | daily_pnl=-0.6052
04:56:21 backend.server.scalp_bot.scalp_runtime     INFO | ScalpRuntime XRP_USD [auto]: rsi=51.8 ema=bear vwap=False vol=False | open_pos=0 | daily_pnl=-0.6052
04:57:00 backend.server.scalp_bot.candle_feed     INFO | CandleFeed SOL_USD: CLOSED candle @ 79.610000 vol=20.4 trades=4 (n=489)
04:57:00 backend.server.scalp_bot.scalp_runtime     INFO | ScalpRuntime SOL_USD: candle close=79.610000 ema_f=79.583400 ema_s=79.604800 rsi=49.5 atr=0.033600 vwap=79.872851 vol_ok=False ready=True
04:57:13 backend.server.scalp_bot.candle_feed     INFO | CandleFeed XRP_USD: CLOSED candle @ 1.298250 vol=814.2 trades=2 (n=486)
04:57:13 backend.server.scalp_bot.scalp_runtime     INFO | ScalpRuntime XRP_USD: candle close=1.298250 ema_f=1.297900 ema_s=1.297800 rsi=59.4 atr=0.000700 vwap=1.304989 vol_ok=False ready=True
04:57:13 backend.server.scalp_bot.signal_engine     INFO | SIGNAL [ema] XRP_USD: long @ 1.29825 | stop=1.29755 | tp=1.29930 | atr=0.00070 | signals=ema_cross+rsi | conf=50%
04:57:13 backend.server.scalp_bot.scalp_trader     INFO | ScalpTrader XRP_USD: capped qty to capital (risk_qty=2857.14 -> capped_qty=77.026767, notional=100.00)
04:57:13 backend.server.scalp_bot.scalp_trader     INFO | ScalpTrader XRP_USD: SIM entry (simulated) | qty=77.026767 @ 1.29825 | stop=1.29755 | tp=1.29930 | notional=100.00 | id=scalp_entry_9fa109c9
04:57:13 backend.server.scalp_bot.scalp_trader     INFO | ScalpTrader XRP_USD: SIM entry filled @ 1.29825 | stop=1.29755 | tp=1.29930
04:57:21 backend.server.scalp_bot.scalp_runtime     INFO | ScalpRuntime SOL_USD [auto]: rsi=49.5 ema=bear vwap=False vol=False | open_pos=1 | daily_pnl=-0.6052
04:57:21 backend.server.scalp_bot.scalp_runtime     INFO | ScalpRuntime XRP_USD [auto]: rsi=59.4 ema=UP vwap=False vol=False | open_pos=1 | daily_pnl=-0.6052
04:58:04 backend.server.scalp_bot.candle_feed     INFO | CandleFeed SOL_USD: CLOSED candle @ 79.620000 vol=20.8 trades=5 (n=490)
04:58:04 backend.server.scalp_bot.scalp_runtime     INFO | ScalpRuntime SOL_USD: candle close=79.620000 ema_f=79.595600 ema_s=79.607000 rsi=52.0 atr=0.034100 vwap=79.872757 vol_ok=False ready=True
04:58:21 backend.server.scalp_bot.scalp_runtime     INFO | ScalpRuntime SOL_USD [auto]: rsi=52.0 ema=bear vwap=False vol=False | open_pos=1 | daily_pnl=-0.6052
04:58:21 backend.server.scalp_bot.scalp_runtime     INFO | ScalpRuntime XRP_USD [auto]: rsi=59.4 ema=UP vwap=False vol=False | open_pos=1 | daily_pnl=-0.6052
04:58:25 backend.server.scalp_bot.candle_feed     INFO | CandleFeed XRP_USD: CLOSED candle @ 1.298710 vol=234.1 trades=6 (n=487)
04:58:25 backend.server.scalp_bot.scalp_runtime     INFO | ScalpRuntime XRP_USD: candle close=1.298710 ema_f=1.298200 ema_s=1.297900 rsi=67.1 atr=0.000700 vwap=1.304989 vol_ok=False ready=True
04:59:04 backend.server.scalp_bot.candle_feed     INFO | CandleFeed XRP_USD: CLOSED candle @ 1.299180 vol=89.0 trades=4 (n=488)
04:59:04 backend.server.scalp_bot.scalp_runtime     INFO | ScalpRuntime XRP_USD: candle close=1.299180 ema_f=1.298500 ema_s=1.298100 rsi=72.9 atr=0.000700 vwap=1.304988 vol_ok=False ready=True
04:59:21 backend.server.scalp_bot.scalp_runtime     INFO | ScalpRuntime SOL_USD [auto]: rsi=52.0 ema=bear vwap=False vol=False | open_pos=1 | daily_pnl=-0.6052
04:59:21 backend.server.scalp_bot.scalp_runtime     INFO | ScalpRuntime XRP_USD [auto]: rsi=72.9 ema=bull vwap=False vol=False | open_pos=1 | daily_pnl=-0.6052
04:59:26 backend.server.scalp_bot.candle_feed     INFO | CandleFeed SOL_USD: CLOSED candle @ 79.640000 vol=16.2 trades=5 (n=491)
04:59:26 backend.server.scalp_bot.scalp_runtime     INFO | ScalpRuntime SOL_USD: candle close=79.640000 ema_f=79.610400 ema_s=79.611700 rsi=56.6 atr=0.033100 vwap=79.872691 vol_ok=False ready=True
05:00:03 backend.server.scalp_bot.candle_feed     INFO | CandleFeed XRP_USD: CLOSED candle @ 1.298920 vol=29188.2 trades=22 (n=489)
05:00:03 backend.server.scalp_bot.scalp_runtime     INFO | ScalpRuntime XRP_USD: candle close=1.298920 ema_f=1.298600 ema_s=1.298200 rsi=65.7 atr=0.000700 vwap=1.304950 vol_ok=True ready=True
05:00:03 backend.server.state     INFO | ALERT [scalp] Scalp TP: XRP_USD — Profit: $+0.0809 | entry=1.29825 exit=1.29930
05:00:03 backend.server.scalp_bot.scalp_trader     INFO | ScalpTrader XRP_USD: PAPER tp hit @ 1.29930 | pnl=0.0809 | daily_pnl=-0.5243
05:00:03 backend.server.scalp_bot.signal_engine     INFO | SIGNAL [ema] XRP_USD: long @ 1.29892 | stop=1.29822 | tp=1.29997 | atr=0.00070 | signals=ema_trend+rsi+volume | conf=75%
05:00:03 backend.server.scalp_bot.scalp_trader     INFO | ScalpTrader XRP_USD: capped qty to capital (risk_qty=2857.14 -> capped_qty=76.987035, notional=100.00)
05:00:03 backend.server.scalp_bot.scalp_trader     INFO | ScalpTrader XRP_USD: SIM entry (simulated) | qty=76.987035 @ 1.29892 | stop=1.29822 | tp=1.29997 | notional=100.00 | id=scalp_entry_a8d7a1cc
05:00:03 backend.server.scalp_bot.scalp_trader     INFO | ScalpTrader XRP_USD: SIM entry filled @ 1.29892 | stop=1.29822 | tp=1.29997
05:00:06 backend.server.scalp_bot.candle_feed     INFO | CandleFeed SOL_USD: CLOSED candle @ 79.590000 vol=597.6 trades=9 (n=492)
05:00:06 backend.server.scalp_bot.scalp_runtime     INFO | ScalpRuntime SOL_USD: candle close=79.590000 ema_f=79.603600 ema_s=79.608600 rsi=44.4 atr=0.034300 vwap=79.869948 vol_ok=True ready=True
05:00:21 backend.server.scalp_bot.scalp_runtime     INFO | ScalpRuntime SOL_USD [auto]: rsi=44.4 ema=bear vwap=False vol=True | open_pos=1 | daily_pnl=-0.5243
05:00:21 backend.server.scalp_bot.scalp_runtime     INFO | ScalpRuntime XRP_USD [auto]: rsi=65.7 ema=bull vwap=False vol=True | open_pos=1 | daily_pnl=-0.5243
05:00:55 kraken.spot.websocket.connectors  WARNING | <Task finished name='Task-36' coro=<ConnectSpotWebsocketBase.__run() done, defined at C:\Users\daroo\AppData\Roaming\Python\Python314\site-packages\kraken\spot\websocket\connectors.py:134> exception=ConnectionClosedError(None, None, None)> got an exception no close frame received or sent:
[<frame at 0x0000015934B91AD0, file 'C:\\Users\\daroo\\AppData\\Roaming\\Python\\Python314\\site-packages\\kraken\\spot\\websocket\\connectors.py', line 171, code __run>, <frame at 0x0000015934B75840, file 'C:\\Python314\\Lib\\asyncio\\tasks.py', line 488, code wait_for>, <frame at 0x0000015934B91F10, file 'C:\\Users\\daroo\\AppData\\Roaming\\Python\\Python314\\site-packages\\websockets\\asyncio\\connection.py', line 324, code recv>]
The connection will be recovered in the background.
05:00:55 kraken.spot.websocket.connectors     INFO | Connection closed!
05:00:55 kraken.spot.websocket.connectors     INFO | Websocket start connect/reconnect
05:00:55 kraken.spot.websocket.connectors  WARNING | <Task finished name='Task-13' coro=<ConnectSpotWebsocketBase.__run() done, defined at C:\Users\daroo\AppData\Roaming\Python\Python314\site-packages\kraken\spot\websocket\connectors.py:134> exception=ConnectionClosedError(None, None, None)> got an exception no close frame received or sent:
[<frame at 0x0000015932065470, file 'C:\\Users\\daroo\\AppData\\Roaming\\Python\\Python314\\site-packages\\kraken\\spot\\websocket\\connectors.py', line 171, code __run>, <frame at 0x0000015932026240, file 'C:\\Python314\\Lib\\asyncio\\tasks.py', line 488, code wait_for>, <frame at 0x0000015934B92240, file 'C:\\Users\\daroo\\AppData\\Roaming\\Python\\Python314\\site-packages\\websockets\\asyncio\\connection.py', line 324, code recv>]
The connection will be recovered in the background.
05:00:55 kraken.spot.websocket.connectors     INFO | Connection closed!
05:00:55 kraken.spot.websocket.connectors     INFO | Websocket start connect/reconnect
05:00:56 kraken.spot.websocket.connectors     INFO | Recover public subscriptions [{'channel': 'ohlc', 'interval': 1, 'snapshot': True, 'symbol': ['SOL/USD']}, {'channel': 'ohlc', 'interval': 1, 'snapshot': True, 'symbol': ['XRP/USD']}]: waiting
05:00:56 kraken.spot.websocket.connectors  WARNING | <Task finished name='Task-60' coro=<ConnectSpotWebsocketBase.__run() done, defined at C:\Users\daroo\AppData\Roaming\Python\Python314\site-packages\kraken\spot\websocket\connectors.py:134> exception=gaierror(11001, 'getaddrinfo failed')> got an exception [Errno 11001] getaddrinfo failed:
[<frame at 0x0000015934B92570, file 'C:\\Users\\daroo\\AppData\\Roaming\\Python\\Python314\\site-packages\\kraken\\spot\\websocket\\connectors.py', line 149, code __run>, <frame at 0x0000015934B8EC20, file 'C:\\Users\\daroo\\AppData\\Roaming\\Python\\Python314\\site-packages\\websockets\\asyncio\\client.py', line 590, code __aenter__>, <frame at 0x0000015934B92680, file 'C:\\Users\\daroo\\AppData\\Roaming\\Python\\Python314\\site-packages\\websockets\\asyncio\\client.py', line 579, code __await_impl__>, <frame at 0x0000015974FCC1B0, file 'C:\\Users\\daroo\\AppData\\Roaming\\Python\\Python314\\site-packages\\websockets\\asyncio\\client.py', line 470, code create_connection>, <frame at 0x0000015934AE4C80, file 'C:\\Python314\\Lib\\asyncio\\base_events.py', line 1119, code create_connection>, <frame at 0x0000015934BAC900, file 'C:\\Python314\\Lib\\asyncio\\base_events.py', line 1505, code _ensure_resolved>, <frame at 0x0000015934BADA80, file 'C:\\Python314\\Lib\\asyncio\\base_events.py', line 936, code getaddrinfo>, <frame at 0x0000015934BCD300, file 'C:\\Python314\\Lib\\concurrent\\futures\\thread.py', line 88, code run>, <frame at 0x0000015934B75C40, file 'C:\\Python314\\Lib\\concurrent\\futures\\thread.py', line 73, code run>, <frame at 0x0000015932088040, file 'C:\\Python314\\Lib\\socket.py', line 983, code getaddrinfo>]
The connection will be recovered in the background.
05:00:56 kraken.spot.websocket.connectors  WARNING | pending <Task pending name='Task-59' coro=<ConnectSpotWebsocket._recover_subscriptions() running at C:\Users\daroo\AppData\Roaming\Python\Python314\site-packages\kraken\spot\websocket\connectors.py:379> wait_for=<Future pending cb=[Task.task_wakeup()]>>
05:00:56 kraken.spot.websocket.connectors  WARNING | Cancelled <Task cancelling name='Task-59' coro=<ConnectSpotWebsocket._recover_subscriptions() running at C:\Users\daroo\AppData\Roaming\Python\Python314\site-packages\kraken\spot\websocket\connectors.py:379> wait_for=<Future cancelled>>
05:00:56 kraken.spot.websocket.connectors     INFO | Connection closed!
05:00:56 kraken.spot.websocket.connectors     INFO | Websocket start connect/reconnect
05:00:57 kraken.spot.websocket.connectors     INFO | Recover public subscriptions [{'channel': 'book', 'depth': 25, 'snapshot': True, 'symbol': ['USDG/USDC']}]: waiting
05:00:57 kraken.spot.websocket.connectors  WARNING | <Task finished name='Task-62' coro=<ConnectSpotWebsocketBase.__run() done, defined at C:\Users\daroo\AppData\Roaming\Python\Python314\site-packages\kraken\spot\websocket\connectors.py:134> exception=gaierror(11001, 'getaddrinfo failed')> got an exception [Errno 11001] getaddrinfo failed:
[<frame at 0x0000015934B92570, file 'C:\\Users\\daroo\\AppData\\Roaming\\Python\\Python314\\site-packages\\kraken\\spot\\websocket\\connectors.py', line 149, code __run>, <frame at 0x0000015934B8EB50, file 'C:\\Users\\daroo\\AppData\\Roaming\\Python\\Python314\\site-packages\\websockets\\asyncio\\client.py', line 590, code __aenter__>, <frame at 0x0000015934B92680, file 'C:\\Users\\daroo\\AppData\\Roaming\\Python\\Python314\\site-packages\\websockets\\asyncio\\client.py', line 579, code __await_impl__>, <frame at 0x0000015974FCC040, file 'C:\\Users\\daroo\\AppData\\Roaming\\Python\\Python314\\site-packages\\websockets\\asyncio\\client.py', line 470, code create_connection>, <frame at 0x0000015934AE4C80, file 'C:\\Python314\\Lib\\asyncio\\base_events.py', line 1119, code create_connection>, <frame at 0x0000015934BAD440, file 'C:\\Python314\\Lib\\asyncio\\base_events.py', line 1505, code _ensure_resolved>, <frame at 0x0000015934BADA80, file 'C:\\Python314\\Lib\\asyncio\\base_events.py', line 936, code getaddrinfo>, <frame at 0x0000015934BCD210, file 'C:\\Python314\\Lib\\concurrent\\futures\\thread.py', line 90, code run>, <frame at 0x0000015934B75C40, file 'C:\\Python314\\Lib\\concurrent\\futures\\thread.py', line 73, code run>, <frame at 0x0000015932088040, file 'C:\\Python314\\Lib\\socket.py', line 983, code getaddrinfo>]
The connection will be recovered in the background.
05:00:57 kraken.spot.websocket.connectors  WARNING | pending <Task pending name='Task-61' coro=<ConnectSpotWebsocket._recover_subscriptions() running at C:\Users\daroo\AppData\Roaming\Python\Python314\site-packages\kraken\spot\websocket\connectors.py:379> wait_for=<Future pending cb=[Task.task_wakeup()]>>
05:00:57 kraken.spot.websocket.connectors  WARNING | Cancelled <Task cancelling name='Task-61' coro=<ConnectSpotWebsocket._recover_subscriptions() running at C:\Users\daroo\AppData\Roaming\Python\Python314\site-packages\kraken\spot\websocket\connectors.py:379> wait_for=<Future cancelled>>
05:00:57 kraken.spot.websocket.connectors     INFO | Connection closed!
05:00:57 kraken.spot.websocket.connectors     INFO | Websocket start connect/reconnect
05:00:58 kraken.spot.websocket.connectors     INFO | Recover public subscriptions [{'channel': 'ohlc', 'interval': 1, 'snapshot': True, 'symbol': ['SOL/USD']}, {'channel': 'ohlc', 'interval': 1, 'snapshot': True, 'symbol': ['XRP/USD']}]: waiting
05:00:58 kraken.spot.websocket.connectors  WARNING | <Task finished name='Task-64' coro=<ConnectSpotWebsocketBase.__run() done, defined at C:\Users\daroo\AppData\Roaming\Python\Python314\site-packages\kraken\spot\websocket\connectors.py:134> exception=gaierror(11001, 'getaddrinfo failed')> got an exception [Errno 11001] getaddrinfo failed:
[<frame at 0x0000015934B92680, file 'C:\\Users\\daroo\\AppData\\Roaming\\Python\\Python314\\site-packages\\kraken\\spot\\websocket\\connectors.py', line 149, code __run>, <frame at 0x0000015934B8EC20, file 'C:\\Users\\daroo\\AppData\\Roaming\\Python\\Python314\\site-packages\\websockets\\asyncio\\client.py', line 590, code __aenter__>, <frame at 0x0000015934B92790, file 'C:\\Users\\daroo\\AppData\\Roaming\\Python\\Python314\\site-packages\\websockets\\asyncio\\client.py', line 579, code __await_impl__>, <frame at 0x0000015974FCC1B0, file 'C:\\Users\\daroo\\AppData\\Roaming\\Python\\Python314\\site-packages\\websockets\\asyncio\\client.py', line 470, code create_connection>, <frame at 0x0000015934AE4C80, file 'C:\\Python314\\Lib\\asyncio\\base_events.py', line 1119, code create_connection>, <frame at 0x0000015934BAC900, file 'C:\\Python314\\Lib\\asyncio\\base_events.py', line 1505, code _ensure_resolved>, <frame at 0x0000015934BADA80, file 'C:\\Python314\\Lib\\asyncio\\base_events.py', line 936, code getaddrinfo>, <frame at 0x0000015934BCD300, file 'C:\\Python314\\Lib\\concurrent\\futures\\thread.py', line 90, code run>, <frame at 0x0000015934B75C40, file 'C:\\Python314\\Lib\\concurrent\\futures\\thread.py', line 73, code run>, <frame at 0x0000015932088040, file 'C:\\Python314\\Lib\\socket.py', line 983, code getaddrinfo>]
The connection will be recovered in the background.
05:00:58 kraken.spot.websocket.connectors  WARNING | pending <Task pending name='Task-63' coro=<ConnectSpotWebsocket._recover_subscriptions() running at C:\Users\daroo\AppData\Roaming\Python\Python314\site-packages\kraken\spot\websocket\connectors.py:379> wait_for=<Future pending cb=[Task.task_wakeup()]>>
05:00:58 kraken.spot.websocket.connectors  WARNING | Cancelled <Task cancelling name='Task-63' coro=<ConnectSpotWebsocket._recover_subscriptions() running at C:\Users\daroo\AppData\Roaming\Python\Python314\site-packages\kraken\spot\websocket\connectors.py:379> wait_for=<Future cancelled>>
05:00:58 kraken.spot.websocket.connectors     INFO | Connection closed!
05:00:58 kraken.spot.websocket.connectors     INFO | Websocket start connect/reconnect
05:00:58 kraken.spot.websocket.connectors     INFO | Recover public subscriptions [{'channel': 'book', 'depth': 25, 'snapshot': True, 'symbol': ['USDG/USDC']}]: waiting
05:00:58 kraken.spot.websocket.connectors  WARNING | <Task finished name='Task-66' coro=<ConnectSpotWebsocketBase.__run() done, defined at C:\Users\daroo\AppData\Roaming\Python\Python314\site-packages\kraken\spot\websocket\connectors.py:134> exception=gaierror(11001, 'getaddrinfo failed')> got an exception [Errno 11001] getaddrinfo failed:
[<frame at 0x0000015934B928A0, file 'C:\\Users\\daroo\\AppData\\Roaming\\Python\\Python314\\site-packages\\kraken\\spot\\websocket\\connectors.py', line 149, code __run>, <frame at 0x0000015934B8EB50, file 'C:\\Users\\daroo\\AppData\\Roaming\\Python\\Python314\\site-packages\\websockets\\asyncio\\client.py', line 590, code __aenter__>, <frame at 0x0000015934B929B0, file 'C:\\Users\\daroo\\AppData\\Roaming\\Python\\Python314\\site-packages\\websockets\\asyncio\\client.py', line 579, code __await_impl__>, <frame at 0x0000015974FCC040, file 'C:\\Users\\daroo\\AppData\\Roaming\\Python\\Python314\\site-packages\\websockets\\asyncio\\client.py', line 470, code create_connection>, <frame at 0x0000015934AE4C80, file 'C:\\Python314\\Lib\\asyncio\\base_events.py', line 1119, code create_connection>, <frame at 0x0000015934BAD440, file 'C:\\Python314\\Lib\\asyncio\\base_events.py', line 1505, code _ensure_resolved>, <frame at 0x0000015934BADA80, file 'C:\\Python314\\Lib\\asyncio\\base_events.py', line 936, code getaddrinfo>, <frame at 0x0000015934BCD210, file 'C:\\Python314\\Lib\\concurrent\\futures\\thread.py', line 90, code run>, <frame at 0x0000015934B75B40, file 'C:\\Python314\\Lib\\concurrent\\futures\\thread.py', line 73, code run>, <frame at 0x0000015932088040, file 'C:\\Python314\\Lib\\socket.py', line 983, code getaddrinfo>]
The connection will be recovered in the background.
05:00:58 kraken.spot.websocket.connectors  WARNING | pending <Task pending name='Task-65' coro=<ConnectSpotWebsocket._recover_subscriptions() running at C:\Users\daroo\AppData\Roaming\Python\Python314\site-packages\kraken\spot\websocket\connectors.py:379> wait_for=<Future pending cb=[Task.task_wakeup()]>>
05:00:58 kraken.spot.websocket.connectors  WARNING | Cancelled <Task cancelling name='Task-65' coro=<ConnectSpotWebsocket._recover_subscriptions() running at C:\Users\daroo\AppData\Roaming\Python\Python314\site-packages\kraken\spot\websocket\connectors.py:379> wait_for=<Future cancelled>>
05:00:58 kraken.spot.websocket.connectors     INFO | Connection closed!
05:00:58 kraken.spot.websocket.connectors     INFO | Websocket start connect/reconnect
05:01:01 kraken.spot.websocket.connectors     INFO | Recover public subscriptions [{'channel': 'book', 'depth': 25, 'snapshot': True, 'symbol': ['USDG/USDC']}]: waiting
05:01:01 kraken.spot.websocket.connectors  WARNING | <Task finished name='Task-68' coro=<ConnectSpotWebsocketBase.__run() done, defined at C:\Users\daroo\AppData\Roaming\Python\Python314\site-packages\kraken\spot\websocket\connectors.py:134> exception=gaierror(11001, 'getaddrinfo failed')> got an exception [Errno 11001] getaddrinfo failed:
[<frame at 0x0000015934B92680, file 'C:\\Users\\daroo\\AppData\\Roaming\\Python\\Python314\\site-packages\\kraken\\spot\\websocket\\connectors.py', line 149, code __run>, <frame at 0x0000015934B8EC20, file 'C:\\Users\\daroo\\AppData\\Roaming\\Python\\Python314\\site-packages\\websockets\\asyncio\\client.py', line 590, code __aenter__>, <frame at 0x0000015934B929B0, file 'C:\\Users\\daroo\\AppData\\Roaming\\Python\\Python314\\site-packages\\websockets\\asyncio\\client.py', line 579, code __await_impl__>, <frame at 0x0000015974FCC1B0, file 'C:\\Users\\daroo\\AppData\\Roaming\\Python\\Python314\\site-packages\\websockets\\asyncio\\client.py', line 470, code create_connection>, <frame at 0x0000015934AE4C80, file 'C:\\Python314\\Lib\\asyncio\\base_events.py', line 1119, code create_connection>, <frame at 0x0000015934BAC900, file 'C:\\Python314\\Lib\\asyncio\\base_events.py', line 1505, code _ensure_resolved>, <frame at 0x0000015934BADA80, file 'C:\\Python314\\Lib\\asyncio\\base_events.py', line 936, code getaddrinfo>, <frame at 0x0000015934BCD300, file 'C:\\Python314\\Lib\\concurrent\\futures\\thread.py', line 90, code run>, <frame at 0x0000015934B75A40, file 'C:\\Python314\\Lib\\concurrent\\futures\\thread.py', line 73, code run>, <frame at 0x0000015932088040, file 'C:\\Python314\\Lib\\socket.py', line 983, code getaddrinfo>]
The connection will be recovered in the background.
05:01:01 kraken.spot.websocket.connectors  WARNING | pending <Task pending name='Task-67' coro=<ConnectSpotWebsocket._recover_subscriptions() running at C:\Users\daroo\AppData\Roaming\Python\Python314\site-packages\kraken\spot\websocket\connectors.py:379> wait_for=<Future pending cb=[Task.task_wakeup()]>>
05:01:01 kraken.spot.websocket.connectors  WARNING | Cancelled <Task cancelling name='Task-67' coro=<ConnectSpotWebsocket._recover_subscriptions() running at C:\Users\daroo\AppData\Roaming\Python\Python314\site-packages\kraken\spot\websocket\connectors.py:379> wait_for=<Future cancelled>>
05:01:01 kraken.spot.websocket.connectors     INFO | Connection closed!
05:01:01 kraken.spot.websocket.connectors     INFO | Websocket start connect/reconnect
05:01:04 kraken.spot.websocket.connectors     INFO | Recover public subscriptions [{'channel': 'ohlc', 'interval': 1, 'snapshot': True, 'symbol': ['SOL/USD']}, {'channel': 'ohlc', 'interval': 1, 'snapshot': True, 'symbol': ['XRP/USD']}]: waiting
05:01:04 kraken.spot.websocket.connectors  WARNING | <Task finished name='Task-70' coro=<ConnectSpotWebsocketBase.__run() done, defined at C:\Users\daroo\AppData\Roaming\Python\Python314\site-packages\kraken\spot\websocket\connectors.py:134> exception=gaierror(11001, 'getaddrinfo failed')> got an exception [Errno 11001] getaddrinfo failed:
[<frame at 0x0000015934B92680, file 'C:\\Users\\daroo\\AppData\\Roaming\\Python\\Python314\\site-packages\\kraken\\spot\\websocket\\connectors.py', line 149, code __run>, <frame at 0x0000015934B8EB50, file 'C:\\Users\\daroo\\AppData\\Roaming\\Python\\Python314\\site-packages\\websockets\\asyncio\\client.py', line 590, code __aenter__>, <frame at 0x0000015934B92570, file 'C:\\Users\\daroo\\AppData\\Roaming\\Python\\Python314\\site-packages\\websockets\\asyncio\\client.py', line 579, code __await_impl__>, <frame at 0x0000015974FCC040, file 'C:\\Users\\daroo\\AppData\\Roaming\\Python\\Python314\\site-packages\\websockets\\asyncio\\client.py', line 470, code create_connection>, <frame at 0x0000015934AE4C80, file 'C:\\Python314\\Lib\\asyncio\\base_events.py', line 1119, code create_connection>, <frame at 0x0000015934BAD440, file 'C:\\Python314\\Lib\\asyncio\\base_events.py', line 1505, code _ensure_resolved>, <frame at 0x0000015934BADA80, file 'C:\\Python314\\Lib\\asyncio\\base_events.py', line 936, code getaddrinfo>, <frame at 0x0000015934BCCF40, file 'C:\\Python314\\Lib\\concurrent\\futures\\thread.py', line 90, code run>, <frame at 0x0000015934B76040, file 'C:\\Python314\\Lib\\concurrent\\futures\\thread.py', line 73, code run>, <frame at 0x0000015932088040, file 'C:\\Python314\\Lib\\socket.py', line 983, code getaddrinfo>]
The connection will be recovered in the background.
05:01:04 kraken.spot.websocket.connectors  WARNING | pending <Task pending name='Task-69' coro=<ConnectSpotWebsocket._recover_subscriptions() running at C:\Users\daroo\AppData\Roaming\Python\Python314\site-packages\kraken\spot\websocket\connectors.py:379> wait_for=<Future pending cb=[Task.task_wakeup()]>>
05:01:04 kraken.spot.websocket.connectors  WARNING | Cancelled <Task cancelling name='Task-69' coro=<ConnectSpotWebsocket._recover_subscriptions() running at C:\Users\daroo\AppData\Roaming\Python\Python314\site-packages\kraken\spot\websocket\connectors.py:379> wait_for=<Future cancelled>>
05:01:04 kraken.spot.websocket.connectors     INFO | Connection closed!
05:01:04 kraken.spot.websocket.connectors     INFO | Websocket start connect/reconnect
05:01:06 kraken.spot.websocket.connectors     INFO | Recover public subscriptions [{'channel': 'book', 'depth': 25, 'snapshot': True, 'symbol': ['USDG/USDC']}]: waiting
05:01:06 kraken.spot.websocket.connectors  WARNING | <Task finished name='Task-72' coro=<ConnectSpotWebsocketBase.__run() done, defined at C:\Users\daroo\AppData\Roaming\Python\Python314\site-packages\kraken\spot\websocket\connectors.py:134> exception=gaierror(11001, 'getaddrinfo failed')> got an exception [Errno 11001] getaddrinfo failed:
[<frame at 0x0000015934B92680, file 'C:\\Users\\daroo\\AppData\\Roaming\\Python\\Python314\\site-packages\\kraken\\spot\\websocket\\connectors.py', line 149, code __run>, <frame at 0x0000015934B8EC20, file 'C:\\Users\\daroo\\AppData\\Roaming\\Python\\Python314\\site-packages\\websockets\\asyncio\\client.py', line 590, code __aenter__>, <frame at 0x0000015934B92570, file 'C:\\Users\\daroo\\AppData\\Roaming\\Python\\Python314\\site-packages\\websockets\\asyncio\\client.py', line 579, code __await_impl__>, <frame at 0x0000015974FCC1B0, file 'C:\\Users\\daroo\\AppData\\Roaming\\Python\\Python314\\site-packages\\websockets\\asyncio\\client.py', line 470, code create_connection>, <frame at 0x0000015934AE4C80, file 'C:\\Python314\\Lib\\asyncio\\base_events.py', line 1119, code create_connection>, <frame at 0x0000015934BAC900, file 'C:\\Python314\\Lib\\asyncio\\base_events.py', line 1505, code _ensure_resolved>, <frame at 0x0000015934BADA80, file 'C:\\Python314\\Lib\\asyncio\\base_events.py', line 936, code getaddrinfo>, <frame at 0x0000015934BCD120, file 'C:\\Python314\\Lib\\concurrent\\futures\\thread.py', line 90, code run>, <frame at 0x0000015934B76140, file 'C:\\Python314\\Lib\\concurrent\\futures\\thread.py', line 73, code run>, <frame at 0x0000015932088040, file 'C:\\Python314\\Lib\\socket.py', line 983, code getaddrinfo>]
The connection will be recovered in the background.
05:01:06 kraken.spot.websocket.connectors  WARNING | pending <Task pending name='Task-71' coro=<ConnectSpotWebsocket._recover_subscriptions() running at C:\Users\daroo\AppData\Roaming\Python\Python314\site-packages\kraken\spot\websocket\connectors.py:379> wait_for=<Future pending cb=[Task.task_wakeup()]>>
05:01:06 kraken.spot.websocket.connectors  WARNING | Cancelled <Task cancelling name='Task-71' coro=<ConnectSpotWebsocket._recover_subscriptions() running at C:\Users\daroo\AppData\Roaming\Python\Python314\site-packages\kraken\spot\websocket\connectors.py:379> wait_for=<Future cancelled>>
05:01:06 kraken.spot.websocket.connectors     INFO | Connection closed!
05:01:06 kraken.spot.websocket.connectors     INFO | Websocket start connect/reconnect
05:01:17 kraken.spot.websocket.connectors     INFO | Recover public subscriptions [{'channel': 'ohlc', 'interval': 1, 'snapshot': True, 'symbol': ['SOL/USD']}, {'channel': 'ohlc', 'interval': 1, 'snapshot': True, 'symbol': ['XRP/USD']}]: waiting
05:01:17 kraken.spot.websocket.connectors  WARNING | <Task finished name='Task-74' coro=<ConnectSpotWebsocketBase.__run() done, defined at C:\Users\daroo\AppData\Roaming\Python\Python314\site-packages\kraken\spot\websocket\connectors.py:134> exception=gaierror(11001, 'getaddrinfo failed')> got an exception [Errno 11001] getaddrinfo failed:
[<frame at 0x0000015934B92680, file 'C:\\Users\\daroo\\AppData\\Roaming\\Python\\Python314\\site-packages\\kraken\\spot\\websocket\\connectors.py', line 149, code __run>, <frame at 0x0000015934B8EB50, file 'C:\\Users\\daroo\\AppData\\Roaming\\Python\\Python314\\site-packages\\websockets\\asyncio\\client.py', line 590, code __aenter__>, <frame at 0x0000015934B92570, file 'C:\\Users\\daroo\\AppData\\Roaming\\Python\\Python314\\site-packages\\websockets\\asyncio\\client.py', line 579, code __await_impl__>, <frame at 0x0000015974FCC040, file 'C:\\Users\\daroo\\AppData\\Roaming\\Python\\Python314\\site-packages\\websockets\\asyncio\\client.py', line 470, code create_connection>, <frame at 0x0000015934AE4C80, file 'C:\\Python314\\Lib\\asyncio\\base_events.py', line 1119, code create_connection>, <frame at 0x0000015934BAD440, file 'C:\\Python314\\Lib\\asyncio\\base_events.py', line 1505, code _ensure_resolved>, <frame at 0x0000015934BADA80, file 'C:\\Python314\\Lib\\asyncio\\base_events.py', line 936, code getaddrinfo>, <frame at 0x0000015934BCD3F0, file 'C:\\Python314\\Lib\\concurrent\\futures\\thread.py', line 90, code run>, <frame at 0x0000015934B75B40, file 'C:\\Python314\\Lib\\concurrent\\futures\\thread.py', line 73, code run>, <frame at 0x0000015932088040, file 'C:\\Python314\\Lib\\socket.py', line 983, code getaddrinfo>]
The connection will be recovered in the background.
05:01:17 kraken.spot.websocket.connectors  WARNING | pending <Task pending name='Task-73' coro=<ConnectSpotWebsocket._recover_subscriptions() running at C:\Users\daroo\AppData\Roaming\Python\Python314\site-packages\kraken\spot\websocket\connectors.py:379> wait_for=<Future pending cb=[Task.task_wakeup()]>>
05:01:17 kraken.spot.websocket.connectors  WARNING | Cancelled <Task cancelling name='Task-73' coro=<ConnectSpotWebsocket._recover_subscriptions() running at C:\Users\daroo\AppData\Roaming\Python\Python314\site-packages\kraken\spot\websocket\connectors.py:379> wait_for=<Future cancelled>>
05:01:17 kraken.spot.websocket.connectors     INFO | Connection closed!
05:01:17 kraken.spot.websocket.connectors     INFO | Websocket start connect/reconnect
05:01:19 kraken.spot.websocket.connectors     INFO | Recover public subscriptions [{'channel': 'book', 'depth': 25, 'snapshot': True, 'symbol': ['USDG/USDC']}]: waiting
05:01:19 kraken.spot.websocket.connectors  WARNING | <Task finished name='Task-76' coro=<ConnectSpotWebsocketBase.__run() done, defined at C:\Users\daroo\AppData\Roaming\Python\Python314\site-packages\kraken\spot\websocket\connectors.py:134> exception=gaierror(11001, 'getaddrinfo failed')> got an exception [Errno 11001] getaddrinfo failed:
[<frame at 0x0000015934B92680, file 'C:\\Users\\daroo\\AppData\\Roaming\\Python\\Python314\\site-packages\\kraken\\spot\\websocket\\connectors.py', line 149, code __run>, <frame at 0x0000015934B8EC20, file 'C:\\Users\\daroo\\AppData\\Roaming\\Python\\Python314\\site-packages\\websockets\\asyncio\\client.py', line 590, code __aenter__>, <frame at 0x0000015934B92570, file 'C:\\Users\\daroo\\AppData\\Roaming\\Python\\Python314\\site-packages\\websockets\\asyncio\\client.py', line 579, code __await_impl__>, <frame at 0x0000015974FCC1B0, file 'C:\\Users\\daroo\\AppData\\Roaming\\Python\\Python314\\site-packages\\websockets\\asyncio\\client.py', line 470, code create_connection>, <frame at 0x0000015934AE4C80, file 'C:\\Python314\\Lib\\asyncio\\base_events.py', line 1119, code create_connection>, <frame at 0x0000015934BAC900, file 'C:\\Python314\\Lib\\asyncio\\base_events.py', line 1505, code _ensure_resolved>, <frame at 0x0000015934BADA80, file 'C:\\Python314\\Lib\\asyncio\\base_events.py', line 936, code getaddrinfo>, <frame at 0x0000015934BCD3F0, file 'C:\\Python314\\Lib\\concurrent\\futures\\thread.py', line 90, code run>, <frame at 0x0000015934B75B40, file 'C:\\Python314\\Lib\\concurrent\\futures\\thread.py', line 73, code run>, <frame at 0x0000015932088040, file 'C:\\Python314\\Lib\\socket.py', line 983, code getaddrinfo>]
The connection will be recovered in the background.
05:01:19 kraken.spot.websocket.connectors  WARNING | pending <Task pending name='Task-75' coro=<ConnectSpotWebsocket._recover_subscriptions() running at C:\Users\daroo\AppData\Roaming\Python\Python314\site-packages\kraken\spot\websocket\connectors.py:379> wait_for=<Future pending cb=[Task.task_wakeup()]>>
05:01:19 kraken.spot.websocket.connectors  WARNING | Cancelled <Task cancelling name='Task-75' coro=<ConnectSpotWebsocket._recover_subscriptions() running at C:\Users\daroo\AppData\Roaming\Python\Python314\site-packages\kraken\spot\websocket\connectors.py:379> wait_for=<Future cancelled>>
05:01:19 kraken.spot.websocket.connectors     INFO | Connection closed!
05:01:19 kraken.spot.websocket.connectors     INFO | Websocket start connect/reconnect
05:01:21 backend.server.scalp_bot.scalp_runtime     INFO | ScalpRuntime SOL_USD [auto]: rsi=44.4 ema=bear vwap=False vol=True | open_pos=1 | daily_pnl=-0.5243
05:01:21 backend.server.scalp_bot.scalp_runtime     INFO | ScalpRuntime XRP_USD [auto]: rsi=65.7 ema=bull vwap=False vol=True | open_pos=1 | daily_pnl=-0.5243
05:01:22 kraken.spot.websocket.connectors     INFO | Recover public subscriptions [{'channel': 'book', 'depth': 25, 'snapshot': True, 'symbol': ['USDG/USDC']}]: waiting
05:01:22 kraken.spot.websocket.connectors  WARNING | <Task finished name='Task-78' coro=<ConnectSpotWebsocketBase.__run() done, defined at C:\Users\daroo\AppData\Roaming\Python\Python314\site-packages\kraken\spot\websocket\connectors.py:134> exception=gaierror(11001, 'getaddrinfo failed')> got an exception [Errno 11001] getaddrinfo failed:
[<frame at 0x0000015934B92680, file 'C:\\Users\\daroo\\AppData\\Roaming\\Python\\Python314\\site-packages\\kraken\\spot\\websocket\\connectors.py', line 149, code __run>, <frame at 0x0000015934B8EB50, file 'C:\\Users\\daroo\\AppData\\Roaming\\Python\\Python314\\site-packages\\websockets\\asyncio\\client.py', line 590, code __aenter__>, <frame at 0x0000015934B92570, file 'C:\\Users\\daroo\\AppData\\Roaming\\Python\\Python314\\site-packages\\websockets\\asyncio\\client.py', line 579, code __await_impl__>, <frame at 0x0000015974FCC040, file 'C:\\Users\\daroo\\AppData\\Roaming\\Python\\Python314\\site-packages\\websockets\\asyncio\\client.py', line 470, code create_connection>, <frame at 0x0000015934AE4C80, file 'C:\\Python314\\Lib\\asyncio\\base_events.py', line 1119, code create_connection>, <frame at 0x0000015934BAD440, file 'C:\\Python314\\Lib\\asyncio\\base_events.py', line 1505, code _ensure_resolved>, <frame at 0x0000015934BADA80, file 'C:\\Python314\\Lib\\asyncio\\base_events.py', line 936, code getaddrinfo>, <frame at 0x0000015934BCD120, file 'C:\\Python314\\Lib\\concurrent\\futures\\thread.py', line 90, code run>, <frame at 0x0000015934B75B40, file 'C:\\Python314\\Lib\\concurrent\\futures\\thread.py', line 73, code run>, <frame at 0x0000015932088040, file 'C:\\Python314\\Lib\\socket.py', line 983, code getaddrinfo>]
The connection will be recovered in the background.
05:01:22 kraken.spot.websocket.connectors  WARNING | pending <Task pending name='Task-77' coro=<ConnectSpotWebsocket._recover_subscriptions() running at C:\Users\daroo\AppData\Roaming\Python\Python314\site-packages\kraken\spot\websocket\connectors.py:379> wait_for=<Future pending cb=[Task.task_wakeup()]>>
05:01:22 kraken.spot.websocket.connectors  WARNING | Cancelled <Task cancelling name='Task-77' coro=<ConnectSpotWebsocket._recover_subscriptions() running at C:\Users\daroo\AppData\Roaming\Python\Python314\site-packages\kraken\spot\websocket\connectors.py:379> wait_for=<Future cancelled>>
05:01:22 kraken.spot.websocket.connectors     INFO | Connection closed!
05:01:22 kraken.spot.websocket.connectors     INFO | Websocket start connect/reconnect
05:01:46 kraken.spot.websocket.connectors     INFO | Recover public subscriptions [{'channel': 'ohlc', 'interval': 1, 'snapshot': True, 'symbol': ['SOL/USD']}, {'channel': 'ohlc', 'interval': 1, 'snapshot': True, 'symbol': ['XRP/USD']}]: waiting
05:01:46 kraken.spot.websocket.connectors  WARNING | <Task finished name='Task-80' coro=<ConnectSpotWebsocketBase.__run() done, defined at C:\Users\daroo\AppData\Roaming\Python\Python314\site-packages\kraken\spot\websocket\connectors.py:134> exception=gaierror(11001, 'getaddrinfo failed')> got an exception [Errno 11001] getaddrinfo failed:
[<frame at 0x0000015934B92680, file 'C:\\Users\\daroo\\AppData\\Roaming\\Python\\Python314\\site-packages\\kraken\\spot\\websocket\\connectors.py', line 149, code __run>, <frame at 0x0000015934B8EB50, file 'C:\\Users\\daroo\\AppData\\Roaming\\Python\\Python314\\site-packages\\websockets\\asyncio\\client.py', line 590, code __aenter__>, <frame at 0x0000015934B92570, file 'C:\\Users\\daroo\\AppData\\Roaming\\Python\\Python314\\site-packages\\websockets\\asyncio\\client.py', line 579, code __await_impl__>, <frame at 0x0000015974FCC1B0, file 'C:\\Users\\daroo\\AppData\\Roaming\\Python\\Python314\\site-packages\\websockets\\asyncio\\client.py', line 470, code create_connection>, <frame at 0x0000015934AE4C80, file 'C:\\Python314\\Lib\\asyncio\\base_events.py', line 1119, code create_connection>, <frame at 0x0000015934BAC900, file 'C:\\Python314\\Lib\\asyncio\\base_events.py', line 1505, code _ensure_resolved>, <frame at 0x0000015934BADA80, file 'C:\\Python314\\Lib\\asyncio\\base_events.py', line 936, code getaddrinfo>, <frame at 0x0000015934BCCF40, file 'C:\\Python314\\Lib\\concurrent\\futures\\thread.py', line 90, code run>, <frame at 0x0000015934B75A40, file 'C:\\Python314\\Lib\\concurrent\\futures\\thread.py', line 73, code run>, <frame at 0x0000015932088040, file 'C:\\Python314\\Lib\\socket.py', line 983, code getaddrinfo>]
The connection will be recovered in the background.
05:01:46 kraken.spot.websocket.connectors  WARNING | pending <Task pending name='Task-79' coro=<ConnectSpotWebsocket._recover_subscriptions() running at C:\Users\daroo\AppData\Roaming\Python\Python314\site-packages\kraken\spot\websocket\connectors.py:379> wait_for=<Future pending cb=[Task.task_wakeup()]>>
05:01:46 kraken.spot.websocket.connectors  WARNING | Cancelled <Task cancelling name='Task-79' coro=<ConnectSpotWebsocket._recover_subscriptions() running at C:\Users\daroo\AppData\Roaming\Python\Python314\site-packages\kraken\spot\websocket\connectors.py:379> wait_for=<Future cancelled>>
05:01:46 kraken.spot.websocket.connectors     INFO | Connection closed!
05:01:46 kraken.spot.websocket.connectors     INFO | Websocket start connect/reconnect
05:02:21 backend.server.scalp_bot.scalp_runtime     INFO | ScalpRuntime SOL_USD [auto]: rsi=44.4 ema=bear vwap=False vol=True | open_pos=1 | daily_pnl=-0.5243
05:02:21 backend.server.scalp_bot.scalp_runtime     INFO | ScalpRuntime XRP_USD [auto]: rsi=65.7 ema=bull vwap=False vol=True | open_pos=1 | daily_pnl=-0.5243
05:02:47 kraken.spot.websocket.connectors     INFO | Recover public subscriptions [{'channel': 'ohlc', 'interval': 1, 'snapshot': True, 'symbol': ['SOL/USD']}, {'channel': 'ohlc', 'interval': 1, 'snapshot': True, 'symbol': ['XRP/USD']}]: waiting
05:02:47 kraken.spot.websocket.connectors  WARNING | <Task finished name='Task-82' coro=<ConnectSpotWebsocketBase.__run() done, defined at C:\Users\daroo\AppData\Roaming\Python\Python314\site-packages\kraken\spot\websocket\connectors.py:134> exception=gaierror(11001, 'getaddrinfo failed')> got an exception [Errno 11001] getaddrinfo failed:
[<frame at 0x0000015934B92680, file 'C:\\Users\\daroo\\AppData\\Roaming\\Python\\Python314\\site-packages\\kraken\\spot\\websocket\\connectors.py', line 149, code __run>, <frame at 0x0000015934B8EE90, file 'C:\\Users\\daroo\\AppData\\Roaming\\Python\\Python314\\site-packages\\websockets\\asyncio\\client.py', line 590, code __aenter__>, <frame at 0x0000015934B92570, file 'C:\\Users\\daroo\\AppData\\Roaming\\Python\\Python314\\site-packages\\websockets\\asyncio\\client.py', line 579, code __await_impl__>, <frame at 0x0000015974FCC040, file 'C:\\Users\\daroo\\AppData\\Roaming\\Python\\Python314\\site-packages\\websockets\\asyncio\\client.py', line 470, code create_connection>, <frame at 0x0000015934AE4C80, file 'C:\\Python314\\Lib\\asyncio\\base_events.py', line 1119, code create_connection>, <frame at 0x0000015934BAD440, file 'C:\\Python314\\Lib\\asyncio\\base_events.py', line 1505, code _ensure_resolved>, <frame at 0x0000015934BADA80, file 'C:\\Python314\\Lib\\asyncio\\base_events.py', line 936, code getaddrinfo>, <frame at 0x0000015934BCD120, file 'C:\\Python314\\Lib\\concurrent\\futures\\thread.py', line 90, code run>, <frame at 0x0000015934B75A40, file 'C:\\Python314\\Lib\\concurrent\\futures\\thread.py', line 73, code run>, <frame at 0x0000015932088040, file 'C:\\Python314\\Lib\\socket.py', line 983, code getaddrinfo>]
The connection will be recovered in the background.
05:02:47 kraken.spot.websocket.connectors  WARNING | pending <Task pending name='Task-81' coro=<ConnectSpotWebsocket._recover_subscriptions() running at C:\Users\daroo\AppData\Roaming\Python\Python314\site-packages\kraken\spot\websocket\connectors.py:379> wait_for=<Future pending cb=[Task.task_wakeup()]>>
05:02:47 kraken.spot.websocket.connectors  WARNING | Cancelled <Task cancelling name='Task-81' coro=<ConnectSpotWebsocket._recover_subscriptions() running at C:\Users\daroo\AppData\Roaming\Python\Python314\site-packages\kraken\spot\websocket\connectors.py:379> wait_for=<Future cancelled>>
05:02:47 kraken.spot.websocket.connectors     INFO | Connection closed!
05:02:47 kraken.spot.websocket.connectors     INFO | Websocket start connect/reconnect
05:03:21 backend.server.scalp_bot.scalp_runtime     INFO | ScalpRuntime SOL_USD [auto]: rsi=44.4 ema=bear vwap=False vol=True | open_pos=1 | daily_pnl=-0.5243
05:03:21 backend.server.scalp_bot.scalp_runtime     INFO | ScalpRuntime XRP_USD [auto]: rsi=65.7 ema=bull vwap=False vol=True | open_pos=1 | daily_pnl=-0.5243
05:04:21 backend.server.scalp_bot.scalp_runtime     INFO | ScalpRuntime SOL_USD [auto]: rsi=44.4 ema=bear vwap=False vol=True | open_pos=1 | daily_pnl=-0.5243
05:04:21 backend.server.scalp_bot.scalp_runtime     INFO | ScalpRuntime XRP_USD [auto]: rsi=65.7 ema=bull vwap=False vol=True | open_pos=1 | daily_pnl=-0.5243
05:05:21 backend.server.scalp_bot.scalp_runtime     INFO | ScalpRuntime SOL_USD [auto]: rsi=44.4 ema=bear vwap=False vol=True | open_pos=1 | daily_pnl=-0.5243
05:05:21 backend.server.scalp_bot.scalp_runtime     INFO | ScalpRuntime XRP_USD [auto]: rsi=65.7 ema=bull vwap=False vol=True | open_pos=1 | daily_pnl=-0.5243
05:06:21 backend.server.scalp_bot.scalp_runtime     INFO | ScalpRuntime SOL_USD [auto]: rsi=44.4 ema=bear vwap=False vol=True | open_pos=1 | daily_pnl=-0.5243
05:06:21 backend.server.scalp_bot.scalp_runtime     INFO | ScalpRuntime XRP_USD [auto]: rsi=65.7 ema=bull vwap=False vol=True | open_pos=1 | daily_pnl=-0.5243
05:07:21 backend.server.scalp_bot.scalp_runtime     INFO | ScalpRuntime SOL_USD [auto]: rsi=44.4 ema=bear vwap=False vol=True | open_pos=1 | daily_pnl=-0.5243
05:07:21 backend.server.scalp_bot.scalp_runtime     INFO | ScalpRuntime XRP_USD [auto]: rsi=65.7 ema=bull vwap=False vol=True | open_pos=1 | daily_pnl=-0.5243
05:08:21 backend.server.scalp_bot.scalp_runtime     INFO | ScalpRuntime SOL_USD [auto]: rsi=44.4 ema=bear vwap=False vol=True | open_pos=1 | daily_pnl=-0.5243
05:08:21 backend.server.scalp_bot.scalp_runtime     INFO | ScalpRuntime XRP_USD [auto]: rsi=65.7 ema=bull vwap=False vol=True | open_pos=1 | daily_pnl=-0.5243
05:09:21 backend.server.scalp_bot.scalp_runtime     INFO | ScalpRuntime SOL_USD [auto]: rsi=44.4 ema=bear vwap=False vol=True | open_pos=1 | daily_pnl=-0.5243
05:09:21 backend.server.scalp_bot.scalp_runtime     INFO | ScalpRuntime XRP_USD [auto]: rsi=65.7 ema=bull vwap=False vol=True | open_pos=1 | daily_pnl=-0.5243
05:10:21 backend.server.scalp_bot.scalp_runtime     INFO | ScalpRuntime SOL_USD [auto]: rsi=44.4 ema=bear vwap=False vol=True | open_pos=1 | daily_pnl=-0.5243
05:10:21 backend.server.scalp_bot.scalp_runtime     INFO | ScalpRuntime XRP_USD [auto]: rsi=65.7 ema=bull vwap=False vol=True | open_pos=1 | daily_pnl=-0.5243
05:11:21 backend.server.scalp_bot.scalp_runtime     INFO | ScalpRuntime SOL_USD [auto]: rsi=44.4 ema=bear vwap=False vol=True | open_pos=1 | daily_pnl=-0.5243
05:11:21 backend.server.scalp_bot.scalp_runtime     INFO | ScalpRuntime XRP_USD [auto]: rsi=65.7 ema=bull vwap=False vol=True | open_pos=1 | daily_pnl=-0.5243
05:12:21 backend.server.scalp_bot.scalp_runtime     INFO | ScalpRuntime SOL_USD [auto]: rsi=44.4 ema=bear vwap=False vol=True | open_pos=1 | daily_pnl=-0.5243
05:12:21 backend.server.scalp_bot.scalp_runtime     INFO | ScalpRuntime XRP_USD [auto]: rsi=65.7 ema=bull vwap=False vol=True | open_pos=1 | daily_pnl=-0.5243
05:13:21 backend.server.scalp_bot.scalp_runtime     INFO | ScalpRuntime SOL_USD [auto]: rsi=44.4 ema=bear vwap=False vol=True | open_pos=1 | daily_pnl=-0.5243
05:13:21 backend.server.scalp_bot.scalp_runtime     INFO | ScalpRuntime XRP_USD [auto]: rsi=65.7 ema=bull vwap=False vol=True | open_pos=1 | daily_pnl=-0.5243
05:14:21 backend.server.scalp_bot.scalp_runtime     INFO | ScalpRuntime SOL_USD [auto]: rsi=44.4 ema=bear vwap=False vol=True | open_pos=1 | daily_pnl=-0.5243
05:14:21 backend.server.scalp_bot.scalp_runtime     INFO | ScalpRuntime XRP_USD [auto]: rsi=65.7 ema=bull vwap=False vol=True | open_pos=1 | daily_pnl=-0.5243
05:15:21 backend.server.scalp_bot.scalp_runtime     INFO | ScalpRuntime SOL_USD [auto]: rsi=44.4 ema=bear vwap=False vol=True | open_pos=1 | daily_pnl=-0.5243
05:15:21 backend.server.scalp_bot.scalp_runtime     INFO | ScalpRuntime XRP_USD [auto]: rsi=65.7 ema=bull vwap=False vol=True | open_pos=1 | daily_pnl=-0.5243
05:16:21 backend.server.scalp_bot.scalp_runtime     INFO | ScalpRuntime SOL_USD [auto]: rsi=44.4 ema=bear vwap=False vol=True | open_pos=1 | daily_pnl=-0.5243
05:16:21 backend.server.scalp_bot.scalp_runtime     INFO | ScalpRuntime XRP_USD [auto]: rsi=65.7 ema=bull vwap=False vol=True | open_pos=1 | daily_pnl=-0.5243
05:17:21 backend.server.scalp_bot.scalp_runtime     INFO | ScalpRuntime SOL_USD [auto]: rsi=44.4 ema=bear vwap=False vol=True | open_pos=1 | daily_pnl=-0.5243
05:17:21 backend.server.scalp_bot.scalp_runtime     INFO | ScalpRuntime XRP_USD [auto]: rsi=65.7 ema=bull vwap=False vol=True | open_pos=1 | daily_pnl=-0.5243
05:18:21 backend.server.scalp_bot.scalp_runtime     INFO | ScalpRuntime SOL_USD [auto]: rsi=44.4 ema=bear vwap=False vol=True | open_pos=1 | daily_pnl=-0.5243
05:18:21 backend.server.scalp_bot.scalp_runtime     INFO | ScalpRuntime XRP_USD [auto]: rsi=65.7 ema=bull vwap=False vol=True | open_pos=1 | daily_pnl=-0.5243
05:19:21 backend.server.scalp_bot.scalp_runtime     INFO | ScalpRuntime SOL_USD [auto]: rsi=44.4 ema=bear vwap=False vol=True | open_pos=1 | daily_pnl=-0.5243
05:19:21 backend.server.scalp_bot.scalp_runtime     INFO | ScalpRuntime XRP_USD [auto]: rsi=65.7 ema=bull vwap=False vol=True | open_pos=1 | daily_pnl=-0.5243
05:20:21 backend.server.scalp_bot.scalp_runtime     INFO | ScalpRuntime SOL_USD [auto]: rsi=44.4 ema=bear vwap=False vol=True | open_pos=1 | daily_pnl=-0.5243
05:20:21 backend.server.scalp_bot.scalp_runtime     INFO | ScalpRuntime XRP_USD [auto]: rsi=65.7 ema=bull vwap=False vol=True | open_pos=1 | daily_pnl=-0.5243
05:21:21 backend.server.scalp_bot.scalp_runtime     INFO | ScalpRuntime SOL_USD [auto]: rsi=44.4 ema=bear vwap=False vol=True | open_pos=1 | daily_pnl=-0.5243
05:21:21 backend.server.scalp_bot.scalp_runtime     INFO | ScalpRuntime XRP_USD [auto]: rsi=65.7 ema=bull vwap=False vol=True | open_pos=1 | daily_pnl=-0.5243
05:22:21 backend.server.scalp_bot.scalp_runtime     INFO | ScalpRuntime SOL_USD [auto]: rsi=44.4 ema=bear vwap=False vol=True | open_pos=1 | daily_pnl=-0.5243
05:22:21 backend.server.scalp_bot.scalp_runtime     INFO | ScalpRuntime XRP_USD [auto]: rsi=65.7 ema=bull vwap=False vol=True | open_pos=1 | daily_pnl=-0.5243
05:23:21 backend.server.scalp_bot.scalp_runtime     INFO | ScalpRuntime SOL_USD [auto]: rsi=44.4 ema=bear vwap=False vol=True | open_pos=1 | daily_pnl=-0.5243
05:23:21 backend.server.scalp_bot.scalp_runtime     INFO | ScalpRuntime XRP_USD [auto]: rsi=65.7 ema=bull vwap=False vol=True | open_pos=1 | daily_pnl=-0.5243
05:24:21 backend.server.scalp_bot.scalp_runtime     INFO | ScalpRuntime SOL_USD [auto]: rsi=44.4 ema=bear vwap=False vol=True | open_pos=1 | daily_pnl=-0.5243
05:24:21 backend.server.scalp_bot.scalp_runtime     INFO | ScalpRuntime XRP_USD [auto]: rsi=65.7 ema=bull vwap=False vol=True | open_pos=1 | daily_pnl=-0.5243
05:25:21 backend.server.scalp_bot.scalp_runtime     INFO | ScalpRuntime SOL_USD [auto]: rsi=44.4 ema=bear vwap=False vol=True | open_pos=1 | daily_pnl=-0.5243
05:25:21 backend.server.scalp_bot.scalp_runtime     INFO | ScalpRuntime XRP_USD [auto]: rsi=65.7 ema=bull vwap=False vol=True | open_pos=1 | daily_pnl=-0.5243
05:26:21 backend.server.scalp_bot.scalp_runtime     INFO | ScalpRuntime SOL_USD [auto]: rsi=44.4 ema=bear vwap=False vol=True | open_pos=1 | daily_pnl=-0.5243
05:26:21 backend.server.scalp_bot.scalp_runtime     INFO | ScalpRuntime XRP_USD [auto]: rsi=65.7 ema=bull vwap=False vol=True | open_pos=1 | daily_pnl=-0.5243
05:27:21 backend.server.scalp_bot.scalp_runtime     INFO | ScalpRuntime SOL_USD [auto]: rsi=44.4 ema=bear vwap=False vol=True | open_pos=1 | daily_pnl=-0.5243
05:27:21 backend.server.scalp_bot.scalp_runtime     INFO | ScalpRuntime XRP_USD [auto]: rsi=65.7 ema=bull vwap=False vol=True | open_pos=1 | daily_pnl=-0.5243
05:28:21 backend.server.scalp_bot.scalp_runtime     INFO | ScalpRuntime SOL_USD [auto]: rsi=44.4 ema=bear vwap=False vol=True | open_pos=1 | daily_pnl=-0.5243
05:28:21 backend.server.scalp_bot.scalp_runtime     INFO | ScalpRuntime XRP_USD [auto]: rsi=65.7 ema=bull vwap=False vol=True | open_pos=1 | daily_pnl=-0.5243
05:29:21 backend.server.scalp_bot.scalp_runtime     INFO | ScalpRuntime SOL_USD [auto]: rsi=44.4 ema=bear vwap=False vol=True | open_pos=1 | daily_pnl=-0.5243
05:29:21 backend.server.scalp_bot.scalp_runtime     INFO | ScalpRuntime XRP_USD [auto]: rsi=65.7 ema=bull vwap=False vol=True | open_pos=1 | daily_pnl=-0.5243
05:30:21 backend.server.scalp_bot.scalp_runtime     INFO | ScalpRuntime SOL_USD [auto]: rsi=44.4 ema=bear vwap=False vol=True | open_pos=1 | daily_pnl=-0.5243
05:30:21 backend.server.scalp_bot.scalp_runtime     INFO | ScalpRuntime XRP_USD [auto]: rsi=65.7 ema=bull vwap=False vol=True | open_pos=1 | daily_pnl=-0.5243
05:31:21 backend.server.scalp_bot.scalp_runtime     INFO | ScalpRuntime SOL_USD [auto]: rsi=44.4 ema=bear vwap=False vol=True | open_pos=1 | daily_pnl=-0.5243
05:31:21 backend.server.scalp_bot.scalp_runtime     INFO | ScalpRuntime XRP_USD [auto]: rsi=65.7 ema=bull vwap=False vol=True | open_pos=1 | daily_pnl=-0.5243
05:32:21 backend.server.scalp_bot.scalp_runtime     INFO | ScalpRuntime SOL_USD [auto]: rsi=44.4 ema=bear vwap=False vol=True | open_pos=1 | daily_pnl=-0.5243
05:32:21 backend.server.scalp_bot.scalp_runtime     INFO | ScalpRuntime XRP_USD [auto]: rsi=65.7 ema=bull vwap=False vol=True | open_pos=1 | daily_pnl=-0.5243
05:33:21 backend.server.scalp_bot.scalp_runtime     INFO | ScalpRuntime SOL_USD [auto]: rsi=44.4 ema=bear vwap=False vol=True | open_pos=1 | daily_pnl=-0.5243
05:33:21 backend.server.scalp_bot.scalp_runtime     INFO | ScalpRuntime XRP_USD [auto]: rsi=65.7 ema=bull vwap=False vol=True | open_pos=1 | daily_pnl=-0.5243
05:34:21 backend.server.scalp_bot.scalp_runtime     INFO | ScalpRuntime SOL_USD [auto]: rsi=44.4 ema=bear vwap=False vol=True | open_pos=1 | daily_pnl=-0.5243
05:34:21 backend.server.scalp_bot.scalp_runtime     INFO | ScalpRuntime XRP_USD [auto]: rsi=65.7 ema=bull vwap=False vol=True | open_pos=1 | daily_pnl=-0.5243
05:35:21 backend.server.scalp_bot.scalp_runtime     INFO | ScalpRuntime SOL_USD [auto]: rsi=44.4 ema=bear vwap=False vol=True | open_pos=1 | daily_pnl=-0.5243
05:35:21 backend.server.scalp_bot.scalp_runtime     INFO | ScalpRuntime XRP_USD [auto]: rsi=65.7 ema=bull vwap=False vol=True | open_pos=1 | daily_pnl=-0.5243
05:36:21 backend.server.scalp_bot.scalp_runtime     INFO | ScalpRuntime SOL_USD [auto]: rsi=44.4 ema=bear vwap=False vol=True | open_pos=1 | daily_pnl=-0.5243
05:36:21 backend.server.scalp_bot.scalp_runtime     INFO | ScalpRuntime XRP_USD [auto]: rsi=65.7 ema=bull vwap=False vol=True | open_pos=1 | daily_pnl=-0.5243
05:37:21 backend.server.scalp_bot.scalp_runtime     INFO | ScalpRuntime SOL_USD [auto]: rsi=44.4 ema=bear vwap=False vol=True | open_pos=1 | daily_pnl=-0.5243
05:37:21 backend.server.scalp_bot.scalp_runtime     INFO | ScalpRuntime XRP_USD [auto]: rsi=65.7 ema=bull vwap=False vol=True | open_pos=1 | daily_pnl=-0.5243
05:38:21 backend.server.scalp_bot.scalp_runtime     INFO | ScalpRuntime SOL_USD [auto]: rsi=44.4 ema=bear vwap=False vol=True | open_pos=1 | daily_pnl=-0.5243
05:38:21 backend.server.scalp_bot.scalp_runtime     INFO | ScalpRuntime XRP_USD [auto]: rsi=65.7 ema=bull vwap=False vol=True | open_pos=1 | daily_pnl=-0.5243
05:39:21 backend.server.scalp_bot.scalp_runtime     INFO | ScalpRuntime SOL_USD [auto]: rsi=44.4 ema=bear vwap=False vol=True | open_pos=1 | daily_pnl=-0.5243
05:39:21 backend.server.scalp_bot.scalp_runtime     INFO | ScalpRuntime XRP_USD [auto]: rsi=65.7 ema=bull vwap=False vol=True | open_pos=1 | daily_pnl=-0.5243
05:40:21 backend.server.scalp_bot.scalp_runtime     INFO | ScalpRuntime SOL_USD [auto]: rsi=44.4 ema=bear vwap=False vol=True | open_pos=1 | daily_pnl=-0.5243
05:40:21 backend.server.scalp_bot.scalp_runtime     INFO | ScalpRuntime XRP_USD [auto]: rsi=65.7 ema=bull vwap=False vol=True | open_pos=1 | daily_pnl=-0.5243
05:41:21 backend.server.scalp_bot.scalp_runtime     INFO | ScalpRuntime SOL_USD [auto]: rsi=44.4 ema=bear vwap=False vol=True | open_pos=1 | daily_pnl=-0.5243
05:41:21 backend.server.scalp_bot.scalp_runtime     INFO | ScalpRuntime XRP_USD [auto]: rsi=65.7 ema=bull vwap=False vol=True | open_pos=1 | daily_pnl=-0.5243
05:42:21 backend.server.scalp_bot.scalp_runtime     INFO | ScalpRuntime SOL_USD [auto]: rsi=44.4 ema=bear vwap=False vol=True | open_pos=1 | daily_pnl=-0.5243
05:42:21 backend.server.scalp_bot.scalp_runtime     INFO | ScalpRuntime XRP_USD [auto]: rsi=65.7 ema=bull vwap=False vol=True | open_pos=1 | daily_pnl=-0.5243
05:43:21 backend.server.scalp_bot.scalp_runtime     INFO | ScalpRuntime SOL_USD [auto]: rsi=44.4 ema=bear vwap=False vol=True | open_pos=1 | daily_pnl=-0.5243
05:43:21 backend.server.scalp_bot.scalp_runtime     INFO | ScalpRuntime XRP_USD [auto]: rsi=65.7 ema=bull vwap=False vol=True | open_pos=1 | daily_pnl=-0.5243
05:44:21 backend.server.scalp_bot.scalp_runtime     INFO | ScalpRuntime SOL_USD [auto]: rsi=44.4 ema=bear vwap=False vol=True | open_pos=1 | daily_pnl=-0.5243
05:44:21 backend.server.scalp_bot.scalp_runtime     INFO | ScalpRuntime XRP_USD [auto]: rsi=65.7 ema=bull vwap=False vol=True | open_pos=1 | daily_pnl=-0.5243
05:45:21 backend.server.scalp_bot.scalp_runtime     INFO | ScalpRuntime SOL_USD [auto]: rsi=44.4 ema=bear vwap=False vol=True | open_pos=1 | daily_pnl=-0.5243
05:45:21 backend.server.scalp_bot.scalp_runtime     INFO | ScalpRuntime XRP_USD [auto]: rsi=65.7 ema=bull vwap=False vol=True | open_pos=1 | daily_pnl=-0.5243
05:46:21 backend.server.scalp_bot.scalp_runtime     INFO | ScalpRuntime SOL_USD [auto]: rsi=44.4 ema=bear vwap=False vol=True | open_pos=1 | daily_pnl=-0.5243
05:46:21 backend.server.scalp_bot.scalp_runtime     INFO | ScalpRuntime XRP_USD [auto]: rsi=65.7 ema=bull vwap=False vol=True | open_pos=1 | daily_pnl=-0.5243
05:47:21 backend.server.scalp_bot.scalp_runtime     INFO | ScalpRuntime SOL_USD [auto]: rsi=44.4 ema=bear vwap=False vol=True | open_pos=1 | daily_pnl=-0.5243
05:47:21 backend.server.scalp_bot.scalp_runtime     INFO | ScalpRuntime XRP_USD [auto]: rsi=65.7 ema=bull vwap=False vol=True | open_pos=1 | daily_pnl=-0.5243
05:48:21 backend.server.scalp_bot.scalp_runtime     INFO | ScalpRuntime SOL_USD [auto]: rsi=44.4 ema=bear vwap=False vol=True | open_pos=1 | daily_pnl=-0.5243
05:48:21 backend.server.scalp_bot.scalp_runtime     INFO | ScalpRuntime XRP_USD [auto]: rsi=65.7 ema=bull vwap=False vol=True | open_pos=1 | daily_pnl=-0.5243
05:49:21 backend.server.scalp_bot.scalp_runtime     INFO | ScalpRuntime SOL_USD [auto]: rsi=44.4 ema=bear vwap=False vol=True | open_pos=1 | daily_pnl=-0.5243
05:49:21 backend.server.scalp_bot.scalp_runtime     INFO | ScalpRuntime XRP_USD [auto]: rsi=65.7 ema=bull vwap=False vol=True | open_pos=1 | daily_pnl=-0.5243
05:50:21 backend.server.scalp_bot.scalp_runtime     INFO | ScalpRuntime SOL_USD [auto]: rsi=44.4 ema=bear vwap=False vol=True | open_pos=1 | daily_pnl=-0.5243
05:50:21 backend.server.scalp_bot.scalp_runtime     INFO | ScalpRuntime XRP_USD [auto]: rsi=65.7 ema=bull vwap=False vol=True | open_pos=1 | daily_pnl=-0.5243
05:51:21 backend.server.scalp_bot.scalp_runtime     INFO | ScalpRuntime SOL_USD [auto]: rsi=44.4 ema=bear vwap=False vol=True | open_pos=1 | daily_pnl=-0.5243
05:51:21 backend.server.scalp_bot.scalp_runtime     INFO | ScalpRuntime XRP_USD [auto]: rsi=65.7 ema=bull vwap=False vol=True | open_pos=1 | daily_pnl=-0.5243
05:52:21 backend.server.scalp_bot.scalp_runtime     INFO | ScalpRuntime SOL_USD [auto]: rsi=44.4 ema=bear vwap=False vol=True | open_pos=1 | daily_pnl=-0.5243
05:52:21 backend.server.scalp_bot.scalp_runtime     INFO | ScalpRuntime XRP_USD [auto]: rsi=65.7 ema=bull vwap=False vol=True | open_pos=1 | daily_pnl=-0.5243
05:53:21 backend.server.scalp_bot.scalp_runtime     INFO | ScalpRuntime SOL_USD [auto]: rsi=44.4 ema=bear vwap=False vol=True | open_pos=1 | daily_pnl=-0.5243
05:53:21 backend.server.scalp_bot.scalp_runtime     INFO | ScalpRuntime XRP_USD [auto]: rsi=65.7 ema=bull vwap=False vol=True | open_pos=1 | daily_pnl=-0.5243
05:54:21 backend.server.scalp_bot.scalp_runtime     INFO | ScalpRuntime SOL_USD [auto]: rsi=44.4 ema=bear vwap=False vol=True | open_pos=1 | daily_pnl=-0.5243
05:54:21 backend.server.scalp_bot.scalp_runtime     INFO | ScalpRuntime XRP_USD [auto]: rsi=65.7 ema=bull vwap=False vol=True | open_pos=1 | daily_pnl=-0.5243
05:55:21 backend.server.scalp_bot.scalp_runtime     INFO | ScalpRuntime SOL_USD [auto]: rsi=44.4 ema=bear vwap=False vol=True | open_pos=1 | daily_pnl=-0.5243
05:55:21 backend.server.scalp_bot.scalp_runtime     INFO | ScalpRuntime XRP_USD [auto]: rsi=65.7 ema=bull vwap=False vol=True | open_pos=1 | daily_pnl=-0.5243
05:56:21 backend.server.scalp_bot.scalp_runtime     INFO | ScalpRuntime SOL_USD [auto]: rsi=44.4 ema=bear vwap=False vol=True | open_pos=1 | daily_pnl=-0.5243
05:56:21 backend.server.scalp_bot.scalp_runtime     INFO | ScalpRuntime XRP_USD [auto]: rsi=65.7 ema=bull vwap=False vol=True | open_pos=1 | daily_pnl=-0.5243
05:57:21 backend.server.scalp_bot.scalp_runtime     INFO | ScalpRuntime SOL_USD [auto]: rsi=44.4 ema=bear vwap=False vol=True | open_pos=1 | daily_pnl=-0.5243
05:57:21 backend.server.scalp_bot.scalp_runtime     INFO | ScalpRuntime XRP_USD [auto]: rsi=65.7 ema=bull vwap=False vol=True | open_pos=1 | daily_pnl=-0.5243
05:58:21 backend.server.scalp_bot.scalp_runtime     INFO | ScalpRuntime SOL_USD [auto]: rsi=44.4 ema=bear vwap=False vol=True | open_pos=1 | daily_pnl=-0.5243
05:58:21 backend.server.scalp_bot.scalp_runtime     INFO | ScalpRuntime XRP_USD [auto]: rsi=65.7 ema=bull vwap=False vol=True | open_pos=1 | daily_pnl=-0.5243
05:59:21 backend.server.scalp_bot.scalp_runtime     INFO | ScalpRuntime SOL_USD [auto]: rsi=44.4 ema=bear vwap=False vol=True | open_pos=1 | daily_pnl=-0.5243
05:59:21 backend.server.scalp_bot.scalp_runtime     INFO | ScalpRuntime XRP_USD [auto]: rsi=65.7 ema=bull vwap=False vol=True | open_pos=1 | daily_pnl=-0.5243
06:00:21 backend.server.scalp_bot.scalp_runtime     INFO | ScalpRuntime SOL_USD [auto]: rsi=44.4 ema=bear vwap=False vol=True | open_pos=1 | daily_pnl=-0.5243
06:00:21 backend.server.scalp_bot.scalp_runtime     INFO | ScalpRuntime XRP_USD [auto]: rsi=65.7 ema=bull vwap=False vol=True | open_pos=1 | daily_pnl=-0.5243
06:01:21 backend.server.scalp_bot.scalp_runtime     INFO | ScalpRuntime SOL_USD [auto]: rsi=44.4 ema=bear vwap=False vol=True | open_pos=1 | daily_pnl=-0.5243
06:01:21 backend.server.scalp_bot.scalp_runtime     INFO | ScalpRuntime XRP_USD [auto]: rsi=65.7 ema=bull vwap=False vol=True | open_pos=1 | daily_pnl=-0.5243
06:02:21 backend.server.scalp_bot.scalp_runtime     INFO | ScalpRuntime SOL_USD [auto]: rsi=44.4 ema=bear vwap=False vol=True | open_pos=1 | daily_pnl=-0.5243
06:02:21 backend.server.scalp_bot.scalp_runtime     INFO | ScalpRuntime XRP_USD [auto]: rsi=65.7 ema=bull vwap=False vol=True | open_pos=1 | daily_pnl=-0.5243
06:03:21 backend.server.scalp_bot.scalp_runtime     INFO | ScalpRuntime SOL_USD [auto]: rsi=44.4 ema=bear vwap=False vol=True | open_pos=1 | daily_pnl=-0.5243
06:03:21 backend.server.scalp_bot.scalp_runtime     INFO | ScalpRuntime XRP_USD [auto]: rsi=65.7 ema=bull vwap=False vol=True | open_pos=1 | daily_pnl=-0.5243
06:04:21 backend.server.scalp_bot.scalp_runtime     INFO | ScalpRuntime SOL_USD [auto]: rsi=44.4 ema=bear vwap=False vol=True | open_pos=1 | daily_pnl=-0.5243
06:04:21 backend.server.scalp_bot.scalp_runtime     INFO | ScalpRuntime XRP_USD [auto]: rsi=65.7 ema=bull vwap=False vol=True | open_pos=1 | daily_pnl=-0.5243
06:05:21 backend.server.scalp_bot.scalp_runtime     INFO | ScalpRuntime SOL_USD [auto]: rsi=44.4 ema=bear vwap=False vol=True | open_pos=1 | daily_pnl=-0.5243
06:05:21 backend.server.scalp_bot.scalp_runtime     INFO | ScalpRuntime XRP_USD [auto]: rsi=65.7 ema=bull vwap=False vol=True | open_pos=1 | daily_pnl=-0.5243
06:06:21 backend.server.scalp_bot.scalp_runtime     INFO | ScalpRuntime SOL_USD [auto]: rsi=44.4 ema=bear vwap=False vol=True | open_pos=1 | daily_pnl=-0.5243
06:06:21 backend.server.scalp_bot.scalp_runtime     INFO | ScalpRuntime XRP_USD [auto]: rsi=65.7 ema=bull vwap=False vol=True | open_pos=1 | daily_pnl=-0.5243
06:07:21 backend.server.scalp_bot.scalp_runtime     INFO | ScalpRuntime SOL_USD [auto]: rsi=44.4 ema=bear vwap=False vol=True | open_pos=1 | daily_pnl=-0.5243
06:07:21 backend.server.scalp_bot.scalp_runtime     INFO | ScalpRuntime XRP_USD [auto]: rsi=65.7 ema=bull vwap=False vol=True | open_pos=1 | daily_pnl=-0.5243
06:08:21 backend.server.scalp_bot.scalp_runtime     INFO | ScalpRuntime SOL_USD [auto]: rsi=44.4 ema=bear vwap=False vol=True | open_pos=1 | daily_pnl=-0.5243
06:08:21 backend.server.scalp_bot.scalp_runtime     INFO | ScalpRuntime XRP_USD [auto]: rsi=65.7 ema=bull vwap=False vol=True | open_pos=1 | daily_pnl=-0.5243
06:09:21 backend.server.scalp_bot.scalp_runtime     INFO | ScalpRuntime SOL_USD [auto]: rsi=44.4 ema=bear vwap=False vol=True | open_pos=1 | daily_pnl=-0.5243
06:09:21 backend.server.scalp_bot.scalp_runtime     INFO | ScalpRuntime XRP_USD [auto]: rsi=65.7 ema=bull vwap=False vol=True | open_pos=1 | daily_pnl=-0.5243
06:10:21 backend.server.scalp_bot.scalp_runtime     INFO | ScalpRuntime SOL_USD [auto]: rsi=44.4 ema=bear vwap=False vol=True | open_pos=1 | daily_pnl=-0.5243
06:10:21 backend.server.scalp_bot.scalp_runtime     INFO | ScalpRuntime XRP_USD [auto]: rsi=65.7 ema=bull vwap=False vol=True | open_pos=1 | daily_pnl=-0.5243
06:11:21 backend.server.scalp_bot.scalp_runtime     INFO | ScalpRuntime SOL_USD [auto]: rsi=44.4 ema=bear vwap=False vol=True | open_pos=1 | daily_pnl=-0.5243
06:11:21 backend.server.scalp_bot.scalp_runtime     INFO | ScalpRuntime XRP_USD [auto]: rsi=65.7 ema=bull vwap=False vol=True | open_pos=1 | daily_pnl=-0.5243
06:12:21 backend.server.scalp_bot.scalp_runtime     INFO | ScalpRuntime SOL_USD [auto]: rsi=44.4 ema=bear vwap=False vol=True | open_pos=1 | daily_pnl=-0.5243
06:12:21 backend.server.scalp_bot.scalp_runtime     INFO | ScalpRuntime XRP_USD [auto]: rsi=65.7 ema=bull vwap=False vol=True | open_pos=1 | daily_pnl=-0.5243
06:13:21 backend.server.scalp_bot.scalp_runtime     INFO | ScalpRuntime SOL_USD [auto]: rsi=44.4 ema=bear vwap=False vol=True | open_pos=1 | daily_pnl=-0.5243
06:13:21 backend.server.scalp_bot.scalp_runtime     INFO | ScalpRuntime XRP_USD [auto]: rsi=65.7 ema=bull vwap=False vol=True | open_pos=1 | daily_pnl=-0.5243
06:14:21 backend.server.scalp_bot.scalp_runtime     INFO | ScalpRuntime SOL_USD [auto]: rsi=44.4 ema=bear vwap=False vol=True | open_pos=1 | daily_pnl=-0.5243
06:14:21 backend.server.scalp_bot.scalp_runtime     INFO | ScalpRuntime XRP_USD [auto]: rsi=65.7 ema=bull vwap=False vol=True | open_pos=1 | daily_pnl=-0.5243
06:15:21 backend.server.scalp_bot.scalp_runtime     INFO | ScalpRuntime SOL_USD [auto]: rsi=44.4 ema=bear vwap=False vol=True | open_pos=1 | daily_pnl=-0.5243
06:15:21 backend.server.scalp_bot.scalp_runtime     INFO | ScalpRuntime XRP_USD [auto]: rsi=65.7 ema=bull vwap=False vol=True | open_pos=1 | daily_pnl=-0.5243
06:16:21 backend.server.scalp_bot.scalp_runtime     INFO | ScalpRuntime SOL_USD [auto]: rsi=44.4 ema=bear vwap=False vol=True | open_pos=1 | daily_pnl=-0.5243
06:16:21 backend.server.scalp_bot.scalp_runtime     INFO | ScalpRuntime XRP_USD [auto]: rsi=65.7 ema=bull vwap=False vol=True | open_pos=1 | daily_pnl=-0.5243
06:17:21 backend.server.scalp_bot.scalp_runtime     INFO | ScalpRuntime SOL_USD [auto]: rsi=44.4 ema=bear vwap=False vol=True | open_pos=1 | daily_pnl=-0.5243
06:17:21 backend.server.scalp_bot.scalp_runtime     INFO | ScalpRuntime XRP_USD [auto]: rsi=65.7 ema=bull vwap=False vol=True | open_pos=1 | daily_pnl=-0.5243
06:18:21 backend.server.scalp_bot.scalp_runtime     INFO | ScalpRuntime SOL_USD [auto]: rsi=44.4 ema=bear vwap=False vol=True | open_pos=1 | daily_pnl=-0.5243
06:18:21 backend.server.scalp_bot.scalp_runtime     INFO | ScalpRuntime XRP_USD [auto]: rsi=65.7 ema=bull vwap=False vol=True | open_pos=1 | daily_pnl=-0.5243
06:19:21 backend.server.scalp_bot.scalp_runtime     INFO | ScalpRuntime SOL_USD [auto]: rsi=44.4 ema=bear vwap=False vol=True | open_pos=1 | daily_pnl=-0.5243
06:19:21 backend.server.scalp_bot.scalp_runtime     INFO | ScalpRuntime XRP_USD [auto]: rsi=65.7 ema=bull vwap=False vol=True | open_pos=1 | daily_pnl=-0.5243
06:20:21 backend.server.scalp_bot.scalp_runtime     INFO | ScalpRuntime SOL_USD [auto]: rsi=44.4 ema=bear vwap=False vol=True | open_pos=1 | daily_pnl=-0.5243
06:20:21 backend.server.scalp_bot.scalp_runtime     INFO | ScalpRuntime XRP_USD [auto]: rsi=65.7 ema=bull vwap=False vol=True | open_pos=1 | daily_pnl=-0.5243
06:21:21 backend.server.scalp_bot.scalp_runtime     INFO | ScalpRuntime SOL_USD [auto]: rsi=44.4 ema=bear vwap=False vol=True | open_pos=1 | daily_pnl=-0.5243
06:21:21 backend.server.scalp_bot.scalp_runtime     INFO | ScalpRuntime XRP_USD [auto]: rsi=65.7 ema=bull vwap=False vol=True | open_pos=1 | daily_pnl=-0.5243
06:22:21 backend.server.scalp_bot.scalp_runtime     INFO | ScalpRuntime SOL_USD [auto]: rsi=44.4 ema=bear vwap=False vol=True | open_pos=1 | daily_pnl=-0.5243
06:22:21 backend.server.scalp_bot.scalp_runtime     INFO | ScalpRuntime XRP_USD [auto]: rsi=65.7 ema=bull vwap=False vol=True | open_pos=1 | daily_pnl=-0.5243
06:23:21 backend.server.scalp_bot.scalp_runtime     INFO | ScalpRuntime SOL_USD [auto]: rsi=44.4 ema=bear vwap=False vol=True | open_pos=1 | daily_pnl=-0.5243
06:23:21 backend.server.scalp_bot.scalp_runtime     INFO | ScalpRuntime XRP_USD [auto]: rsi=65.7 ema=bull vwap=False vol=True | open_pos=1 | daily_pnl=-0.5243
06:24:21 backend.server.scalp_bot.scalp_runtime     INFO | ScalpRuntime SOL_USD [auto]: rsi=44.4 ema=bear vwap=False vol=True | open_pos=1 | daily_pnl=-0.5243
06:24:21 backend.server.scalp_bot.scalp_runtime     INFO | ScalpRuntime XRP_USD [auto]: rsi=65.7 ema=bull vwap=False vol=True | open_pos=1 | daily_pnl=-0.5243
06:25:21 backend.server.scalp_bot.scalp_runtime     INFO | ScalpRuntime SOL_USD [auto]: rsi=44.4 ema=bear vwap=False vol=True | open_pos=1 | daily_pnl=-0.5243
06:25:21 backend.server.scalp_bot.scalp_runtime     INFO | ScalpRuntime XRP_USD [auto]: rsi=65.7 ema=bull vwap=False vol=True | open_pos=1 | daily_pnl=-0.5243
06:26:21 backend.server.scalp_bot.scalp_runtime     INFO | ScalpRuntime SOL_USD [auto]: rsi=44.4 ema=bear vwap=False vol=True | open_pos=1 | daily_pnl=-0.5243
06:26:21 backend.server.scalp_bot.scalp_runtime     INFO | ScalpRuntime XRP_USD [auto]: rsi=65.7 ema=bull vwap=False vol=True | open_pos=1 | daily_pnl=-0.5243
06:27:21 backend.server.scalp_bot.scalp_runtime     INFO | ScalpRuntime SOL_USD [auto]: rsi=44.4 ema=bear vwap=False vol=True | open_pos=1 | daily_pnl=-0.5243
06:27:21 backend.server.scalp_bot.scalp_runtime     INFO | ScalpRuntime XRP_USD [auto]: rsi=65.7 ema=bull vwap=False vol=True | open_pos=1 | daily_pnl=-0.5243
06:28:21 backend.server.scalp_bot.scalp_runtime     INFO | ScalpRuntime SOL_USD [auto]: rsi=44.4 ema=bear vwap=False vol=True | open_pos=1 | daily_pnl=-0.5243
06:28:21 backend.server.scalp_bot.scalp_runtime     INFO | ScalpRuntime XRP_USD [auto]: rsi=65.7 ema=bull vwap=False vol=True | open_pos=1 | daily_pnl=-0.5243
06:29:21 backend.server.scalp_bot.scalp_runtime     INFO | ScalpRuntime SOL_USD [auto]: rsi=44.4 ema=bear vwap=False vol=True | open_pos=1 | daily_pnl=-0.5243
06:29:21 backend.server.scalp_bot.scalp_runtime     INFO | ScalpRuntime XRP_USD [auto]: rsi=65.7 ema=bull vwap=False vol=True | open_pos=1 | daily_pnl=-0.5243
06:30:21 backend.server.scalp_bot.scalp_runtime     INFO | ScalpRuntime SOL_USD [auto]: rsi=44.4 ema=bear vwap=False vol=True | open_pos=1 | daily_pnl=-0.5243
06:30:21 backend.server.scalp_bot.scalp_runtime     INFO | ScalpRuntime XRP_USD [auto]: rsi=65.7 ema=bull vwap=False vol=True | open_pos=1 | daily_pnl=-0.5243
06:31:21 backend.server.scalp_bot.scalp_runtime     INFO | ScalpRuntime SOL_USD [auto]: rsi=44.4 ema=bear vwap=False vol=True | open_pos=1 | daily_pnl=-0.5243
06:31:21 backend.server.scalp_bot.scalp_runtime     INFO | ScalpRuntime XRP_USD [auto]: rsi=65.7 ema=bull vwap=False vol=True | open_pos=1 | daily_pnl=-0.5243
06:32:21 backend.server.scalp_bot.scalp_runtime     INFO | ScalpRuntime SOL_USD [auto]: rsi=44.4 ema=bear vwap=False vol=True | open_pos=1 | daily_pnl=-0.5243
06:32:21 backend.server.scalp_bot.scalp_runtime     INFO | ScalpRuntime XRP_USD [auto]: rsi=65.7 ema=bull vwap=False vol=True | open_pos=1 | daily_pnl=-0.5243
06:33:21 backend.server.scalp_bot.scalp_runtime     INFO | ScalpRuntime SOL_USD [auto]: rsi=44.4 ema=bear vwap=False vol=True | open_pos=1 | daily_pnl=-0.5243
06:33:21 backend.server.scalp_bot.scalp_runtime     INFO | ScalpRuntime XRP_USD [auto]: rsi=65.7 ema=bull vwap=False vol=True | open_pos=1 | daily_pnl=-0.5243
06:34:21 backend.server.scalp_bot.scalp_runtime     INFO | ScalpRuntime SOL_USD [auto]: rsi=44.4 ema=bear vwap=False vol=True | open_pos=1 | daily_pnl=-0.5243
06:34:21 backend.server.scalp_bot.scalp_runtime     INFO | ScalpRuntime XRP_USD [auto]: rsi=65.7 ema=bull vwap=False vol=True | open_pos=1 | daily_pnl=-0.5243
06:35:21 backend.server.scalp_bot.scalp_runtime     INFO | ScalpRuntime SOL_USD [auto]: rsi=44.4 ema=bear vwap=False vol=True | open_pos=1 | daily_pnl=-0.5243
06:35:21 backend.server.scalp_bot.scalp_runtime     INFO | ScalpRuntime XRP_USD [auto]: rsi=65.7 ema=bull vwap=False vol=True | open_pos=1 | daily_pnl=-0.5243
06:36:21 backend.server.scalp_bot.scalp_runtime     INFO | ScalpRuntime SOL_USD [auto]: rsi=44.4 ema=bear vwap=False vol=True | open_pos=1 | daily_pnl=-0.5243
06:36:21 backend.server.scalp_bot.scalp_runtime     INFO | ScalpRuntime XRP_USD [auto]: rsi=65.7 ema=bull vwap=False vol=True | open_pos=1 | daily_pnl=-0.5243
06:37:21 backend.server.scalp_bot.scalp_runtime     INFO | ScalpRuntime SOL_USD [auto]: rsi=44.4 ema=bear vwap=False vol=True | open_pos=1 | daily_pnl=-0.5243
06:37:21 backend.server.scalp_bot.scalp_runtime     INFO | ScalpRuntime XRP_USD [auto]: rsi=65.7 ema=bull vwap=False vol=True | open_pos=1 | daily_pnl=-0.5243
06:38:21 backend.server.scalp_bot.scalp_runtime     INFO | ScalpRuntime SOL_USD [auto]: rsi=44.4 ema=bear vwap=False vol=True | open_pos=1 | daily_pnl=-0.5243
06:38:21 backend.server.scalp_bot.scalp_runtime     INFO | ScalpRuntime XRP_USD [auto]: rsi=65.7 ema=bull vwap=False vol=True | open_pos=1 | daily_pnl=-0.5243
06:39:21 backend.server.scalp_bot.scalp_runtime     INFO | ScalpRuntime SOL_USD [auto]: rsi=44.4 ema=bear vwap=False vol=True | open_pos=1 | daily_pnl=-0.5243
06:39:21 backend.server.scalp_bot.scalp_runtime     INFO | ScalpRuntime XRP_USD [auto]: rsi=65.7 ema=bull vwap=False vol=True | open_pos=1 | daily_pnl=-0.5243
06:40:21 backend.server.scalp_bot.scalp_runtime     INFO | ScalpRuntime SOL_USD [auto]: rsi=44.4 ema=bear vwap=False vol=True | open_pos=1 | daily_pnl=-0.5243
06:40:21 backend.server.scalp_bot.scalp_runtime     INFO | ScalpRuntime XRP_USD [auto]: rsi=65.7 ema=bull vwap=False vol=True | open_pos=1 | daily_pnl=-0.5243
06:41:21 backend.server.scalp_bot.scalp_runtime     INFO | ScalpRuntime SOL_USD [auto]: rsi=44.4 ema=bear vwap=False vol=True | open_pos=1 | daily_pnl=-0.5243
06:41:21 backend.server.scalp_bot.scalp_runtime     INFO | ScalpRuntime XRP_USD [auto]: rsi=65.7 ema=bull vwap=False vol=True | open_pos=1 | daily_pnl=-0.5243
06:42:21 backend.server.scalp_bot.scalp_runtime     INFO | ScalpRuntime SOL_USD [auto]: rsi=44.4 ema=bear vwap=False vol=True | open_pos=1 | daily_pnl=-0.5243
06:42:21 backend.server.scalp_bot.scalp_runtime     INFO | ScalpRuntime XRP_USD [auto]: rsi=65.7 ema=bull vwap=False vol=True | open_pos=1 | daily_pnl=-0.5243
06:43:21 backend.server.scalp_bot.scalp_runtime     INFO | ScalpRuntime SOL_USD [auto]: rsi=44.4 ema=bear vwap=False vol=True | open_pos=1 | daily_pnl=-0.5243
06:43:21 backend.server.scalp_bot.scalp_runtime     INFO | ScalpRuntime XRP_USD [auto]: rsi=65.7 ema=bull vwap=False vol=True | open_pos=1 | daily_pnl=-0.5243
06:44:21 backend.server.scalp_bot.scalp_runtime     INFO | ScalpRuntime SOL_USD [auto]: rsi=44.4 ema=bear vwap=False vol=True | open_pos=1 | daily_pnl=-0.5243
06:44:21 backend.server.scalp_bot.scalp_runtime     INFO | ScalpRuntime XRP_USD [auto]: rsi=65.7 ema=bull vwap=False vol=True | open_pos=1 | daily_pnl=-0.5243
06:45:21 backend.server.scalp_bot.scalp_runtime     INFO | ScalpRuntime SOL_USD [auto]: rsi=44.4 ema=bear vwap=False vol=True | open_pos=1 | daily_pnl=-0.5243
06:45:21 backend.server.scalp_bot.scalp_runtime     INFO | ScalpRuntime XRP_USD [auto]: rsi=65.7 ema=bull vwap=False vol=True | open_pos=1 | daily_pnl=-0.5243
06:46:21 backend.server.scalp_bot.scalp_runtime     INFO | ScalpRuntime SOL_USD [auto]: rsi=44.4 ema=bear vwap=False vol=True | open_pos=1 | daily_pnl=-0.5243
06:46:21 backend.server.scalp_bot.scalp_runtime     INFO | ScalpRuntime XRP_USD [auto]: rsi=65.7 ema=bull vwap=False vol=True | open_pos=1 | daily_pnl=-0.5243
06:47:21 backend.server.scalp_bot.scalp_runtime     INFO | ScalpRuntime SOL_USD [auto]: rsi=44.4 ema=bear vwap=False vol=True | open_pos=1 | daily_pnl=-0.5243
06:47:21 backend.server.scalp_bot.scalp_runtime     INFO | ScalpRuntime XRP_USD [auto]: rsi=65.7 ema=bull vwap=False vol=True | open_pos=1 | daily_pnl=-0.5243
06:48:21 backend.server.scalp_bot.scalp_runtime     INFO | ScalpRuntime SOL_USD [auto]: rsi=44.4 ema=bear vwap=False vol=True | open_pos=1 | daily_pnl=-0.5243
06:48:21 backend.server.scalp_bot.scalp_runtime     INFO | ScalpRuntime XRP_USD [auto]: rsi=65.7 ema=bull vwap=False vol=True | open_pos=1 | daily_pnl=-0.5243
06:49:21 backend.server.scalp_bot.scalp_runtime     INFO | ScalpRuntime SOL_USD [auto]: rsi=44.4 ema=bear vwap=False vol=True | open_pos=1 | daily_pnl=-0.5243
06:49:21 backend.server.scalp_bot.scalp_runtime     INFO | ScalpRuntime XRP_USD [auto]: rsi=65.7 ema=bull vwap=False vol=True | open_pos=1 | daily_pnl=-0.5243
06:50:22 backend.server.scalp_bot.scalp_runtime     INFO | ScalpRuntime SOL_USD [auto]: rsi=44.4 ema=bear vwap=False vol=True | open_pos=1 | daily_pnl=-0.5243
06:50:22 backend.server.scalp_bot.scalp_runtime     INFO | ScalpRuntime XRP_USD [auto]: rsi=65.7 ema=bull vwap=False vol=True | open_pos=1 | daily_pnl=-0.5243
06:51:22 backend.server.scalp_bot.scalp_runtime     INFO | ScalpRuntime SOL_USD [auto]: rsi=44.4 ema=bear vwap=False vol=True | open_pos=1 | daily_pnl=-0.5243
06:51:22 backend.server.scalp_bot.scalp_runtime     INFO | ScalpRuntime XRP_USD [auto]: rsi=65.7 ema=bull vwap=False vol=True | open_pos=1 | daily_pnl=-0.5243
06:52:22 backend.server.scalp_bot.scalp_runtime     INFO | ScalpRuntime SOL_USD [auto]: rsi=44.4 ema=bear vwap=False vol=True | open_pos=1 | daily_pnl=-0.5243
06:52:22 backend.server.scalp_bot.scalp_runtime     INFO | ScalpRuntime XRP_USD [auto]: rsi=65.7 ema=bull vwap=False vol=True | open_pos=1 | daily_pnl=-0.5243
06:53:22 backend.server.scalp_bot.scalp_runtime     INFO | ScalpRuntime SOL_USD [auto]: rsi=44.4 ema=bear vwap=False vol=True | open_pos=1 | daily_pnl=-0.5243
06:53:22 backend.server.scalp_bot.scalp_runtime     INFO | ScalpRuntime XRP_USD [auto]: rsi=65.7 ema=bull vwap=False vol=True | open_pos=1 | daily_pnl=-0.5243
06:54:22 backend.server.scalp_bot.scalp_runtime     INFO | ScalpRuntime SOL_USD [auto]: rsi=44.4 ema=bear vwap=False vol=True | open_pos=1 | daily_pnl=-0.5243
06:54:22 backend.server.scalp_bot.scalp_runtime     INFO | ScalpRuntime XRP_USD [auto]: rsi=65.7 ema=bull vwap=False vol=True | open_pos=1 | daily_pnl=-0.5243
06:55:22 backend.server.scalp_bot.scalp_runtime     INFO | ScalpRuntime SOL_USD [auto]: rsi=44.4 ema=bear vwap=False vol=True | open_pos=1 | daily_pnl=-0.5243
06:55:22 backend.server.scalp_bot.scalp_runtime     INFO | ScalpRuntime XRP_USD [auto]: rsi=65.7 ema=bull vwap=False vol=True | open_pos=1 | daily_pnl=-0.5243
06:56:22 backend.server.scalp_bot.scalp_runtime     INFO | ScalpRuntime SOL_USD [auto]: rsi=44.4 ema=bear vwap=False vol=True | open_pos=1 | daily_pnl=-0.5243
06:56:22 backend.server.scalp_bot.scalp_runtime     INFO | ScalpRuntime XRP_USD [auto]: rsi=65.7 ema=bull vwap=False vol=True | open_pos=1 | daily_pnl=-0.5243
06:57:22 backend.server.scalp_bot.scalp_runtime     INFO | ScalpRuntime SOL_USD [auto]: rsi=44.4 ema=bear vwap=False vol=True | open_pos=1 | daily_pnl=-0.5243
06:57:22 backend.server.scalp_bot.scalp_runtime     INFO | ScalpRuntime XRP_USD [auto]: rsi=65.7 ema=bull vwap=False vol=True | open_pos=1 | daily_pnl=-0.5243
06:58:22 backend.server.scalp_bot.scalp_runtime     INFO | ScalpRuntime SOL_USD [auto]: rsi=44.4 ema=bear vwap=False vol=True | open_pos=1 | daily_pnl=-0.5243
06:58:22 backend.server.scalp_bot.scalp_runtime     INFO | ScalpRuntime XRP_USD [auto]: rsi=65.7 ema=bull vwap=False vol=True | open_pos=1 | daily_pnl=-0.5243
06:59:22 backend.server.scalp_bot.scalp_runtime     INFO | ScalpRuntime SOL_USD [auto]: rsi=44.4 ema=bear vwap=False vol=True | open_pos=1 | daily_pnl=-0.5243
06:59:22 backend.server.scalp_bot.scalp_runtime     INFO | ScalpRuntime XRP_USD [auto]: rsi=65.7 ema=bull vwap=False vol=True | open_pos=1 | daily_pnl=-0.5243
07:00:22 backend.server.scalp_bot.scalp_runtime     INFO | ScalpRuntime SOL_USD [auto]: rsi=44.4 ema=bear vwap=False vol=True | open_pos=1 | daily_pnl=-0.5243
07:00:22 backend.server.scalp_bot.scalp_runtime     INFO | ScalpRuntime XRP_USD [auto]: rsi=65.7 ema=bull vwap=False vol=True | open_pos=1 | daily_pnl=-0.5243
07:01:22 backend.server.scalp_bot.scalp_runtime     INFO | ScalpRuntime SOL_USD [auto]: rsi=44.4 ema=bear vwap=False vol=True | open_pos=1 | daily_pnl=-0.5243
07:01:22 backend.server.scalp_bot.scalp_runtime     INFO | ScalpRuntime XRP_USD [auto]: rsi=65.7 ema=bull vwap=False vol=True | open_pos=1 | daily_pnl=-0.5243
07:02:22 backend.server.scalp_bot.scalp_runtime     INFO | ScalpRuntime SOL_USD [auto]: rsi=44.4 ema=bear vwap=False vol=True | open_pos=1 | daily_pnl=-0.5243
07:02:22 backend.server.scalp_bot.scalp_runtime     INFO | ScalpRuntime XRP_USD [auto]: rsi=65.7 ema=bull vwap=False vol=True | open_pos=1 | daily_pnl=-0.5243
07:03:22 backend.server.scalp_bot.scalp_runtime     INFO | ScalpRuntime SOL_USD [auto]: rsi=44.4 ema=bear vwap=False vol=True | open_pos=1 | daily_pnl=-0.5243
07:03:22 backend.server.scalp_bot.scalp_runtime     INFO | ScalpRuntime XRP_USD [auto]: rsi=65.7 ema=bull vwap=False vol=True | open_pos=1 | daily_pnl=-0.5243
07:04:22 backend.server.scalp_bot.scalp_runtime     INFO | ScalpRuntime SOL_USD [auto]: rsi=44.4 ema=bear vwap=False vol=True | open_pos=1 | daily_pnl=-0.5243
07:04:22 backend.server.scalp_bot.scalp_runtime     INFO | ScalpRuntime XRP_USD [auto]: rsi=65.7 ema=bull vwap=False vol=True | open_pos=1 | daily_pnl=-0.5243
07:05:22 backend.server.scalp_bot.scalp_runtime     INFO | ScalpRuntime SOL_USD [auto]: rsi=44.4 ema=bear vwap=False vol=True | open_pos=1 | daily_pnl=-0.5243
07:05:22 backend.server.scalp_bot.scalp_runtime     INFO | ScalpRuntime XRP_USD [auto]: rsi=65.7 ema=bull vwap=False vol=True | open_pos=1 | daily_pnl=-0.5243
07:06:22 backend.server.scalp_bot.scalp_runtime     INFO | ScalpRuntime SOL_USD [auto]: rsi=44.4 ema=bear vwap=False vol=True | open_pos=1 | daily_pnl=-0.5243
07:06:22 backend.server.scalp_bot.scalp_runtime     INFO | ScalpRuntime XRP_USD [auto]: rsi=65.7 ema=bull vwap=False vol=True | open_pos=1 | daily_pnl=-0.5243
07:07:22 backend.server.scalp_bot.scalp_runtime     INFO | ScalpRuntime SOL_USD [auto]: rsi=44.4 ema=bear vwap=False vol=True | open_pos=1 | daily_pnl=-0.5243
07:07:22 backend.server.scalp_bot.scalp_runtime     INFO | ScalpRuntime XRP_USD [auto]: rsi=65.7 ema=bull vwap=False vol=True | open_pos=1 | daily_pnl=-0.5243
07:08:22 backend.server.scalp_bot.scalp_runtime     INFO | ScalpRuntime SOL_USD [auto]: rsi=44.4 ema=bear vwap=False vol=True | open_pos=1 | daily_pnl=-0.5243
07:08:22 backend.server.scalp_bot.scalp_runtime     INFO | ScalpRuntime XRP_USD [auto]: rsi=65.7 ema=bull vwap=False vol=True | open_pos=1 | daily_pnl=-0.5243
07:09:22 backend.server.scalp_bot.scalp_runtime     INFO | ScalpRuntime SOL_USD [auto]: rsi=44.4 ema=bear vwap=False vol=True | open_pos=1 | daily_pnl=-0.5243
07:09:22 backend.server.scalp_bot.scalp_runtime     INFO | ScalpRuntime XRP_USD [auto]: rsi=65.7 ema=bull vwap=False vol=True | open_pos=1 | daily_pnl=-0.5243
07:10:22 backend.server.scalp_bot.scalp_runtime     INFO | ScalpRuntime SOL_USD [auto]: rsi=44.4 ema=bear vwap=False vol=True | open_pos=1 | daily_pnl=-0.5243
07:10:22 backend.server.scalp_bot.scalp_runtime     INFO | ScalpRuntime XRP_USD [auto]: rsi=65.7 ema=bull vwap=False vol=True | open_pos=1 | daily_pnl=-0.5243
07:11:22 backend.server.scalp_bot.scalp_runtime     INFO | ScalpRuntime SOL_USD [auto]: rsi=44.4 ema=bear vwap=False vol=True | open_pos=1 | daily_pnl=-0.5243
07:11:22 backend.server.scalp_bot.scalp_runtime     INFO | ScalpRuntime XRP_USD [auto]: rsi=65.7 ema=bull vwap=False vol=True | open_pos=1 | daily_pnl=-0.5243
07:12:22 backend.server.scalp_bot.scalp_runtime     INFO | ScalpRuntime SOL_USD [auto]: rsi=44.4 ema=bear vwap=False vol=True | open_pos=1 | daily_pnl=-0.5243
07:12:22 backend.server.scalp_bot.scalp_runtime     INFO | ScalpRuntime XRP_USD [auto]: rsi=65.7 ema=bull vwap=False vol=True | open_pos=1 | daily_pnl=-0.5243
07:13:22 backend.server.scalp_bot.scalp_runtime     INFO | ScalpRuntime SOL_USD [auto]: rsi=44.4 ema=bear vwap=False vol=True | open_pos=1 | daily_pnl=-0.5243
07:13:22 backend.server.scalp_bot.scalp_runtime     INFO | ScalpRuntime XRP_USD [auto]: rsi=65.7 ema=bull vwap=False vol=True | open_pos=1 | daily_pnl=-0.5243
07:14:22 backend.server.scalp_bot.scalp_runtime     INFO | ScalpRuntime SOL_USD [auto]: rsi=44.4 ema=bear vwap=False vol=True | open_pos=1 | daily_pnl=-0.5243
07:14:22 backend.server.scalp_bot.scalp_runtime     INFO | ScalpRuntime XRP_USD [auto]: rsi=65.7 ema=bull vwap=False vol=True | open_pos=1 | daily_pnl=-0.5243
07:15:22 backend.server.scalp_bot.scalp_runtime     INFO | ScalpRuntime SOL_USD [auto]: rsi=44.4 ema=bear vwap=False vol=True | open_pos=1 | daily_pnl=-0.5243
07:15:22 backend.server.scalp_bot.scalp_runtime     INFO | ScalpRuntime XRP_USD [auto]: rsi=65.7 ema=bull vwap=False vol=True | open_pos=1 | daily_pnl=-0.5243
07:16:22 backend.server.scalp_bot.scalp_runtime     INFO | ScalpRuntime SOL_USD [auto]: rsi=44.4 ema=bear vwap=False vol=True | open_pos=1 | daily_pnl=-0.5243
07:16:22 backend.server.scalp_bot.scalp_runtime     INFO | ScalpRuntime XRP_USD [auto]: rsi=65.7 ema=bull vwap=False vol=True | open_pos=1 | daily_pnl=-0.5243
07:17:22 backend.server.scalp_bot.scalp_runtime     INFO | ScalpRuntime SOL_USD [auto]: rsi=44.4 ema=bear vwap=False vol=True | open_pos=1 | daily_pnl=-0.5243
07:17:22 backend.server.scalp_bot.scalp_runtime     INFO | ScalpRuntime XRP_USD [auto]: rsi=65.7 ema=bull vwap=False vol=True | open_pos=1 | daily_pnl=-0.5243
07:18:22 backend.server.scalp_bot.scalp_runtime     INFO | ScalpRuntime SOL_USD [auto]: rsi=44.4 ema=bear vwap=False vol=True | open_pos=1 | daily_pnl=-0.5243
07:18:22 backend.server.scalp_bot.scalp_runtime     INFO | ScalpRuntime XRP_USD [auto]: rsi=65.7 ema=bull vwap=False vol=True | open_pos=1 | daily_pnl=-0.5243
07:19:22 backend.server.scalp_bot.scalp_runtime     INFO | ScalpRuntime SOL_USD [auto]: rsi=44.4 ema=bear vwap=False vol=True | open_pos=1 | daily_pnl=-0.5243
07:19:22 backend.server.scalp_bot.scalp_runtime     INFO | ScalpRuntime XRP_USD [auto]: rsi=65.7 ema=bull vwap=False vol=True | open_pos=1 | daily_pnl=-0.5243
07:20:22 backend.server.scalp_bot.scalp_runtime     INFO | ScalpRuntime SOL_USD [auto]: rsi=44.4 ema=bear vwap=False vol=True | open_pos=1 | daily_pnl=-0.5243
07:20:22 backend.server.scalp_bot.scalp_runtime     INFO | ScalpRuntime XRP_USD [auto]: rsi=65.7 ema=bull vwap=False vol=True | open_pos=1 | daily_pnl=-0.5243
07:21:22 backend.server.scalp_bot.scalp_runtime     INFO | ScalpRuntime SOL_USD [auto]: rsi=44.4 ema=bear vwap=False vol=True | open_pos=1 | daily_pnl=-0.5243
07:21:22 backend.server.scalp_bot.scalp_runtime     INFO | ScalpRuntime XRP_USD [auto]: rsi=65.7 ema=bull vwap=False vol=True | open_pos=1 | daily_pnl=-0.5243
07:22:22 backend.server.scalp_bot.scalp_runtime     INFO | ScalpRuntime SOL_USD [auto]: rsi=44.4 ema=bear vwap=False vol=True | open_pos=1 | daily_pnl=-0.5243
07:22:22 backend.server.scalp_bot.scalp_runtime     INFO | ScalpRuntime XRP_USD [auto]: rsi=65.7 ema=bull vwap=False vol=True | open_pos=1 | daily_pnl=-0.5243
07:23:22 backend.server.scalp_bot.scalp_runtime     INFO | ScalpRuntime SOL_USD [auto]: rsi=44.4 ema=bear vwap=False vol=True | open_pos=1 | daily_pnl=-0.5243
07:23:22 backend.server.scalp_bot.scalp_runtime     INFO | ScalpRuntime XRP_USD [auto]: rsi=65.7 ema=bull vwap=False vol=True | open_pos=1 | daily_pnl=-0.5243
07:24:22 backend.server.scalp_bot.scalp_runtime     INFO | ScalpRuntime SOL_USD [auto]: rsi=44.4 ema=bear vwap=False vol=True | open_pos=1 | daily_pnl=-0.5243
07:24:22 backend.server.scalp_bot.scalp_runtime     INFO | ScalpRuntime XRP_USD [auto]: rsi=65.7 ema=bull vwap=False vol=True | open_pos=1 | daily_pnl=-0.5243
07:25:22 backend.server.scalp_bot.scalp_runtime     INFO | ScalpRuntime SOL_USD [auto]: rsi=44.4 ema=bear vwap=False vol=True | open_pos=1 | daily_pnl=-0.5243
07:25:22 backend.server.scalp_bot.scalp_runtime     INFO | ScalpRuntime XRP_USD [auto]: rsi=65.7 ema=bull vwap=False vol=True | open_pos=1 | daily_pnl=-0.5243
07:26:22 backend.server.scalp_bot.scalp_runtime     INFO | ScalpRuntime SOL_USD [auto]: rsi=44.4 ema=bear vwap=False vol=True | open_pos=1 | daily_pnl=-0.5243
07:26:22 backend.server.scalp_bot.scalp_runtime     INFO | ScalpRuntime XRP_USD [auto]: rsi=65.7 ema=bull vwap=False vol=True | open_pos=1 | daily_pnl=-0.5243
07:27:22 backend.server.scalp_bot.scalp_runtime     INFO | ScalpRuntime SOL_USD [auto]: rsi=44.4 ema=bear vwap=False vol=True | open_pos=1 | daily_pnl=-0.5243
07:27:22 backend.server.scalp_bot.scalp_runtime     INFO | ScalpRuntime XRP_USD [auto]: rsi=65.7 ema=bull vwap=False vol=True | open_pos=1 | daily_pnl=-0.5243
07:28:22 backend.server.scalp_bot.scalp_runtime     INFO | ScalpRuntime SOL_USD [auto]: rsi=44.4 ema=bear vwap=False vol=True | open_pos=1 | daily_pnl=-0.5243
07:28:22 backend.server.scalp_bot.scalp_runtime     INFO | ScalpRuntime XRP_USD [auto]: rsi=65.7 ema=bull vwap=False vol=True | open_pos=1 | daily_pnl=-0.5243
07:29:22 backend.server.scalp_bot.scalp_runtime     INFO | ScalpRuntime SOL_USD [auto]: rsi=44.4 ema=bear vwap=False vol=True | open_pos=1 | daily_pnl=-0.5243
07:29:22 backend.server.scalp_bot.scalp_runtime     INFO | ScalpRuntime XRP_USD [auto]: rsi=65.7 ema=bull vwap=False vol=True | open_pos=1 | daily_pnl=-0.5243
07:30:22 backend.server.scalp_bot.scalp_runtime     INFO | ScalpRuntime SOL_USD [auto]: rsi=44.4 ema=bear vwap=False vol=True | open_pos=1 | daily_pnl=-0.5243
07:30:22 backend.server.scalp_bot.scalp_runtime     INFO | ScalpRuntime XRP_USD [auto]: rsi=65.7 ema=bull vwap=False vol=True | open_pos=1 | daily_pnl=-0.5243
07:31:22 backend.server.scalp_bot.scalp_runtime     INFO | ScalpRuntime SOL_USD [auto]: rsi=44.4 ema=bear vwap=False vol=True | open_pos=1 | daily_pnl=-0.5243
07:31:22 backend.server.scalp_bot.scalp_runtime     INFO | ScalpRuntime XRP_USD [auto]: rsi=65.7 ema=bull vwap=False vol=True | open_pos=1 | daily_pnl=-0.5243
07:32:22 backend.server.scalp_bot.scalp_runtime     INFO | ScalpRuntime SOL_USD [auto]: rsi=44.4 ema=bear vwap=False vol=True | open_pos=1 | daily_pnl=-0.5243
07:32:22 backend.server.scalp_bot.scalp_runtime     INFO | ScalpRuntime XRP_USD [auto]: rsi=65.7 ema=bull vwap=False vol=True | open_pos=1 | daily_pnl=-0.5243
07:33:22 backend.server.scalp_bot.scalp_runtime     INFO | ScalpRuntime SOL_USD [auto]: rsi=44.4 ema=bear vwap=False vol=True | open_pos=1 | daily_pnl=-0.5243
07:33:22 backend.server.scalp_bot.scalp_runtime     INFO | ScalpRuntime XRP_USD [auto]: rsi=65.7 ema=bull vwap=False vol=True | open_pos=1 | daily_pnl=-0.5243
07:34:22 backend.server.scalp_bot.scalp_runtime     INFO | ScalpRuntime SOL_USD [auto]: rsi=44.4 ema=bear vwap=False vol=True | open_pos=1 | daily_pnl=-0.5243
07:34:22 backend.server.scalp_bot.scalp_runtime     INFO | ScalpRuntime XRP_USD [auto]: rsi=65.7 ema=bull vwap=False vol=True | open_pos=1 | daily_pnl=-0.5243
07:35:22 backend.server.scalp_bot.scalp_runtime     INFO | ScalpRuntime SOL_USD [auto]: rsi=44.4 ema=bear vwap=False vol=True | open_pos=1 | daily_pnl=-0.5243
07:35:22 backend.server.scalp_bot.scalp_runtime     INFO | ScalpRuntime XRP_USD [auto]: rsi=65.7 ema=bull vwap=False vol=True | open_pos=1 | daily_pnl=-0.5243
07:36:22 backend.server.scalp_bot.scalp_runtime     INFO | ScalpRuntime SOL_USD [auto]: rsi=44.4 ema=bear vwap=False vol=True | open_pos=1 | daily_pnl=-0.5243
07:36:22 backend.server.scalp_bot.scalp_runtime     INFO | ScalpRuntime XRP_USD [auto]: rsi=65.7 ema=bull vwap=False vol=True | open_pos=1 | daily_pnl=-0.5243
07:37:22 backend.server.scalp_bot.scalp_runtime     INFO | ScalpRuntime SOL_USD [auto]: rsi=44.4 ema=bear vwap=False vol=True | open_pos=1 | daily_pnl=-0.5243
07:37:22 backend.server.scalp_bot.scalp_runtime     INFO | ScalpRuntime XRP_USD [auto]: rsi=65.7 ema=bull vwap=False vol=True | open_pos=1 | daily_pnl=-0.5243
07:38:22 backend.server.scalp_bot.scalp_runtime     INFO | ScalpRuntime SOL_USD [auto]: rsi=44.4 ema=bear vwap=False vol=True | open_pos=1 | daily_pnl=-0.5243
07:38:22 backend.server.scalp_bot.scalp_runtime     INFO | ScalpRuntime XRP_USD [auto]: rsi=65.7 ema=bull vwap=False vol=True | open_pos=1 | daily_pnl=-0.5243
07:39:22 backend.server.scalp_bot.scalp_runtime     INFO | ScalpRuntime SOL_USD [auto]: rsi=44.4 ema=bear vwap=False vol=True | open_pos=1 | daily_pnl=-0.5243
07:39:22 backend.server.scalp_bot.scalp_runtime     INFO | ScalpRuntime XRP_USD [auto]: rsi=65.7 ema=bull vwap=False vol=True | open_pos=1 | daily_pnl=-0.5243
07:40:22 backend.server.scalp_bot.scalp_runtime     INFO | ScalpRuntime SOL_USD [auto]: rsi=44.4 ema=bear vwap=False vol=True | open_pos=1 | daily_pnl=-0.5243
07:40:22 backend.server.scalp_bot.scalp_runtime     INFO | ScalpRuntime XRP_USD [auto]: rsi=65.7 ema=bull vwap=False vol=True | open_pos=1 | daily_pnl=-0.5243
07:41:22 backend.server.scalp_bot.scalp_runtime     INFO | ScalpRuntime SOL_USD [auto]: rsi=44.4 ema=bear vwap=False vol=True | open_pos=1 | daily_pnl=-0.5243
07:41:22 backend.server.scalp_bot.scalp_runtime     INFO | ScalpRuntime XRP_USD [auto]: rsi=65.7 ema=bull vwap=False vol=True | open_pos=1 | daily_pnl=-0.5243
07:42:22 backend.server.scalp_bot.scalp_runtime     INFO | ScalpRuntime SOL_USD [auto]: rsi=44.4 ema=bear vwap=False vol=True | open_pos=1 | daily_pnl=-0.5243
07:42:22 backend.server.scalp_bot.scalp_runtime     INFO | ScalpRuntime XRP_USD [auto]: rsi=65.7 ema=bull vwap=False vol=True | open_pos=1 | daily_pnl=-0.5243
07:43:22 backend.server.scalp_bot.scalp_runtime     INFO | ScalpRuntime SOL_USD [auto]: rsi=44.4 ema=bear vwap=False vol=True | open_pos=1 | daily_pnl=-0.5243
07:43:22 backend.server.scalp_bot.scalp_runtime     INFO | ScalpRuntime XRP_USD [auto]: rsi=65.7 ema=bull vwap=False vol=True | open_pos=1 | daily_pnl=-0.5243
07:44:22 backend.server.scalp_bot.scalp_runtime     INFO | ScalpRuntime SOL_USD [auto]: rsi=44.4 ema=bear vwap=False vol=True | open_pos=1 | daily_pnl=-0.5243
07:44:22 backend.server.scalp_bot.scalp_runtime     INFO | ScalpRuntime XRP_USD [auto]: rsi=65.7 ema=bull vwap=False vol=True | open_pos=1 | daily_pnl=-0.5243
07:45:22 backend.server.scalp_bot.scalp_runtime     INFO | ScalpRuntime SOL_USD [auto]: rsi=44.4 ema=bear vwap=False vol=True | open_pos=1 | daily_pnl=-0.5243
07:45:22 backend.server.scalp_bot.scalp_runtime     INFO | ScalpRuntime XRP_USD [auto]: rsi=65.7 ema=bull vwap=False vol=True | open_pos=1 | daily_pnl=-0.5243
07:46:22 backend.server.scalp_bot.scalp_runtime     INFO | ScalpRuntime SOL_USD [auto]: rsi=44.4 ema=bear vwap=False vol=True | open_pos=1 | daily_pnl=-0.5243
07:46:22 backend.server.scalp_bot.scalp_runtime     INFO | ScalpRuntime XRP_USD [auto]: rsi=65.7 ema=bull vwap=False vol=True | open_pos=1 | daily_pnl=-0.5243
07:47:22 backend.server.scalp_bot.scalp_runtime     INFO | ScalpRuntime SOL_USD [auto]: rsi=44.4 ema=bear vwap=False vol=True | open_pos=1 | daily_pnl=-0.5243
07:47:22 backend.server.scalp_bot.scalp_runtime     INFO | ScalpRuntime XRP_USD [auto]: rsi=65.7 ema=bull vwap=False vol=True | open_pos=1 | daily_pnl=-0.5243

--- restart 2026-04-05T11:48:18.582349+00:00 ---
07:48:19 mitch                    INFO | Loading config: 11 pairs, trading=['USDG_USDC'], mode=paper
07:48:19 mitch                 WARNING | SAFE STARTUP active: forcing paper mode, disabling live API keys, and using scalp sim mode when enabled. Engine remains stopped until START.
07:48:19 backend.server.windows_power     INFO | Windows: preventing system idle sleep while bot runs
07:48:19 backend.server.session_logger     INFO | Session log: C:\Users\daroo\Desktop\Repos\tradingbot-1\data\session_20260405_114819.jsonl
07:48:19 backend.server.pnl    WARNING | Skipping bad trade record: Extra data: line 1 column 2 (char 1)
07:48:19 backend.server.pnl       INFO | [PAPER] Replayed 8091 fills | P&L: $55.9589 | Sells: 4044 | Win: 100.0% | 30d vol: $55129 | Fee: 14 bps
07:48:19 backend.server.pnl       INFO | Next fee tier at $100000 (need $44871 more, 10.3% progress)
07:48:19 backend.server.strategy_learner     INFO | Learner USDG_USDC: starting at config spread_bps=1, pain_floor=0, regime_pain=none
07:48:19 backend.server.scalp_bot.scalp_runtime     INFO | ScalpRuntime: started for pairs ['SOL_USD', 'XRP_USD']
07:48:19 backend.server.scalp_bot.scalp_runtime     INFO | ScalpRuntime: seeding candle feed from REST...
Traceback (most recent call last):
  File "<frozen runpy>", line 198, in _run_module_as_main
  File "<frozen runpy>", line 88, in _run_code
  File "C:\Users\daroo\Desktop\Repos\tradingbot-1\backend\server\main.py", line 360, in <module>
    main()
    ~~~~^^
  File "C:\Users\daroo\Desktop\Repos\tradingbot-1\backend\server\main.py", line 354, in main
    asyncio.run(run())
    ~~~~~~~~~~~^^^^^^^
  File "C:\Python314\Lib\asyncio\runners.py", line 204, in run
    return runner.run(main)
           ~~~~~~~~~~^^^^^^
  File "C:\Python314\Lib\asyncio\runners.py", line 127, in run
    return self._loop.run_until_complete(task)
           ~~~~~~~~~~~~~~~~~~~~~~~~~~~~~^^^^^^
  File "C:\Python314\Lib\asyncio\base_events.py", line 719, in run_until_complete
    return future.result()
           ~~~~~~~~~~~~~^^
  File "C:\Users\daroo\Desktop\Repos\tradingbot-1\backend\server\main.py", line 186, in run
    runner = await dashboard.start()
             ^^^^^^^^^^^^^^^^^^^^^^^
  File "C:\Users\daroo\Desktop\Repos\tradingbot-1\backend\server\ws_server.py", line 853, in start
    await site.start()
  File "C:\Users\daroo\AppData\Roaming\Python\Python314\site-packages\aiohttp\web_runner.py", line 121, in start
    self._server = await loop.create_server(
                   ^^^^^^^^^^^^^^^^^^^^^^^^^
    ...<7 lines>...
    )
    ^
  File "C:\Python314\Lib\asyncio\base_events.py", line 1627, in create_server
    raise OSError(err.errno, msg) from None
OSError: [Errno 10048] error while attempting to bind on address ('0.0.0.0', 8093): [winerror 10048] only one usage of each socket address (protocol/network address/port) is normally permitted
07:48:19 asyncio                 ERROR | Unclosed client session
client_session: <aiohttp.client.ClientSession object at 0x00000172A75B3E00>

--- restart 2026-04-05T12:05:25.563276+00:00 ---
08:05:26 mitch                    INFO | Loading config: 11 pairs, trading=['USDG_USDC'], mode=paper
08:05:26 mitch                 WARNING | SAFE STARTUP active: forcing paper mode, disabling live API keys, and using scalp sim mode when enabled. Engine remains stopped until START.
08:05:26 backend.server.windows_power     INFO | Windows: preventing system idle sleep while bot runs
08:05:26 backend.server.session_logger     INFO | Session log: C:\Users\daroo\Desktop\Repos\tradingbot-1\data\session_20260405_120526.jsonl
08:05:26 backend.server.pnl    WARNING | Skipping bad trade record: Extra data: line 1 column 2 (char 1)
08:05:26 backend.server.pnl       INFO | [PAPER] Replayed 8091 fills | P&L: $55.9589 | Sells: 4044 | Win: 100.0% | 30d vol: $55129 | Fee: 14 bps
08:05:26 backend.server.pnl       INFO | Next fee tier at $100000 (need $44871 more, 10.3% progress)
08:05:26 backend.server.strategy_learner     INFO | Learner USDG_USDC: starting at config spread_bps=1, pain_floor=0, regime_pain=none
08:05:26 backend.server.scalp_bot.scalp_runtime     INFO | ScalpRuntime: started for pairs ['SOL_USD', 'XRP_USD']
08:05:26 backend.server.scalp_bot.scalp_runtime     INFO | ScalpRuntime: seeding candle feed from REST...
Traceback (most recent call last):
  File "<frozen runpy>", line 198, in _run_module_as_main
  File "<frozen runpy>", line 88, in _run_code
  File "C:\Users\daroo\Desktop\Repos\tradingbot-1\backend\server\main.py", line 363, in <module>
    main()
    ~~~~^^
  File "C:\Users\daroo\Desktop\Repos\tradingbot-1\backend\server\main.py", line 357, in main
    asyncio.run(run())
    ~~~~~~~~~~~^^^^^^^
  File "C:\Python314\Lib\asyncio\runners.py", line 204, in run
    return runner.run(main)
           ~~~~~~~~~~^^^^^^
  File "C:\Python314\Lib\asyncio\runners.py", line 127, in run
    return self._loop.run_until_complete(task)
           ~~~~~~~~~~~~~~~~~~~~~~~~~~~~~^^^^^^
  File "C:\Python314\Lib\asyncio\base_events.py", line 719, in run_until_complete
    return future.result()
           ~~~~~~~~~~~~~^^
  File "C:\Users\daroo\Desktop\Repos\tradingbot-1\backend\server\main.py", line 186, in run
    runner = await dashboard.start()
             ^^^^^^^^^^^^^^^^^^^^^^^
  File "C:\Users\daroo\Desktop\Repos\tradingbot-1\backend\server\ws_server.py", line 853, in start
    await site.start()
  File "C:\Users\daroo\AppData\Roaming\Python\Python314\site-packages\aiohttp\web_runner.py", line 121, in start
    self._server = await loop.create_server(
                   ^^^^^^^^^^^^^^^^^^^^^^^^^
    ...<7 lines>...
    )
    ^
  File "C:\Python314\Lib\asyncio\base_events.py", line 1627, in create_server
    raise OSError(err.errno, msg) from None
OSError: [Errno 10048] error while attempting to bind on address ('0.0.0.0', 8093): [winerror 10048] only one usage of each socket address (protocol/network address/port) is normally permitted
08:05:26 asyncio                 ERROR | Unclosed client session
client_session: <aiohttp.client.ClientSession object at 0x00000248B9C23E00>

--- restart 2026-04-05T12:22:32.638660+00:00 ---
08:22:33 mitch                    INFO | Loading config: 11 pairs, trading=['USDG_USDC'], mode=paper
08:22:33 mitch                 WARNING | SAFE STARTUP active: forcing paper mode, disabling live API keys, and using scalp sim mode when enabled. Engine remains stopped until START.
08:22:33 backend.server.windows_power     INFO | Windows: preventing system idle sleep while bot runs
08:22:33 backend.server.session_logger     INFO | Session log: C:\Users\daroo\Desktop\Repos\tradingbot-1\data\session_20260405_122233.jsonl
08:22:33 backend.server.pnl    WARNING | Skipping bad trade record: Extra data: line 1 column 2 (char 1)
08:22:33 backend.server.pnl       INFO | [PAPER] Replayed 8091 fills | P&L: $55.9589 | Sells: 4044 | Win: 100.0% | 30d vol: $55129 | Fee: 14 bps
08:22:33 backend.server.pnl       INFO | Next fee tier at $100000 (need $44871 more, 10.3% progress)
08:22:33 backend.server.strategy_learner     INFO | Learner USDG_USDC: starting at config spread_bps=1, pain_floor=0, regime_pain=none
08:22:33 backend.server.scalp_bot.scalp_runtime     INFO | ScalpRuntime: started for pairs ['SOL_USD', 'XRP_USD']
08:22:33 backend.server.scalp_bot.scalp_runtime     INFO | ScalpRuntime: seeding candle feed from REST...
Traceback (most recent call last):
  File "<frozen runpy>", line 198, in _run_module_as_main
  File "<frozen runpy>", line 88, in _run_code
  File "C:\Users\daroo\Desktop\Repos\tradingbot-1\backend\server\main.py", line 363, in <module>
    main()
    ~~~~^^
  File "C:\Users\daroo\Desktop\Repos\tradingbot-1\backend\server\main.py", line 357, in main
    asyncio.run(run())
    ~~~~~~~~~~~^^^^^^^
  File "C:\Python314\Lib\asyncio\runners.py", line 204, in run
    return runner.run(main)
           ~~~~~~~~~~^^^^^^
  File "C:\Python314\Lib\asyncio\runners.py", line 127, in run
    return self._loop.run_until_complete(task)
           ~~~~~~~~~~~~~~~~~~~~~~~~~~~~~^^^^^^
  File "C:\Python314\Lib\asyncio\base_events.py", line 719, in run_until_complete
    return future.result()
           ~~~~~~~~~~~~~^^
  File "C:\Users\daroo\Desktop\Repos\tradingbot-1\backend\server\main.py", line 186, in run
    runner = await dashboard.start()
             ^^^^^^^^^^^^^^^^^^^^^^^
  File "C:\Users\daroo\Desktop\Repos\tradingbot-1\backend\server\ws_server.py", line 853, in start
    await site.start()
  File "C:\Users\daroo\AppData\Roaming\Python\Python314\site-packages\aiohttp\web_runner.py", line 121, in start
    self._server = await loop.create_server(
                   ^^^^^^^^^^^^^^^^^^^^^^^^^
    ...<7 lines>...
    )
    ^
  File "C:\Python314\Lib\asyncio\base_events.py", line 1627, in create_server
    raise OSError(err.errno, msg) from None
OSError: [Errno 10048] error while attempting to bind on address ('0.0.0.0', 8093): [winerror 10048] only one usage of each socket address (protocol/network address/port) is normally permitted
08:22:33 asyncio                 ERROR | Unclosed client session
client_session: <aiohttp.client.ClientSession object at 0x0000022D54900050>

--- restart 2026-04-05T12:39:39.725526+00:00 ---
08:39:40 mitch                    INFO | Loading config: 11 pairs, trading=['USDG_USDC'], mode=paper
08:39:40 mitch                 WARNING | SAFE STARTUP active: forcing paper mode, disabling live API keys, and using scalp sim mode when enabled. Engine remains stopped until START.
08:39:40 backend.server.windows_power     INFO | Windows: preventing system idle sleep while bot runs
08:39:40 backend.server.session_logger     INFO | Session log: C:\Users\daroo\Desktop\Repos\tradingbot-1\data\session_20260405_123940.jsonl
08:39:40 backend.server.pnl    WARNING | Skipping bad trade record: Extra data: line 1 column 2 (char 1)
08:39:40 backend.server.pnl       INFO | [PAPER] Replayed 8091 fills | P&L: $55.9589 | Sells: 4044 | Win: 100.0% | 30d vol: $55129 | Fee: 14 bps
08:39:40 backend.server.pnl       INFO | Next fee tier at $100000 (need $44871 more, 10.3% progress)
08:39:40 backend.server.strategy_learner     INFO | Learner USDG_USDC: starting at config spread_bps=1, pain_floor=0, regime_pain=none
08:39:40 backend.server.scalp_bot.scalp_runtime     INFO | ScalpRuntime: started for pairs ['SOL_USD', 'XRP_USD']
08:39:40 backend.server.scalp_bot.scalp_runtime     INFO | ScalpRuntime: seeding candle feed from REST...
Traceback (most recent call last):
  File "<frozen runpy>", line 198, in _run_module_as_main
  File "<frozen runpy>", line 88, in _run_code
  File "C:\Users\daroo\Desktop\Repos\tradingbot-1\backend\server\main.py", line 363, in <module>
    main()
    ~~~~^^
  File "C:\Users\daroo\Desktop\Repos\tradingbot-1\backend\server\main.py", line 357, in main
    asyncio.run(run())
    ~~~~~~~~~~~^^^^^^^
  File "C:\Python314\Lib\asyncio\runners.py", line 204, in run
    return runner.run(main)
           ~~~~~~~~~~^^^^^^
  File "C:\Python314\Lib\asyncio\runners.py", line 127, in run
    return self._loop.run_until_complete(task)
           ~~~~~~~~~~~~~~~~~~~~~~~~~~~~~^^^^^^
  File "C:\Python314\Lib\asyncio\base_events.py", line 719, in run_until_complete
    return future.result()
           ~~~~~~~~~~~~~^^
  File "C:\Users\daroo\Desktop\Repos\tradingbot-1\backend\server\main.py", line 186, in run
    runner = await dashboard.start()
             ^^^^^^^^^^^^^^^^^^^^^^^
  File "C:\Users\daroo\Desktop\Repos\tradingbot-1\backend\server\ws_server.py", line 853, in start
    await site.start()
  File "C:\Users\daroo\AppData\Roaming\Python\Python314\site-packages\aiohttp\web_runner.py", line 121, in start
    self._server = await loop.create_server(
                   ^^^^^^^^^^^^^^^^^^^^^^^^^
    ...<7 lines>...
    )
    ^
  File "C:\Python314\Lib\asyncio\base_events.py", line 1627, in create_server
    raise OSError(err.errno, msg) from None
OSError: [Errno 10048] error while attempting to bind on address ('0.0.0.0', 8093): [winerror 10048] only one usage of each socket address (protocol/network address/port) is normally permitted
08:39:40 asyncio                 ERROR | Unclosed client session
client_session: <aiohttp.client.ClientSession object at 0x0000013F243B4050>

--- restart 2026-04-05T12:56:46.572944+00:00 ---
08:56:47 mitch                    INFO | Loading config: 11 pairs, trading=['USDG_USDC'], mode=paper
08:56:47 mitch                 WARNING | SAFE STARTUP active: forcing paper mode, disabling live API keys, and using scalp sim mode when enabled. Engine remains stopped until START.
08:56:47 backend.server.windows_power     INFO | Windows: preventing system idle sleep while bot runs
08:56:47 backend.server.session_logger     INFO | Session log: C:\Users\daroo\Desktop\Repos\tradingbot-1\data\session_20260405_125647.jsonl
08:56:47 backend.server.pnl    WARNING | Skipping bad trade record: Extra data: line 1 column 2 (char 1)
08:56:47 backend.server.pnl       INFO | [PAPER] Replayed 8091 fills | P&L: $55.9589 | Sells: 4044 | Win: 100.0% | 30d vol: $55129 | Fee: 14 bps
08:56:47 backend.server.pnl       INFO | Next fee tier at $100000 (need $44871 more, 10.3% progress)
08:56:47 backend.server.strategy_learner     INFO | Learner USDG_USDC: starting at config spread_bps=1, pain_floor=0, regime_pain=none
08:56:47 backend.server.scalp_bot.scalp_runtime     INFO | ScalpRuntime: started for pairs ['SOL_USD', 'XRP_USD']
08:56:47 backend.server.scalp_bot.scalp_runtime     INFO | ScalpRuntime: seeding candle feed from REST...
Traceback (most recent call last):
  File "<frozen runpy>", line 198, in _run_module_as_main
  File "<frozen runpy>", line 88, in _run_code
  File "C:\Users\daroo\Desktop\Repos\tradingbot-1\backend\server\main.py", line 363, in <module>
    main()
    ~~~~^^
  File "C:\Users\daroo\Desktop\Repos\tradingbot-1\backend\server\main.py", line 357, in main
    asyncio.run(run())
    ~~~~~~~~~~~^^^^^^^
  File "C:\Python314\Lib\asyncio\runners.py", line 204, in run
    return runner.run(main)
           ~~~~~~~~~~^^^^^^
  File "C:\Python314\Lib\asyncio\runners.py", line 127, in run
    return self._loop.run_until_complete(task)
           ~~~~~~~~~~~~~~~~~~~~~~~~~~~~~^^^^^^
  File "C:\Python314\Lib\asyncio\base_events.py", line 719, in run_until_complete
    return future.result()
           ~~~~~~~~~~~~~^^
  File "C:\Users\daroo\Desktop\Repos\tradingbot-1\backend\server\main.py", line 186, in run
    runner = await dashboard.start()
             ^^^^^^^^^^^^^^^^^^^^^^^
  File "C:\Users\daroo\Desktop\Repos\tradingbot-1\backend\server\ws_server.py", line 853, in start
    await site.start()
  File "C:\Users\daroo\AppData\Roaming\Python\Python314\site-packages\aiohttp\web_runner.py", line 121, in start
    self._server = await loop.create_server(
                   ^^^^^^^^^^^^^^^^^^^^^^^^^
    ...<7 lines>...
    )
    ^
  File "C:\Python314\Lib\asyncio\base_events.py", line 1627, in create_server
    raise OSError(err.errno, msg) from None
OSError: [Errno 10048] error while attempting to bind on address ('0.0.0.0', 8093): [winerror 10048] only one usage of each socket address (protocol/network address/port) is normally permitted
08:56:47 asyncio                 ERROR | Unclosed client session
client_session: <aiohttp.client.ClientSession object at 0x00000206FEBF4050>

--- restart 2026-04-05T13:13:53.619817+00:00 ---
09:13:54 mitch                    INFO | Loading config: 11 pairs, trading=['USDG_USDC'], mode=paper
09:13:54 mitch                 WARNING | SAFE STARTUP active: forcing paper mode, disabling live API keys, and using scalp sim mode when enabled. Engine remains stopped until START.
09:13:54 backend.server.windows_power     INFO | Windows: preventing system idle sleep while bot runs
09:13:54 backend.server.session_logger     INFO | Session log: C:\Users\daroo\Desktop\Repos\tradingbot-1\data\session_20260405_131354.jsonl
09:13:54 backend.server.pnl    WARNING | Skipping bad trade record: Extra data: line 1 column 2 (char 1)
09:13:54 backend.server.pnl       INFO | [PAPER] Replayed 8091 fills | P&L: $55.9589 | Sells: 4044 | Win: 100.0% | 30d vol: $55129 | Fee: 14 bps
09:13:54 backend.server.pnl       INFO | Next fee tier at $100000 (need $44871 more, 10.3% progress)
09:13:54 backend.server.strategy_learner     INFO | Learner USDG_USDC: starting at config spread_bps=1, pain_floor=0, regime_pain=none
09:13:54 backend.server.scalp_bot.scalp_runtime     INFO | ScalpRuntime: started for pairs ['SOL_USD', 'XRP_USD']
09:13:54 backend.server.scalp_bot.scalp_runtime     INFO | ScalpRuntime: seeding candle feed from REST...
Traceback (most recent call last):
  File "<frozen runpy>", line 198, in _run_module_as_main
  File "<frozen runpy>", line 88, in _run_code
  File "C:\Users\daroo\Desktop\Repos\tradingbot-1\backend\server\main.py", line 363, in <module>
    main()
    ~~~~^^
  File "C:\Users\daroo\Desktop\Repos\tradingbot-1\backend\server\main.py", line 357, in main
    asyncio.run(run())
    ~~~~~~~~~~~^^^^^^^
  File "C:\Python314\Lib\asyncio\runners.py", line 204, in run
    return runner.run(main)
           ~~~~~~~~~~^^^^^^
  File "C:\Python314\Lib\asyncio\runners.py", line 127, in run
    return self._loop.run_until_complete(task)
           ~~~~~~~~~~~~~~~~~~~~~~~~~~~~~^^^^^^
  File "C:\Python314\Lib\asyncio\base_events.py", line 719, in run_until_complete
    return future.result()
           ~~~~~~~~~~~~~^^
  File "C:\Users\daroo\Desktop\Repos\tradingbot-1\backend\server\main.py", line 186, in run
    runner = await dashboard.start()
             ^^^^^^^^^^^^^^^^^^^^^^^
  File "C:\Users\daroo\Desktop\Repos\tradingbot-1\backend\server\ws_server.py", line 853, in start
    await site.start()
  File "C:\Users\daroo\AppData\Roaming\Python\Python314\site-packages\aiohttp\web_runner.py", line 121, in start
    self._server = await loop.create_server(
                   ^^^^^^^^^^^^^^^^^^^^^^^^^
    ...<7 lines>...
    )
    ^
  File "C:\Python314\Lib\asyncio\base_events.py", line 1627, in create_server
    raise OSError(err.errno, msg) from None
OSError: [Errno 10048] error while attempting to bind on address ('0.0.0.0', 8093): [winerror 10048] only one usage of each socket address (protocol/network address/port) is normally permitted
09:13:54 asyncio                 ERROR | Unclosed client session
client_session: <aiohttp.client.ClientSession object at 0x00000232F5CA4050>

--- restart 2026-04-05T13:31:00.799029+00:00 ---
09:31:01 mitch                    INFO | Loading config: 11 pairs, trading=['USDG_USDC'], mode=paper
09:31:01 mitch                 WARNING | SAFE STARTUP active: forcing paper mode, disabling live API keys, and using scalp sim mode when enabled. Engine remains stopped until START.
09:31:01 backend.server.windows_power     INFO | Windows: preventing system idle sleep while bot runs
09:31:01 backend.server.session_logger     INFO | Session log: C:\Users\daroo\Desktop\Repos\tradingbot-1\data\session_20260405_133101.jsonl
09:31:01 backend.server.pnl    WARNING | Skipping bad trade record: Extra data: line 1 column 2 (char 1)
09:31:01 backend.server.pnl       INFO | [PAPER] Replayed 8091 fills | P&L: $55.9589 | Sells: 4044 | Win: 100.0% | 30d vol: $55129 | Fee: 14 bps
09:31:01 backend.server.pnl       INFO | Next fee tier at $100000 (need $44871 more, 10.3% progress)
09:31:01 backend.server.strategy_learner     INFO | Learner USDG_USDC: starting at config spread_bps=1, pain_floor=0, regime_pain=none
09:31:01 backend.server.scalp_bot.scalp_runtime     INFO | ScalpRuntime: started for pairs ['SOL_USD', 'XRP_USD']
09:31:01 backend.server.scalp_bot.scalp_runtime     INFO | ScalpRuntime: seeding candle feed from REST...
Traceback (most recent call last):
  File "<frozen runpy>", line 198, in _run_module_as_main
  File "<frozen runpy>", line 88, in _run_code
  File "C:\Users\daroo\Desktop\Repos\tradingbot-1\backend\server\main.py", line 363, in <module>
    main()
    ~~~~^^
  File "C:\Users\daroo\Desktop\Repos\tradingbot-1\backend\server\main.py", line 357, in main
    asyncio.run(run())
    ~~~~~~~~~~~^^^^^^^
  File "C:\Python314\Lib\asyncio\runners.py", line 204, in run
    return runner.run(main)
           ~~~~~~~~~~^^^^^^
  File "C:\Python314\Lib\asyncio\runners.py", line 127, in run
    return self._loop.run_until_complete(task)
           ~~~~~~~~~~~~~~~~~~~~~~~~~~~~~^^^^^^
  File "C:\Python314\Lib\asyncio\base_events.py", line 719, in run_until_complete
    return future.result()
           ~~~~~~~~~~~~~^^
  File "C:\Users\daroo\Desktop\Repos\tradingbot-1\backend\server\main.py", line 186, in run
    runner = await dashboard.start()
             ^^^^^^^^^^^^^^^^^^^^^^^
  File "C:\Users\daroo\Desktop\Repos\tradingbot-1\backend\server\ws_server.py", line 853, in start
    await site.start()
  File "C:\Users\daroo\AppData\Roaming\Python\Python314\site-packages\aiohttp\web_runner.py", line 121, in start
    self._server = await loop.create_server(
                   ^^^^^^^^^^^^^^^^^^^^^^^^^
    ...<7 lines>...
    )
    ^
  File "C:\Python314\Lib\asyncio\base_events.py", line 1627, in create_server
    raise OSError(err.errno, msg) from None
OSError: [Errno 10048] error while attempting to bind on address ('0.0.0.0', 8093): [winerror 10048] only one usage of each socket address (protocol/network address/port) is normally permitted
09:31:01 asyncio                 ERROR | Unclosed client session
client_session: <aiohttp.client.ClientSession object at 0x0000021D16438050>

--- restart 2026-04-05T13:48:07.738962+00:00 ---
09:48:08 mitch                    INFO | Loading config: 11 pairs, trading=['USDG_USDC'], mode=paper
09:48:08 mitch                 WARNING | SAFE STARTUP active: forcing paper mode, disabling live API keys, and using scalp sim mode when enabled. Engine remains stopped until START.
09:48:08 backend.server.windows_power     INFO | Windows: preventing system idle sleep while bot runs
09:48:08 backend.server.session_logger     INFO | Session log: C:\Users\daroo\Desktop\Repos\tradingbot-1\data\session_20260405_134808.jsonl
09:48:08 backend.server.pnl    WARNING | Skipping bad trade record: Extra data: line 1 column 2 (char 1)
09:48:08 backend.server.pnl       INFO | [PAPER] Replayed 8091 fills | P&L: $55.9589 | Sells: 4044 | Win: 100.0% | 30d vol: $55129 | Fee: 14 bps
09:48:08 backend.server.pnl       INFO | Next fee tier at $100000 (need $44871 more, 10.3% progress)
09:48:08 backend.server.strategy_learner     INFO | Learner USDG_USDC: starting at config spread_bps=1, pain_floor=0, regime_pain=none
09:48:08 backend.server.scalp_bot.scalp_runtime     INFO | ScalpRuntime: started for pairs ['SOL_USD', 'XRP_USD']
09:48:08 backend.server.scalp_bot.scalp_runtime     INFO | ScalpRuntime: seeding candle feed from REST...
Traceback (most recent call last):
  File "<frozen runpy>", line 198, in _run_module_as_main
  File "<frozen runpy>", line 88, in _run_code
  File "C:\Users\daroo\Desktop\Repos\tradingbot-1\backend\server\main.py", line 363, in <module>
    main()
    ~~~~^^
  File "C:\Users\daroo\Desktop\Repos\tradingbot-1\backend\server\main.py", line 357, in main
    asyncio.run(run())
    ~~~~~~~~~~~^^^^^^^
  File "C:\Python314\Lib\asyncio\runners.py", line 204, in run
    return runner.run(main)
           ~~~~~~~~~~^^^^^^
  File "C:\Python314\Lib\asyncio\runners.py", line 127, in run
    return self._loop.run_until_complete(task)
           ~~~~~~~~~~~~~~~~~~~~~~~~~~~~~^^^^^^
  File "C:\Python314\Lib\asyncio\base_events.py", line 719, in run_until_complete
    return future.result()
           ~~~~~~~~~~~~~^^
  File "C:\Users\daroo\Desktop\Repos\tradingbot-1\backend\server\main.py", line 186, in run
    runner = await dashboard.start()
             ^^^^^^^^^^^^^^^^^^^^^^^
  File "C:\Users\daroo\Desktop\Repos\tradingbot-1\backend\server\ws_server.py", line 853, in start
    await site.start()
  File "C:\Users\daroo\AppData\Roaming\Python\Python314\site-packages\aiohttp\web_runner.py", line 121, in start
    self._server = await loop.create_server(
                   ^^^^^^^^^^^^^^^^^^^^^^^^^
    ...<7 lines>...
    )
    ^
  File "C:\Python314\Lib\asyncio\base_events.py", line 1627, in create_server
    raise OSError(err.errno, msg) from None
OSError: [Errno 10048] error while attempting to bind on address ('0.0.0.0', 8093): [winerror 10048] only one usage of each socket address (protocol/network address/port) is normally permitted
09:48:08 asyncio                 ERROR | Unclosed client session
client_session: <aiohttp.client.ClientSession object at 0x000001D6F3674050>

--- restart 2026-04-05T14:05:14.925307+00:00 ---
10:05:15 mitch                    INFO | Loading config: 11 pairs, trading=['USDG_USDC'], mode=paper
10:05:15 mitch                 WARNING | SAFE STARTUP active: forcing paper mode, disabling live API keys, and using scalp sim mode when enabled. Engine remains stopped until START.
10:05:15 backend.server.windows_power     INFO | Windows: preventing system idle sleep while bot runs
10:05:15 backend.server.session_logger     INFO | Session log: C:\Users\daroo\Desktop\Repos\tradingbot-1\data\session_20260405_140515.jsonl
10:05:15 backend.server.pnl    WARNING | Skipping bad trade record: Extra data: line 1 column 2 (char 1)
10:05:15 backend.server.pnl       INFO | [PAPER] Replayed 8091 fills | P&L: $55.9589 | Sells: 4044 | Win: 100.0% | 30d vol: $55129 | Fee: 14 bps
10:05:15 backend.server.pnl       INFO | Next fee tier at $100000 (need $44871 more, 10.3% progress)
10:05:15 backend.server.strategy_learner     INFO | Learner USDG_USDC: starting at config spread_bps=1, pain_floor=0, regime_pain=none
10:05:15 backend.server.scalp_bot.scalp_runtime     INFO | ScalpRuntime: started for pairs ['SOL_USD', 'XRP_USD']
10:05:15 backend.server.scalp_bot.scalp_runtime     INFO | ScalpRuntime: seeding candle feed from REST...
Traceback (most recent call last):
  File "<frozen runpy>", line 198, in _run_module_as_main
  File "<frozen runpy>", line 88, in _run_code
  File "C:\Users\daroo\Desktop\Repos\tradingbot-1\backend\server\main.py", line 363, in <module>
    main()
    ~~~~^^
  File "C:\Users\daroo\Desktop\Repos\tradingbot-1\backend\server\main.py", line 357, in main
    asyncio.run(run())
    ~~~~~~~~~~~^^^^^^^
  File "C:\Python314\Lib\asyncio\runners.py", line 204, in run
    return runner.run(main)
           ~~~~~~~~~~^^^^^^
  File "C:\Python314\Lib\asyncio\runners.py", line 127, in run
    return self._loop.run_until_complete(task)
           ~~~~~~~~~~~~~~~~~~~~~~~~~~~~~^^^^^^
  File "C:\Python314\Lib\asyncio\base_events.py", line 719, in run_until_complete
    return future.result()
           ~~~~~~~~~~~~~^^
  File "C:\Users\daroo\Desktop\Repos\tradingbot-1\backend\server\main.py", line 186, in run
    runner = await dashboard.start()
             ^^^^^^^^^^^^^^^^^^^^^^^
  File "C:\Users\daroo\Desktop\Repos\tradingbot-1\backend\server\ws_server.py", line 853, in start
    await site.start()
  File "C:\Users\daroo\AppData\Roaming\Python\Python314\site-packages\aiohttp\web_runner.py", line 121, in start
    self._server = await loop.create_server(
                   ^^^^^^^^^^^^^^^^^^^^^^^^^
    ...<7 lines>...
    )
    ^
  File "C:\Python314\Lib\asyncio\base_events.py", line 1627, in create_server
    raise OSError(err.errno, msg) from None
OSError: [Errno 10048] error while attempting to bind on address ('0.0.0.0', 8093): [winerror 10048] only one usage of each socket address (protocol/network address/port) is normally permitted
10:05:15 asyncio                 ERROR | Unclosed client session
client_session: <aiohttp.client.ClientSession object at 0x000001FCCB198050>

--- restart 2026-04-05T14:22:21.773174+00:00 ---
10:22:22 mitch                    INFO | Loading config: 11 pairs, trading=['USDG_USDC'], mode=paper
10:22:22 mitch                 WARNING | SAFE STARTUP active: forcing paper mode, disabling live API keys, and using scalp sim mode when enabled. Engine remains stopped until START.
10:22:22 backend.server.windows_power     INFO | Windows: preventing system idle sleep while bot runs
10:22:22 backend.server.session_logger     INFO | Session log: C:\Users\daroo\Desktop\Repos\tradingbot-1\data\session_20260405_142222.jsonl
10:22:22 backend.server.pnl    WARNING | Skipping bad trade record: Extra data: line 1 column 2 (char 1)
10:22:22 backend.server.pnl       INFO | [PAPER] Replayed 8091 fills | P&L: $55.9589 | Sells: 4044 | Win: 100.0% | 30d vol: $55129 | Fee: 14 bps
10:22:22 backend.server.pnl       INFO | Next fee tier at $100000 (need $44871 more, 10.3% progress)
10:22:22 backend.server.strategy_learner     INFO | Learner USDG_USDC: starting at config spread_bps=1, pain_floor=0, regime_pain=none
10:22:22 backend.server.scalp_bot.scalp_runtime     INFO | ScalpRuntime: started for pairs ['SOL_USD', 'XRP_USD']
10:22:22 backend.server.scalp_bot.scalp_runtime     INFO | ScalpRuntime: seeding candle feed from REST...
Traceback (most recent call last):
  File "<frozen runpy>", line 198, in _run_module_as_main
  File "<frozen runpy>", line 88, in _run_code
  File "C:\Users\daroo\Desktop\Repos\tradingbot-1\backend\server\main.py", line 363, in <module>
    main()
    ~~~~^^
  File "C:\Users\daroo\Desktop\Repos\tradingbot-1\backend\server\main.py", line 357, in main
    asyncio.run(run())
    ~~~~~~~~~~~^^^^^^^
  File "C:\Python314\Lib\asyncio\runners.py", line 204, in run
    return runner.run(main)
           ~~~~~~~~~~^^^^^^
  File "C:\Python314\Lib\asyncio\runners.py", line 127, in run
    return self._loop.run_until_complete(task)
           ~~~~~~~~~~~~~~~~~~~~~~~~~~~~~^^^^^^
  File "C:\Python314\Lib\asyncio\base_events.py", line 719, in run_until_complete
    return future.result()
           ~~~~~~~~~~~~~^^
  File "C:\Users\daroo\Desktop\Repos\tradingbot-1\backend\server\main.py", line 186, in run
    runner = await dashboard.start()
             ^^^^^^^^^^^^^^^^^^^^^^^
  File "C:\Users\daroo\Desktop\Repos\tradingbot-1\backend\server\ws_server.py", line 853, in start
    await site.start()
  File "C:\Users\daroo\AppData\Roaming\Python\Python314\site-packages\aiohttp\web_runner.py", line 121, in start
    self._server = await loop.create_server(
                   ^^^^^^^^^^^^^^^^^^^^^^^^^
    ...<7 lines>...
    )
    ^
  File "C:\Python314\Lib\asyncio\base_events.py", line 1627, in create_server
    raise OSError(err.errno, msg) from None
OSError: [Errno 10048] error while attempting to bind on address ('0.0.0.0', 8093): [winerror 10048] only one usage of each socket address (protocol/network address/port) is normally permitted
10:22:22 asyncio                 ERROR | Unclosed client session
client_session: <aiohttp.client.ClientSession object at 0x0000021F67818050>

--- restart 2026-04-05T14:39:28.616895+00:00 ---
10:39:29 mitch                    INFO | Loading config: 11 pairs, trading=['USDG_USDC'], mode=paper
10:39:29 mitch                 WARNING | SAFE STARTUP active: forcing paper mode, disabling live API keys, and using scalp sim mode when enabled. Engine remains stopped until START.
10:39:29 backend.server.windows_power     INFO | Windows: preventing system idle sleep while bot runs
10:39:29 backend.server.session_logger     INFO | Session log: C:\Users\daroo\Desktop\Repos\tradingbot-1\data\session_20260405_143929.jsonl
10:39:29 backend.server.pnl    WARNING | Skipping bad trade record: Extra data: line 1 column 2 (char 1)
10:39:29 backend.server.pnl       INFO | [PAPER] Replayed 8091 fills | P&L: $55.9589 | Sells: 4044 | Win: 100.0% | 30d vol: $55129 | Fee: 14 bps
10:39:29 backend.server.pnl       INFO | Next fee tier at $100000 (need $44871 more, 10.3% progress)
10:39:29 backend.server.strategy_learner     INFO | Learner USDG_USDC: starting at config spread_bps=1, pain_floor=0, regime_pain=none
10:39:29 backend.server.scalp_bot.scalp_runtime     INFO | ScalpRuntime: started for pairs ['SOL_USD', 'XRP_USD']
10:39:29 backend.server.scalp_bot.scalp_runtime     INFO | ScalpRuntime: seeding candle feed from REST...
Traceback (most recent call last):
  File "<frozen runpy>", line 198, in _run_module_as_main
  File "<frozen runpy>", line 88, in _run_code
  File "C:\Users\daroo\Desktop\Repos\tradingbot-1\backend\server\main.py", line 363, in <module>
    main()
    ~~~~^^
  File "C:\Users\daroo\Desktop\Repos\tradingbot-1\backend\server\main.py", line 357, in main
    asyncio.run(run())
    ~~~~~~~~~~~^^^^^^^
  File "C:\Python314\Lib\asyncio\runners.py", line 204, in run
    return runner.run(main)
           ~~~~~~~~~~^^^^^^
  File "C:\Python314\Lib\asyncio\runners.py", line 127, in run
    return self._loop.run_until_complete(task)
           ~~~~~~~~~~~~~~~~~~~~~~~~~~~~~^^^^^^
  File "C:\Python314\Lib\asyncio\base_events.py", line 719, in run_until_complete
    return future.result()
           ~~~~~~~~~~~~~^^
  File "C:\Users\daroo\Desktop\Repos\tradingbot-1\backend\server\main.py", line 186, in run
    runner = await dashboard.start()
             ^^^^^^^^^^^^^^^^^^^^^^^
  File "C:\Users\daroo\Desktop\Repos\tradingbot-1\backend\server\ws_server.py", line 853, in start
    await site.start()
  File "C:\Users\daroo\AppData\Roaming\Python\Python314\site-packages\aiohttp\web_runner.py", line 121, in start
    self._server = await loop.create_server(
                   ^^^^^^^^^^^^^^^^^^^^^^^^^
    ...<7 lines>...
    )
    ^
  File "C:\Python314\Lib\asyncio\base_events.py", line 1627, in create_server
    raise OSError(err.errno, msg) from None
OSError: [Errno 10048] error while attempting to bind on address ('0.0.0.0', 8093): [winerror 10048] only one usage of each socket address (protocol/network address/port) is normally permitted
10:39:29 asyncio                 ERROR | Unclosed client session
client_session: <aiohttp.client.ClientSession object at 0x000001626B4D8050>

--- restart 2026-04-05T14:56:35.518213+00:00 ---
10:56:36 mitch                    INFO | Loading config: 11 pairs, trading=['USDG_USDC'], mode=paper
10:56:36 mitch                 WARNING | SAFE STARTUP active: forcing paper mode, disabling live API keys, and using scalp sim mode when enabled. Engine remains stopped until START.
10:56:36 backend.server.windows_power     INFO | Windows: preventing system idle sleep while bot runs
10:56:36 backend.server.session_logger     INFO | Session log: C:\Users\daroo\Desktop\Repos\tradingbot-1\data\session_20260405_145636.jsonl
10:56:36 backend.server.pnl    WARNING | Skipping bad trade record: Extra data: line 1 column 2 (char 1)
10:56:36 backend.server.pnl       INFO | [PAPER] Replayed 8091 fills | P&L: $55.9589 | Sells: 4044 | Win: 100.0% | 30d vol: $55129 | Fee: 14 bps
10:56:36 backend.server.pnl       INFO | Next fee tier at $100000 (need $44871 more, 10.3% progress)
10:56:36 backend.server.strategy_learner     INFO | Learner USDG_USDC: starting at config spread_bps=1, pain_floor=0, regime_pain=none
10:56:36 backend.server.scalp_bot.scalp_runtime     INFO | ScalpRuntime: started for pairs ['SOL_USD', 'XRP_USD']
10:56:36 backend.server.scalp_bot.scalp_runtime     INFO | ScalpRuntime: seeding candle feed from REST...
Traceback (most recent call last):
  File "<frozen runpy>", line 198, in _run_module_as_main
  File "<frozen runpy>", line 88, in _run_code
  File "C:\Users\daroo\Desktop\Repos\tradingbot-1\backend\server\main.py", line 363, in <module>
    main()
    ~~~~^^
  File "C:\Users\daroo\Desktop\Repos\tradingbot-1\backend\server\main.py", line 357, in main
    asyncio.run(run())
    ~~~~~~~~~~~^^^^^^^
  File "C:\Python314\Lib\asyncio\runners.py", line 204, in run
    return runner.run(main)
           ~~~~~~~~~~^^^^^^
  File "C:\Python314\Lib\asyncio\runners.py", line 127, in run
    return self._loop.run_until_complete(task)
           ~~~~~~~~~~~~~~~~~~~~~~~~~~~~~^^^^^^
  File "C:\Python314\Lib\asyncio\base_events.py", line 719, in run_until_complete
    return future.result()
           ~~~~~~~~~~~~~^^
  File "C:\Users\daroo\Desktop\Repos\tradingbot-1\backend\server\main.py", line 186, in run
    runner = await dashboard.start()
             ^^^^^^^^^^^^^^^^^^^^^^^
  File "C:\Users\daroo\Desktop\Repos\tradingbot-1\backend\server\ws_server.py", line 853, in start
    await site.start()
  File "C:\Users\daroo\AppData\Roaming\Python\Python314\site-packages\aiohttp\web_runner.py", line 121, in start
    self._server = await loop.create_server(
                   ^^^^^^^^^^^^^^^^^^^^^^^^^
    ...<7 lines>...
    )
    ^
  File "C:\Python314\Lib\asyncio\base_events.py", line 1627, in create_server
    raise OSError(err.errno, msg) from None
OSError: [Errno 10048] error while attempting to bind on address ('0.0.0.0', 8093): [winerror 10048] only one usage of each socket address (protocol/network address/port) is normally permitted
10:56:36 asyncio                 ERROR | Unclosed client session
client_session: <aiohttp.client.ClientSession object at 0x000001AB51934050>

--- restart 2026-04-05T15:13:42.621050+00:00 ---
11:13:43 mitch                    INFO | Loading config: 11 pairs, trading=['USDG_USDC'], mode=paper
11:13:43 mitch                 WARNING | SAFE STARTUP active: forcing paper mode, disabling live API keys, and using scalp sim mode when enabled. Engine remains stopped until START.
11:13:43 backend.server.windows_power     INFO | Windows: preventing system idle sleep while bot runs
11:13:43 backend.server.session_logger     INFO | Session log: C:\Users\daroo\Desktop\Repos\tradingbot-1\data\session_20260405_151343.jsonl
11:13:43 backend.server.pnl    WARNING | Skipping bad trade record: Extra data: line 1 column 2 (char 1)
11:13:43 backend.server.pnl       INFO | [PAPER] Replayed 8091 fills | P&L: $55.9589 | Sells: 4044 | Win: 100.0% | 30d vol: $55129 | Fee: 14 bps
11:13:43 backend.server.pnl       INFO | Next fee tier at $100000 (need $44871 more, 10.3% progress)
11:13:43 backend.server.strategy_learner     INFO | Learner USDG_USDC: starting at config spread_bps=1, pain_floor=0, regime_pain=none
11:13:43 backend.server.scalp_bot.scalp_runtime     INFO | ScalpRuntime: started for pairs ['SOL_USD', 'XRP_USD']
11:13:43 backend.server.scalp_bot.scalp_runtime     INFO | ScalpRuntime: seeding candle feed from REST...
Traceback (most recent call last):
  File "<frozen runpy>", line 198, in _run_module_as_main
  File "<frozen runpy>", line 88, in _run_code
  File "C:\Users\daroo\Desktop\Repos\tradingbot-1\backend\server\main.py", line 363, in <module>
    main()
    ~~~~^^
  File "C:\Users\daroo\Desktop\Repos\tradingbot-1\backend\server\main.py", line 357, in main
    asyncio.run(run())
    ~~~~~~~~~~~^^^^^^^
  File "C:\Python314\Lib\asyncio\runners.py", line 204, in run
    return runner.run(main)
           ~~~~~~~~~~^^^^^^
  File "C:\Python314\Lib\asyncio\runners.py", line 127, in run
    return self._loop.run_until_complete(task)
           ~~~~~~~~~~~~~~~~~~~~~~~~~~~~~^^^^^^
  File "C:\Python314\Lib\asyncio\base_events.py", line 719, in run_until_complete
    return future.result()
           ~~~~~~~~~~~~~^^
  File "C:\Users\daroo\Desktop\Repos\tradingbot-1\backend\server\main.py", line 186, in run
    runner = await dashboard.start()
             ^^^^^^^^^^^^^^^^^^^^^^^
  File "C:\Users\daroo\Desktop\Repos\tradingbot-1\backend\server\ws_server.py", line 853, in start
    await site.start()
  File "C:\Users\daroo\AppData\Roaming\Python\Python314\site-packages\aiohttp\web_runner.py", line 121, in start
    self._server = await loop.create_server(
                   ^^^^^^^^^^^^^^^^^^^^^^^^^
    ...<7 lines>...
    )
    ^
  File "C:\Python314\Lib\asyncio\base_events.py", line 1627, in create_server
    raise OSError(err.errno, msg) from None
OSError: [Errno 10048] error while attempting to bind on address ('0.0.0.0', 8093): [winerror 10048] only one usage of each socket address (protocol/network address/port) is normally permitted
11:13:43 asyncio                 ERROR | Unclosed client session
client_session: <aiohttp.client.ClientSession object at 0x000002527FE94050>

--- restart 2026-04-05T15:30:49.491133+00:00 ---
11:30:50 mitch                    INFO | Loading config: 11 pairs, trading=['USDG_USDC'], mode=paper
11:30:50 mitch                 WARNING | SAFE STARTUP active: forcing paper mode, disabling live API keys, and using scalp sim mode when enabled. Engine remains stopped until START.
11:30:50 backend.server.windows_power     INFO | Windows: preventing system idle sleep while bot runs
11:30:50 backend.server.session_logger     INFO | Session log: C:\Users\daroo\Desktop\Repos\tradingbot-1\data\session_20260405_153050.jsonl
11:30:50 backend.server.pnl    WARNING | Skipping bad trade record: Extra data: line 1 column 2 (char 1)
11:30:50 backend.server.pnl       INFO | [PAPER] Replayed 8091 fills | P&L: $55.9589 | Sells: 4044 | Win: 100.0% | 30d vol: $55129 | Fee: 14 bps
11:30:50 backend.server.pnl       INFO | Next fee tier at $100000 (need $44871 more, 10.3% progress)
11:30:50 backend.server.strategy_learner     INFO | Learner USDG_USDC: starting at config spread_bps=1, pain_floor=0, regime_pain=none
11:30:50 backend.server.scalp_bot.scalp_runtime     INFO | ScalpRuntime: started for pairs ['SOL_USD', 'XRP_USD']
11:30:50 backend.server.scalp_bot.scalp_runtime     INFO | ScalpRuntime: seeding candle feed from REST...
Traceback (most recent call last):
  File "<frozen runpy>", line 198, in _run_module_as_main
  File "<frozen runpy>", line 88, in _run_code
  File "C:\Users\daroo\Desktop\Repos\tradingbot-1\backend\server\main.py", line 363, in <module>
    main()
    ~~~~^^
  File "C:\Users\daroo\Desktop\Repos\tradingbot-1\backend\server\main.py", line 357, in main
    asyncio.run(run())
    ~~~~~~~~~~~^^^^^^^
  File "C:\Python314\Lib\asyncio\runners.py", line 204, in run
    return runner.run(main)
           ~~~~~~~~~~^^^^^^
  File "C:\Python314\Lib\asyncio\runners.py", line 127, in run
    return self._loop.run_until_complete(task)
           ~~~~~~~~~~~~~~~~~~~~~~~~~~~~~^^^^^^
  File "C:\Python314\Lib\asyncio\base_events.py", line 719, in run_until_complete
    return future.result()
           ~~~~~~~~~~~~~^^
  File "C:\Users\daroo\Desktop\Repos\tradingbot-1\backend\server\main.py", line 186, in run
    runner = await dashboard.start()
             ^^^^^^^^^^^^^^^^^^^^^^^
  File "C:\Users\daroo\Desktop\Repos\tradingbot-1\backend\server\ws_server.py", line 853, in start
    await site.start()
  File "C:\Users\daroo\AppData\Roaming\Python\Python314\site-packages\aiohttp\web_runner.py", line 121, in start
    self._server = await loop.create_server(
                   ^^^^^^^^^^^^^^^^^^^^^^^^^
    ...<7 lines>...
    )
    ^
  File "C:\Python314\Lib\asyncio\base_events.py", line 1627, in create_server
    raise OSError(err.errno, msg) from None
OSError: [Errno 10048] error while attempting to bind on address ('0.0.0.0', 8093): [winerror 10048] only one usage of each socket address (protocol/network address/port) is normally permitted
11:30:50 asyncio                 ERROR | Unclosed client session
client_session: <aiohttp.client.ClientSession object at 0x0000024641114050>

--- restart 2026-04-05T15:47:56.297305+00:00 ---
11:47:56 mitch                    INFO | Loading config: 11 pairs, trading=['USDG_USDC'], mode=paper
11:47:56 mitch                 WARNING | SAFE STARTUP active: forcing paper mode, disabling live API keys, and using scalp sim mode when enabled. Engine remains stopped until START.
11:47:56 backend.server.windows_power     INFO | Windows: preventing system idle sleep while bot runs
11:47:56 backend.server.session_logger     INFO | Session log: C:\Users\daroo\Desktop\Repos\tradingbot-1\data\session_20260405_154756.jsonl
11:47:56 backend.server.pnl    WARNING | Skipping bad trade record: Extra data: line 1 column 2 (char 1)
11:47:56 backend.server.pnl       INFO | [PAPER] Replayed 8091 fills | P&L: $55.9589 | Sells: 4044 | Win: 100.0% | 30d vol: $55129 | Fee: 14 bps
11:47:56 backend.server.pnl       INFO | Next fee tier at $100000 (need $44871 more, 10.3% progress)
11:47:56 backend.server.strategy_learner     INFO | Learner USDG_USDC: starting at config spread_bps=1, pain_floor=0, regime_pain=none
11:47:57 backend.server.scalp_bot.scalp_runtime     INFO | ScalpRuntime: started for pairs ['SOL_USD', 'XRP_USD']
11:47:57 backend.server.scalp_bot.scalp_runtime     INFO | ScalpRuntime: seeding candle feed from REST...
Traceback (most recent call last):
  File "<frozen runpy>", line 198, in _run_module_as_main
  File "<frozen runpy>", line 88, in _run_code
  File "C:\Users\daroo\Desktop\Repos\tradingbot-1\backend\server\main.py", line 363, in <module>
    main()
    ~~~~^^
  File "C:\Users\daroo\Desktop\Repos\tradingbot-1\backend\server\main.py", line 357, in main
    asyncio.run(run())
    ~~~~~~~~~~~^^^^^^^
  File "C:\Python314\Lib\asyncio\runners.py", line 204, in run
    return runner.run(main)
           ~~~~~~~~~~^^^^^^
  File "C:\Python314\Lib\asyncio\runners.py", line 127, in run
    return self._loop.run_until_complete(task)
           ~~~~~~~~~~~~~~~~~~~~~~~~~~~~~^^^^^^
  File "C:\Python314\Lib\asyncio\base_events.py", line 719, in run_until_complete
    return future.result()
           ~~~~~~~~~~~~~^^
  File "C:\Users\daroo\Desktop\Repos\tradingbot-1\backend\server\main.py", line 186, in run
    runner = await dashboard.start()
             ^^^^^^^^^^^^^^^^^^^^^^^
  File "C:\Users\daroo\Desktop\Repos\tradingbot-1\backend\server\ws_server.py", line 853, in start
    await site.start()
  File "C:\Users\daroo\AppData\Roaming\Python\Python314\site-packages\aiohttp\web_runner.py", line 121, in start
    self._server = await loop.create_server(
                   ^^^^^^^^^^^^^^^^^^^^^^^^^
    ...<7 lines>...
    )
    ^
  File "C:\Python314\Lib\asyncio\base_events.py", line 1627, in create_server
    raise OSError(err.errno, msg) from None
OSError: [Errno 10048] error while attempting to bind on address ('0.0.0.0', 8093): [winerror 10048] only one usage of each socket address (protocol/network address/port) is normally permitted
11:47:57 asyncio                 ERROR | Unclosed client session
client_session: <aiohttp.client.ClientSession object at 0x000001C063684050>

--- restart 2026-04-05T16:05:03.483983+00:00 ---
12:05:04 mitch                    INFO | Loading config: 11 pairs, trading=['USDG_USDC'], mode=paper
12:05:04 mitch                 WARNING | SAFE STARTUP active: forcing paper mode, disabling live API keys, and using scalp sim mode when enabled. Engine remains stopped until START.
12:05:04 backend.server.windows_power     INFO | Windows: preventing system idle sleep while bot runs
12:05:04 backend.server.session_logger     INFO | Session log: C:\Users\daroo\Desktop\Repos\tradingbot-1\data\session_20260405_160504.jsonl
12:05:04 backend.server.pnl    WARNING | Skipping bad trade record: Extra data: line 1 column 2 (char 1)
12:05:04 backend.server.pnl       INFO | [PAPER] Replayed 8091 fills | P&L: $55.9589 | Sells: 4044 | Win: 100.0% | 30d vol: $55129 | Fee: 14 bps
12:05:04 backend.server.pnl       INFO | Next fee tier at $100000 (need $44871 more, 10.3% progress)
12:05:04 backend.server.strategy_learner     INFO | Learner USDG_USDC: starting at config spread_bps=1, pain_floor=0, regime_pain=none
12:05:05 backend.server.scalp_bot.scalp_runtime     INFO | ScalpRuntime: started for pairs ['SOL_USD', 'XRP_USD']
12:05:05 backend.server.scalp_bot.scalp_runtime     INFO | ScalpRuntime: seeding candle feed from REST...
Traceback (most recent call last):
  File "<frozen runpy>", line 198, in _run_module_as_main
  File "<frozen runpy>", line 88, in _run_code
  File "C:\Users\daroo\Desktop\Repos\tradingbot-1\backend\server\main.py", line 363, in <module>
    main()
    ~~~~^^
  File "C:\Users\daroo\Desktop\Repos\tradingbot-1\backend\server\main.py", line 357, in main
    asyncio.run(run())
    ~~~~~~~~~~~^^^^^^^
  File "C:\Python314\Lib\asyncio\runners.py", line 204, in run
    return runner.run(main)
           ~~~~~~~~~~^^^^^^
  File "C:\Python314\Lib\asyncio\runners.py", line 127, in run
    return self._loop.run_until_complete(task)
           ~~~~~~~~~~~~~~~~~~~~~~~~~~~~~^^^^^^
  File "C:\Python314\Lib\asyncio\base_events.py", line 719, in run_until_complete
    return future.result()
           ~~~~~~~~~~~~~^^
  File "C:\Users\daroo\Desktop\Repos\tradingbot-1\backend\server\main.py", line 186, in run
    runner = await dashboard.start()
             ^^^^^^^^^^^^^^^^^^^^^^^
  File "C:\Users\daroo\Desktop\Repos\tradingbot-1\backend\server\ws_server.py", line 853, in start
    await site.start()
  File "C:\Users\daroo\AppData\Roaming\Python\Python314\site-packages\aiohttp\web_runner.py", line 121, in start
    self._server = await loop.create_server(
                   ^^^^^^^^^^^^^^^^^^^^^^^^^
    ...<7 lines>...
    )
    ^
  File "C:\Python314\Lib\asyncio\base_events.py", line 1627, in create_server
    raise OSError(err.errno, msg) from None
OSError: [Errno 10048] error while attempting to bind on address ('0.0.0.0', 8093): [winerror 10048] only one usage of each socket address (protocol/network address/port) is normally permitted
12:05:05 asyncio                 ERROR | Unclosed client session
client_session: <aiohttp.client.ClientSession object at 0x00000158FFBF4050>

--- restart 2026-04-05T16:22:10.628496+00:00 ---
12:22:11 mitch                    INFO | Loading config: 11 pairs, trading=['USDG_USDC'], mode=paper
12:22:11 mitch                 WARNING | SAFE STARTUP active: forcing paper mode, disabling live API keys, and using scalp sim mode when enabled. Engine remains stopped until START.
12:22:11 backend.server.windows_power     INFO | Windows: preventing system idle sleep while bot runs
12:22:11 backend.server.session_logger     INFO | Session log: C:\Users\daroo\Desktop\Repos\tradingbot-1\data\session_20260405_162211.jsonl
12:22:11 backend.server.pnl    WARNING | Skipping bad trade record: Extra data: line 1 column 2 (char 1)
12:22:11 backend.server.pnl       INFO | [PAPER] Replayed 8091 fills | P&L: $55.9589 | Sells: 4044 | Win: 100.0% | 30d vol: $55129 | Fee: 14 bps
12:22:11 backend.server.pnl       INFO | Next fee tier at $100000 (need $44871 more, 10.3% progress)
12:22:11 backend.server.strategy_learner     INFO | Learner USDG_USDC: starting at config spread_bps=1, pain_floor=0, regime_pain=none
12:22:11 backend.server.scalp_bot.scalp_runtime     INFO | ScalpRuntime: started for pairs ['SOL_USD', 'XRP_USD']
12:22:11 backend.server.scalp_bot.scalp_runtime     INFO | ScalpRuntime: seeding candle feed from REST...
Traceback (most recent call last):
  File "<frozen runpy>", line 198, in _run_module_as_main
  File "<frozen runpy>", line 88, in _run_code
  File "C:\Users\daroo\Desktop\Repos\tradingbot-1\backend\server\main.py", line 363, in <module>
    main()
    ~~~~^^
  File "C:\Users\daroo\Desktop\Repos\tradingbot-1\backend\server\main.py", line 357, in main
    asyncio.run(run())
    ~~~~~~~~~~~^^^^^^^
  File "C:\Python314\Lib\asyncio\runners.py", line 204, in run
    return runner.run(main)
           ~~~~~~~~~~^^^^^^
  File "C:\Python314\Lib\asyncio\runners.py", line 127, in run
    return self._loop.run_until_complete(task)
           ~~~~~~~~~~~~~~~~~~~~~~~~~~~~~^^^^^^
  File "C:\Python314\Lib\asyncio\base_events.py", line 719, in run_until_complete
    return future.result()
           ~~~~~~~~~~~~~^^
  File "C:\Users\daroo\Desktop\Repos\tradingbot-1\backend\server\main.py", line 186, in run
    runner = await dashboard.start()
             ^^^^^^^^^^^^^^^^^^^^^^^
  File "C:\Users\daroo\Desktop\Repos\tradingbot-1\backend\server\ws_server.py", line 853, in start
    await site.start()
  File "C:\Users\daroo\AppData\Roaming\Python\Python314\site-packages\aiohttp\web_runner.py", line 121, in start
    self._server = await loop.create_server(
                   ^^^^^^^^^^^^^^^^^^^^^^^^^
    ...<7 lines>...
    )
    ^
  File "C:\Python314\Lib\asyncio\base_events.py", line 1627, in create_server
    raise OSError(err.errno, msg) from None
OSError: [Errno 10048] error while attempting to bind on address ('0.0.0.0', 8093): [winerror 10048] only one usage of each socket address (protocol/network address/port) is normally permitted
12:22:11 asyncio                 ERROR | Unclosed client session
client_session: <aiohttp.client.ClientSession object at 0x00000276EE714050>

--- restart 2026-04-05T16:39:17.503727+00:00 ---
12:39:18 mitch                    INFO | Loading config: 11 pairs, trading=['USDG_USDC'], mode=paper
12:39:18 mitch                 WARNING | SAFE STARTUP active: forcing paper mode, disabling live API keys, and using scalp sim mode when enabled. Engine remains stopped until START.
12:39:18 backend.server.windows_power     INFO | Windows: preventing system idle sleep while bot runs
12:39:18 backend.server.session_logger     INFO | Session log: C:\Users\daroo\Desktop\Repos\tradingbot-1\data\session_20260405_163918.jsonl
12:39:18 backend.server.pnl    WARNING | Skipping bad trade record: Extra data: line 1 column 2 (char 1)
12:39:18 backend.server.pnl       INFO | [PAPER] Replayed 8091 fills | P&L: $55.9589 | Sells: 4044 | Win: 100.0% | 30d vol: $55129 | Fee: 14 bps
12:39:18 backend.server.pnl       INFO | Next fee tier at $100000 (need $44871 more, 10.3% progress)
12:39:18 backend.server.strategy_learner     INFO | Learner USDG_USDC: starting at config spread_bps=1, pain_floor=0, regime_pain=none
12:39:18 backend.server.scalp_bot.scalp_runtime     INFO | ScalpRuntime: started for pairs ['SOL_USD', 'XRP_USD']
12:39:18 backend.server.scalp_bot.scalp_runtime     INFO | ScalpRuntime: seeding candle feed from REST...
Traceback (most recent call last):
  File "<frozen runpy>", line 198, in _run_module_as_main
  File "<frozen runpy>", line 88, in _run_code
  File "C:\Users\daroo\Desktop\Repos\tradingbot-1\backend\server\main.py", line 363, in <module>
    main()
    ~~~~^^
  File "C:\Users\daroo\Desktop\Repos\tradingbot-1\backend\server\main.py", line 357, in main
    asyncio.run(run())
    ~~~~~~~~~~~^^^^^^^
  File "C:\Python314\Lib\asyncio\runners.py", line 204, in run
    return runner.run(main)
           ~~~~~~~~~~^^^^^^
  File "C:\Python314\Lib\asyncio\runners.py", line 127, in run
    return self._loop.run_until_complete(task)
           ~~~~~~~~~~~~~~~~~~~~~~~~~~~~~^^^^^^
  File "C:\Python314\Lib\asyncio\base_events.py", line 719, in run_until_complete
    return future.result()
           ~~~~~~~~~~~~~^^
  File "C:\Users\daroo\Desktop\Repos\tradingbot-1\backend\server\main.py", line 186, in run
    runner = await dashboard.start()
             ^^^^^^^^^^^^^^^^^^^^^^^
  File "C:\Users\daroo\Desktop\Repos\tradingbot-1\backend\server\ws_server.py", line 853, in start
    await site.start()
  File "C:\Users\daroo\AppData\Roaming\Python\Python314\site-packages\aiohttp\web_runner.py", line 121, in start
    self._server = await loop.create_server(
                   ^^^^^^^^^^^^^^^^^^^^^^^^^
    ...<7 lines>...
    )
    ^
  File "C:\Python314\Lib\asyncio\base_events.py", line 1627, in create_server
    raise OSError(err.errno, msg) from None
OSError: [Errno 10048] error while attempting to bind on address ('0.0.0.0', 8093): [winerror 10048] only one usage of each socket address (protocol/network address/port) is normally permitted
12:39:18 asyncio                 ERROR | Unclosed client session
client_session: <aiohttp.client.ClientSession object at 0x00000220D77A4050>

--- restart 2026-04-05T16:56:24.316655+00:00 ---
12:56:24 mitch                    INFO | Loading config: 11 pairs, trading=['USDG_USDC'], mode=paper
12:56:24 mitch                 WARNING | SAFE STARTUP active: forcing paper mode, disabling live API keys, and using scalp sim mode when enabled. Engine remains stopped until START.
12:56:24 backend.server.windows_power     INFO | Windows: preventing system idle sleep while bot runs
12:56:24 backend.server.session_logger     INFO | Session log: C:\Users\daroo\Desktop\Repos\tradingbot-1\data\session_20260405_165624.jsonl
12:56:24 backend.server.pnl    WARNING | Skipping bad trade record: Extra data: line 1 column 2 (char 1)
12:56:24 backend.server.pnl       INFO | [PAPER] Replayed 8091 fills | P&L: $55.9589 | Sells: 4044 | Win: 100.0% | 30d vol: $55129 | Fee: 14 bps
12:56:24 backend.server.pnl       INFO | Next fee tier at $100000 (need $44871 more, 10.3% progress)
12:56:24 backend.server.strategy_learner     INFO | Learner USDG_USDC: starting at config spread_bps=1, pain_floor=0, regime_pain=none
12:56:25 backend.server.scalp_bot.scalp_runtime     INFO | ScalpRuntime: started for pairs ['SOL_USD', 'XRP_USD']
12:56:25 backend.server.scalp_bot.scalp_runtime     INFO | ScalpRuntime: seeding candle feed from REST...
Traceback (most recent call last):
  File "<frozen runpy>", line 198, in _run_module_as_main
  File "<frozen runpy>", line 88, in _run_code
  File "C:\Users\daroo\Desktop\Repos\tradingbot-1\backend\server\main.py", line 363, in <module>
    main()
    ~~~~^^
  File "C:\Users\daroo\Desktop\Repos\tradingbot-1\backend\server\main.py", line 357, in main
    asyncio.run(run())
    ~~~~~~~~~~~^^^^^^^
  File "C:\Python314\Lib\asyncio\runners.py", line 204, in run
    return runner.run(main)
           ~~~~~~~~~~^^^^^^
  File "C:\Python314\Lib\asyncio\runners.py", line 127, in run
    return self._loop.run_until_complete(task)
           ~~~~~~~~~~~~~~~~~~~~~~~~~~~~~^^^^^^
  File "C:\Python314\Lib\asyncio\base_events.py", line 719, in run_until_complete
    return future.result()
           ~~~~~~~~~~~~~^^
  File "C:\Users\daroo\Desktop\Repos\tradingbot-1\backend\server\main.py", line 186, in run
    runner = await dashboard.start()
             ^^^^^^^^^^^^^^^^^^^^^^^
  File "C:\Users\daroo\Desktop\Repos\tradingbot-1\backend\server\ws_server.py", line 853, in start
    await site.start()
  File "C:\Users\daroo\AppData\Roaming\Python\Python314\site-packages\aiohttp\web_runner.py", line 121, in start
    self._server = await loop.create_server(
                   ^^^^^^^^^^^^^^^^^^^^^^^^^
    ...<7 lines>...
    )
    ^
  File "C:\Python314\Lib\asyncio\base_events.py", line 1627, in create_server
    raise OSError(err.errno, msg) from None
OSError: [Errno 10048] error while attempting to bind on address ('0.0.0.0', 8093): [winerror 10048] only one usage of each socket address (protocol/network address/port) is normally permitted
12:56:25 asyncio                 ERROR | Unclosed client session
client_session: <aiohttp.client.ClientSession object at 0x000002222F234050>

--- restart 2026-04-05T17:13:31.207477+00:00 ---
13:13:31 mitch                    INFO | Loading config: 11 pairs, trading=['USDG_USDC'], mode=paper
13:13:31 mitch                 WARNING | SAFE STARTUP active: forcing paper mode, disabling live API keys, and using scalp sim mode when enabled. Engine remains stopped until START.
13:13:31 backend.server.windows_power     INFO | Windows: preventing system idle sleep while bot runs
13:13:31 backend.server.session_logger     INFO | Session log: C:\Users\daroo\Desktop\Repos\tradingbot-1\data\session_20260405_171331.jsonl
13:13:31 backend.server.pnl    WARNING | Skipping bad trade record: Extra data: line 1 column 2 (char 1)
13:13:31 backend.server.pnl       INFO | [PAPER] Replayed 8091 fills | P&L: $55.9589 | Sells: 4044 | Win: 100.0% | 30d vol: $55129 | Fee: 14 bps
13:13:31 backend.server.pnl       INFO | Next fee tier at $100000 (need $44871 more, 10.3% progress)
13:13:31 backend.server.strategy_learner     INFO | Learner USDG_USDC: starting at config spread_bps=1, pain_floor=0, regime_pain=none
13:13:31 backend.server.scalp_bot.scalp_runtime     INFO | ScalpRuntime: started for pairs ['SOL_USD', 'XRP_USD']
13:13:31 backend.server.scalp_bot.scalp_runtime     INFO | ScalpRuntime: seeding candle feed from REST...
Traceback (most recent call last):
  File "<frozen runpy>", line 198, in _run_module_as_main
  File "<frozen runpy>", line 88, in _run_code
  File "C:\Users\daroo\Desktop\Repos\tradingbot-1\backend\server\main.py", line 363, in <module>
    main()
    ~~~~^^
  File "C:\Users\daroo\Desktop\Repos\tradingbot-1\backend\server\main.py", line 357, in main
    asyncio.run(run())
    ~~~~~~~~~~~^^^^^^^
  File "C:\Python314\Lib\asyncio\runners.py", line 204, in run
    return runner.run(main)
           ~~~~~~~~~~^^^^^^
  File "C:\Python314\Lib\asyncio\runners.py", line 127, in run
    return self._loop.run_until_complete(task)
           ~~~~~~~~~~~~~~~~~~~~~~~~~~~~~^^^^^^
  File "C:\Python314\Lib\asyncio\base_events.py", line 719, in run_until_complete
    return future.result()
           ~~~~~~~~~~~~~^^
  File "C:\Users\daroo\Desktop\Repos\tradingbot-1\backend\server\main.py", line 186, in run
    runner = await dashboard.start()
             ^^^^^^^^^^^^^^^^^^^^^^^
  File "C:\Users\daroo\Desktop\Repos\tradingbot-1\backend\server\ws_server.py", line 853, in start
    await site.start()
  File "C:\Users\daroo\AppData\Roaming\Python\Python314\site-packages\aiohttp\web_runner.py", line 121, in start
    self._server = await loop.create_server(
                   ^^^^^^^^^^^^^^^^^^^^^^^^^
    ...<7 lines>...
    )
    ^
  File "C:\Python314\Lib\asyncio\base_events.py", line 1627, in create_server
    raise OSError(err.errno, msg) from None
OSError: [Errno 10048] error while attempting to bind on address ('0.0.0.0', 8093): [winerror 10048] only one usage of each socket address (protocol/network address/port) is normally permitted
13:13:31 asyncio                 ERROR | Unclosed client session
client_session: <aiohttp.client.ClientSession object at 0x000001EC34F88050>

--- restart 2026-04-05T17:30:38.356994+00:00 ---
13:30:38 mitch                    INFO | Loading config: 11 pairs, trading=['USDG_USDC'], mode=paper
13:30:38 mitch                 WARNING | SAFE STARTUP active: forcing paper mode, disabling live API keys, and using scalp sim mode when enabled. Engine remains stopped until START.
13:30:38 backend.server.windows_power     INFO | Windows: preventing system idle sleep while bot runs
13:30:38 backend.server.session_logger     INFO | Session log: C:\Users\daroo\Desktop\Repos\tradingbot-1\data\session_20260405_173038.jsonl
13:30:38 backend.server.pnl    WARNING | Skipping bad trade record: Extra data: line 1 column 2 (char 1)
13:30:39 backend.server.pnl       INFO | [PAPER] Replayed 8091 fills | P&L: $55.9589 | Sells: 4044 | Win: 100.0% | 30d vol: $55129 | Fee: 14 bps
13:30:39 backend.server.pnl       INFO | Next fee tier at $100000 (need $44871 more, 10.3% progress)
13:30:39 backend.server.strategy_learner     INFO | Learner USDG_USDC: starting at config spread_bps=1, pain_floor=0, regime_pain=none
13:30:39 backend.server.scalp_bot.scalp_runtime     INFO | ScalpRuntime: started for pairs ['SOL_USD', 'XRP_USD']
13:30:39 backend.server.scalp_bot.scalp_runtime     INFO | ScalpRuntime: seeding candle feed from REST...
Traceback (most recent call last):
  File "<frozen runpy>", line 198, in _run_module_as_main
  File "<frozen runpy>", line 88, in _run_code
  File "C:\Users\daroo\Desktop\Repos\tradingbot-1\backend\server\main.py", line 363, in <module>
    main()
    ~~~~^^
  File "C:\Users\daroo\Desktop\Repos\tradingbot-1\backend\server\main.py", line 357, in main
    asyncio.run(run())
    ~~~~~~~~~~~^^^^^^^
  File "C:\Python314\Lib\asyncio\runners.py", line 204, in run
    return runner.run(main)
           ~~~~~~~~~~^^^^^^
  File "C:\Python314\Lib\asyncio\runners.py", line 127, in run
    return self._loop.run_until_complete(task)
           ~~~~~~~~~~~~~~~~~~~~~~~~~~~~~^^^^^^
  File "C:\Python314\Lib\asyncio\base_events.py", line 719, in run_until_complete
    return future.result()
           ~~~~~~~~~~~~~^^
  File "C:\Users\daroo\Desktop\Repos\tradingbot-1\backend\server\main.py", line 186, in run
    runner = await dashboard.start()
             ^^^^^^^^^^^^^^^^^^^^^^^
  File "C:\Users\daroo\Desktop\Repos\tradingbot-1\backend\server\ws_server.py", line 853, in start
    await site.start()
  File "C:\Users\daroo\AppData\Roaming\Python\Python314\site-packages\aiohttp\web_runner.py", line 121, in start
    self._server = await loop.create_server(
                   ^^^^^^^^^^^^^^^^^^^^^^^^^
    ...<7 lines>...
    )
    ^
  File "C:\Python314\Lib\asyncio\base_events.py", line 1627, in create_server
    raise OSError(err.errno, msg) from None
OSError: [Errno 10048] error while attempting to bind on address ('0.0.0.0', 8093): [winerror 10048] only one usage of each socket address (protocol/network address/port) is normally permitted
13:30:39 asyncio                 ERROR | Unclosed client session
client_session: <aiohttp.client.ClientSession object at 0x000002CEF4E74050>

--- restart 2026-04-05T17:47:45.228943+00:00 ---
13:47:45 mitch                    INFO | Loading config: 11 pairs, trading=['USDG_USDC'], mode=paper
13:47:45 mitch                 WARNING | SAFE STARTUP active: forcing paper mode, disabling live API keys, and using scalp sim mode when enabled. Engine remains stopped until START.
13:47:45 backend.server.windows_power     INFO | Windows: preventing system idle sleep while bot runs
13:47:45 backend.server.session_logger     INFO | Session log: C:\Users\daroo\Desktop\Repos\tradingbot-1\data\session_20260405_174745.jsonl
13:47:45 backend.server.pnl    WARNING | Skipping bad trade record: Extra data: line 1 column 2 (char 1)
13:47:45 backend.server.pnl       INFO | [PAPER] Replayed 8091 fills | P&L: $55.9589 | Sells: 4044 | Win: 100.0% | 30d vol: $55129 | Fee: 14 bps
13:47:45 backend.server.pnl       INFO | Next fee tier at $100000 (need $44871 more, 10.3% progress)
13:47:45 backend.server.strategy_learner     INFO | Learner USDG_USDC: starting at config spread_bps=1, pain_floor=0, regime_pain=none
13:47:45 backend.server.scalp_bot.scalp_runtime     INFO | ScalpRuntime: started for pairs ['SOL_USD', 'XRP_USD']
13:47:45 backend.server.scalp_bot.scalp_runtime     INFO | ScalpRuntime: seeding candle feed from REST...
Traceback (most recent call last):
  File "<frozen runpy>", line 198, in _run_module_as_main
  File "<frozen runpy>", line 88, in _run_code
  File "C:\Users\daroo\Desktop\Repos\tradingbot-1\backend\server\main.py", line 363, in <module>
    main()
    ~~~~^^
  File "C:\Users\daroo\Desktop\Repos\tradingbot-1\backend\server\main.py", line 357, in main
    asyncio.run(run())
    ~~~~~~~~~~~^^^^^^^
  File "C:\Python314\Lib\asyncio\runners.py", line 204, in run
    return runner.run(main)
           ~~~~~~~~~~^^^^^^
  File "C:\Python314\Lib\asyncio\runners.py", line 127, in run
    return self._loop.run_until_complete(task)
           ~~~~~~~~~~~~~~~~~~~~~~~~~~~~~^^^^^^
  File "C:\Python314\Lib\asyncio\base_events.py", line 719, in run_until_complete
    return future.result()
           ~~~~~~~~~~~~~^^
  File "C:\Users\daroo\Desktop\Repos\tradingbot-1\backend\server\main.py", line 186, in run
    runner = await dashboard.start()
             ^^^^^^^^^^^^^^^^^^^^^^^
  File "C:\Users\daroo\Desktop\Repos\tradingbot-1\backend\server\ws_server.py", line 853, in start
    await site.start()
  File "C:\Users\daroo\AppData\Roaming\Python\Python314\site-packages\aiohttp\web_runner.py", line 121, in start
    self._server = await loop.create_server(
                   ^^^^^^^^^^^^^^^^^^^^^^^^^
    ...<7 lines>...
    )
    ^
  File "C:\Python314\Lib\asyncio\base_events.py", line 1627, in create_server
    raise OSError(err.errno, msg) from None
OSError: [Errno 10048] error while attempting to bind on address ('0.0.0.0', 8093): [winerror 10048] only one usage of each socket address (protocol/network address/port) is normally permitted
13:47:46 asyncio                 ERROR | Unclosed client session
client_session: <aiohttp.client.ClientSession object at 0x000001D3F4D74050>

--- restart 2026-04-05T18:04:52.059585+00:00 ---
14:04:52 mitch                    INFO | Loading config: 11 pairs, trading=['USDG_USDC'], mode=paper
14:04:52 mitch                 WARNING | SAFE STARTUP active: forcing paper mode, disabling live API keys, and using scalp sim mode when enabled. Engine remains stopped until START.
14:04:52 backend.server.windows_power     INFO | Windows: preventing system idle sleep while bot runs
14:04:52 backend.server.session_logger     INFO | Session log: C:\Users\daroo\Desktop\Repos\tradingbot-1\data\session_20260405_180452.jsonl
14:04:52 backend.server.pnl    WARNING | Skipping bad trade record: Extra data: line 1 column 2 (char 1)
14:04:52 backend.server.pnl       INFO | [PAPER] Replayed 8091 fills | P&L: $55.9589 | Sells: 4044 | Win: 100.0% | 30d vol: $55129 | Fee: 14 bps
14:04:52 backend.server.pnl       INFO | Next fee tier at $100000 (need $44871 more, 10.3% progress)
14:04:52 backend.server.strategy_learner     INFO | Learner USDG_USDC: starting at config spread_bps=1, pain_floor=0, regime_pain=none
14:04:52 backend.server.scalp_bot.scalp_runtime     INFO | ScalpRuntime: started for pairs ['SOL_USD', 'XRP_USD']
14:04:52 backend.server.scalp_bot.scalp_runtime     INFO | ScalpRuntime: seeding candle feed from REST...
Traceback (most recent call last):
  File "<frozen runpy>", line 198, in _run_module_as_main
  File "<frozen runpy>", line 88, in _run_code
  File "C:\Users\daroo\Desktop\Repos\tradingbot-1\backend\server\main.py", line 363, in <module>
    main()
    ~~~~^^
  File "C:\Users\daroo\Desktop\Repos\tradingbot-1\backend\server\main.py", line 357, in main
    asyncio.run(run())
    ~~~~~~~~~~~^^^^^^^
  File "C:\Python314\Lib\asyncio\runners.py", line 204, in run
    return runner.run(main)
           ~~~~~~~~~~^^^^^^
  File "C:\Python314\Lib\asyncio\runners.py", line 127, in run
    return self._loop.run_until_complete(task)
           ~~~~~~~~~~~~~~~~~~~~~~~~~~~~~^^^^^^
  File "C:\Python314\Lib\asyncio\base_events.py", line 719, in run_until_complete
    return future.result()
           ~~~~~~~~~~~~~^^
  File "C:\Users\daroo\Desktop\Repos\tradingbot-1\backend\server\main.py", line 186, in run
    runner = await dashboard.start()
             ^^^^^^^^^^^^^^^^^^^^^^^
  File "C:\Users\daroo\Desktop\Repos\tradingbot-1\backend\server\ws_server.py", line 853, in start
    await site.start()
  File "C:\Users\daroo\AppData\Roaming\Python\Python314\site-packages\aiohttp\web_runner.py", line 121, in start
    self._server = await loop.create_server(
                   ^^^^^^^^^^^^^^^^^^^^^^^^^
    ...<7 lines>...
    )
    ^
  File "C:\Python314\Lib\asyncio\base_events.py", line 1627, in create_server
    raise OSError(err.errno, msg) from None
OSError: [Errno 10048] error while attempting to bind on address ('0.0.0.0', 8093): [winerror 10048] only one usage of each socket address (protocol/network address/port) is normally permitted
14:04:52 asyncio                 ERROR | Unclosed client session
client_session: <aiohttp.client.ClientSession object at 0x0000020FF27C4050>

--- restart 2026-04-05T18:21:58.930821+00:00 ---
14:21:59 mitch                    INFO | Loading config: 11 pairs, trading=['USDG_USDC'], mode=paper
14:21:59 mitch                 WARNING | SAFE STARTUP active: forcing paper mode, disabling live API keys, and using scalp sim mode when enabled. Engine remains stopped until START.
14:21:59 backend.server.windows_power     INFO | Windows: preventing system idle sleep while bot runs
14:21:59 backend.server.session_logger     INFO | Session log: C:\Users\daroo\Desktop\Repos\tradingbot-1\data\session_20260405_182159.jsonl
14:21:59 backend.server.pnl    WARNING | Skipping bad trade record: Extra data: line 1 column 2 (char 1)
14:21:59 backend.server.pnl       INFO | [PAPER] Replayed 8091 fills | P&L: $55.9589 | Sells: 4044 | Win: 100.0% | 30d vol: $55129 | Fee: 14 bps
14:21:59 backend.server.pnl       INFO | Next fee tier at $100000 (need $44871 more, 10.3% progress)
14:21:59 backend.server.strategy_learner     INFO | Learner USDG_USDC: starting at config spread_bps=1, pain_floor=0, regime_pain=none
14:21:59 backend.server.scalp_bot.scalp_runtime     INFO | ScalpRuntime: started for pairs ['SOL_USD', 'XRP_USD']
14:21:59 backend.server.scalp_bot.scalp_runtime     INFO | ScalpRuntime: seeding candle feed from REST...
Traceback (most recent call last):
  File "<frozen runpy>", line 198, in _run_module_as_main
  File "<frozen runpy>", line 88, in _run_code
  File "C:\Users\daroo\Desktop\Repos\tradingbot-1\backend\server\main.py", line 363, in <module>
    main()
    ~~~~^^
  File "C:\Users\daroo\Desktop\Repos\tradingbot-1\backend\server\main.py", line 357, in main
    asyncio.run(run())
    ~~~~~~~~~~~^^^^^^^
  File "C:\Python314\Lib\asyncio\runners.py", line 204, in run
    return runner.run(main)
           ~~~~~~~~~~^^^^^^
  File "C:\Python314\Lib\asyncio\runners.py", line 127, in run
    return self._loop.run_until_complete(task)
           ~~~~~~~~~~~~~~~~~~~~~~~~~~~~~^^^^^^
  File "C:\Python314\Lib\asyncio\base_events.py", line 719, in run_until_complete
    return future.result()
           ~~~~~~~~~~~~~^^
  File "C:\Users\daroo\Desktop\Repos\tradingbot-1\backend\server\main.py", line 186, in run
    runner = await dashboard.start()
             ^^^^^^^^^^^^^^^^^^^^^^^
  File "C:\Users\daroo\Desktop\Repos\tradingbot-1\backend\server\ws_server.py", line 853, in start
    await site.start()
  File "C:\Users\daroo\AppData\Roaming\Python\Python314\site-packages\aiohttp\web_runner.py", line 121, in start
    self._server = await loop.create_server(
                   ^^^^^^^^^^^^^^^^^^^^^^^^^
    ...<7 lines>...
    )
    ^
  File "C:\Python314\Lib\asyncio\base_events.py", line 1627, in create_server
    raise OSError(err.errno, msg) from None
OSError: [Errno 10048] error while attempting to bind on address ('0.0.0.0', 8093): [winerror 10048] only one usage of each socket address (protocol/network address/port) is normally permitted
14:21:59 asyncio                 ERROR | Unclosed client session
client_session: <aiohttp.client.ClientSession object at 0x000002106F294050>

--- restart 2026-04-05T18:39:06.066569+00:00 ---
14:39:06 mitch                    INFO | Loading config: 11 pairs, trading=['USDG_USDC'], mode=paper
14:39:06 mitch                 WARNING | SAFE STARTUP active: forcing paper mode, disabling live API keys, and using scalp sim mode when enabled. Engine remains stopped until START.
14:39:06 backend.server.windows_power     INFO | Windows: preventing system idle sleep while bot runs
14:39:06 backend.server.session_logger     INFO | Session log: C:\Users\daroo\Desktop\Repos\tradingbot-1\data\session_20260405_183906.jsonl
14:39:06 backend.server.pnl    WARNING | Skipping bad trade record: Extra data: line 1 column 2 (char 1)
14:39:06 backend.server.pnl       INFO | [PAPER] Replayed 8091 fills | P&L: $55.9589 | Sells: 4044 | Win: 100.0% | 30d vol: $55129 | Fee: 14 bps
14:39:06 backend.server.pnl       INFO | Next fee tier at $100000 (need $44871 more, 10.3% progress)
14:39:06 backend.server.strategy_learner     INFO | Learner USDG_USDC: starting at config spread_bps=1, pain_floor=0, regime_pain=none
14:39:06 backend.server.scalp_bot.scalp_runtime     INFO | ScalpRuntime: started for pairs ['SOL_USD', 'XRP_USD']
14:39:06 backend.server.scalp_bot.scalp_runtime     INFO | ScalpRuntime: seeding candle feed from REST...
Traceback (most recent call last):
  File "<frozen runpy>", line 198, in _run_module_as_main
  File "<frozen runpy>", line 88, in _run_code
  File "C:\Users\daroo\Desktop\Repos\tradingbot-1\backend\server\main.py", line 363, in <module>
    main()
    ~~~~^^
  File "C:\Users\daroo\Desktop\Repos\tradingbot-1\backend\server\main.py", line 357, in main
    asyncio.run(run())
    ~~~~~~~~~~~^^^^^^^
  File "C:\Python314\Lib\asyncio\runners.py", line 204, in run
    return runner.run(main)
           ~~~~~~~~~~^^^^^^
  File "C:\Python314\Lib\asyncio\runners.py", line 127, in run
    return self._loop.run_until_complete(task)
           ~~~~~~~~~~~~~~~~~~~~~~~~~~~~~^^^^^^
  File "C:\Python314\Lib\asyncio\base_events.py", line 719, in run_until_complete
    return future.result()
           ~~~~~~~~~~~~~^^
  File "C:\Users\daroo\Desktop\Repos\tradingbot-1\backend\server\main.py", line 186, in run
    runner = await dashboard.start()
             ^^^^^^^^^^^^^^^^^^^^^^^
  File "C:\Users\daroo\Desktop\Repos\tradingbot-1\backend\server\ws_server.py", line 853, in start
    await site.start()
  File "C:\Users\daroo\AppData\Roaming\Python\Python314\site-packages\aiohttp\web_runner.py", line 121, in start
    self._server = await loop.create_server(
                   ^^^^^^^^^^^^^^^^^^^^^^^^^
    ...<7 lines>...
    )
    ^
  File "C:\Python314\Lib\asyncio\base_events.py", line 1627, in create_server
    raise OSError(err.errno, msg) from None
OSError: [Errno 10048] error while attempting to bind on address ('0.0.0.0', 8093): [winerror 10048] only one usage of each socket address (protocol/network address/port) is normally permitted
14:39:06 asyncio                 ERROR | Unclosed client session
client_session: <aiohttp.client.ClientSession object at 0x00000250FE614050>

--- restart 2026-04-05T18:56:12.961340+00:00 ---
14:56:13 mitch                    INFO | Loading config: 11 pairs, trading=['USDG_USDC'], mode=paper
14:56:13 mitch                 WARNING | SAFE STARTUP active: forcing paper mode, disabling live API keys, and using scalp sim mode when enabled. Engine remains stopped until START.
14:56:13 backend.server.windows_power     INFO | Windows: preventing system idle sleep while bot runs
14:56:13 backend.server.session_logger     INFO | Session log: C:\Users\daroo\Desktop\Repos\tradingbot-1\data\session_20260405_185613.jsonl
14:56:13 backend.server.pnl    WARNING | Skipping bad trade record: Extra data: line 1 column 2 (char 1)
14:56:13 backend.server.pnl       INFO | [PAPER] Replayed 8091 fills | P&L: $55.9589 | Sells: 4044 | Win: 100.0% | 30d vol: $55129 | Fee: 14 bps
14:56:13 backend.server.pnl       INFO | Next fee tier at $100000 (need $44871 more, 10.3% progress)
14:56:13 backend.server.strategy_learner     INFO | Learner USDG_USDC: starting at config spread_bps=1, pain_floor=0, regime_pain=none
14:56:13 backend.server.scalp_bot.scalp_runtime     INFO | ScalpRuntime: started for pairs ['SOL_USD', 'XRP_USD']
14:56:13 backend.server.scalp_bot.scalp_runtime     INFO | ScalpRuntime: seeding candle feed from REST...
Traceback (most recent call last):
  File "<frozen runpy>", line 198, in _run_module_as_main
  File "<frozen runpy>", line 88, in _run_code
  File "C:\Users\daroo\Desktop\Repos\tradingbot-1\backend\server\main.py", line 363, in <module>
    main()
    ~~~~^^
  File "C:\Users\daroo\Desktop\Repos\tradingbot-1\backend\server\main.py", line 357, in main
    asyncio.run(run())
    ~~~~~~~~~~~^^^^^^^
  File "C:\Python314\Lib\asyncio\runners.py", line 204, in run
    return runner.run(main)
           ~~~~~~~~~~^^^^^^
  File "C:\Python314\Lib\asyncio\runners.py", line 127, in run
    return self._loop.run_until_complete(task)
           ~~~~~~~~~~~~~~~~~~~~~~~~~~~~~^^^^^^
  File "C:\Python314\Lib\asyncio\base_events.py", line 719, in run_until_complete
    return future.result()
           ~~~~~~~~~~~~~^^
  File "C:\Users\daroo\Desktop\Repos\tradingbot-1\backend\server\main.py", line 186, in run
    runner = await dashboard.start()
             ^^^^^^^^^^^^^^^^^^^^^^^
  File "C:\Users\daroo\Desktop\Repos\tradingbot-1\backend\server\ws_server.py", line 853, in start
    await site.start()
  File "C:\Users\daroo\AppData\Roaming\Python\Python314\site-packages\aiohttp\web_runner.py", line 121, in start
    self._server = await loop.create_server(
                   ^^^^^^^^^^^^^^^^^^^^^^^^^
    ...<7 lines>...
    )
    ^
  File "C:\Python314\Lib\asyncio\base_events.py", line 1627, in create_server
    raise OSError(err.errno, msg) from None
OSError: [Errno 10048] error while attempting to bind on address ('0.0.0.0', 8093): [winerror 10048] only one usage of each socket address (protocol/network address/port) is normally permitted
14:56:13 asyncio                 ERROR | Unclosed client session
client_session: <aiohttp.client.ClientSession object at 0x000001E7BDE34050>

--- restart 2026-04-05T19:13:18.322784+00:00 ---
15:13:18 mitch                    INFO | Loading config: 11 pairs, trading=['USDG_USDC'], mode=paper
15:13:18 mitch                 WARNING | SAFE STARTUP active: forcing paper mode, disabling live API keys, and using scalp sim mode when enabled. Engine remains stopped until START.
15:13:18 backend.server.windows_power     INFO | Windows: preventing system idle sleep while bot runs
15:13:18 backend.server.session_logger     INFO | Session log: C:\Users\daroo\Desktop\Repos\tradingbot-1\data\session_20260405_191318.jsonl
15:13:18 backend.server.pnl    WARNING | Skipping bad trade record: Extra data: line 1 column 2 (char 1)
15:13:18 backend.server.pnl       INFO | [PAPER] Replayed 8091 fills | P&L: $55.9589 | Sells: 4044 | Win: 100.0% | 30d vol: $55129 | Fee: 14 bps
15:13:18 backend.server.pnl       INFO | Next fee tier at $100000 (need $44871 more, 10.3% progress)
15:13:18 backend.server.strategy_learner     INFO | Learner USDG_USDC: starting at config spread_bps=1, pain_floor=0, regime_pain=none
15:13:19 backend.server.scalp_bot.scalp_runtime     INFO | ScalpRuntime: started for pairs ['SOL_USD', 'XRP_USD']
15:13:19 backend.server.scalp_bot.scalp_runtime     INFO | ScalpRuntime: seeding candle feed from REST...
Traceback (most recent call last):
  File "<frozen runpy>", line 198, in _run_module_as_main
  File "<frozen runpy>", line 88, in _run_code
  File "C:\Users\daroo\Desktop\Repos\tradingbot-1\backend\server\main.py", line 363, in <module>
    main()
    ~~~~^^
  File "C:\Users\daroo\Desktop\Repos\tradingbot-1\backend\server\main.py", line 357, in main
    asyncio.run(run())
    ~~~~~~~~~~~^^^^^^^
  File "C:\Python314\Lib\asyncio\runners.py", line 204, in run
    return runner.run(main)
           ~~~~~~~~~~^^^^^^
  File "C:\Python314\Lib\asyncio\runners.py", line 127, in run
    return self._loop.run_until_complete(task)
           ~~~~~~~~~~~~~~~~~~~~~~~~~~~~~^^^^^^
  File "C:\Python314\Lib\asyncio\base_events.py", line 719, in run_until_complete
    return future.result()
           ~~~~~~~~~~~~~^^
  File "C:\Users\daroo\Desktop\Repos\tradingbot-1\backend\server\main.py", line 186, in run
    runner = await dashboard.start()
             ^^^^^^^^^^^^^^^^^^^^^^^
  File "C:\Users\daroo\Desktop\Repos\tradingbot-1\backend\server\ws_server.py", line 853, in start
    await site.start()
  File "C:\Users\daroo\AppData\Roaming\Python\Python314\site-packages\aiohttp\web_runner.py", line 121, in start
    self._server = await loop.create_server(
                   ^^^^^^^^^^^^^^^^^^^^^^^^^
    ...<7 lines>...
    )
    ^
  File "C:\Python314\Lib\asyncio\base_events.py", line 1627, in create_server
    raise OSError(err.errno, msg) from None
OSError: [Errno 10048] error while attempting to bind on address ('0.0.0.0', 8093): [winerror 10048] only one usage of each socket address (protocol/network address/port) is normally permitted
15:13:19 asyncio                 ERROR | Unclosed client session
client_session: <aiohttp.client.ClientSession object at 0x00000262D4CF4050>

--- restart 2026-04-05T19:30:25.240895+00:00 ---
15:30:25 mitch                    INFO | Loading config: 11 pairs, trading=['USDG_USDC'], mode=paper
15:30:25 mitch                 WARNING | SAFE STARTUP active: forcing paper mode, disabling live API keys, and using scalp sim mode when enabled. Engine remains stopped until START.
15:30:25 backend.server.windows_power     INFO | Windows: preventing system idle sleep while bot runs
15:30:25 backend.server.session_logger     INFO | Session log: C:\Users\daroo\Desktop\Repos\tradingbot-1\data\session_20260405_193025.jsonl
15:30:25 backend.server.pnl    WARNING | Skipping bad trade record: Extra data: line 1 column 2 (char 1)
15:30:25 backend.server.pnl       INFO | [PAPER] Replayed 8091 fills | P&L: $55.9589 | Sells: 4044 | Win: 100.0% | 30d vol: $55129 | Fee: 14 bps
15:30:25 backend.server.pnl       INFO | Next fee tier at $100000 (need $44871 more, 10.3% progress)
15:30:25 backend.server.strategy_learner     INFO | Learner USDG_USDC: starting at config spread_bps=1, pain_floor=0, regime_pain=none
15:30:25 backend.server.scalp_bot.scalp_runtime     INFO | ScalpRuntime: started for pairs ['SOL_USD', 'XRP_USD']
15:30:25 backend.server.scalp_bot.scalp_runtime     INFO | ScalpRuntime: seeding candle feed from REST...
Traceback (most recent call last):
  File "<frozen runpy>", line 198, in _run_module_as_main
  File "<frozen runpy>", line 88, in _run_code
  File "C:\Users\daroo\Desktop\Repos\tradingbot-1\backend\server\main.py", line 363, in <module>
    main()
    ~~~~^^
  File "C:\Users\daroo\Desktop\Repos\tradingbot-1\backend\server\main.py", line 357, in main
    asyncio.run(run())
    ~~~~~~~~~~~^^^^^^^
  File "C:\Python314\Lib\asyncio\runners.py", line 204, in run
    return runner.run(main)
           ~~~~~~~~~~^^^^^^
  File "C:\Python314\Lib\asyncio\runners.py", line 127, in run
    return self._loop.run_until_complete(task)
           ~~~~~~~~~~~~~~~~~~~~~~~~~~~~~^^^^^^
  File "C:\Python314\Lib\asyncio\base_events.py", line 719, in run_until_complete
    return future.result()
           ~~~~~~~~~~~~~^^
  File "C:\Users\daroo\Desktop\Repos\tradingbot-1\backend\server\main.py", line 186, in run
    runner = await dashboard.start()
             ^^^^^^^^^^^^^^^^^^^^^^^
  File "C:\Users\daroo\Desktop\Repos\tradingbot-1\backend\server\ws_server.py", line 853, in start
    await site.start()
  File "C:\Users\daroo\AppData\Roaming\Python\Python314\site-packages\aiohttp\web_runner.py", line 121, in start
    self._server = await loop.create_server(
                   ^^^^^^^^^^^^^^^^^^^^^^^^^
    ...<7 lines>...
    )
    ^
  File "C:\Python314\Lib\asyncio\base_events.py", line 1627, in create_server
    raise OSError(err.errno, msg) from None
OSError: [Errno 10048] error while attempting to bind on address ('0.0.0.0', 8093): [winerror 10048] only one usage of each socket address (protocol/network address/port) is normally permitted
15:30:26 asyncio                 ERROR | Unclosed client session
client_session: <aiohttp.client.ClientSession object at 0x000001D159BB4050>

--- restart 2026-04-05T19:47:32.369473+00:00 ---
15:47:32 mitch                    INFO | Loading config: 11 pairs, trading=['USDG_USDC'], mode=paper
15:47:32 mitch                 WARNING | SAFE STARTUP active: forcing paper mode, disabling live API keys, and using scalp sim mode when enabled. Engine remains stopped until START.
15:47:32 backend.server.windows_power     INFO | Windows: preventing system idle sleep while bot runs
15:47:32 backend.server.session_logger     INFO | Session log: C:\Users\daroo\Desktop\Repos\tradingbot-1\data\session_20260405_194732.jsonl
15:47:32 backend.server.pnl    WARNING | Skipping bad trade record: Extra data: line 1 column 2 (char 1)
15:47:33 backend.server.pnl       INFO | [PAPER] Replayed 8091 fills | P&L: $55.9589 | Sells: 4044 | Win: 100.0% | 30d vol: $55129 | Fee: 14 bps
15:47:33 backend.server.pnl       INFO | Next fee tier at $100000 (need $44871 more, 10.3% progress)
15:47:33 backend.server.strategy_learner     INFO | Learner USDG_USDC: starting at config spread_bps=1, pain_floor=0, regime_pain=none
15:47:33 backend.server.scalp_bot.scalp_runtime     INFO | ScalpRuntime: started for pairs ['SOL_USD', 'XRP_USD']
15:47:33 backend.server.scalp_bot.scalp_runtime     INFO | ScalpRuntime: seeding candle feed from REST...
Traceback (most recent call last):
  File "<frozen runpy>", line 198, in _run_module_as_main
  File "<frozen runpy>", line 88, in _run_code
  File "C:\Users\daroo\Desktop\Repos\tradingbot-1\backend\server\main.py", line 363, in <module>
    main()
    ~~~~^^
  File "C:\Users\daroo\Desktop\Repos\tradingbot-1\backend\server\main.py", line 357, in main
    asyncio.run(run())
    ~~~~~~~~~~~^^^^^^^
  File "C:\Python314\Lib\asyncio\runners.py", line 204, in run
    return runner.run(main)
           ~~~~~~~~~~^^^^^^
  File "C:\Python314\Lib\asyncio\runners.py", line 127, in run
    return self._loop.run_until_complete(task)
           ~~~~~~~~~~~~~~~~~~~~~~~~~~~~~^^^^^^
  File "C:\Python314\Lib\asyncio\base_events.py", line 719, in run_until_complete
    return future.result()
           ~~~~~~~~~~~~~^^
  File "C:\Users\daroo\Desktop\Repos\tradingbot-1\backend\server\main.py", line 186, in run
    runner = await dashboard.start()
             ^^^^^^^^^^^^^^^^^^^^^^^
  File "C:\Users\daroo\Desktop\Repos\tradingbot-1\backend\server\ws_server.py", line 853, in start
    await site.start()
  File "C:\Users\daroo\AppData\Roaming\Python\Python314\site-packages\aiohttp\web_runner.py", line 121, in start
    self._server = await loop.create_server(
                   ^^^^^^^^^^^^^^^^^^^^^^^^^
    ...<7 lines>...
    )
    ^
  File "C:\Python314\Lib\asyncio\base_events.py", line 1627, in create_server
    raise OSError(err.errno, msg) from None
OSError: [Errno 10048] error while attempting to bind on address ('0.0.0.0', 8093): [winerror 10048] only one usage of each socket address (protocol/network address/port) is normally permitted
15:47:33 asyncio                 ERROR | Unclosed client session
client_session: <aiohttp.client.ClientSession object at 0x000002470C338050>

--- restart 2026-04-05T20:04:39.180662+00:00 ---
16:04:39 mitch                    INFO | Loading config: 11 pairs, trading=['USDG_USDC'], mode=paper
16:04:39 mitch                 WARNING | SAFE STARTUP active: forcing paper mode, disabling live API keys, and using scalp sim mode when enabled. Engine remains stopped until START.
16:04:39 backend.server.windows_power     INFO | Windows: preventing system idle sleep while bot runs
16:04:39 backend.server.session_logger     INFO | Session log: C:\Users\daroo\Desktop\Repos\tradingbot-1\data\session_20260405_200439.jsonl
16:04:39 backend.server.pnl    WARNING | Skipping bad trade record: Extra data: line 1 column 2 (char 1)
16:04:39 backend.server.pnl       INFO | [PAPER] Replayed 8091 fills | P&L: $55.9589 | Sells: 4044 | Win: 100.0% | 30d vol: $55129 | Fee: 14 bps
16:04:39 backend.server.pnl       INFO | Next fee tier at $100000 (need $44871 more, 10.3% progress)
16:04:39 backend.server.strategy_learner     INFO | Learner USDG_USDC: starting at config spread_bps=1, pain_floor=0, regime_pain=none
16:04:39 backend.server.scalp_bot.scalp_runtime     INFO | ScalpRuntime: started for pairs ['SOL_USD', 'XRP_USD']
16:04:39 backend.server.scalp_bot.scalp_runtime     INFO | ScalpRuntime: seeding candle feed from REST...
Traceback (most recent call last):
  File "<frozen runpy>", line 198, in _run_module_as_main
  File "<frozen runpy>", line 88, in _run_code
  File "C:\Users\daroo\Desktop\Repos\tradingbot-1\backend\server\main.py", line 363, in <module>
    main()
    ~~~~^^
  File "C:\Users\daroo\Desktop\Repos\tradingbot-1\backend\server\main.py", line 357, in main
    asyncio.run(run())
    ~~~~~~~~~~~^^^^^^^
  File "C:\Python314\Lib\asyncio\runners.py", line 204, in run
    return runner.run(main)
           ~~~~~~~~~~^^^^^^
  File "C:\Python314\Lib\asyncio\runners.py", line 127, in run
    return self._loop.run_until_complete(task)
           ~~~~~~~~~~~~~~~~~~~~~~~~~~~~~^^^^^^
  File "C:\Python314\Lib\asyncio\base_events.py", line 719, in run_until_complete
    return future.result()
           ~~~~~~~~~~~~~^^
  File "C:\Users\daroo\Desktop\Repos\tradingbot-1\backend\server\main.py", line 186, in run
    runner = await dashboard.start()
             ^^^^^^^^^^^^^^^^^^^^^^^
  File "C:\Users\daroo\Desktop\Repos\tradingbot-1\backend\server\ws_server.py", line 853, in start
    await site.start()
  File "C:\Users\daroo\AppData\Roaming\Python\Python314\site-packages\aiohttp\web_runner.py", line 121, in start
    self._server = await loop.create_server(
                   ^^^^^^^^^^^^^^^^^^^^^^^^^
    ...<7 lines>...
    )
    ^
  File "C:\Python314\Lib\asyncio\base_events.py", line 1627, in create_server
    raise OSError(err.errno, msg) from None
OSError: [Errno 10048] error while attempting to bind on address ('0.0.0.0', 8093): [winerror 10048] only one usage of each socket address (protocol/network address/port) is normally permitted
16:04:39 asyncio                 ERROR | Unclosed client session
client_session: <aiohttp.client.ClientSession object at 0x00000267F51C4050>

--- restart 2026-04-05T20:21:46.030971+00:00 ---
16:21:46 mitch                    INFO | Loading config: 11 pairs, trading=['USDG_USDC'], mode=paper
16:21:46 mitch                 WARNING | SAFE STARTUP active: forcing paper mode, disabling live API keys, and using scalp sim mode when enabled. Engine remains stopped until START.
16:21:46 backend.server.windows_power     INFO | Windows: preventing system idle sleep while bot runs
16:21:46 backend.server.session_logger     INFO | Session log: C:\Users\daroo\Desktop\Repos\tradingbot-1\data\session_20260405_202146.jsonl
16:21:46 backend.server.pnl    WARNING | Skipping bad trade record: Extra data: line 1 column 2 (char 1)
16:21:46 backend.server.pnl       INFO | [PAPER] Replayed 8091 fills | P&L: $55.9589 | Sells: 4044 | Win: 100.0% | 30d vol: $55129 | Fee: 14 bps
16:21:46 backend.server.pnl       INFO | Next fee tier at $100000 (need $44871 more, 10.3% progress)
16:21:46 backend.server.strategy_learner     INFO | Learner USDG_USDC: starting at config spread_bps=1, pain_floor=0, regime_pain=none
16:21:46 backend.server.scalp_bot.scalp_runtime     INFO | ScalpRuntime: started for pairs ['SOL_USD', 'XRP_USD']
16:21:46 backend.server.scalp_bot.scalp_runtime     INFO | ScalpRuntime: seeding candle feed from REST...
Traceback (most recent call last):
  File "<frozen runpy>", line 198, in _run_module_as_main
  File "<frozen runpy>", line 88, in _run_code
  File "C:\Users\daroo\Desktop\Repos\tradingbot-1\backend\server\main.py", line 363, in <module>
    main()
    ~~~~^^
  File "C:\Users\daroo\Desktop\Repos\tradingbot-1\backend\server\main.py", line 357, in main
    asyncio.run(run())
    ~~~~~~~~~~~^^^^^^^
  File "C:\Python314\Lib\asyncio\runners.py", line 204, in run
    return runner.run(main)
           ~~~~~~~~~~^^^^^^
  File "C:\Python314\Lib\asyncio\runners.py", line 127, in run
    return self._loop.run_until_complete(task)
           ~~~~~~~~~~~~~~~~~~~~~~~~~~~~~^^^^^^
  File "C:\Python314\Lib\asyncio\base_events.py", line 719, in run_until_complete
    return future.result()
           ~~~~~~~~~~~~~^^
  File "C:\Users\daroo\Desktop\Repos\tradingbot-1\backend\server\main.py", line 186, in run
    runner = await dashboard.start()
             ^^^^^^^^^^^^^^^^^^^^^^^
  File "C:\Users\daroo\Desktop\Repos\tradingbot-1\backend\server\ws_server.py", line 853, in start
    await site.start()
  File "C:\Users\daroo\AppData\Roaming\Python\Python314\site-packages\aiohttp\web_runner.py", line 121, in start
    self._server = await loop.create_server(
                   ^^^^^^^^^^^^^^^^^^^^^^^^^
    ...<7 lines>...
    )
    ^
  File "C:\Python314\Lib\asyncio\base_events.py", line 1627, in create_server
    raise OSError(err.errno, msg) from None
OSError: [Errno 10048] error while attempting to bind on address ('0.0.0.0', 8093): [winerror 10048] only one usage of each socket address (protocol/network address/port) is normally permitted
16:21:46 asyncio                 ERROR | Unclosed client session
client_session: <aiohttp.client.ClientSession object at 0x000002C0EC4F4050>

--- restart 2026-04-05T20:38:52.992081+00:00 ---
16:38:53 mitch                    INFO | Loading config: 11 pairs, trading=['USDG_USDC'], mode=paper
16:38:53 mitch                 WARNING | SAFE STARTUP active: forcing paper mode, disabling live API keys, and using scalp sim mode when enabled. Engine remains stopped until START.
16:38:53 backend.server.windows_power     INFO | Windows: preventing system idle sleep while bot runs
16:38:53 backend.server.session_logger     INFO | Session log: C:\Users\daroo\Desktop\Repos\tradingbot-1\data\session_20260405_203853.jsonl
16:38:53 backend.server.pnl    WARNING | Skipping bad trade record: Extra data: line 1 column 2 (char 1)
16:38:53 backend.server.pnl       INFO | [PAPER] Replayed 8092 fills | P&L: $55.9589 | Sells: 4045 | Win: 100.0% | 30d vol: $55139 | Fee: 14 bps
16:38:53 backend.server.pnl       INFO | Next fee tier at $100000 (need $44861 more, 10.3% progress)
16:38:53 backend.server.strategy_learner     INFO | Learner USDG_USDC: starting at config spread_bps=1, pain_floor=0, regime_pain=none
16:38:53 backend.server.scalp_bot.scalp_runtime     INFO | ScalpRuntime: started for pairs ['SOL_USD', 'XRP_USD']
16:38:53 backend.server.scalp_bot.scalp_runtime     INFO | ScalpRuntime: seeding candle feed from REST...
Traceback (most recent call last):
  File "<frozen runpy>", line 198, in _run_module_as_main
  File "<frozen runpy>", line 88, in _run_code
  File "C:\Users\daroo\Desktop\Repos\tradingbot-1\backend\server\main.py", line 363, in <module>
    main()
    ~~~~^^
  File "C:\Users\daroo\Desktop\Repos\tradingbot-1\backend\server\main.py", line 357, in main
    asyncio.run(run())
    ~~~~~~~~~~~^^^^^^^
  File "C:\Python314\Lib\asyncio\runners.py", line 204, in run
    return runner.run(main)
           ~~~~~~~~~~^^^^^^
  File "C:\Python314\Lib\asyncio\runners.py", line 127, in run
    return self._loop.run_until_complete(task)
           ~~~~~~~~~~~~~~~~~~~~~~~~~~~~~^^^^^^
  File "C:\Python314\Lib\asyncio\base_events.py", line 719, in run_until_complete
    return future.result()
           ~~~~~~~~~~~~~^^
  File "C:\Users\daroo\Desktop\Repos\tradingbot-1\backend\server\main.py", line 186, in run
    runner = await dashboard.start()
             ^^^^^^^^^^^^^^^^^^^^^^^
  File "C:\Users\daroo\Desktop\Repos\tradingbot-1\backend\server\ws_server.py", line 853, in start
    await site.start()
  File "C:\Users\daroo\AppData\Roaming\Python\Python314\site-packages\aiohttp\web_runner.py", line 121, in start
    self._server = await loop.create_server(
                   ^^^^^^^^^^^^^^^^^^^^^^^^^
    ...<7 lines>...
    )
    ^
  File "C:\Python314\Lib\asyncio\base_events.py", line 1627, in create_server
    raise OSError(err.errno, msg) from None
OSError: [Errno 10048] error while attempting to bind on address ('0.0.0.0', 8093): [winerror 10048] only one usage of each socket address (protocol/network address/port) is normally permitted
16:38:53 asyncio                 ERROR | Unclosed client session
client_session: <aiohttp.client.ClientSession object at 0x00000239308D4050>
